{"type":"FeatureCollection","features":[{"type":"Feature","properties":{"corridor_id":1,"class":"matched","od":"Soura \u2194 Maisuma / Lal Chowk (central Srinagar) via Munawar Abad and the old city \u2014 the N\u2013S city spine. Busiest corridor in the dataset.","matched_permit":"Soura to Lalchowk","confidence":"high","n_runs":211,"n_drivers":32,"median_km":14.4},"geometry":{"type":"LineString","coordinates":[[74.80232,34.13831],[74.80245,34.13787],[74.8026,34.13744],[74.80261,34.13741],[74.80285,34.1368],[74.80308,34.13621],[74.80312,34.13611],[74.80315,34.13603],[74.80333,34.13566],[74.80332,34.13559],[74.80332,34.13559],[74.80337,34.1355],[74.80342,34.13541],[74.80349,34.13527],[74.80364,34.13496],[74.80369,34.13485],[74.80371,34.13473],[74.80374,34.13459],[74.80376,34.13452],[74.8038,34.13428],[74.80382,34.13413],[74.80386,34.13399],[74.80393,34.13384],[74.80399,34.13372],[74.80406,34.13362],[74.80414,34.13351],[74.8042,34.13343],[74.80425,34.13333],[74.80429,34.13323],[74.80431,34.13315],[74.80434,34.13306],[74.80441,34.13273],[74.80446,34.1325],[74.80454,34.13228],[74.80459,34.13212],[74.80464,34.13191],[74.80468,34.13179],[74.8047,34.13172],[74.80472,34.13162],[74.80477,34.13146],[74.80483,34.13119],[74.80487,34.13102],[74.80492,34.13086],[74.80499,34.13068],[74.80508,34.13047],[74.8051,34.13043],[74.80517,34.13023],[74.80518,34.13021],[74.80524,34.13004],[74.80526,34.13],[74.80526,34.12998],[74.80531,34.12983],[74.80534,34.12974],[74.80536,34.12971],[74.80544,34.12949],[74.80553,34.12927],[74.80565,34.12896],[74.80579,34.12859],[74.80595,34.12813],[74.80596,34.12809],[74.80603,34.12788],[74.80615,34.12755],[74.80618,34.12739],[74.80621,34.12719],[74.80621,34.12716],[74.80626,34.12683],[74.80628,34.12663],[74.80631,34.12638],[74.80632,34.1262],[74.80633,34.12608],[74.80634,34.12576],[74.80633,34.12544],[74.80633,34.12516],[74.80633,34.12514],[74.80637,34.12504],[74.80637,34.12504],[74.80639,34.12479],[74.80646,34.1242],[74.80646,34.12414],[74.80648,34.1237],[74.80648,34.12332],[74.80648,34.12322],[74.80649,34.12313],[74.80656,34.12268],[74.80656,34.12256],[74.80668,34.12218],[74.80669,34.12214],[74.80676,34.12192],[74.8068,34.12178],[74.80681,34.12174],[74.80683,34.12163],[74.80684,34.12153],[74.80685,34.12141],[74.80685,34.12131],[74.80685,34.12124],[74.80685,34.12106],[74.80683,34.1209],[74.80682,34.12079],[74.80682,34.12076],[74.80678,34.1205],[74.80675,34.12028],[74.80672,34.12004],[74.80666,34.11979],[74.8066,34.11955],[74.80659,34.11951],[74.80655,34.11935],[74.80651,34.1192],[74.80652,34.11909],[74.80646,34.11859],[74.80642,34.11813],[74.8064,34.11786],[74.80639,34.11762],[74.80638,34.11722],[74.80637,34.117],[74.80635,34.11665],[74.80635,34.11621],[74.80636,34.11581],[74.80636,34.11575],[74.80638,34.11541],[74.80644,34.11502],[74.80647,34.11489],[74.80652,34.11474],[74.8066,34.11452],[74.80662,34.1145],[74.80662,34.11447],[74.80667,34.11436],[74.80668,34.11435],[74.80677,34.11421],[74.80685,34.11412],[74.80688,34.11406],[74.80693,34.11401],[74.8076,34.11339],[74.80786,34.11315],[74.80793,34.11308],[74.80795,34.11306],[74.80804,34.11298],[74.8082,34.11277],[74.80839,34.11246],[74.8086,34.11217],[74.80867,34.11213],[74.80884,34.1119],[74.80896,34.11175],[74.80923,34.11143],[74.80929,34.11136],[74.80931,34.11135],[74.80937,34.11126],[74.80942,34.11118],[74.80944,34.11109],[74.80945,34.11093],[74.80946,34.11064],[74.80947,34.11039],[74.80947,34.11025],[74.80948,34.11009],[74.80948,34.10999],[74.80948,34.10992],[74.80948,34.10986],[74.80947,34.10978],[74.80946,34.10969],[74.80944,34.10957],[74.8094,34.10938],[74.80938,34.10923],[74.80933,34.10901],[74.80932,34.10893],[74.80929,34.10861],[74.80924,34.10819],[74.80921,34.10787],[74.80915,34.10753],[74.8091,34.10708],[74.80907,34.1068],[74.80905,34.10645],[74.80905,34.10639],[74.80904,34.10581],[74.80904,34.1056],[74.80902,34.1054],[74.80898,34.10514],[74.80895,34.10492],[74.80894,34.10484],[74.8089,34.1044],[74.80888,34.10423],[74.80888,34.10404],[74.80889,34.1039],[74.80889,34.10363],[74.80891,34.1033],[74.80891,34.10326],[74.80892,34.1031],[74.80893,34.1029],[74.80894,34.10274],[74.80895,34.10265],[74.80899,34.10252],[74.80905,34.10231],[74.80912,34.10203],[74.80927,34.10153],[74.80936,34.1013],[74.8094,34.10121],[74.80949,34.10102],[74.80966,34.10061],[74.80979,34.10027],[74.80984,34.10015],[74.80989,34.10004],[74.80995,34.09995],[74.81002,34.09986],[74.81011,34.09976],[74.81018,34.09968],[74.8102,34.09965],[74.81034,34.09947],[74.81048,34.09928],[74.81055,34.09918],[74.81058,34.0991],[74.81062,34.09902],[74.81065,34.09893],[74.81066,34.09889],[74.81068,34.09882],[74.81071,34.0987],[74.81076,34.09859],[74.81085,34.09847],[74.81094,34.09837],[74.81104,34.09829],[74.81105,34.09832],[74.81108,34.09834],[74.81135,34.09844],[74.81139,34.09844],[74.81142,34.09844],[74.81144,34.09842],[74.81146,34.0984],[74.81156,34.09835],[74.81162,34.0983],[74.81167,34.09823],[74.81172,34.09816],[74.81173,34.09814],[74.81191,34.09784],[74.81208,34.09763],[74.81216,34.09753],[74.81227,34.09741],[74.81243,34.09725],[74.81253,34.09715],[74.81254,34.09715],[74.81262,34.09703],[74.81271,34.09687],[74.81286,34.0966],[74.81332,34.09573],[74.81341,34.09555],[74.81343,34.09551],[74.81346,34.09545],[74.81351,34.09536],[74.81359,34.09522],[74.81365,34.09513],[74.81371,34.09506],[74.81379,34.095],[74.814,34.09483],[74.81445,34.09456],[74.81465,34.09443],[74.81485,34.0943],[74.81513,34.09411],[74.81521,34.09405],[74.81527,34.09401],[74.81535,34.09396],[74.81524,34.09385],[74.81513,34.09374],[74.81493,34.09355],[74.81474,34.09336],[74.81458,34.09323],[74.81443,34.09313],[74.81427,34.09305],[74.81415,34.093],[74.8141,34.09297],[74.81387,34.09292],[74.81371,34.0929],[74.81357,34.0929],[74.81367,34.09245],[74.81375,34.09209],[74.81376,34.09204],[74.81376,34.09197],[74.81374,34.09192],[74.81369,34.09184],[74.81374,34.09171],[74.81381,34.09154],[74.81383,34.09147],[74.81388,34.09129],[74.81393,34.09121],[74.81398,34.09115],[74.81405,34.09109],[74.81411,34.09106],[74.81413,34.09104],[74.81428,34.09098],[74.81445,34.0909],[74.81454,34.09085],[74.8146,34.09079],[74.81475,34.09063],[74.81491,34.09046],[74.81503,34.09034],[74.81529,34.09003],[74.81598,34.08919],[74.81607,34.08909],[74.81612,34.08903],[74.81633,34.08881],[74.8173,34.08795],[74.81732,34.08793],[74.81742,34.08784],[74.81759,34.08767],[74.81763,34.08762],[74.81816,34.08685],[74.81875,34.08597],[74.81879,34.0859],[74.81882,34.08584],[74.81883,34.08577],[74.81898,34.08554],[74.81901,34.08549],[74.81904,34.08545],[74.81909,34.08532],[74.81914,34.08525],[74.81918,34.08518],[74.81926,34.08493],[74.81931,34.08474],[74.8194,34.08444],[74.81952,34.08396],[74.81954,34.08387],[74.81955,34.08377],[74.81955,34.08365],[74.81954,34.08349],[74.81952,34.08341],[74.81949,34.08322],[74.81943,34.08268],[74.81939,34.08248],[74.81939,34.0823],[74.81942,34.08216],[74.81945,34.08198],[74.81945,34.08197],[74.81963,34.08134],[74.81972,34.08101],[74.81982,34.08063],[74.81983,34.08062],[74.82002,34.0798],[74.82004,34.0797],[74.82006,34.07968],[74.82007,34.07967],[74.82008,34.07964],[74.82009,34.07961],[74.82008,34.07959],[74.82006,34.07957],[74.82004,34.07955],[74.82003,34.07955],[74.82001,34.07924],[74.82,34.07923],[74.81995,34.07874],[74.81995,34.07865],[74.81996,34.07852],[74.81998,34.07846],[74.81999,34.07843],[74.82004,34.07834],[74.82059,34.07695],[74.82068,34.07673],[74.82095,34.07598],[74.82112,34.0755],[74.82134,34.07488],[74.82138,34.07477],[74.82212,34.07495],[74.82288,34.07513],[74.824,34.07539],[74.82525,34.07567],[74.82757,34.07621],[74.82772,34.07624],[74.82784,34.07628],[74.828,34.07631],[74.82803,34.07622],[74.82832,34.07525],[74.82835,34.07513],[74.82877,34.07398],[74.82884,34.07379],[74.82891,34.07358],[74.82894,34.07341],[74.82892,34.0732],[74.82897,34.07316],[74.82898,34.07314],[74.829,34.07311],[74.82901,34.07305],[74.829,34.07299],[74.82896,34.07294],[74.82891,34.0729],[74.82884,34.07288],[74.82876,34.07274],[74.82863,34.07237],[74.82858,34.07229],[74.82858,34.07227],[74.82854,34.07213],[74.82846,34.07185],[74.82835,34.07142],[74.82829,34.0712],[74.82825,34.071],[74.82821,34.07077],[74.82818,34.07055],[74.82811,34.0702],[74.82811,34.0702],[74.82807,34.07001],[74.82803,34.06985],[74.82799,34.06971],[74.82793,34.06955],[74.82782,34.06927],[74.82776,34.06912],[74.82767,34.06885],[74.82763,34.06873],[74.82761,34.06867],[74.82764,34.06858],[74.8276,34.06835],[74.82764,34.06829],[74.82766,34.06826],[74.82768,34.06824],[74.8277,34.06823],[74.82775,34.06821],[74.82778,34.0682],[74.82781,34.0682],[74.82807,34.06816],[74.82817,34.06815],[74.8282,34.06815],[74.82824,34.06814],[74.82825,34.06813],[74.82828,34.06812],[74.8283,34.06812],[74.82853,34.0681],[74.82965,34.06802],[74.82968,34.06801],[74.8297,34.068],[74.82973,34.06797],[74.82968,34.06794],[74.82966,34.06794],[74.82964,34.06794],[74.82959,34.06794],[74.82853,34.06803],[74.82806,34.06807],[74.82757,34.06813],[74.82749,34.06814],[74.82737,34.06818],[74.8264,34.06829],[74.82637,34.06829],[74.82589,34.0684],[74.82581,34.06845],[74.82579,34.06849],[74.82577,34.06856],[74.82577,34.06856],[74.82578,34.06863],[74.82586,34.06894],[74.82588,34.06925],[74.82588,34.06938],[74.82583,34.06945],[74.82568,34.06955],[74.82553,34.06959],[74.82491,34.06971],[74.82455,34.06979],[74.82286,34.07013],[74.82274,34.07015],[74.82183,34.0703],[74.82149,34.07036],[74.82139,34.07037],[74.82079,34.07046],[74.82073,34.07047],[74.82044,34.07051],[74.82014,34.07052],[74.8198,34.0705],[74.81935,34.07045],[74.81867,34.07034],[74.81862,34.07033],[74.81801,34.07022],[74.81763,34.07012],[74.81757,34.07011],[74.81696,34.06988],[74.81684,34.06984],[74.81661,34.06984],[74.81641,34.06981],[74.81627,34.06975],[74.81613,34.06969],[74.8158,34.06949],[74.81563,34.06938],[74.81543,34.06927],[74.81489,34.06889],[74.81434,34.06847],[74.81408,34.0683],[74.81375,34.06814],[74.81282,34.06767],[74.81277,34.06765],[74.81237,34.06745],[74.81213,34.06735],[74.81153,34.06708],[74.81145,34.06703],[74.81115,34.06692],[74.81115,34.06692],[74.81096,34.0668],[74.8107,34.06664],[74.81061,34.06659],[74.81047,34.06653],[74.81024,34.06648],[74.8101,34.06648],[74.80982,34.06653],[74.80975,34.06654],[74.80971,34.06654],[74.80961,34.06654],[74.80948,34.06651],[74.80934,34.06647],[74.80933,34.06647],[74.809,34.06636],[74.80864,34.06627],[74.80858,34.06623],[74.80857,34.06618],[74.80856,34.06616],[74.80858,34.06608],[74.8088,34.06571],[74.80884,34.06563],[74.80885,34.06554],[74.80885,34.0655],[74.80882,34.06546],[74.80879,34.06544],[74.80875,34.06542],[74.80863,34.06538],[74.80834,34.0653],[74.80782,34.06515],[74.80779,34.06514],[74.80776,34.06513],[74.80705,34.06496],[74.8056,34.06459],[74.80549,34.06457],[74.80506,34.06447],[74.80493,34.06443],[74.80387,34.06417],[74.80364,34.06412],[74.80336,34.06407],[74.80318,34.06406],[74.80312,34.06405],[74.80299,34.06406],[74.80304,34.0642],[74.8032,34.06462],[74.8032,34.06462],[74.80323,34.0647],[74.80331,34.06497],[74.80338,34.06519],[74.80343,34.06548],[74.80349,34.06582],[74.80352,34.06599],[74.80355,34.06612],[74.80357,34.06626],[74.80361,34.06655],[74.80361,34.06658],[74.8036,34.06676],[74.8036,34.06696],[74.80358,34.06706],[74.80356,34.06726],[74.80347,34.0681],[74.80347,34.06819],[74.80346,34.06827],[74.80345,34.06854],[74.80343,34.06891],[74.80342,34.06902],[74.8034,34.06923],[74.80337,34.06941],[74.80336,34.06958],[74.80335,34.06977],[74.80335,34.06978],[74.80335,34.07008],[74.80337,34.07039],[74.80345,34.07064],[74.80352,34.07085],[74.80371,34.07113],[74.80371,34.07113],[74.80383,34.07147],[74.80347,34.07157],[74.80316,34.0717],[74.80249,34.07198],[74.80188,34.07225],[74.80183,34.07235],[74.80172,34.07239],[74.80163,34.07243],[74.80128,34.07256],[74.8,34.07314],[74.79921,34.0735],[74.79929,34.07361],[74.79959,34.07348],[74.7999,34.07334],[74.8013,34.0727],[74.80136,34.07267],[74.80187,34.07242],[74.80201,34.07236],[74.80272,34.07203],[74.80343,34.07171],[74.80354,34.07166],[74.80371,34.0716],[74.80387,34.07157],[74.80408,34.07154],[74.80498,34.07159],[74.80511,34.07159],[74.80587,34.07162],[74.80601,34.07162],[74.80615,34.07163],[74.80619,34.07163]]}},{"type":"Feature","properties":{"corridor_id":2,"class":"partial","od":"Soura \u2194 Nowshera via Lal Bazar (NE old-city Srinagar), with an eastern arm toward Nishat/Harwan that partly follows the SSCL Parimpora\u2013Harwan e-bus alignment.","matched_permit":"Parimpora to Harwan via Brein Nishat","confidence":"low","n_runs":150,"n_drivers":12,"median_km":11.5},"geometry":{"type":"LineString","coordinates":[[74.80641,34.12512],[74.80644,34.1251],[74.80655,34.12505],[74.80663,34.12501],[74.8068,34.12494],[74.80688,34.12491],[74.80695,34.12487],[74.80715,34.12476],[74.80722,34.12472],[74.80737,34.12464],[74.80755,34.12458],[74.80781,34.12452],[74.80803,34.12447],[74.80819,34.12444],[74.80837,34.12441],[74.80856,34.12438],[74.80866,34.12436],[74.80902,34.12432],[74.80911,34.12432],[74.80906,34.12461],[74.80903,34.12479],[74.80901,34.12491],[74.809,34.12514],[74.809,34.12531],[74.80899,34.12545],[74.80898,34.12553],[74.80897,34.12561],[74.80893,34.12574],[74.8089,34.12586],[74.80886,34.12596],[74.80883,34.12604],[74.80866,34.12645],[74.80861,34.12657],[74.80853,34.12672],[74.80848,34.1269],[74.80841,34.12736],[74.80839,34.1274],[74.80836,34.12748],[74.80833,34.12763],[74.80833,34.12767],[74.80831,34.12778],[74.80831,34.1279],[74.80834,34.12815],[74.80837,34.12843],[74.80837,34.12858],[74.80836,34.1288],[74.80835,34.12889],[74.80835,34.12889],[74.80833,34.1291],[74.80894,34.12922],[74.80931,34.12929],[74.80971,34.12937],[74.80986,34.1294],[74.81021,34.12945],[74.81035,34.12947],[74.8104,34.12947],[74.81041,34.12947],[74.81067,34.12949],[74.81098,34.12948],[74.81157,34.12944],[74.81171,34.12942],[74.8118,34.12942],[74.81195,34.12942],[74.81201,34.12942],[74.81233,34.12942],[74.81233,34.12974],[74.81232,34.12989],[74.81231,34.13],[74.8123,34.13006],[74.81226,34.1303],[74.81223,34.13042],[74.81224,34.1305],[74.81231,34.13062],[74.81244,34.13074],[74.81246,34.13076],[74.81258,34.13086],[74.81262,34.13091],[74.81265,34.13099],[74.8127,34.13107],[74.81265,34.13112],[74.81263,34.13114],[74.81263,34.13117],[74.81265,34.13125],[74.81267,34.13135],[74.81268,34.13142],[74.81268,34.13147],[74.81269,34.13152],[74.81272,34.13157],[74.81326,34.13194],[74.8133,34.13197],[74.8133,34.13197],[74.81336,34.13202],[74.81344,34.1321],[74.81355,34.13229],[74.81373,34.13262],[74.81374,34.13265],[74.81425,34.13254],[74.81437,34.1325],[74.81444,34.13246],[74.81451,34.13242],[74.81452,34.13241],[74.81459,34.1324],[74.81506,34.13208],[74.8153,34.1319],[74.81536,34.13184],[74.81541,34.13177],[74.81542,34.13161],[74.81548,34.13029],[74.81535,34.13029],[74.81495,34.13028],[74.81478,34.13028],[74.8145,34.13027],[74.8145,34.13076],[74.8145,34.13076],[74.81408,34.13075],[74.81409,34.13038],[74.81409,34.13026],[74.81409,34.13012],[74.8141,34.1298],[74.8141,34.12974],[74.81413,34.12946],[74.81414,34.12939],[74.8142,34.12937],[74.81427,34.12936],[74.81433,34.12936],[74.81432,34.12894],[74.81433,34.12852],[74.81433,34.1285],[74.81509,34.12837],[74.81517,34.12837],[74.81528,34.12836],[74.81537,34.12835],[74.81556,34.12832],[74.81574,34.12829],[74.81595,34.1282],[74.81608,34.12815],[74.81613,34.12813],[74.81633,34.12804],[74.81675,34.12787],[74.8168,34.12785],[74.81699,34.12778],[74.81709,34.12775],[74.81717,34.12774],[74.81736,34.12773],[74.81748,34.12772],[74.81761,34.12769],[74.8179,34.12764],[74.81798,34.12761],[74.81806,34.12759],[74.81822,34.12782],[74.81829,34.12793],[74.81839,34.1281],[74.81848,34.12833],[74.81855,34.12848],[74.81862,34.12859],[74.81865,34.12863],[74.81869,34.12866],[74.81892,34.12883],[74.81902,34.1289],[74.81907,34.12893],[74.81911,34.12896],[74.81921,34.12904],[74.81937,34.12918],[74.81963,34.12945],[74.81978,34.12959],[74.81995,34.12976],[74.82003,34.12985],[74.82016,34.12995],[74.8203,34.13006],[74.82055,34.13024],[74.82063,34.13029],[74.82071,34.13035],[74.82089,34.13049],[74.82113,34.13073],[74.82123,34.13085],[74.82132,34.13097],[74.82141,34.13112],[74.82155,34.13139],[74.82162,34.13155],[74.82165,34.13164],[74.82168,34.13171],[74.82171,34.13181],[74.82173,34.13185],[74.8218,34.1319],[74.822,34.132],[74.82205,34.13203],[74.82209,34.13208],[74.82228,34.13221],[74.82239,34.13229],[74.82249,34.13235],[74.8229,34.13263],[74.82293,34.13265],[74.823,34.13267],[74.82307,34.13272],[74.82311,34.13275],[74.82344,34.13299],[74.82354,34.13305],[74.82393,34.13335],[74.824,34.1334],[74.8242,34.13355],[74.82433,34.13365],[74.82441,34.13374],[74.82464,34.13383],[74.82469,34.13389],[74.82502,34.13407],[74.82528,34.13421],[74.8256,34.13437],[74.82597,34.13457],[74.82656,34.13497],[74.82663,34.13502],[74.82674,34.1351],[74.82711,34.13535],[74.8273,34.13549],[74.82743,34.13558],[74.82751,34.13561],[74.82763,34.13565],[74.82781,34.13571],[74.82799,34.13575],[74.8282,34.13578],[74.82829,34.13578],[74.8284,34.13577],[74.82851,34.13587],[74.82863,34.13594],[74.82864,34.13594],[74.82891,34.13606],[74.82922,34.13616],[74.82936,34.1362],[74.82973,34.13631],[74.83017,34.13642],[74.83042,34.13649],[74.83044,34.1365],[74.8309,34.13661],[74.83124,34.13669],[74.83142,34.13674],[74.83157,34.13677],[74.83197,34.13688],[74.83157,34.13677],[74.83142,34.13674],[74.83124,34.13669],[74.83095,34.13662],[74.8309,34.13661],[74.83044,34.1365],[74.83017,34.13642],[74.82973,34.13631],[74.82922,34.13616],[74.82909,34.13612],[74.82891,34.13606],[74.82864,34.13594],[74.82851,34.13587],[74.8284,34.13577],[74.82835,34.13571],[74.82832,34.13571],[74.82827,34.13572],[74.82827,34.13572],[74.8282,34.13572],[74.82807,34.1357],[74.82797,34.13568],[74.82781,34.13563],[74.82766,34.13558],[74.8275,34.1355],[74.82726,34.13536],[74.82723,34.13534],[74.82665,34.13495],[74.82661,34.13493],[74.82629,34.1347],[74.82601,34.13452],[74.82597,34.13449],[74.82566,34.13431],[74.82538,34.13417],[74.82521,34.13408],[74.82483,34.13389],[74.82474,34.13384],[74.82464,34.13383],[74.82441,34.13374],[74.82437,34.13369],[74.82433,34.13365],[74.8242,34.13355],[74.824,34.1334],[74.82393,34.13335],[74.82354,34.13305],[74.82344,34.13299],[74.82314,34.13277],[74.82311,34.13275],[74.823,34.13267],[74.82297,34.13262],[74.82294,34.1326],[74.82258,34.13235],[74.82254,34.13232],[74.82252,34.1323],[74.82231,34.13215],[74.82227,34.13212],[74.82218,34.13207],[74.82213,34.13205],[74.82205,34.13203],[74.822,34.132],[74.8218,34.1319],[74.82177,34.13188],[74.82173,34.13185],[74.82171,34.13181],[74.82168,34.13171],[74.82162,34.13155],[74.82155,34.13139],[74.82141,34.13112],[74.82132,34.13097],[74.82123,34.13085],[74.82113,34.13073],[74.821,34.1306],[74.82089,34.13049],[74.82071,34.13035],[74.82063,34.13029],[74.82055,34.13024],[74.82039,34.13012],[74.8203,34.13006],[74.82016,34.12995],[74.82003,34.12985],[74.81978,34.12959],[74.81963,34.12945],[74.81937,34.12918],[74.81921,34.12904],[74.81915,34.12899],[74.81911,34.12896],[74.81902,34.1289],[74.81892,34.12883],[74.81869,34.12866],[74.81865,34.12863],[74.81862,34.12859],[74.81855,34.12848],[74.81854,34.12846],[74.81848,34.12833],[74.81839,34.1281],[74.81829,34.12793],[74.81822,34.12782],[74.81817,34.12775],[74.81806,34.12759],[74.81799,34.12751],[74.81794,34.1274],[74.81761,34.12739],[74.81682,34.12741],[74.81668,34.12742],[74.81644,34.12742],[74.81637,34.12741],[74.81614,34.12739],[74.81616,34.12685],[74.81616,34.12671],[74.81616,34.12667],[74.81617,34.12649],[74.8162,34.126],[74.8162,34.12596],[74.81619,34.12582],[74.81617,34.12576],[74.81614,34.12571],[74.81594,34.12553],[74.81572,34.12537],[74.81535,34.12504],[74.81531,34.12496],[74.81529,34.12484],[74.8153,34.12479],[74.8153,34.12464],[74.81531,34.12444],[74.81532,34.12438],[74.81534,34.12414],[74.81535,34.12393],[74.81535,34.12392],[74.81537,34.12371],[74.81539,34.12349],[74.8154,34.12325],[74.81541,34.12304],[74.81541,34.12303],[74.81542,34.12299],[74.81542,34.12278],[74.81541,34.12265],[74.8154,34.12261],[74.81535,34.12259],[74.81503,34.12249],[74.81478,34.12243],[74.81444,34.12233],[74.81432,34.12229],[74.81419,34.12225],[74.8142,34.12208],[74.81419,34.1219],[74.81417,34.12176],[74.81416,34.12169],[74.81413,34.12149],[74.81411,34.1214],[74.81411,34.12129],[74.81412,34.12114],[74.81413,34.12112],[74.81407,34.12109],[74.81405,34.12105],[74.81405,34.12101],[74.81404,34.12089],[74.81406,34.12076],[74.81406,34.12075],[74.81407,34.12064],[74.81409,34.12058],[74.8141,34.12053],[74.81413,34.12046],[74.81402,34.12037],[74.8138,34.1202],[74.81373,34.12016],[74.81365,34.12011],[74.81347,34.12005],[74.81332,34.12001],[74.81312,34.11997],[74.81293,34.11993],[74.81293,34.11993],[74.81244,34.11984],[74.81222,34.11982],[74.81182,34.11978],[74.81176,34.11977],[74.8113,34.11974],[74.81119,34.11974],[74.81111,34.11975],[74.81091,34.11979],[74.81088,34.11979],[74.81067,34.11983],[74.81041,34.11988],[74.81029,34.11992],[74.81018,34.11996],[74.81011,34.11999],[74.81009,34.12003],[74.81009,34.12013],[74.81007,34.12025],[74.81007,34.12033],[74.81006,34.12046],[74.81005,34.12051],[74.81002,34.12054],[74.80996,34.12075],[74.80996,34.12077],[74.80993,34.12088],[74.80978,34.12148],[74.80978,34.12151],[74.80973,34.12173],[74.80967,34.12211],[74.80962,34.12243],[74.80958,34.12262],[74.80958,34.1227],[74.80953,34.12291],[74.80945,34.12317],[74.80925,34.12375],[74.80916,34.12382],[74.80915,34.12385],[74.80907,34.12418],[74.80911,34.12427],[74.80911,34.12432],[74.80902,34.12432],[74.80874,34.12435],[74.80856,34.12438],[74.80837,34.12441],[74.80819,34.12444],[74.80803,34.12447],[74.80781,34.12452],[74.80755,34.12458],[74.80737,34.12464],[74.80722,34.12472],[74.80708,34.12479],[74.80695,34.12487],[74.80688,34.12491],[74.8068,34.12494],[74.80663,34.12501],[74.80655,34.12505],[74.80644,34.1251],[74.80639,34.12513],[74.80633,34.12516],[74.80633,34.12544],[74.80634,34.12576],[74.80633,34.12605],[74.80633,34.12608],[74.80632,34.1262],[74.80631,34.12638],[74.80626,34.12683],[74.80621,34.12716],[74.80621,34.12719],[74.80618,34.12739],[74.80616,34.12753],[74.80615,34.12755],[74.80603,34.12788],[74.80595,34.12813],[74.80592,34.12821],[74.80579,34.12859],[74.80566,34.12893],[74.80565,34.12896],[74.80553,34.12927],[74.80536,34.12971],[74.80534,34.12974],[74.80531,34.12983],[74.80526,34.12998],[74.80526,34.13],[74.80524,34.13004],[74.80517,34.13023],[74.8051,34.13043],[74.80508,34.13047],[74.805,34.13066],[74.80499,34.13068],[74.80492,34.13086],[74.80487,34.13102],[74.80483,34.13119],[74.80478,34.13143],[74.80477,34.13146],[74.80472,34.13162],[74.80468,34.13179],[74.80464,34.13191],[74.80459,34.13212],[74.80456,34.1322],[74.80454,34.13228],[74.80446,34.1325],[74.80441,34.13273],[74.80434,34.13306],[74.80429,34.13323],[74.80425,34.13333],[74.8042,34.13343],[74.80414,34.13351],[74.80406,34.13362],[74.80399,34.13372],[74.80393,34.13384],[74.80387,34.13398],[74.80386,34.13399],[74.80382,34.13413],[74.8038,34.13428],[74.80376,34.13452],[74.80372,34.13472],[74.80371,34.13473],[74.80369,34.13485],[74.80364,34.13496],[74.80349,34.13527],[74.80342,34.13541],[74.80339,34.13546],[74.80337,34.1355],[74.80332,34.13559],[74.80325,34.13564],[74.80314,34.13586],[74.80311,34.13593],[74.80307,34.13601],[74.80304,34.13606],[74.80303,34.13609],[74.80265,34.13705],[74.80252,34.13738],[74.80251,34.13741],[74.80239,34.13774],[74.80235,34.13787],[74.8022,34.13835],[74.80222,34.13847],[74.80222,34.13848],[74.8022,34.1386],[74.80208,34.13911],[74.80199,34.13948],[74.80198,34.13963],[74.80192,34.14032],[74.8019,34.14051],[74.80187,34.1406],[74.80187,34.14093],[74.80187,34.14101],[74.80184,34.14138],[74.80181,34.14176],[74.8018,34.14193],[74.80178,34.14223],[74.8018,34.14284],[74.80189,34.14343],[74.8019,34.14351],[74.80203,34.14409],[74.80208,34.14434],[74.80212,34.14454],[74.80222,34.1451],[74.80227,34.14534],[74.80235,34.14564],[74.80237,34.14574],[74.80238,34.14577],[74.80243,34.14594],[74.80245,34.14603],[74.80265,34.14667],[74.8027,34.14685],[74.80276,34.14707],[74.80283,34.14749],[74.80283,34.14754],[74.80284,34.14771],[74.8028,34.14787],[74.80275,34.148],[74.80269,34.14812],[74.80266,34.14818],[74.80259,34.14848],[74.80256,34.14861],[74.80246,34.14906],[74.80245,34.14908],[74.80239,34.14931],[74.80229,34.14978],[74.80228,34.14983],[74.80227,34.14988],[74.80222,34.15012],[74.80221,34.15023],[74.8022,34.1504],[74.80219,34.15058],[74.80218,34.15075],[74.80231,34.15157],[74.80234,34.15181],[74.80237,34.15201],[74.8024,34.15222]]}},{"type":"Feature","properties":{"corridor_id":3,"class":"out_of_area","od":"Udhampur \u2194 Chenani on NH-44 (Chenani\u2013Nashri / Dr. S.P. Mookerjee tunnel corridor), Udhampur district \u2014 JAMMU division.","matched_permit":"","confidence":"n/a","n_runs":105,"n_drivers":27,"median_km":24.1},"geometry":{"type":"LineString","coordinates":[[75.13684,32.92853],[75.13666,32.92796],[75.1363,32.92749],[75.13607,32.92721],[75.13635,32.92718],[75.13656,32.92718],[75.13678,32.9272],[75.13694,32.92725],[75.1371,32.92737],[75.13722,32.92754],[75.13736,32.92776],[75.13777,32.92844],[75.13796,32.92874],[75.13804,32.92925],[75.13816,32.92968],[75.13817,32.92972],[75.13828,32.93011],[75.13837,32.9303],[75.13841,32.9304],[75.13852,32.93047],[75.13866,32.93052],[75.13914,32.93053],[75.13924,32.93054],[75.14005,32.93062],[75.14019,32.93063],[75.14039,32.93066],[75.1406,32.93072],[75.14088,32.9309],[75.14127,32.9312],[75.14151,32.93139],[75.14167,32.9315],[75.14236,32.93204],[75.14262,32.93225],[75.14271,32.93231],[75.1431,32.93261],[75.14326,32.93275],[75.14333,32.93282],[75.14365,32.9331],[75.14376,32.93321],[75.14406,32.93354],[75.14442,32.93393],[75.14447,32.93399],[75.14556,32.93529],[75.14562,32.93535],[75.14584,32.93556],[75.14594,32.93564],[75.14618,32.93572],[75.14655,32.93579],[75.1472,32.93587],[75.14727,32.93588],[75.14759,32.93589],[75.14794,32.93588],[75.14801,32.93588],[75.14833,32.9359],[75.14882,32.9359],[75.14917,32.93594],[75.14945,32.936],[75.15002,32.93616],[75.15048,32.93633],[75.15065,32.93639],[75.15084,32.93646],[75.15102,32.9366],[75.15111,32.93668],[75.15117,32.93678],[75.15119,32.9369],[75.15122,32.93701],[75.15125,32.93716],[75.15127,32.93726],[75.15124,32.93737],[75.15124,32.9375],[75.1513,32.9376],[75.15142,32.93773],[75.15145,32.93776],[75.15161,32.93791],[75.15235,32.9383],[75.15294,32.93865],[75.15327,32.93887],[75.1534,32.93897],[75.15352,32.93908],[75.15373,32.93935],[75.15375,32.93938],[75.15385,32.93956],[75.15398,32.9398],[75.15407,32.94002],[75.15413,32.94024],[75.15418,32.94082],[75.1542,32.94107],[75.15425,32.94121],[75.15425,32.94121],[75.15433,32.9414],[75.15444,32.94159],[75.15448,32.94175],[75.15448,32.94193],[75.15439,32.94235],[75.15437,32.94249],[75.15437,32.94268],[75.1544,32.94284],[75.15452,32.94348],[75.15454,32.94369],[75.15457,32.94394],[75.1546,32.94412],[75.1547,32.94483],[75.15472,32.94507],[75.15469,32.94522],[75.15464,32.94536],[75.15459,32.94548],[75.15449,32.94568],[75.15446,32.94581],[75.15444,32.946],[75.15445,32.94629],[75.15451,32.94651],[75.15465,32.94667],[75.15488,32.94688],[75.1551,32.94698],[75.15528,32.94702],[75.15551,32.94703],[75.15577,32.94704],[75.15596,32.94709],[75.15619,32.94717],[75.15634,32.94729],[75.15642,32.94741],[75.15648,32.94758],[75.15648,32.94772],[75.15647,32.94784],[75.15646,32.94791],[75.15635,32.94852],[75.15635,32.94899],[75.15636,32.94922],[75.15642,32.94942],[75.15655,32.9497],[75.15665,32.94985],[75.15676,32.95001],[75.15703,32.95043],[75.15713,32.95061],[75.15722,32.95093],[75.15724,32.95123],[75.15722,32.95144],[75.15721,32.95146],[75.15717,32.95161],[75.15711,32.95179],[75.15708,32.95193],[75.15708,32.95204],[75.15708,32.95214],[75.1571,32.95228],[75.15718,32.95243],[75.15748,32.95285],[75.15794,32.95345],[75.15811,32.95367],[75.15819,32.95376],[75.15842,32.9541],[75.15863,32.95449],[75.15873,32.95469],[75.15887,32.95491],[75.15898,32.95508],[75.15907,32.95518],[75.15915,32.95526],[75.15923,32.95533],[75.15926,32.95536],[75.15936,32.95544],[75.15958,32.95557],[75.15986,32.95571],[75.1601,32.95584],[75.16019,32.95588],[75.16027,32.95592],[75.16034,32.95594],[75.16042,32.95596],[75.16049,32.95598],[75.16057,32.95598],[75.16066,32.95598],[75.16076,32.95598],[75.16086,32.95596],[75.16094,32.95595],[75.161,32.95596],[75.16106,32.95596],[75.16113,32.95598],[75.16121,32.956],[75.16131,32.95605],[75.16143,32.95614],[75.16157,32.95625],[75.16165,32.95631],[75.16171,32.95635],[75.16181,32.95643],[75.16189,32.95649],[75.16195,32.95654],[75.16201,32.95661],[75.16206,32.95667],[75.16212,32.95676],[75.16216,32.95686],[75.16221,32.95695],[75.16225,32.95704],[75.16234,32.95727],[75.16246,32.95753],[75.16252,32.95764],[75.16257,32.95774],[75.16262,32.95782],[75.16267,32.95789],[75.16272,32.95793],[75.16276,32.95797],[75.16283,32.95802],[75.16292,32.95808],[75.16299,32.95813],[75.16306,32.95818],[75.16313,32.95823],[75.1632,32.95828],[75.16329,32.95835],[75.16336,32.95842],[75.16342,32.95849],[75.16349,32.95858],[75.16356,32.95868],[75.16362,32.95878],[75.16374,32.95896],[75.16387,32.95914],[75.164,32.95934],[75.16409,32.95949],[75.1642,32.95967],[75.16427,32.95978],[75.16427,32.95979],[75.1643,32.95985],[75.16432,32.95991],[75.16433,32.95996],[75.16433,32.96002],[75.16433,32.96008],[75.16433,32.96014],[75.16432,32.9602],[75.1643,32.96026],[75.16428,32.96032],[75.1642,32.96049],[75.16412,32.96067],[75.16401,32.96089],[75.16389,32.96112],[75.16381,32.96125],[75.16375,32.96135],[75.16369,32.96143],[75.16358,32.96155],[75.16345,32.96167],[75.16329,32.96182],[75.16325,32.96185],[75.16308,32.96199],[75.16296,32.96211],[75.1629,32.96219],[75.16287,32.96224],[75.16285,32.9623],[75.16284,32.96234],[75.16283,32.96239],[75.16283,32.96243],[75.16283,32.96247],[75.16285,32.96253],[75.16287,32.9626],[75.16289,32.96264],[75.16291,32.96268],[75.16295,32.96273],[75.16301,32.96279],[75.16307,32.96285],[75.16315,32.9629],[75.16331,32.96301],[75.16345,32.96311],[75.16348,32.96313],[75.16364,32.96324],[75.16374,32.96332],[75.16381,32.96338],[75.16387,32.96345],[75.16392,32.96352],[75.16395,32.96359],[75.16397,32.96366],[75.16398,32.96373],[75.16399,32.9638],[75.16398,32.96386],[75.16396,32.96395],[75.16393,32.96403],[75.1639,32.9641],[75.16385,32.9642],[75.1638,32.9643],[75.16376,32.96436],[75.16371,32.96445],[75.16366,32.96452],[75.16363,32.9646],[75.16361,32.96467],[75.16358,32.96475],[75.16357,32.96484],[75.16357,32.96494],[75.16359,32.96506],[75.16359,32.96509],[75.16361,32.96523],[75.16363,32.96533],[75.16365,32.96539],[75.16368,32.96545],[75.16372,32.9655],[75.16377,32.96556],[75.16381,32.96561],[75.16387,32.96567],[75.16393,32.96572],[75.164,32.96577],[75.16408,32.96583],[75.16416,32.96587],[75.16424,32.9659],[75.16434,32.96594],[75.16442,32.96597],[75.1645,32.966],[75.16461,32.96605],[75.16472,32.9661],[75.16483,32.96615],[75.16495,32.96622],[75.16502,32.96627],[75.16506,32.9663],[75.16519,32.9664],[75.16527,32.96645],[75.16534,32.96649],[75.16542,32.96653],[75.16552,32.96657],[75.16561,32.96661],[75.1657,32.96666],[75.16577,32.96671],[75.16583,32.96677],[75.16588,32.96685],[75.16593,32.96693],[75.16601,32.96708],[75.1661,32.96723],[75.16615,32.96731],[75.16619,32.96736],[75.16623,32.96741],[75.16629,32.96745],[75.16637,32.96751],[75.16646,32.96755],[75.16655,32.96759],[75.16664,32.96762],[75.16675,32.96766],[75.16688,32.96769],[75.16703,32.96772],[75.16717,32.96777],[75.16729,32.96782],[75.16741,32.96787],[75.16752,32.96794],[75.16757,32.96797],[75.16761,32.968],[75.1677,32.96807],[75.16782,32.96815],[75.16794,32.96823],[75.16805,32.96831],[75.16819,32.9684],[75.16832,32.96849],[75.1684,32.96854],[75.16848,32.96858],[75.16855,32.9686],[75.16861,32.96862],[75.16868,32.96863],[75.16877,32.96864],[75.16888,32.96864],[75.16897,32.96863],[75.16907,32.9686],[75.16917,32.96857],[75.16925,32.96854],[75.16932,32.96849],[75.1694,32.96843],[75.16945,32.96838],[75.16952,32.96831],[75.16958,32.96824],[75.16965,32.96816],[75.16972,32.9681],[75.16978,32.96804],[75.16986,32.96799],[75.1699,32.96797],[75.16995,32.96795],[75.17002,32.96793],[75.17011,32.96792],[75.1702,32.96791],[75.17029,32.96791],[75.1704,32.96793],[75.17052,32.96796],[75.17055,32.96798],[75.17057,32.96799],[75.17062,32.96801],[75.17067,32.96805],[75.17071,32.96808],[75.17076,32.96815],[75.1708,32.96823],[75.17087,32.96838],[75.17099,32.96866],[75.17112,32.96893],[75.1712,32.9691],[75.17126,32.96923],[75.17129,32.96929],[75.17132,32.96934],[75.17135,32.96939],[75.17139,32.96946],[75.17145,32.96954],[75.17151,32.96962],[75.17159,32.9697],[75.17168,32.9698],[75.17176,32.96987],[75.17177,32.96987],[75.17183,32.96993],[75.1719,32.96999],[75.17195,32.97003],[75.17202,32.97009],[75.17213,32.97018],[75.17224,32.97027],[75.17233,32.97035],[75.17243,32.97043],[75.17248,32.97048],[75.17253,32.97053],[75.17256,32.97058],[75.17258,32.97063],[75.17259,32.97068],[75.17258,32.97072],[75.17258,32.97076],[75.17256,32.97081],[75.17254,32.97086],[75.17252,32.97089],[75.1725,32.97092],[75.17246,32.97095],[75.17242,32.97099],[75.17234,32.97104],[75.17223,32.97111],[75.17214,32.97117],[75.17206,32.97123],[75.17198,32.97129],[75.17193,32.97134],[75.17189,32.97139],[75.17185,32.97145],[75.17183,32.97151],[75.17182,32.97159],[75.1718,32.97172],[75.17179,32.97192],[75.17179,32.9721],[75.17179,32.9722],[75.17181,32.97229],[75.17181,32.9723],[75.17183,32.9724],[75.17186,32.97248],[75.17189,32.97257],[75.17193,32.97264],[75.17197,32.9727],[75.17201,32.97275],[75.17204,32.97279],[75.17206,32.97284],[75.17208,32.97288],[75.17209,32.97293],[75.1721,32.973],[75.17211,32.9731],[75.17211,32.97321],[75.17212,32.97339],[75.17214,32.97352],[75.17216,32.97362],[75.17218,32.97366],[75.1722,32.97373],[75.17225,32.97383],[75.17231,32.9739],[75.17237,32.97397],[75.17244,32.97403],[75.17253,32.97409],[75.17261,32.97415],[75.17269,32.9742],[75.17278,32.97428],[75.17286,32.97435],[75.17296,32.97444],[75.17306,32.97453],[75.17319,32.97468],[75.17333,32.97483],[75.17349,32.975],[75.1737,32.97523],[75.17378,32.97534],[75.17382,32.97539],[75.17384,32.97544],[75.17384,32.97546],[75.17385,32.97548],[75.17386,32.97554],[75.17386,32.97559],[75.17385,32.97565],[75.17384,32.97574],[75.17382,32.97588],[75.1738,32.97599],[75.1738,32.97606],[75.17381,32.97613],[75.17382,32.97619],[75.17384,32.97624],[75.17385,32.97629],[75.17387,32.97633],[75.1739,32.97638],[75.17392,32.97642],[75.17396,32.97647],[75.174,32.97651],[75.17405,32.97655],[75.1741,32.97659],[75.17414,32.97662],[75.17418,32.97664],[75.17423,32.97667],[75.17433,32.97672],[75.17443,32.97676],[75.17453,32.97678],[75.17465,32.9768],[75.17476,32.97681],[75.17487,32.97681],[75.17493,32.97681],[75.175,32.97681],[75.17513,32.97681],[75.17526,32.9768],[75.1754,32.97677],[75.17556,32.97673],[75.17576,32.97668],[75.17596,32.97661],[75.17613,32.97656],[75.17635,32.97649],[75.17667,32.97639],[75.17695,32.97631],[75.17719,32.97624],[75.17737,32.97619],[75.17741,32.97619],[75.17756,32.97616],[75.17769,32.97614],[75.17779,32.97613],[75.1779,32.97613],[75.17798,32.97612],[75.17805,32.97611],[75.17812,32.9761],[75.17817,32.97608],[75.17822,32.97606],[75.17828,32.97604],[75.17833,32.97601],[75.17838,32.97598],[75.17845,32.97592],[75.17852,32.97584],[75.17857,32.97579],[75.17866,32.97568],[75.17873,32.9756],[75.17876,32.97557],[75.17879,32.97554],[75.17883,32.97552],[75.17887,32.97549],[75.17893,32.97547],[75.179,32.97544],[75.17909,32.97541],[75.17917,32.97539],[75.17925,32.97536],[75.17934,32.97534],[75.17941,32.97532],[75.17947,32.97529],[75.17955,32.97525],[75.17964,32.9752],[75.17974,32.97512],[75.17986,32.97503],[75.17997,32.97496],[75.18001,32.97492],[75.18004,32.97491],[75.18011,32.97487],[75.18018,32.97484],[75.18026,32.97481],[75.18034,32.97479],[75.18042,32.97478],[75.18053,32.97476],[75.18065,32.97475],[75.18075,32.97474],[75.18085,32.97475],[75.18093,32.97475],[75.18102,32.97478],[75.1811,32.97481],[75.18121,32.97485],[75.18135,32.97492],[75.18143,32.97496],[75.18151,32.975],[75.18157,32.97502],[75.18164,32.97504],[75.18173,32.97507],[75.18184,32.97509],[75.18196,32.97512],[75.18207,32.97515],[75.18216,32.97517],[75.18218,32.97518],[75.18223,32.97519],[75.18228,32.97522],[75.18232,32.97525],[75.18236,32.97528],[75.1824,32.97532],[75.18243,32.97536],[75.18246,32.97541],[75.18249,32.97548],[75.18252,32.97556],[75.18256,32.97565],[75.18259,32.97574],[75.18261,32.9758],[75.18264,32.97585],[75.18267,32.97588],[75.1827,32.97592],[75.18274,32.97596],[75.18279,32.976],[75.18285,32.97604],[75.18291,32.97607],[75.18296,32.9761],[75.18303,32.97613],[75.1831,32.97616],[75.18319,32.9762],[75.18327,32.97624],[75.18333,32.97627],[75.18337,32.9763],[75.18342,32.97635],[75.18345,32.9764],[75.18348,32.97646],[75.1835,32.97652],[75.1835,32.97658],[75.1835,32.97666],[75.18349,32.97676],[75.18348,32.97688],[75.18347,32.97702],[75.18347,32.97709],[75.18346,32.97718],[75.18346,32.97727],[75.18347,32.97736],[75.18349,32.97746],[75.18351,32.97754],[75.18355,32.97763],[75.18361,32.97774],[75.18362,32.97776],[75.18366,32.97783],[75.18371,32.97791],[75.18381,32.97806],[75.18396,32.97827],[75.18409,32.97848],[75.18421,32.97866],[75.18428,32.97877],[75.18434,32.97883],[75.1844,32.97888],[75.18447,32.97893],[75.18453,32.97898],[75.18457,32.97901],[75.1846,32.97902],[75.18469,32.97906],[75.18477,32.9791],[75.18484,32.97912],[75.18492,32.97914],[75.18502,32.97916],[75.18518,32.97919],[75.18529,32.97921],[75.18537,32.97922],[75.18544,32.97925],[75.1855,32.97928],[75.18556,32.97931],[75.18561,32.97935],[75.18566,32.97939],[75.1857,32.97943],[75.18574,32.97947],[75.18577,32.97951],[75.18581,32.97957],[75.18585,32.97963],[75.18588,32.97971],[75.1859,32.97978],[75.18595,32.97991],[75.18597,32.98004],[75.18598,32.9801],[75.18598,32.98015],[75.18597,32.9802],[75.18595,32.98024],[75.18593,32.98029],[75.18591,32.98033],[75.18585,32.98039],[75.18581,32.98043],[75.18576,32.98048],[75.1857,32.98053],[75.18565,32.98058],[75.18561,32.98063],[75.18558,32.98067],[75.18555,32.98071],[75.18552,32.98076],[75.18551,32.98079],[75.18549,32.98083],[75.18548,32.98088],[75.18547,32.98092],[75.18547,32.98098],[75.18547,32.98104],[75.18547,32.98109],[75.18549,32.98115],[75.18552,32.98122],[75.18555,32.98129],[75.18558,32.98136],[75.18558,32.98136],[75.18562,32.98143],[75.18568,32.98154],[75.18574,32.98163],[75.1858,32.98172],[75.18584,32.9818],[75.18589,32.9819],[75.18593,32.98199],[75.18596,32.98208],[75.18601,32.98223],[75.18607,32.98243],[75.18614,32.98262],[75.1862,32.98279],[75.18621,32.98284],[75.18629,32.98309],[75.18642,32.98351],[75.18653,32.98382],[75.18659,32.98401],[75.18663,32.98409],[75.18667,32.98417],[75.18671,32.98425],[75.18676,32.98433],[75.18682,32.98441],[75.18687,32.98448],[75.18698,32.98463],[75.18711,32.98479],[75.18724,32.98498],[75.18727,32.98502],[75.18739,32.98518],[75.18746,32.98529],[75.18752,32.98536],[75.18757,32.98542],[75.18762,32.98547],[75.18766,32.98551],[75.18771,32.98554],[75.18778,32.98558],[75.18787,32.98564],[75.18796,32.98569],[75.18809,32.98577],[75.18816,32.98582],[75.18821,32.98586],[75.18825,32.98589],[75.18829,32.98592],[75.18833,32.98596],[75.18837,32.98601],[75.18839,32.98605],[75.18842,32.9861],[75.18843,32.98614],[75.18844,32.98618],[75.18844,32.98623],[75.18844,32.98628],[75.18843,32.98633],[75.18841,32.98638],[75.18839,32.98643],[75.18836,32.98648],[75.18832,32.98655],[75.18824,32.98667],[75.18816,32.98682],[75.1881,32.98694],[75.18804,32.98707],[75.18801,32.98718],[75.188,32.98726],[75.188,32.98733],[75.18802,32.98741],[75.18805,32.98749],[75.18808,32.98754],[75.18812,32.9876],[75.18817,32.98766],[75.18823,32.98771],[75.18824,32.98772],[75.18832,32.98778],[75.1884,32.98785],[75.18846,32.98789],[75.18849,32.98793],[75.18852,32.98797],[75.18854,32.98801],[75.18855,32.98806],[75.18855,32.98811],[75.18854,32.98818],[75.1885,32.98835],[75.18847,32.98848],[75.18846,32.98861],[75.18845,32.9887],[75.18845,32.98882],[75.18846,32.98891],[75.18848,32.98899],[75.18851,32.98909],[75.18855,32.98918],[75.18861,32.98928],[75.18874,32.98947],[75.1888,32.98955],[75.18887,32.98963],[75.18904,32.98982],[75.18913,32.98991],[75.18926,32.99002],[75.1894,32.99012],[75.18955,32.99024],[75.18968,32.99034],[75.18985,32.99048],[75.18996,32.99058],[75.19005,32.99067],[75.19013,32.99076],[75.1902,32.99086],[75.19028,32.99097],[75.19036,32.99107],[75.19041,32.99114],[75.19045,32.99119],[75.19049,32.99123],[75.19053,32.99126],[75.19058,32.99129],[75.19063,32.99133],[75.19069,32.99135],[75.19075,32.99137],[75.19077,32.99137],[75.19079,32.99138],[75.19084,32.99139],[75.19089,32.9914],[75.19093,32.9914],[75.19097,32.9914],[75.19102,32.99139],[75.19109,32.99139],[75.19115,32.99137],[75.1912,32.99137],[75.19125,32.99136],[75.1913,32.99137],[75.19135,32.99137],[75.1914,32.99138],[75.19144,32.99139],[75.19148,32.99141],[75.19153,32.99143],[75.19159,32.99146],[75.19164,32.9915],[75.19172,32.99155],[75.19179,32.9916],[75.19186,32.99164],[75.19191,32.99166],[75.19194,32.99168],[75.192,32.9917],[75.19205,32.99172],[75.19209,32.99173],[75.19215,32.99174],[75.19222,32.99175],[75.19227,32.99175],[75.19233,32.99175],[75.19251,32.99175],[75.19267,32.99174],[75.19281,32.99173],[75.19299,32.99171],[75.19311,32.99169],[75.19315,32.99169],[75.19316,32.99168],[75.19319,32.99168],[75.19325,32.99166],[75.19329,32.99165],[75.19332,32.99164],[75.19339,32.99162],[75.19344,32.99159],[75.19351,32.99155],[75.19357,32.99152],[75.19363,32.99148],[75.19371,32.99143],[75.19379,32.99138],[75.19384,32.99135],[75.19389,32.99133],[75.19394,32.9913],[75.194,32.99128],[75.19405,32.99127],[75.19409,32.99126],[75.19416,32.99125],[75.19426,32.99124],[75.19436,32.99124],[75.19449,32.99124],[75.1947,32.99125],[75.19484,32.99125],[75.19501,32.99125],[75.19518,32.99125],[75.19539,32.99125],[75.19553,32.99125],[75.19559,32.99125],[75.19563,32.99125],[75.19567,32.99124],[75.19572,32.99123],[75.19578,32.99121],[75.19585,32.99119],[75.19591,32.99117],[75.19598,32.99115],[75.19604,32.99113],[75.1961,32.99111],[75.19611,32.9911],[75.19617,32.99109],[75.19623,32.99107],[75.19629,32.99106],[75.19635,32.99105],[75.19641,32.99104],[75.19648,32.99104],[75.19658,32.99104],[75.19669,32.99105],[75.19683,32.99108],[75.19705,32.99113],[75.19726,32.99119],[75.19751,32.99127],[75.1979,32.99139],[75.19803,32.99144],[75.19813,32.99148],[75.19819,32.99151],[75.1982,32.99152],[75.19826,32.99155],[75.19832,32.99159],[75.19836,32.99162],[75.1984,32.99166],[75.19845,32.99171],[75.19855,32.99184],[75.19869,32.99202],[75.19877,32.99214],[75.19882,32.99222],[75.19885,32.99228],[75.19887,32.99233],[75.19889,32.99239],[75.1989,32.99244],[75.19891,32.99249],[75.19891,32.99256],[75.1989,32.9927],[75.19889,32.99289],[75.19887,32.99321],[75.19886,32.9935],[75.19885,32.99376],[75.19884,32.99401],[75.19883,32.99423],[75.19883,32.99438],[75.19883,32.99446],[75.19884,32.99454],[75.19884,32.99457],[75.19885,32.99461],[75.19886,32.99467],[75.19888,32.99474],[75.1989,32.99481],[75.19893,32.9949],[75.19897,32.99497],[75.19902,32.99508],[75.19911,32.99524],[75.1992,32.99538],[75.19931,32.99555],[75.19935,32.99563],[75.19938,32.99568],[75.1994,32.99574],[75.19944,32.99582],[75.19947,32.99591],[75.1995,32.99598],[75.19954,32.99609],[75.19959,32.99627],[75.19962,32.99638],[75.19969,32.99661],[75.19971,32.99668],[75.19974,32.99674],[75.19976,32.99679],[75.19979,32.99683],[75.19982,32.99687],[75.19985,32.99691],[75.19986,32.99693],[75.19988,32.99695],[75.19992,32.99699],[75.19997,32.99703],[75.20003,32.99708],[75.20011,32.99713],[75.2002,32.99719],[75.20029,32.99724],[75.20041,32.99729],[75.20072,32.99742],[75.20093,32.99752],[75.20114,32.99762],[75.20125,32.99766],[75.20165,32.99786],[75.20187,32.99796],[75.20216,32.99808],[75.20274,32.99825],[75.20302,32.99829],[75.20329,32.99829],[75.20344,32.99827],[75.20386,32.99818],[75.20409,32.99812],[75.20434,32.99804],[75.20458,32.99796],[75.20479,32.99793],[75.20497,32.99795],[75.20514,32.99806],[75.20526,32.99823],[75.20528,32.99844],[75.20532,32.99872],[75.20539,32.99889],[75.20557,32.99899],[75.20572,32.999],[75.20606,32.99902],[75.20643,32.9993],[75.2068,32.99975],[75.20687,32.99985],[75.20694,32.99995],[75.20696,33.00006],[75.20695,33.00028],[75.20698,33.00041],[75.20701,33.00049],[75.20723,33.00065],[75.20731,33.00072],[75.20736,33.00074],[75.20753,33.00079],[75.20763,33.0008],[75.2078,33.00083],[75.20804,33.00089],[75.20865,33.00106],[75.20897,33.00118],[75.20919,33.00122],[75.20941,33.00126],[75.20961,33.00129],[75.20975,33.00133],[75.20992,33.00139],[75.20997,33.0014],[75.21023,33.00147],[75.2107,33.00161],[75.21117,33.00171],[75.21139,33.00175],[75.21159,33.00181],[75.21187,33.00191],[75.21211,33.00202],[75.21223,33.00207],[75.21233,33.00212],[75.21261,33.00228],[75.21274,33.00234],[75.21292,33.0024],[75.21302,33.00245],[75.2131,33.00253],[75.21319,33.00264],[75.21372,33.00288],[75.21397,33.00303],[75.21407,33.00308],[75.21426,33.00318],[75.21443,33.00323],[75.21457,33.00326],[75.21474,33.00328],[75.21496,33.00333],[75.2152,33.00341],[75.21526,33.00344],[75.21549,33.00356],[75.21573,33.00367],[75.21592,33.00379],[75.21605,33.00388],[75.21618,33.00402],[75.21646,33.00415],[75.21717,33.00438],[75.21721,33.0044],[75.21754,33.00452],[75.21779,33.00463],[75.21822,33.00488],[75.21851,33.0051],[75.21895,33.0055],[75.21918,33.00573],[75.2194,33.00599],[75.21954,33.00625],[75.21957,33.00659],[75.21962,33.00697],[75.21962,33.00702],[75.21966,33.00746],[75.21964,33.00778],[75.2196,33.00792],[75.21956,33.00807],[75.21946,33.00841],[75.2194,33.00858],[75.21936,33.00869],[75.21942,33.00894],[75.21962,33.0093],[75.21981,33.00952],[75.21997,33.00961],[75.22018,33.00972],[75.22065,33.00982],[75.22099,33.00992],[75.22141,33.01005],[75.22161,33.01014],[75.22182,33.01024],[75.22212,33.01026],[75.22243,33.01025],[75.22243,33.01025],[75.22271,33.01033],[75.22293,33.01046],[75.22322,33.01055],[75.22365,33.01059],[75.22408,33.01062],[75.22414,33.01062],[75.22497,33.01075],[75.22537,33.01084],[75.22578,33.01091],[75.22607,33.01097],[75.22623,33.01103],[75.22635,33.01111],[75.22646,33.01124],[75.22655,33.01148],[75.22657,33.01156],[75.22661,33.0118],[75.2267,33.01205],[75.22677,33.01219],[75.2269,33.01243],[75.227,33.01263],[75.22711,33.01285],[75.22719,33.01302],[75.22729,33.01324],[75.2274,33.01335],[75.22754,33.01345],[75.22776,33.01354],[75.22797,33.01359],[75.22816,33.01363],[75.22844,33.01364],[75.22848,33.01364],[75.22876,33.01361],[75.22907,33.01361],[75.22931,33.01366],[75.22959,33.01376],[75.22984,33.01388],[75.23004,33.01401],[75.23024,33.01418],[75.23043,33.01433],[75.23056,33.01439],[75.2306,33.01441],[75.23077,33.01447],[75.23108,33.01449],[75.23134,33.01448],[75.23161,33.01444],[75.23223,33.01435],[75.2327,33.0143],[75.23291,33.0143],[75.23305,33.01436],[75.23315,33.01444],[75.23323,33.01452],[75.23326,33.01458],[75.23328,33.01466],[75.23331,33.01477],[75.23332,33.01493],[75.23339,33.01505],[75.23341,33.0151],[75.23353,33.01525],[75.23381,33.01546],[75.23398,33.01556],[75.23419,33.01564],[75.23445,33.01568],[75.23465,33.01568],[75.23475,33.0157],[75.23493,33.01573],[75.23507,33.01577],[75.23508,33.01578],[75.23534,33.0159],[75.2357,33.01607],[75.23601,33.01618],[75.23647,33.01634],[75.2367,33.01643],[75.23683,33.01648],[75.23697,33.01658],[75.23709,33.0167],[75.23713,33.01682],[75.23713,33.01697],[75.23709,33.01711],[75.23701,33.01726],[75.23697,33.01734],[75.23687,33.01757],[75.23683,33.01781],[75.2368,33.01821],[75.23677,33.01848],[75.23684,33.01872],[75.23696,33.01898],[75.23704,33.01908],[75.23712,33.01919],[75.23741,33.01944],[75.23765,33.01961],[75.23787,33.01968],[75.23805,33.01972],[75.23824,33.01975],[75.23847,33.01972],[75.23867,33.01966],[75.23895,33.01956],[75.23921,33.01946],[75.23953,33.01928],[75.23976,33.01914],[75.23998,33.01895],[75.24003,33.01891],[75.24024,33.01879],[75.24049,33.01873],[75.24062,33.01873],[75.24086,33.01875],[75.24106,33.01879],[75.24134,33.0189],[75.24168,33.01899],[75.24195,33.01902],[75.24221,33.01905],[75.24246,33.01903],[75.24278,33.01896],[75.24296,33.01893],[75.24319,33.01883],[75.24331,33.01877],[75.24342,33.01875],[75.24348,33.01874],[75.24366,33.01878],[75.24374,33.01883],[75.24388,33.01894],[75.24405,33.01903],[75.24434,33.01911],[75.24471,33.0192],[75.24492,33.01928],[75.24521,33.01945],[75.24552,33.01963],[75.24571,33.01976],[75.24578,33.0198],[75.24593,33.02],[75.24603,33.02017],[75.24608,33.02038],[75.24608,33.02054],[75.24605,33.02067],[75.24595,33.02091],[75.24586,33.02119],[75.24579,33.02139],[75.24581,33.02155],[75.24583,33.0219],[75.24589,33.02214],[75.24594,33.02242],[75.24612,33.02269],[75.24615,33.02275],[75.24616,33.02276],[75.24626,33.02288],[75.24636,33.02297],[75.24657,33.02309],[75.24698,33.02322],[75.24738,33.02334],[75.24785,33.02349],[75.24803,33.02357],[75.2481,33.02363],[75.24819,33.02372],[75.24821,33.02375],[75.24831,33.02387],[75.24842,33.02407],[75.24845,33.0243],[75.24851,33.02469],[75.24853,33.025],[75.24865,33.02535],[75.24873,33.02551],[75.24883,33.02563],[75.24904,33.02578],[75.24926,33.02585],[75.24961,33.02588],[75.24982,33.02586],[75.24986,33.02585],[75.25034,33.02576],[75.25062,33.02567],[75.25106,33.02555],[75.2513,33.02549],[75.25155,33.02538],[75.25167,33.02527],[75.25177,33.02511],[75.25189,33.02498],[75.25201,33.02487],[75.25211,33.02484],[75.2522,33.02482],[75.25231,33.02482],[75.2524,33.02486],[75.25249,33.02492],[75.25256,33.02496],[75.25272,33.02512],[75.25283,33.02528],[75.25291,33.02549],[75.25303,33.0258],[75.25312,33.02595],[75.25322,33.02609],[75.25334,33.02617],[75.25352,33.02627],[75.25378,33.02632],[75.25393,33.02632],[75.25409,33.0263],[75.25433,33.02623],[75.25448,33.02617],[75.25461,33.02612],[75.25483,33.02607],[75.25491,33.02607],[75.25502,33.02608],[75.2551,33.02611],[75.25518,33.02621],[75.25532,33.02642],[75.25548,33.02656],[75.25581,33.02671],[75.25596,33.02675],[75.2562,33.02677],[75.25645,33.02677],[75.25666,33.02674],[75.25683,33.02673],[75.2571,33.02675],[75.25715,33.02676],[75.25747,33.02681],[75.25768,33.02691],[75.25789,33.02712],[75.25799,33.02741],[75.25805,33.02766],[75.258,33.02791],[75.25789,33.02819],[75.25771,33.02851],[75.25758,33.02861],[75.25742,33.02873],[75.25738,33.0288],[75.25735,33.02886],[75.25732,33.02891],[75.25731,33.029],[75.25732,33.02907],[75.25734,33.02914],[75.25737,33.02921],[75.2574,33.02927],[75.25743,33.02933],[75.25747,33.02938],[75.2575,33.02942],[75.25753,33.02946],[75.25756,33.02948],[75.25765,33.02955],[75.25774,33.0296],[75.25784,33.02963],[75.25793,33.02964],[75.25808,33.02961],[75.25829,33.02956],[75.25862,33.02951],[75.25905,33.02943],[75.25933,33.02937],[75.25942,33.02935],[75.25956,33.02932],[75.25987,33.02925],[75.26013,33.02918],[75.26029,33.02913],[75.26044,33.02909],[75.26056,33.02905],[75.26066,33.02903],[75.26076,33.029],[75.26084,33.02896],[75.26093,33.02893],[75.26099,33.0289],[75.26102,33.02888],[75.26112,33.02883],[75.26125,33.02876],[75.2614,33.02869],[75.2615,33.02864],[75.26156,33.02862],[75.26162,33.0286],[75.26167,33.02858],[75.26172,33.02858],[75.26177,33.02857],[75.26183,33.02857],[75.26189,33.02857],[75.26194,33.02857],[75.26201,33.02857],[75.26207,33.02858],[75.26214,33.0286],[75.26224,33.02862],[75.26234,33.02866],[75.26248,33.02872],[75.26268,33.02878],[75.26281,33.02883],[75.26294,33.02887],[75.26305,33.0289],[75.26317,33.02893],[75.26327,33.02894],[75.26329,33.02894],[75.26341,33.02895],[75.2635,33.02896],[75.26365,33.02896],[75.26381,33.02897],[75.26396,33.02897],[75.26411,33.02898],[75.2642,33.02899],[75.26429,33.02901],[75.26437,33.02902],[75.26443,33.02905],[75.26451,33.02909],[75.26458,33.02913],[75.26467,33.02918],[75.26478,33.02926],[75.2649,33.02935],[75.26498,33.02941],[75.26506,33.02946],[75.26512,33.02948],[75.26519,33.02951],[75.26526,33.02954],[75.26533,33.02956],[75.26546,33.0296],[75.26555,33.02963],[75.26563,33.02965],[75.26575,33.02969],[75.26582,33.02971],[75.26588,33.02974],[75.26594,33.02976],[75.26599,33.02979],[75.26606,33.02983],[75.26612,33.02987],[75.26621,33.02993],[75.26631,33.03001],[75.26652,33.03016],[75.26686,33.03042],[75.26686,33.03042],[75.26705,33.03057],[75.26723,33.03071],[75.26737,33.03082],[75.26751,33.03094],[75.26767,33.0311],[75.26784,33.03125],[75.26795,33.03137],[75.26807,33.03149],[75.26811,33.03155],[75.26814,33.0316],[75.26816,33.03164],[75.26818,33.03169],[75.26819,33.03175],[75.2682,33.03181],[75.26823,33.03202],[75.26827,33.03232],[75.2683,33.03253],[75.2683,33.03255],[75.26832,33.03268],[75.26836,33.03283],[75.2684,33.03299],[75.26851,33.03334],[75.26863,33.03376],[75.26871,33.03404],[75.26878,33.0343],[75.26884,33.03447],[75.26888,33.03459],[75.26891,33.03466],[75.26895,33.03471],[75.269,33.03476],[75.26903,33.0348],[75.26905,33.03482],[75.26907,33.03483],[75.2691,33.03486],[75.26914,33.03489],[75.26919,33.03491],[75.26924,33.03495],[75.26929,33.03498],[75.26937,33.03502],[75.26943,33.03507],[75.26949,33.03512],[75.26954,33.03518],[75.26962,33.03526],[75.26971,33.0354],[75.26981,33.03554],[75.26989,33.03563],[75.26995,33.0357],[75.27,33.03574],[75.27005,33.03577],[75.27011,33.0358],[75.27017,33.03582],[75.27023,33.03584],[75.2703,33.03585],[75.27038,33.03586],[75.27048,33.03587],[75.27062,33.03587],[75.27072,33.03588],[75.27083,33.03589],[75.27092,33.0359],[75.27092,33.0359],[75.27099,33.03592],[75.27106,33.03594],[75.27114,33.03598],[75.27123,33.03601],[75.2713,33.03603],[75.27139,33.03605],[75.27146,33.03606],[75.27153,33.03606],[75.27159,33.03605],[75.27165,33.03605],[75.27172,33.03603],[75.27177,33.03602],[75.27182,33.036],[75.27185,33.03598],[75.27195,33.03594],[75.27209,33.03588],[75.27219,33.03584],[75.27226,33.03581],[75.27232,33.0358],[75.27238,33.03578],[75.27241,33.03578],[75.27245,33.03578],[75.2725,33.03578],[75.27255,33.03578],[75.2726,33.03578],[75.27265,33.03579],[75.27271,33.0358],[75.27278,33.03583],[75.27286,33.03586],[75.27295,33.0359],[75.27304,33.03594],[75.27314,33.03599],[75.27322,33.03601],[75.27329,33.03603],[75.27335,33.03603],[75.27342,33.03603],[75.27348,33.03603],[75.27354,33.03602],[75.2736,33.03601],[75.27365,33.03599],[75.2737,33.03597],[75.27374,33.03594],[75.27378,33.03592],[75.27382,33.03589],[75.27387,33.03584],[75.27392,33.03579],[75.27396,33.03575],[75.27401,33.0357],[75.27405,33.03565],[75.27412,33.03558],[75.27419,33.03552],[75.27424,33.03548],[75.27428,33.03545],[75.27432,33.03544],[75.27435,33.03543],[75.2744,33.03542],[75.27444,33.03542],[75.27447,33.03542],[75.27451,33.03543],[75.27456,33.03544],[75.27462,33.03546],[75.2747,33.03549],[75.27483,33.03553],[75.27501,33.03559],[75.2751,33.03562],[75.27521,33.03563],[75.2753,33.03564],[75.27543,33.03565],[75.27563,33.03567],[75.2758,33.03568],[75.27586,33.03569],[75.2759,33.0357],[75.27598,33.03572],[75.27604,33.03574],[75.2761,33.03577],[75.27619,33.03582],[75.2763,33.03589],[75.2764,33.03597],[75.27651,33.03606],[75.27666,33.03619],[75.27679,33.03629],[75.27688,33.03635],[75.27695,33.03639],[75.27701,33.03642],[75.27708,33.03645],[75.27714,33.03647],[75.27718,33.03649],[75.27724,33.0365],[75.27731,33.03651],[75.27742,33.03654],[75.27753,33.03656],[75.27766,33.03659],[75.27773,33.03661],[75.27779,33.03665],[75.27785,33.0367],[75.2779,33.03675],[75.27794,33.03682],[75.27797,33.03688],[75.27798,33.03694],[75.27799,33.03701],[75.278,33.03719],[75.278,33.03722],[75.27801,33.03731],[75.27801,33.03742],[75.27802,33.03756],[75.27801,33.03765],[75.27798,33.03773],[75.27795,33.03777],[75.27794,33.03781],[75.27795,33.03785],[75.27796,33.03788],[75.27799,33.03791],[75.27803,33.03792],[75.27806,33.03809],[75.27808,33.0382],[75.2781,33.03832],[75.27814,33.03843],[75.27817,33.03851],[75.27821,33.03858],[75.27827,33.03866],[75.27833,33.03874],[75.27839,33.03881],[75.2784,33.03881],[75.27844,33.03887],[75.2785,33.03893],[75.27855,33.03897],[75.27862,33.03903],[75.27872,33.0391],[75.27881,33.03917],[75.27886,33.03921],[75.27891,33.03925],[75.27894,33.03927],[75.27898,33.03931],[75.279,33.03933],[75.27903,33.03936],[75.27905,33.0394],[75.27908,33.03944],[75.27911,33.0395],[75.27913,33.03956],[75.27915,33.03961],[75.27917,33.03966],[75.27918,33.0397],[75.27919,33.03977],[75.27919,33.03983],[75.27919,33.0399],[75.27918,33.03996],[75.27917,33.04001],[75.27916,33.04007],[75.27914,33.04013],[75.27912,33.0402],[75.2791,33.04025],[75.27906,33.04031],[75.27897,33.04045],[75.27891,33.04052],[75.27884,33.04061],[75.27878,33.04069],[75.27875,33.04075],[75.27871,33.0408],[75.27866,33.04089],[75.27862,33.04099],[75.27861,33.0411],[75.27862,33.04119],[75.27862,33.04123],[75.27864,33.04132],[75.27867,33.04141],[75.27871,33.0415],[75.27878,33.04159],[75.27887,33.04167],[75.279,33.04181],[75.27914,33.04202],[75.2792,33.04214],[75.27924,33.04227],[75.27925,33.04236],[75.27926,33.04246],[75.27927,33.04261],[75.27925,33.04276],[75.2792,33.04309],[75.27917,33.04328],[75.27912,33.04361],[75.27903,33.04401],[75.27891,33.04437],[75.27877,33.04474],[75.27867,33.04497],[75.2786,33.04507],[75.27861,33.04511],[75.27861,33.04516],[75.27859,33.04523],[75.27856,33.0453],[75.2785,33.04541],[75.27844,33.04549],[75.27841,33.04555],[75.27837,33.04563],[75.27837,33.04567],[75.27837,33.04572],[75.27837,33.04574],[75.27838,33.04581],[75.2784,33.04615],[75.27841,33.04636],[75.2784,33.04639],[75.2784,33.04641],[75.27839,33.04649],[75.27846,33.04664],[75.27855,33.04679],[75.27865,33.04691],[75.27878,33.04704],[75.27881,33.04707],[75.2791,33.04732],[75.2793,33.04757],[75.2796,33.0479],[75.27984,33.04813],[75.28005,33.04835]]}},{"type":"Feature","properties":{"corridor_id":4,"class":"matched","od":"Soura \u2194 Nowgam (Srinagar railway station) via Dal Gate / Munawar Abad. A north\u2013south city route.","matched_permit":"Soura to Railway Station","confidence":"high","n_runs":93,"n_drivers":12,"median_km":17.8},"geometry":{"type":"LineString","coordinates":[[74.8022,34.1386],[74.8022,34.1386],[74.80222,34.13847],[74.8023,34.13837],[74.80236,34.1382],[74.80245,34.13787],[74.8026,34.13744],[74.80261,34.13741],[74.80289,34.13671],[74.80312,34.13611],[74.80315,34.13603],[74.8033,34.13572],[74.80333,34.13566],[74.80332,34.13559],[74.80337,34.1355],[74.80342,34.13541],[74.80349,34.13527],[74.80364,34.13496],[74.80369,34.13485],[74.80371,34.13473],[74.80373,34.13465],[74.80376,34.13452],[74.8038,34.13428],[74.80382,34.13413],[74.80386,34.13399],[74.80393,34.13384],[74.80399,34.13372],[74.80406,34.13362],[74.80414,34.13351],[74.8042,34.13343],[74.80425,34.13333],[74.80429,34.13323],[74.80429,34.13323],[74.80434,34.13306],[74.80441,34.13273],[74.80446,34.1325],[74.80454,34.13228],[74.80459,34.13212],[74.80464,34.13191],[74.80467,34.13181],[74.80468,34.13179],[74.80472,34.13162],[74.80477,34.13146],[74.80483,34.13119],[74.80487,34.13102],[74.80492,34.13086],[74.80499,34.13068],[74.80508,34.13047],[74.8051,34.13043],[74.80513,34.13035],[74.80517,34.13023],[74.80524,34.13004],[74.80526,34.13],[74.80526,34.12998],[74.80531,34.12983],[74.80534,34.12974],[74.80536,34.12971],[74.80553,34.12927],[74.80565,34.12896],[74.80568,34.12888],[74.80579,34.12859],[74.80595,34.12813],[74.80603,34.12788],[74.80615,34.12755],[74.80618,34.12739],[74.80621,34.12719],[74.80621,34.12716],[74.80626,34.12683],[74.80627,34.12676],[74.80631,34.12638],[74.80632,34.1262],[74.80633,34.12608],[74.80634,34.12576],[74.80633,34.12544],[74.80633,34.12528],[74.80633,34.12516],[74.80633,34.12514],[74.80637,34.12504],[74.80639,34.12479],[74.80646,34.1242],[74.80648,34.12379],[74.80648,34.1237],[74.80648,34.12332],[74.80648,34.12322],[74.80649,34.12313],[74.80656,34.12268],[74.80656,34.12256],[74.80658,34.1225],[74.80669,34.12214],[74.80676,34.12192],[74.8068,34.12178],[74.80681,34.12174],[74.80683,34.12163],[74.80684,34.12153],[74.80685,34.12141],[74.80685,34.12131],[74.80685,34.12124],[74.80685,34.12106],[74.80683,34.1209],[74.80683,34.12088],[74.80682,34.12076],[74.80678,34.1205],[74.80675,34.12028],[74.80672,34.12004],[74.80666,34.11979],[74.8066,34.11955],[74.80659,34.11952],[74.80659,34.11951],[74.80651,34.1192],[74.80652,34.11909],[74.80646,34.11859],[74.80642,34.11813],[74.80639,34.11762],[74.80638,34.1174],[74.80637,34.117],[74.80635,34.11665],[74.80635,34.11621],[74.80636,34.11584],[74.80636,34.11575],[74.80638,34.11541],[74.80644,34.11502],[74.80647,34.11489],[74.80652,34.11474],[74.8066,34.11452],[74.80661,34.11451],[74.80662,34.1145],[74.80662,34.11447],[74.80668,34.11435],[74.80677,34.11421],[74.80685,34.11412],[74.80688,34.11406],[74.80693,34.11401],[74.80752,34.11347],[74.8076,34.11339],[74.80786,34.11315],[74.80795,34.11306],[74.80804,34.11298],[74.8082,34.11277],[74.80839,34.11246],[74.80853,34.11226],[74.8086,34.11217],[74.80867,34.11213],[74.80896,34.11175],[74.80923,34.11143],[74.80931,34.11135],[74.80937,34.11126],[74.80942,34.11118],[74.80944,34.11109],[74.80944,34.11109],[74.80945,34.11093],[74.80946,34.11064],[74.80947,34.11039],[74.80947,34.11025],[74.80948,34.11009],[74.80948,34.10999],[74.80948,34.10986],[74.80947,34.10978],[74.80946,34.10969],[74.80944,34.10957],[74.8094,34.10938],[74.80938,34.10923],[74.80933,34.10901],[74.80932,34.10893],[74.8093,34.1088],[74.80924,34.10819],[74.80921,34.10787],[74.80915,34.10753],[74.8091,34.1071],[74.80907,34.1068],[74.80905,34.10645],[74.80904,34.10581],[74.80904,34.1056],[74.80903,34.10552],[74.80902,34.1054],[74.80898,34.10514],[74.80894,34.10484],[74.8089,34.1044],[74.80888,34.10423],[74.80888,34.10404],[74.80889,34.10393],[74.80889,34.1039],[74.80889,34.10363],[74.80891,34.1033],[74.80892,34.1031],[74.80893,34.1029],[74.80894,34.10274],[74.80895,34.10265],[74.80899,34.10252],[74.80902,34.1024],[74.80905,34.10231],[74.80912,34.10203],[74.80927,34.10153],[74.80936,34.1013],[74.80949,34.10102],[74.80955,34.10087],[74.80966,34.10061],[74.80979,34.10027],[74.80984,34.10015],[74.80989,34.10004],[74.80995,34.09995],[74.81002,34.09986],[74.81011,34.09976],[74.81018,34.09968],[74.81034,34.09947],[74.81048,34.09928],[74.81055,34.09918],[74.81058,34.0991],[74.81062,34.09902],[74.81065,34.09893],[74.81068,34.09882],[74.81068,34.0988],[74.81071,34.0987],[74.81076,34.09859],[74.81085,34.09847],[74.81094,34.09837],[74.81104,34.09829],[74.81105,34.09832],[74.81108,34.09834],[74.81135,34.09844],[74.81139,34.09844],[74.81142,34.09844],[74.81144,34.09842],[74.81146,34.0984],[74.81156,34.09835],[74.81162,34.0983],[74.81167,34.09823],[74.81173,34.09814],[74.81189,34.09788],[74.81191,34.09784],[74.81208,34.09763],[74.81216,34.09753],[74.81227,34.09741],[74.81243,34.09725],[74.81253,34.09715],[74.81254,34.09715],[74.81262,34.09703],[74.81284,34.09663],[74.81286,34.0966],[74.81332,34.09573],[74.81341,34.09555],[74.81346,34.09545],[74.81351,34.09536],[74.81359,34.09522],[74.8136,34.0952],[74.81365,34.09513],[74.81371,34.09506],[74.81379,34.095],[74.814,34.09483],[74.81445,34.09456],[74.81485,34.0943],[74.81513,34.09411],[74.81513,34.09411],[74.81527,34.09401],[74.81535,34.09396],[74.81562,34.0938],[74.81588,34.09367],[74.81609,34.09357],[74.81629,34.09347],[74.8165,34.09335],[74.81663,34.09328],[74.8168,34.09318],[74.81692,34.09311],[74.81703,34.09303],[74.81714,34.09294],[74.81722,34.09285],[74.81732,34.09274],[74.81744,34.09262],[74.81752,34.09256],[74.81761,34.09248],[74.81776,34.09238],[74.81786,34.09232],[74.81794,34.09228],[74.81803,34.09225],[74.81815,34.09222],[74.81845,34.09217],[74.81859,34.09215],[74.8187,34.09213],[74.81882,34.09209],[74.81887,34.09207],[74.81892,34.09205],[74.81899,34.09203],[74.81906,34.09199],[74.81913,34.09194],[74.81928,34.09177],[74.81942,34.09161],[74.8196,34.09141],[74.81971,34.09131],[74.81984,34.09121],[74.81994,34.09117],[74.8201,34.09103],[74.82021,34.09092],[74.82021,34.09092],[74.82032,34.09078],[74.82059,34.09045],[74.82098,34.09002],[74.82118,34.0898],[74.82122,34.08975],[74.82125,34.08969],[74.82149,34.08946],[74.82161,34.08935],[74.82171,34.08927],[74.82183,34.08918],[74.82195,34.08905],[74.82203,34.08894],[74.82208,34.08886],[74.82224,34.08855],[74.82225,34.08852],[74.82243,34.08818],[74.82256,34.08792],[74.82265,34.08769],[74.82272,34.08747],[74.82278,34.0873],[74.82281,34.08723],[74.82281,34.08723],[74.82285,34.08716],[74.8229,34.0871],[74.82296,34.08704],[74.82302,34.08697],[74.82308,34.0869],[74.82314,34.08683],[74.82333,34.0866],[74.82338,34.08653],[74.82342,34.08645],[74.82345,34.0864],[74.82347,34.08635],[74.82348,34.08633],[74.82348,34.08626],[74.82348,34.08623],[74.82346,34.08616],[74.82342,34.08608],[74.82337,34.086],[74.8233,34.08593],[74.82329,34.08592],[74.8232,34.08578],[74.82314,34.08568],[74.823,34.08552],[74.82291,34.08542],[74.82278,34.08528],[74.82272,34.0852],[74.82269,34.08512],[74.82268,34.08504],[74.82269,34.08494],[74.82273,34.08487],[74.82278,34.0848],[74.8229,34.0847],[74.82303,34.08459],[74.82329,34.0844],[74.82332,34.08438],[74.82367,34.08414],[74.8238,34.08404],[74.82395,34.08391],[74.8241,34.08379],[74.82446,34.08348],[74.82459,34.08336],[74.82464,34.08331],[74.82468,34.08327],[74.82479,34.08315],[74.82491,34.08303],[74.82514,34.08294],[74.82549,34.08271],[74.82579,34.08252],[74.82597,34.08241],[74.82608,34.08234],[74.82641,34.08213],[74.827,34.08173],[74.82731,34.08151],[74.8278,34.08114],[74.82839,34.08069],[74.82856,34.08058],[74.82899,34.08029],[74.82915,34.08017],[74.82924,34.08009],[74.8293,34.08],[74.82932,34.07995],[74.82934,34.0799],[74.82936,34.07984],[74.82937,34.07974],[74.82939,34.07958],[74.82942,34.07944],[74.82943,34.07939],[74.82945,34.07926],[74.82956,34.07839],[74.82965,34.07791],[74.82969,34.07768],[74.82975,34.07738],[74.82974,34.07724],[74.82977,34.07697],[74.82978,34.07692],[74.82978,34.07669],[74.82978,34.07665],[74.82978,34.07661],[74.82981,34.07655],[74.82987,34.07648],[74.82995,34.07639],[74.83008,34.07627],[74.83016,34.07617],[74.83032,34.07602],[74.83053,34.07586],[74.83056,34.07584],[74.83072,34.07574],[74.83088,34.07565],[74.83111,34.07554],[74.83143,34.07544],[74.83184,34.07533],[74.83224,34.07522],[74.83231,34.0752],[74.83272,34.07509],[74.83294,34.07503],[74.8332,34.07496],[74.83349,34.07485],[74.83387,34.07471],[74.83406,34.07464],[74.83432,34.07455],[74.83447,34.07446],[74.83457,34.07442],[74.83472,34.07434],[74.83502,34.07412],[74.8355,34.07382],[74.83553,34.0738],[74.83556,34.07378],[74.83584,34.07358],[74.83609,34.07341],[74.83616,34.07337],[74.83691,34.07288],[74.83701,34.07282],[74.83707,34.07277],[74.83708,34.07276],[74.83734,34.07259],[74.83741,34.07254],[74.83771,34.07236],[74.83796,34.07221],[74.8381,34.07211],[74.8389,34.07156],[74.83912,34.07142],[74.8394,34.07124],[74.83976,34.071],[74.83979,34.07097],[74.84056,34.0706],[74.84073,34.07052],[74.84086,34.07046],[74.84098,34.07041],[74.84121,34.07031],[74.84142,34.0702],[74.84195,34.06991],[74.84222,34.06973],[74.84239,34.06962],[74.84257,34.06952],[74.8428,34.06938],[74.84293,34.06929],[74.84304,34.0692],[74.8431,34.06914],[74.8432,34.06901],[74.84332,34.06885],[74.84341,34.06874],[74.84348,34.06866],[74.84356,34.06856],[74.8436,34.06853],[74.84373,34.0684],[74.84393,34.06821],[74.84401,34.06817],[74.84449,34.06773],[74.84501,34.06726],[74.8451,34.06717],[74.84554,34.06676],[74.84597,34.06635],[74.84651,34.06583],[74.84698,34.06539],[74.84718,34.06519],[74.84796,34.06446],[74.84836,34.06409],[74.84868,34.0638],[74.84927,34.06325],[74.84964,34.06289],[74.84992,34.06264],[74.84997,34.0626],[74.85026,34.06236],[74.85066,34.06208],[74.85107,34.06181],[74.85139,34.06161],[74.85167,34.06143],[74.85211,34.06115],[74.85261,34.06083],[74.85288,34.06066],[74.85302,34.06056],[74.85303,34.06055],[74.85342,34.06028],[74.854,34.05988],[74.85458,34.05948],[74.85459,34.05947],[74.85509,34.05912],[74.85551,34.05884],[74.85635,34.05824],[74.85675,34.05795],[74.85703,34.05774],[74.85708,34.05771],[74.85755,34.05738],[74.85802,34.05707],[74.85811,34.05701],[74.85889,34.05652],[74.85937,34.0562],[74.8599,34.05581],[74.85991,34.05581],[74.86012,34.05565],[74.86028,34.05553],[74.86038,34.05543],[74.86053,34.05527],[74.86062,34.05517],[74.8607,34.05507],[74.86074,34.05497],[74.86092,34.05468],[74.8611,34.05438],[74.86174,34.05335],[74.86185,34.05325],[74.86195,34.05311],[74.86198,34.05306],[74.86209,34.05291],[74.86233,34.05257],[74.8626,34.05218],[74.86281,34.05184],[74.86302,34.05148],[74.86308,34.05138],[74.8633,34.05094],[74.86348,34.05061],[74.86354,34.05053],[74.8636,34.05044],[74.86365,34.05038],[74.86373,34.0503],[74.86388,34.05018],[74.86397,34.05011],[74.86418,34.04996],[74.86505,34.04939],[74.86521,34.0493],[74.86568,34.04898],[74.86601,34.04877],[74.86605,34.04872],[74.86638,34.0485],[74.8666,34.04836],[74.86682,34.04823],[74.86713,34.04803],[74.86741,34.04786],[74.86762,34.04774],[74.86788,34.04759],[74.868,34.04752],[74.86803,34.0475],[74.86817,34.04743],[74.86847,34.04726],[74.86865,34.04715],[74.86903,34.04693],[74.86946,34.04665],[74.86965,34.04653],[74.86967,34.04651],[74.86998,34.04631],[74.87018,34.04618],[74.87037,34.04604],[74.87049,34.04595],[74.87061,34.04584],[74.87076,34.04569],[74.87087,34.04556],[74.87095,34.04544],[74.87108,34.04525],[74.87112,34.0452],[74.8715,34.04458],[74.87165,34.04437],[74.87168,34.04432],[74.87174,34.04423],[74.8719,34.04398],[74.87201,34.04379],[74.87208,34.04366],[74.87216,34.0435],[74.87225,34.04336],[74.87232,34.04324],[74.87239,34.04314],[74.8725,34.043],[74.87252,34.04299],[74.8726,34.04293],[74.87274,34.04284],[74.87301,34.04268],[74.87339,34.04248],[74.87394,34.04219],[74.87417,34.04206],[74.87471,34.04178],[74.8748,34.04174],[74.87489,34.04169],[74.87513,34.04156],[74.87536,34.04143],[74.87572,34.04124],[74.87608,34.04105],[74.87633,34.04092],[74.87647,34.04084],[74.87654,34.04081],[74.87686,34.04064],[74.87702,34.04058],[74.87771,34.04024],[74.87797,34.04011],[74.87806,34.04008],[74.87801,34.04002],[74.87795,34.03995],[74.87792,34.03991],[74.8779,34.03989],[74.87784,34.03984],[74.87779,34.0398],[74.87773,34.03978],[74.87767,34.03975],[74.87754,34.03972],[74.87739,34.03969],[74.87717,34.03963],[74.87692,34.03957],[74.87651,34.03946],[74.87608,34.03935],[74.876,34.03933],[74.8755,34.03919],[74.87403,34.03878],[74.87364,34.03868],[74.87337,34.03861],[74.87118,34.03809],[74.87098,34.03805],[74.87085,34.03802],[74.87051,34.03795],[74.8701,34.03787],[74.86964,34.03778],[74.86906,34.03767],[74.86861,34.03759],[74.86843,34.03756],[74.86823,34.03751],[74.86808,34.03748],[74.86797,34.03745],[74.86751,34.03733],[74.86747,34.03732],[74.86713,34.03723],[74.86594,34.03694],[74.86584,34.03692],[74.86469,34.03662],[74.86419,34.03649],[74.86388,34.03641],[74.86379,34.03639],[74.86245,34.03605],[74.86178,34.03588],[74.86141,34.03579],[74.8614,34.03578],[74.8607,34.03561],[74.85983,34.0354],[74.85913,34.03523],[74.85912,34.03523],[74.859,34.0352],[74.85795,34.03494],[74.85736,34.03479],[74.85646,34.03457],[74.85635,34.03453],[74.85602,34.03445],[74.85566,34.03435],[74.85446,34.03401],[74.85436,34.03398],[74.85365,34.03378],[74.85354,34.03376],[74.85258,34.03351],[74.85254,34.0335],[74.85162,34.0333],[74.85044,34.03305],[74.84929,34.03281],[74.84872,34.03267],[74.8477,34.03242],[74.84755,34.03231],[74.84749,34.03226],[74.84743,34.0322],[74.84736,34.03213],[74.84727,34.032],[74.84727,34.0318],[74.8473,34.03002],[74.84734,34.0276],[74.84737,34.02566],[74.84737,34.02537]]}},{"type":"Feature","properties":{"corridor_id":5,"class":"matched","od":"Pampore (Pulwama) \u2194 Sonwar Bagh / central Srinagar, via Pantha Chowk. A Pampore\u2013Srinagar corridor on the SE approach.","matched_permit":"Srinagar to Pampore","confidence":"medium","n_runs":82,"n_drivers":11,"median_km":20.3},"geometry":{"type":"LineString","coordinates":[[74.9123,34.01562],[74.91227,34.01642],[74.91234,34.01672],[74.91243,34.01694],[74.91245,34.017],[74.91262,34.01734],[74.91282,34.01777],[74.91295,34.01796],[74.91308,34.01808],[74.91331,34.01825],[74.91367,34.01842],[74.91384,34.0185],[74.91388,34.01852],[74.91393,34.01855],[74.91467,34.019],[74.91487,34.01922],[74.91509,34.01942],[74.91516,34.01946],[74.91521,34.01949],[74.91528,34.01952],[74.91536,34.01956],[74.91565,34.01964],[74.9163,34.0198],[74.9168,34.0199],[74.91691,34.01992],[74.91749,34.02011],[74.91756,34.02014],[74.91761,34.02018],[74.91763,34.0202],[74.91765,34.02052],[74.91763,34.02111],[74.91759,34.02157],[74.91757,34.02172],[74.91754,34.0219],[74.9175,34.02204],[74.91744,34.02216],[74.91727,34.02251],[74.91721,34.02259],[74.91704,34.02286],[74.91655,34.02327],[74.91613,34.0236],[74.91608,34.02364],[74.91583,34.02381],[74.91557,34.02396],[74.91474,34.02433],[74.91441,34.02445],[74.91441,34.02445],[74.91409,34.02454],[74.91361,34.02466],[74.91326,34.02474],[74.91312,34.02478],[74.91295,34.02487],[74.91279,34.02496],[74.91278,34.02497],[74.91253,34.02519],[74.91233,34.02543],[74.9121,34.02571],[74.91178,34.02609],[74.91153,34.02635],[74.91129,34.02659],[74.91098,34.02692],[74.91098,34.02693],[74.91069,34.02725],[74.91018,34.02785],[74.91006,34.028],[74.90987,34.0282],[74.90987,34.0282],[74.90979,34.02828],[74.90963,34.02839],[74.90924,34.02867],[74.90888,34.02891],[74.90879,34.02898],[74.90872,34.02903],[74.9086,34.02912],[74.90807,34.02954],[74.90729,34.03014],[74.90721,34.0302],[74.90667,34.03061],[74.90619,34.03099],[74.90613,34.03103],[74.9058,34.03129],[74.90565,34.0314],[74.90527,34.03171],[74.90489,34.03201],[74.90428,34.03249],[74.90305,34.03343],[74.90273,34.03368],[74.90241,34.03392],[74.90237,34.03394],[74.90217,34.03407],[74.90205,34.03412],[74.90193,34.03415],[74.90128,34.03434],[74.90102,34.03441],[74.90064,34.03453],[74.90025,34.03468],[74.89974,34.03487],[74.89922,34.03505],[74.89893,34.03517],[74.89808,34.03552],[74.89804,34.03554],[74.8979,34.03559],[74.89781,34.03563],[74.89774,34.03563],[74.89769,34.03563],[74.89707,34.03581],[74.89655,34.03594],[74.89592,34.03608],[74.89531,34.03622],[74.89476,34.03636],[74.89437,34.03646],[74.89407,34.03654],[74.89337,34.03672],[74.8927,34.03688],[74.89231,34.03698],[74.89204,34.03704],[74.89188,34.03709],[74.89155,34.03717],[74.89127,34.03724],[74.89087,34.03736],[74.89054,34.03747],[74.89017,34.0376],[74.88992,34.0377],[74.88975,34.03777],[74.88911,34.03804],[74.88853,34.03827],[74.88793,34.03849],[74.88713,34.0388],[74.88672,34.03894],[74.88662,34.03896],[74.88647,34.03899],[74.88618,34.03902],[74.88597,34.03904],[74.88577,34.03905],[74.88538,34.03907],[74.88506,34.03908],[74.88499,34.03908],[74.88483,34.03909],[74.8843,34.03908],[74.88377,34.03905],[74.88323,34.03901],[74.88314,34.039],[74.88279,34.03898],[74.8826,34.03897],[74.88242,34.03898],[74.88221,34.03901],[74.8819,34.03904],[74.88164,34.03907],[74.88147,34.03909],[74.88142,34.03909],[74.88134,34.03911],[74.88105,34.03918],[74.88061,34.03928],[74.88053,34.0393],[74.88031,34.03934],[74.88015,34.03936],[74.88003,34.03937],[74.87983,34.0394],[74.87972,34.03943],[74.87961,34.03946],[74.87957,34.03947],[74.87951,34.03949],[74.87945,34.03951],[74.8793,34.03957],[74.87899,34.03968],[74.87801,34.04002],[74.87791,34.04005],[74.87721,34.04037],[74.87719,34.04038],[74.87696,34.04052],[74.87686,34.04064],[74.87647,34.04084],[74.87633,34.04092],[74.87608,34.04105],[74.87572,34.04124],[74.87536,34.04143],[74.87513,34.04156],[74.8749,34.04168],[74.87489,34.04169],[74.8748,34.04174],[74.87417,34.04206],[74.87394,34.04219],[74.87339,34.04248],[74.87311,34.04263],[74.87301,34.04268],[74.87274,34.04284],[74.8726,34.04293],[74.87252,34.04299],[74.8725,34.043],[74.87239,34.04314],[74.87232,34.04324],[74.87216,34.0435],[74.87208,34.04366],[74.87201,34.04379],[74.87193,34.04393],[74.8719,34.04398],[74.87174,34.04423],[74.87168,34.04432],[74.87165,34.04437],[74.8715,34.04458],[74.87112,34.0452],[74.87095,34.04544],[74.87087,34.04556],[74.87076,34.04569],[74.87061,34.04584],[74.87052,34.04592],[74.87049,34.04595],[74.87037,34.04604],[74.87018,34.04618],[74.86998,34.04631],[74.86967,34.04651],[74.86946,34.04665],[74.86913,34.04686],[74.86903,34.04693],[74.86865,34.04715],[74.86847,34.04726],[74.86803,34.0475],[74.868,34.04752],[74.86788,34.04759],[74.86762,34.04774],[74.86741,34.04786],[74.86713,34.04803],[74.86705,34.04808],[74.86682,34.04823],[74.8666,34.04836],[74.86605,34.04872],[74.86598,34.04873],[74.86579,34.04883],[74.86577,34.04885],[74.86565,34.04895],[74.86517,34.04925],[74.86479,34.04949],[74.86445,34.04971],[74.86419,34.04988],[74.86413,34.04992],[74.86393,34.05006],[74.8638,34.05015],[74.86368,34.05026],[74.86356,34.05037],[74.86348,34.05047],[74.86341,34.05058],[74.86331,34.05076],[74.8632,34.051],[74.86304,34.05129],[74.86288,34.05158],[74.86275,34.0518],[74.8627,34.05188],[74.86265,34.05197],[74.86248,34.05221],[74.86229,34.05248],[74.8621,34.05273],[74.86192,34.05301],[74.86177,34.05325],[74.86174,34.05335],[74.86165,34.05348],[74.8611,34.05438],[74.86083,34.05482],[74.86074,34.05497],[74.86065,34.05504],[74.86054,34.05516],[74.86045,34.05526],[74.86037,34.05535],[74.86023,34.05548],[74.86007,34.05561],[74.85993,34.05573],[74.85974,34.05586],[74.8594,34.05609],[74.85914,34.05627],[74.85905,34.05633],[74.85877,34.05652],[74.85854,34.05667],[74.85826,34.05683],[74.85795,34.05703],[74.85774,34.05717],[74.85761,34.05725],[74.85731,34.05746],[74.85704,34.05766],[74.85703,34.05767],[74.85678,34.05784],[74.85597,34.05842],[74.85596,34.05842],[74.85542,34.05879],[74.85505,34.05906],[74.85476,34.05926],[74.85422,34.05964],[74.85372,34.05998],[74.8537,34.05999],[74.85298,34.0605],[74.85255,34.06078],[74.8522,34.06101],[74.85204,34.06111],[74.85141,34.06151],[74.85087,34.06185],[74.85053,34.06208],[74.85023,34.0623],[74.85022,34.06231],[74.84984,34.06261],[74.84938,34.06303],[74.84904,34.06336],[74.84881,34.06357],[74.84834,34.06402],[74.8479,34.06442],[74.84749,34.06481],[74.84724,34.06504],[74.84689,34.06536],[74.84671,34.06555],[74.84646,34.0658],[74.84624,34.06602],[74.84597,34.06628],[74.84593,34.06632],[74.84588,34.06637],[74.84569,34.06655],[74.84537,34.06685],[74.8449,34.06728],[74.84485,34.06733],[74.84429,34.06784],[74.84397,34.06814],[74.84393,34.06821],[74.8439,34.06824],[74.8436,34.06853],[74.84356,34.06856],[74.84348,34.06866],[74.84341,34.06874],[74.84332,34.06885],[74.8432,34.06901],[74.8431,34.06914],[74.84304,34.0692],[74.84293,34.06929],[74.8428,34.06938],[74.84266,34.06946],[74.84257,34.06952],[74.84222,34.06973],[74.84195,34.06991],[74.84142,34.0702],[74.84121,34.07031],[74.84098,34.07041],[74.84086,34.07046],[74.84056,34.0706],[74.84025,34.07073],[74.83976,34.07093],[74.83969,34.07095],[74.83945,34.07111],[74.83908,34.07136],[74.8389,34.07147],[74.83793,34.07211],[74.83759,34.07234],[74.83705,34.07271],[74.83688,34.07283],[74.83683,34.07285],[74.83626,34.07293],[74.83503,34.07313],[74.83414,34.07327],[74.83469,34.07336],[74.8354,34.07347],[74.8355,34.0735],[74.83553,34.07356],[74.83554,34.07359],[74.83554,34.07364],[74.83554,34.0737],[74.83553,34.07375],[74.8355,34.07382],[74.83537,34.0739],[74.83502,34.07412],[74.83472,34.07434],[74.83457,34.07442],[74.83447,34.07446],[74.83432,34.07455],[74.83387,34.07471],[74.83349,34.07485],[74.8332,34.07496],[74.83294,34.07503],[74.83272,34.07509],[74.83243,34.07517],[74.83231,34.0752],[74.83184,34.07533],[74.83143,34.07544],[74.83111,34.07554],[74.83088,34.07565],[74.83072,34.07574],[74.83071,34.07574],[74.83053,34.07586],[74.83032,34.07602],[74.83016,34.07617],[74.82999,34.07624],[74.82994,34.0763],[74.82979,34.07646],[74.82974,34.07651],[74.82972,34.07655],[74.8297,34.0766],[74.82966,34.07659],[74.82962,34.07658],[74.82917,34.07648],[74.82908,34.07646],[74.829,34.07644],[74.82803,34.07622],[74.82835,34.07513],[74.82853,34.07465],[74.82877,34.07398],[74.82891,34.07358],[74.82894,34.07341],[74.82892,34.0732],[74.82897,34.07316],[74.829,34.07311],[74.829,34.07308],[74.82901,34.07305],[74.829,34.07299],[74.82896,34.07294],[74.82891,34.0729],[74.82884,34.07288],[74.82876,34.07274],[74.82863,34.07237],[74.82858,34.07229],[74.82858,34.07227],[74.82854,34.07213],[74.8284,34.0716],[74.82835,34.07142],[74.82829,34.0712],[74.82825,34.071],[74.82821,34.07077],[74.82818,34.07055],[74.82811,34.0702],[74.82807,34.07001],[74.82803,34.06985],[74.82799,34.06971],[74.82793,34.06955],[74.82782,34.06927],[74.82776,34.06912],[74.82774,34.06907],[74.82763,34.06873],[74.82761,34.06867],[74.82764,34.06858],[74.8276,34.06835],[74.82764,34.06829],[74.82766,34.06826],[74.82768,34.06824],[74.8277,34.06823],[74.82775,34.06821],[74.82778,34.0682],[74.82781,34.0682],[74.82807,34.06816],[74.82817,34.06815],[74.8282,34.06815],[74.82824,34.06814],[74.82825,34.06813],[74.82828,34.06812],[74.8283,34.06812],[74.82853,34.0681],[74.82965,34.06802],[74.82968,34.06801],[74.8297,34.068],[74.82973,34.06797],[74.82968,34.06794],[74.82966,34.06794],[74.82964,34.06794],[74.82959,34.06794],[74.82853,34.06803],[74.82806,34.06807],[74.82757,34.06813],[74.82749,34.06814],[74.82737,34.06818],[74.82681,34.06824],[74.8264,34.06829],[74.82589,34.0684],[74.82581,34.06845],[74.82579,34.06849],[74.82577,34.06856],[74.82578,34.06863],[74.82586,34.06894],[74.82587,34.06905],[74.82588,34.06925],[74.82588,34.06938],[74.82583,34.06945],[74.82568,34.06955],[74.82553,34.06959],[74.82455,34.06979],[74.82347,34.07001],[74.82274,34.07015],[74.82183,34.0703],[74.82149,34.07036],[74.82145,34.07037],[74.82139,34.07037],[74.82073,34.07047],[74.82044,34.07051],[74.82014,34.07052],[74.8198,34.0705],[74.81935,34.07045],[74.81862,34.07033],[74.8185,34.07031],[74.81801,34.07022],[74.81757,34.07011],[74.81696,34.06988],[74.81684,34.06984],[74.81661,34.06984],[74.81649,34.06982],[74.81641,34.06981],[74.81627,34.06975],[74.81613,34.06969],[74.8158,34.06949],[74.81543,34.06927],[74.81506,34.06902],[74.81489,34.06889],[74.81434,34.06847],[74.81408,34.0683],[74.81282,34.06767],[74.81277,34.06765],[74.81237,34.06745],[74.81233,34.06744],[74.81153,34.06708],[74.81145,34.06703],[74.81115,34.06692],[74.81096,34.0668],[74.81081,34.06671],[74.8107,34.06664],[74.81061,34.06659],[74.81047,34.06653],[74.81024,34.06648],[74.8101,34.06648],[74.80982,34.06653],[74.80975,34.06654],[74.80971,34.06654],[74.80961,34.06654],[74.80948,34.06651],[74.80934,34.06647],[74.809,34.06636],[74.80899,34.06635],[74.80864,34.06627],[74.80858,34.06623],[74.80857,34.06618],[74.80856,34.06616],[74.80858,34.06608],[74.8088,34.06571],[74.80884,34.06563],[74.80885,34.06554],[74.80885,34.0655],[74.80882,34.06546],[74.80875,34.06542],[74.80863,34.06538],[74.80834,34.0653],[74.80782,34.06515],[74.80779,34.06514],[74.80776,34.06513],[74.80756,34.06509],[74.80572,34.06462],[74.8056,34.06459],[74.80549,34.06457],[74.80506,34.06447],[74.8038,34.06416],[74.80364,34.06412],[74.80336,34.06407],[74.80318,34.06406],[74.80312,34.06405],[74.80299,34.06406],[74.80304,34.0642],[74.8032,34.06462],[74.80323,34.0647],[74.80331,34.06497],[74.80338,34.06519],[74.80343,34.06548],[74.80347,34.06571],[74.80352,34.06599],[74.80355,34.06612],[74.80357,34.06626],[74.80361,34.06655],[74.8036,34.06676],[74.8036,34.06696],[74.80358,34.06706],[74.8036,34.06706],[74.8038,34.06704],[74.80381,34.06696],[74.80382,34.06682],[74.80383,34.06654],[74.80375,34.06609],[74.80373,34.06597],[74.80371,34.06589],[74.80364,34.06548],[74.80354,34.06502],[74.80349,34.06479],[74.80334,34.06431],[74.80327,34.06419],[74.80326,34.06417],[74.80342,34.06417],[74.80355,34.06418],[74.80413,34.06433],[74.80526,34.06461],[74.80546,34.06466],[74.80557,34.06468],[74.80592,34.06477],[74.80716,34.06506],[74.80773,34.0652],[74.80779,34.06522],[74.80808,34.06531],[74.80869,34.0655],[74.80873,34.06555],[74.80872,34.06561],[74.80867,34.0657],[74.80865,34.06574],[74.80849,34.06605],[74.80846,34.06615],[74.80846,34.06621],[74.80847,34.06623],[74.80852,34.06629],[74.8086,34.06633],[74.80897,34.06643],[74.8093,34.06654],[74.80945,34.06659],[74.80957,34.06662],[74.80971,34.06664],[74.80976,34.06663],[74.80987,34.06661],[74.81011,34.06657],[74.81023,34.06657],[74.81026,34.06658],[74.81045,34.06661],[74.81063,34.0667],[74.81089,34.06685],[74.81113,34.06696],[74.81145,34.06707],[74.81153,34.06708],[74.81237,34.06745],[74.81277,34.06765],[74.81282,34.06767],[74.81301,34.06777],[74.81408,34.0683],[74.81434,34.06847],[74.81448,34.06858],[74.81489,34.06889],[74.81543,34.06927],[74.8158,34.06949],[74.81613,34.06969],[74.81613,34.06969],[74.81627,34.06975],[74.81641,34.06981],[74.81661,34.06984],[74.81684,34.06984],[74.81696,34.06988],[74.81757,34.07011],[74.81801,34.07022],[74.81862,34.07033],[74.81904,34.0704],[74.81935,34.07045],[74.8198,34.0705],[74.82014,34.07052],[74.82044,34.07051],[74.82073,34.07047],[74.8211,34.07042],[74.82139,34.07037],[74.82149,34.07036],[74.82183,34.0703],[74.82274,34.07015],[74.82294,34.07011],[74.82455,34.06979],[74.82553,34.06959],[74.82568,34.06955],[74.82583,34.06945],[74.82588,34.06939],[74.82588,34.06938],[74.82588,34.06925],[74.82586,34.06894],[74.82578,34.06863],[74.82577,34.06856],[74.82579,34.06849],[74.82581,34.06845],[74.82589,34.0684],[74.82625,34.06832],[74.8264,34.06829],[74.82737,34.06818],[74.82744,34.0682],[74.8275,34.06819],[74.82753,34.06839],[74.82757,34.06859],[74.82761,34.06867],[74.82763,34.06873],[74.82776,34.06912],[74.82782,34.06927],[74.82787,34.0694],[74.82793,34.06955],[74.82799,34.06971],[74.82803,34.06985],[74.82807,34.07001],[74.82811,34.0702],[74.82818,34.07055],[74.82821,34.07077],[74.82825,34.07099],[74.82825,34.071],[74.82829,34.0712],[74.82835,34.07142],[74.82854,34.07213],[74.82858,34.07227],[74.82858,34.07229],[74.82856,34.07235],[74.82862,34.07265],[74.82865,34.07277],[74.82864,34.07292],[74.8286,34.07297],[74.82857,34.07303],[74.82857,34.07309],[74.8286,34.07314],[74.82864,34.07319],[74.82871,34.07323],[74.82878,34.07324],[74.82878,34.07344],[74.82872,34.07374],[74.8285,34.07433],[74.82822,34.07509],[74.82822,34.07511],[74.82822,34.07511],[74.82796,34.07598]]}},{"type":"Feature","properties":{"corridor_id":6,"class":"matched","od":"Magarmal Bagh / central Srinagar \u2194 Pampore (Pulwama) via Lasjan and Pantha Chowk.","matched_permit":"Srinagar to Pampore","confidence":"medium","n_runs":79,"n_drivers":9,"median_km":16.9},"geometry":{"type":"LineString","coordinates":[[74.80381,34.06645],[74.80375,34.06609],[74.80371,34.06589],[74.80364,34.06548],[74.80354,34.06502],[74.8035,34.06482],[74.80349,34.06479],[74.80334,34.06431],[74.80327,34.06419],[74.80326,34.06417],[74.80342,34.06417],[74.80355,34.06418],[74.80387,34.06426],[74.80526,34.06461],[74.80546,34.06466],[74.80557,34.06468],[74.8059,34.06476],[74.80716,34.06506],[74.80773,34.0652],[74.80779,34.06522],[74.80786,34.06524],[74.80869,34.0655],[74.80873,34.06555],[74.80872,34.06561],[74.80867,34.0657],[74.80865,34.06574],[74.80859,34.06585],[74.80849,34.06605],[74.80846,34.06615],[74.80847,34.06623],[74.80852,34.06629],[74.8086,34.06633],[74.80897,34.06643],[74.8093,34.06654],[74.80945,34.06659],[74.80957,34.06662],[74.80968,34.06663],[74.80971,34.06664],[74.80976,34.06663],[74.80987,34.06661],[74.81011,34.06657],[74.81023,34.06657],[74.81045,34.06661],[74.81063,34.0667],[74.81089,34.06685],[74.81113,34.06696],[74.81145,34.06707],[74.81145,34.06707],[74.81153,34.06708],[74.81237,34.06745],[74.81277,34.06765],[74.81282,34.06767],[74.81362,34.06808],[74.81408,34.0683],[74.81434,34.06847],[74.81489,34.06889],[74.81506,34.06901],[74.81543,34.06927],[74.8158,34.06949],[74.81613,34.06969],[74.81627,34.06975],[74.81641,34.06981],[74.81661,34.06984],[74.81684,34.06984],[74.81696,34.06988],[74.81746,34.07007],[74.81757,34.07011],[74.81801,34.07022],[74.81862,34.07033],[74.81904,34.0704],[74.81935,34.07045],[74.8198,34.0705],[74.82014,34.07052],[74.82044,34.07051],[74.82073,34.07047],[74.82121,34.0704],[74.82139,34.07037],[74.82149,34.07036],[74.82183,34.0703],[74.82274,34.07015],[74.82296,34.07011],[74.82455,34.06979],[74.82509,34.06968],[74.82553,34.06959],[74.82568,34.06955],[74.82583,34.06945],[74.82588,34.06938],[74.82588,34.06925],[74.82586,34.06894],[74.82578,34.06863],[74.82577,34.06856],[74.82578,34.06854],[74.82579,34.06849],[74.82581,34.06845],[74.82589,34.0684],[74.8264,34.06829],[74.82719,34.0682],[74.82737,34.06818],[74.82744,34.0682],[74.8275,34.06819],[74.82753,34.06839],[74.82757,34.06859],[74.82761,34.06867],[74.82763,34.06873],[74.82776,34.06912],[74.82782,34.06927],[74.82793,34.06955],[74.82799,34.06971],[74.82803,34.06985],[74.82807,34.07001],[74.82811,34.0702],[74.82813,34.07031],[74.82818,34.07055],[74.82821,34.07077],[74.82825,34.071],[74.82829,34.0712],[74.82835,34.07142],[74.82843,34.07173],[74.82854,34.07213],[74.82858,34.07227],[74.82858,34.07229],[74.82856,34.07235],[74.82865,34.07277],[74.82864,34.07292],[74.8286,34.07297],[74.82857,34.07303],[74.82857,34.07309],[74.8286,34.07314],[74.82864,34.07319],[74.82871,34.07323],[74.82871,34.07323],[74.82878,34.07324],[74.82878,34.07344],[74.82872,34.07374],[74.8285,34.07433],[74.82822,34.07509],[74.82822,34.07509],[74.82822,34.07511],[74.82796,34.07598],[74.82788,34.07619],[74.82788,34.07619],[74.82784,34.07628],[74.828,34.07631],[74.82901,34.07654],[74.82906,34.07655],[74.8291,34.07656],[74.82916,34.07657],[74.8296,34.07667],[74.82969,34.07669],[74.82978,34.07669],[74.82978,34.07665],[74.82978,34.07661],[74.82981,34.07655],[74.82987,34.07648],[74.82988,34.07647],[74.82995,34.07639],[74.83008,34.07627],[74.83016,34.07617],[74.83032,34.07602],[74.83053,34.07586],[74.83072,34.07574],[74.83088,34.07565],[74.83101,34.07559],[74.83111,34.07554],[74.83143,34.07544],[74.83184,34.07533],[74.83231,34.0752],[74.83258,34.07513],[74.83272,34.07509],[74.83294,34.07503],[74.8332,34.07496],[74.83349,34.07485],[74.83387,34.07471],[74.83423,34.07458],[74.83432,34.07455],[74.83447,34.07446],[74.83457,34.07442],[74.83472,34.07434],[74.83502,34.07412],[74.8355,34.07382],[74.83556,34.07378],[74.83584,34.07358],[74.83609,34.07341],[74.83616,34.07337],[74.83622,34.07333],[74.83691,34.07288],[74.83701,34.07282],[74.83707,34.07277],[74.83708,34.07276],[74.83734,34.07259],[74.83741,34.07254],[74.83771,34.07236],[74.83775,34.07234],[74.83796,34.07221],[74.8389,34.07156],[74.83912,34.07142],[74.83976,34.071],[74.83978,34.07098],[74.83979,34.07097],[74.84056,34.0706],[74.84086,34.07046],[74.84098,34.07041],[74.84117,34.07033],[74.84121,34.07031],[74.84142,34.0702],[74.84195,34.06991],[74.84222,34.06973],[74.84257,34.06952],[74.8428,34.06938],[74.84286,34.06934],[74.84293,34.06929],[74.84304,34.0692],[74.8431,34.06914],[74.8432,34.06901],[74.84332,34.06885],[74.84341,34.06874],[74.84348,34.06866],[74.84356,34.06856],[74.8436,34.06853],[74.84393,34.06821],[74.84401,34.06817],[74.84401,34.06817],[74.84449,34.06773],[74.84501,34.06726],[74.84502,34.06725],[74.84554,34.06676],[74.84597,34.06635],[74.84621,34.06613],[74.84651,34.06583],[74.84718,34.06519],[74.84754,34.06486],[74.84796,34.06446],[74.84868,34.0638],[74.84882,34.06367],[74.84927,34.06325],[74.84964,34.06289],[74.84991,34.06265],[74.84992,34.06264],[74.85026,34.06236],[74.85066,34.06208],[74.85107,34.06181],[74.85125,34.0617],[74.85167,34.06143],[74.85211,34.06115],[74.85261,34.06083],[74.85288,34.06066],[74.85297,34.06059],[74.85303,34.06055],[74.85342,34.06028],[74.854,34.05988],[74.85459,34.05947],[74.85509,34.05912],[74.85526,34.05901],[74.85551,34.05884],[74.85635,34.05824],[74.85692,34.05782],[74.85703,34.05774],[74.85708,34.05771],[74.85755,34.05738],[74.85802,34.05707],[74.85836,34.05685],[74.85889,34.05652],[74.85937,34.0562],[74.85991,34.05581],[74.86012,34.05565],[74.86028,34.05553],[74.86034,34.05547],[74.86038,34.05543],[74.86053,34.05527],[74.86062,34.05517],[74.8607,34.05507],[74.86074,34.05497],[74.8611,34.05438],[74.86132,34.05402],[74.86174,34.05335],[74.86185,34.05325],[74.86195,34.05311],[74.86209,34.05291],[74.86233,34.05257],[74.86245,34.05239],[74.8626,34.05218],[74.86281,34.05184],[74.86308,34.05138],[74.8633,34.05094],[74.86341,34.05075],[74.86348,34.05061],[74.86354,34.05053],[74.8636,34.05044],[74.86365,34.05038],[74.86373,34.0503],[74.86388,34.05018],[74.86397,34.05011],[74.86418,34.04996],[74.86481,34.04955],[74.86521,34.0493],[74.86568,34.04898],[74.86601,34.04877],[74.86605,34.04872],[74.8666,34.04836],[74.86672,34.04829],[74.86682,34.04823],[74.86713,34.04803],[74.86741,34.04786],[74.86762,34.04774],[74.86788,34.04759],[74.868,34.04752],[74.86803,34.0475],[74.86839,34.0473],[74.86847,34.04726],[74.86865,34.04715],[74.86903,34.04693],[74.86946,34.04665],[74.86967,34.04651],[74.86992,34.04635],[74.86998,34.04631],[74.87018,34.04618],[74.87037,34.04604],[74.87049,34.04595],[74.87061,34.04584],[74.87076,34.04569],[74.87087,34.04556],[74.87095,34.04544],[74.87112,34.0452],[74.87133,34.04486],[74.8715,34.04458],[74.87165,34.04437],[74.87168,34.04432],[74.87174,34.04423],[74.8719,34.04398],[74.87201,34.04379],[74.87208,34.04366],[74.87216,34.0435],[74.87225,34.04336],[74.87232,34.04324],[74.87239,34.04314],[74.8725,34.043],[74.87252,34.04299],[74.8726,34.04293],[74.87274,34.04284],[74.87301,34.04268],[74.87339,34.04248],[74.87358,34.04238],[74.87394,34.04219],[74.87417,34.04206],[74.8748,34.04174],[74.87489,34.04169],[74.87513,34.04156],[74.87531,34.04146],[74.87536,34.04143],[74.87572,34.04124],[74.87608,34.04105],[74.87633,34.04092],[74.87647,34.04084],[74.87686,34.04064],[74.87694,34.04061],[74.87702,34.04058],[74.87771,34.04024],[74.87797,34.04011],[74.87806,34.04008],[74.87833,34.03999],[74.87937,34.03964],[74.87947,34.0396],[74.87961,34.03955],[74.87986,34.03948],[74.88011,34.03943],[74.8803,34.03941],[74.88044,34.03939],[74.88051,34.03937],[74.88059,34.03935],[74.88103,34.03926],[74.88119,34.03923],[74.88145,34.03918],[74.8817,34.03913],[74.88191,34.03911],[74.8822,34.03907],[74.88239,34.03905],[74.88258,34.03904],[74.88273,34.03904],[74.88275,34.03904],[74.88294,34.03905],[74.88325,34.03907],[74.88389,34.03912],[74.88421,34.03914],[74.88452,34.03914],[74.88484,34.03915],[74.88501,34.03915],[74.88567,34.03912],[74.88602,34.03911],[74.88638,34.03908],[74.88668,34.03902],[74.88678,34.03898],[74.88704,34.0389],[74.88754,34.03871],[74.88836,34.03839],[74.88867,34.03827],[74.889,34.03814],[74.89001,34.03774],[74.8904,34.03758],[74.89079,34.03746],[74.89106,34.03736],[74.89152,34.03724],[74.8919,34.03714],[74.8924,34.03702],[74.89314,34.03684],[74.89418,34.03657],[74.8943,34.03654],[74.89557,34.03622],[74.89591,34.03614],[74.89629,34.03605],[74.8967,34.03596],[74.8972,34.03583],[74.89754,34.03573],[74.89771,34.03569],[74.89776,34.03567],[74.89781,34.03563],[74.8979,34.03559],[74.89804,34.03554],[74.89893,34.03517],[74.89921,34.03506],[74.89922,34.03505],[74.90025,34.03468],[74.90064,34.03453],[74.90084,34.03447],[74.90102,34.03441],[74.90128,34.03434],[74.90193,34.03415],[74.90205,34.03412],[74.90217,34.03407],[74.90237,34.03394],[74.9025,34.03385],[74.90273,34.03368],[74.90305,34.03343],[74.9042,34.03254],[74.90489,34.03201],[74.90527,34.03171],[74.90563,34.03142],[74.90565,34.0314],[74.9058,34.03129],[74.90613,34.03103],[74.90667,34.03061],[74.90708,34.0303],[74.90721,34.0302],[74.90729,34.03014],[74.90807,34.02954],[74.90872,34.02903],[74.90879,34.02898],[74.90879,34.02898],[74.90888,34.02891],[74.90924,34.02867],[74.90963,34.02839],[74.90979,34.02828],[74.90987,34.0282],[74.91006,34.028],[74.91009,34.02797],[74.91018,34.02785],[74.91069,34.02725],[74.91098,34.02692],[74.91116,34.02673],[74.91129,34.02659],[74.91153,34.02635],[74.91178,34.02609],[74.9121,34.02571],[74.91225,34.02553],[74.91233,34.02543],[74.91253,34.02519],[74.91278,34.02497],[74.91295,34.02487],[74.91312,34.02478],[74.91326,34.02474],[74.91361,34.02466],[74.91385,34.0246],[74.91409,34.02454],[74.91441,34.02445],[74.91474,34.02433],[74.91557,34.02396],[74.91583,34.02381],[74.91585,34.0238],[74.91608,34.02364],[74.91655,34.02327],[74.91704,34.02286],[74.91721,34.02259],[74.91721,34.02259],[74.91727,34.02251],[74.91744,34.02216],[74.9175,34.02204],[74.91754,34.0219],[74.91759,34.02157],[74.91763,34.02111],[74.91764,34.02091],[74.91765,34.02052],[74.91763,34.0202],[74.91756,34.02014],[74.91749,34.02011],[74.91703,34.01996],[74.91691,34.01992],[74.9163,34.0198],[74.91565,34.01964],[74.91536,34.01956],[74.91523,34.0195],[74.91521,34.01949],[74.91516,34.01946],[74.91509,34.01942],[74.91487,34.01922],[74.91467,34.019],[74.91393,34.01855],[74.91388,34.01852],[74.91388,34.01852],[74.91367,34.01842],[74.91331,34.01825],[74.91308,34.01808],[74.91295,34.01796],[74.91282,34.01777],[74.91264,34.01738],[74.91262,34.01734],[74.91245,34.017],[74.91234,34.01672],[74.91227,34.01642],[74.91232,34.01526],[74.91233,34.01502],[74.91244,34.01369],[74.91244,34.0136],[74.91251,34.01233],[74.91244,34.01356],[74.91244,34.01369],[74.91234,34.01494],[74.91232,34.01526],[74.91227,34.01642],[74.91227,34.01642],[74.91234,34.01672],[74.91245,34.017],[74.91262,34.01734],[74.91282,34.01777],[74.91284,34.0178],[74.91295,34.01796],[74.91308,34.01808],[74.91331,34.01825],[74.91367,34.01842],[74.91388,34.01852],[74.91393,34.01855],[74.91429,34.01877],[74.91467,34.019],[74.91487,34.01922],[74.91509,34.01942],[74.91516,34.01946],[74.91521,34.01949],[74.91536,34.01956],[74.91565,34.01964],[74.91588,34.0197],[74.9163,34.0198],[74.91683,34.0199]]}},{"type":"Feature","properties":{"corridor_id":7,"class":"matched","od":"Nawa Kadal / Qamarwari (NW Srinagar) \u2194 Zoonimar (near Soura, N Srinagar). A NW\u2013N city cross-route.","matched_permit":"Soura to Qamarwari","confidence":"medium","n_runs":47,"n_drivers":11,"median_km":11.2},"geometry":{"type":"LineString","coordinates":[[74.765,34.10244],[74.76504,34.10241],[74.76541,34.10215],[74.76575,34.10191],[74.7658,34.10188],[74.76591,34.1018],[74.76616,34.10163],[74.7665,34.1014],[74.76704,34.10106],[74.76705,34.10106],[74.76735,34.10087],[74.76742,34.10083],[74.76749,34.10078],[74.76767,34.10067],[74.76799,34.10046],[74.76848,34.10009],[74.76889,34.0998],[74.76906,34.09969],[74.76923,34.09957],[74.76953,34.09937],[74.76993,34.0991],[74.77008,34.099],[74.77054,34.09868],[74.77068,34.09859],[74.771,34.09835],[74.77131,34.09814],[74.77179,34.0978],[74.77184,34.09777],[74.77223,34.09747],[74.77283,34.09705],[74.77292,34.09698],[74.77335,34.09665],[74.7737,34.09638],[74.77389,34.09624],[74.77401,34.09613],[74.77408,34.09607],[74.77423,34.09591],[74.77441,34.09563],[74.77475,34.09509],[74.77483,34.09497],[74.77521,34.09442],[74.77532,34.09427],[74.77572,34.0937],[74.7758,34.09358],[74.77622,34.09301],[74.7763,34.09289],[74.77643,34.0927],[74.7766,34.09244],[74.77678,34.09219],[74.77678,34.09219],[74.77715,34.09168],[74.77726,34.09152],[74.77748,34.0912],[74.77756,34.09109],[74.7779,34.09124],[74.77809,34.09132],[74.7782,34.09136],[74.77825,34.09136],[74.77837,34.09142],[74.7786,34.09162],[74.7788,34.09178],[74.7791,34.09201],[74.78018,34.09285],[74.78025,34.09291],[74.78083,34.09341],[74.78107,34.09362],[74.78136,34.09387],[74.78136,34.09387],[74.78147,34.09398],[74.78158,34.09412],[74.78233,34.09493],[74.7826,34.09521],[74.78278,34.0954],[74.78316,34.09582],[74.78343,34.09612],[74.78347,34.09616],[74.78358,34.09626],[74.78367,34.09631],[74.78373,34.09634],[74.78383,34.09636],[74.78392,34.09636],[74.78426,34.09631],[74.78453,34.09622],[74.78483,34.09613],[74.78534,34.09606],[74.78538,34.09605],[74.78596,34.09604],[74.78629,34.09599],[74.78687,34.09589],[74.78726,34.09586],[74.7873,34.09586],[74.78744,34.09584],[74.788,34.0958],[74.7886,34.09578],[74.78882,34.09577],[74.78933,34.09569],[74.78987,34.09559],[74.79019,34.09555],[74.79019,34.09555],[74.79067,34.09554],[74.79095,34.09554],[74.79184,34.09555],[74.79193,34.09564],[74.79193,34.09564],[74.79207,34.09578],[74.79207,34.09578],[74.79225,34.09598],[74.79243,34.09615],[74.79299,34.09666],[74.793,34.09668],[74.79316,34.0968],[74.79325,34.0969],[74.79335,34.09705],[74.79338,34.09714],[74.79341,34.09722],[74.79342,34.09723],[74.79347,34.09739],[74.79355,34.09773],[74.79358,34.0979],[74.79358,34.09792],[74.79362,34.09818],[74.79366,34.09841],[74.79378,34.09889],[74.79392,34.09945],[74.79393,34.09947],[74.79395,34.09955],[74.79407,34.09999],[74.79412,34.10019],[74.79418,34.10044],[74.79424,34.10069],[74.79427,34.10087],[74.79431,34.10115],[74.79436,34.10134],[74.79443,34.10169],[74.79447,34.10184],[74.79461,34.10231],[74.79466,34.10249],[74.7947,34.10266],[74.79477,34.10288],[74.79483,34.10305],[74.79485,34.10318],[74.79485,34.10327],[74.79484,34.10339],[74.79482,34.10355],[74.79479,34.10383],[74.79477,34.10417],[74.79475,34.10434],[74.79475,34.1044],[74.79474,34.10457],[74.79472,34.10499],[74.79471,34.1051],[74.7947,34.10528],[74.79468,34.10567],[74.79467,34.10579],[74.79466,34.10591],[74.79463,34.10639],[74.7946,34.10699],[74.7946,34.10702],[74.79459,34.10718],[74.79455,34.10785],[74.79455,34.10786],[74.79452,34.10842],[74.79451,34.10873],[74.7945,34.10892],[74.79449,34.10899],[74.79446,34.10935],[74.79445,34.10936],[74.79443,34.10979],[74.79441,34.11007],[74.7944,34.11019],[74.79437,34.11058],[74.79436,34.1107],[74.79435,34.11083],[74.79433,34.111],[74.7943,34.1113],[74.79427,34.11161],[74.79425,34.11179],[74.79425,34.11189],[74.79425,34.11198],[74.79426,34.11215],[74.79428,34.11232],[74.79429,34.11238],[74.79431,34.11258],[74.79433,34.11277],[74.79435,34.1129],[74.79436,34.11304],[74.79438,34.11313],[74.7944,34.11326],[74.7944,34.11328],[74.7944,34.11329],[74.79445,34.11349],[74.7945,34.11382],[74.79453,34.11397],[74.79456,34.11411],[74.79464,34.11442],[74.79468,34.11456],[74.79482,34.11491],[74.79484,34.11495],[74.79487,34.11503],[74.79491,34.11515],[74.79495,34.11534],[74.79495,34.11572],[74.79496,34.11596],[74.79497,34.11601],[74.79502,34.11623],[74.79504,34.11647],[74.79505,34.11661],[74.79506,34.11671],[74.79506,34.11681],[74.79511,34.11734],[74.79513,34.11763],[74.79515,34.11799],[74.79518,34.11843],[74.79519,34.11861],[74.79522,34.11917],[74.79523,34.11933],[74.79524,34.1197],[74.79523,34.11996],[74.79521,34.12008],[74.7952,34.1202],[74.79514,34.1205],[74.79513,34.12053],[74.79501,34.12104],[74.79496,34.12123],[74.79493,34.12133],[74.79488,34.1215],[74.79485,34.12156],[74.79479,34.12171],[74.7946,34.12214],[74.79451,34.12236],[74.79444,34.12252],[74.79444,34.12268],[74.79445,34.12277],[74.79447,34.12284],[74.79457,34.12316],[74.79467,34.12344],[74.79477,34.12371],[74.79497,34.12414],[74.79503,34.12429],[74.79539,34.12508],[74.79558,34.1255],[74.79585,34.1261],[74.79598,34.1264],[74.79615,34.12678],[74.7962,34.12691],[74.79627,34.12705],[74.79633,34.12714],[74.7964,34.12723],[74.79656,34.12738],[74.79673,34.12755],[74.79685,34.12768],[74.79695,34.12781],[74.79705,34.12795],[74.79731,34.12833],[74.79745,34.12855],[74.79768,34.12889],[74.79787,34.1292],[74.79788,34.12921],[74.7981,34.12959],[74.79844,34.13015],[74.79872,34.13068],[74.79889,34.13101],[74.79907,34.13139],[74.79915,34.13148],[74.79919,34.13152],[74.79923,34.13156],[74.79933,34.13163],[74.79944,34.13168],[74.79957,34.1317],[74.79967,34.13171],[74.79989,34.13171],[74.80013,34.1317],[74.80046,34.13164],[74.80056,34.13163],[74.80088,34.13156],[74.80097,34.13154],[74.80124,34.1315],[74.80163,34.13148],[74.80192,34.13146],[74.80203,34.13147],[74.80205,34.13147],[74.80209,34.13148],[74.80214,34.1315],[74.80223,34.13157],[74.80228,34.13168],[74.80234,34.13204],[74.80228,34.13289],[74.80232,34.133],[74.80245,34.13344],[74.80262,34.13401],[74.80267,34.13421],[74.80277,34.13455],[74.803,34.13533],[74.80302,34.13543],[74.80303,34.13546],[74.80307,34.13561],[74.80308,34.13569],[74.80309,34.13578],[74.80311,34.13593],[74.80307,34.13601],[74.80304,34.13606],[74.80303,34.13609],[74.80278,34.13672],[74.80252,34.13738],[74.80261,34.13741],[74.80261,34.13741],[74.80278,34.13745],[74.8026,34.13796],[74.80278,34.13745],[74.80261,34.13741],[74.80273,34.13712],[74.80308,34.1362],[74.80312,34.13611],[74.80315,34.13603],[74.80333,34.13566],[74.80325,34.13564],[74.80318,34.13561],[74.80315,34.13559],[74.80313,34.13557],[74.8031,34.13547],[74.80305,34.13531],[74.80281,34.13446],[74.80276,34.13427],[74.80268,34.13399],[74.80257,34.1336],[74.80246,34.13321],[74.80241,34.133],[74.80241,34.13285],[74.80243,34.13205],[74.8024,34.13184],[74.80232,34.13161],[74.80229,34.13152],[74.80222,34.13145],[74.80211,34.13141],[74.80194,34.13139],[74.80141,34.13141],[74.80124,34.13142],[74.80101,34.13145],[74.80068,34.13152],[74.80054,34.13155],[74.80017,34.13162],[74.79982,34.13164],[74.79959,34.13163],[74.79945,34.1316],[74.79933,34.13154],[74.79927,34.13147],[74.79922,34.13141],[74.79897,34.13093],[74.79876,34.13056],[74.79846,34.13002],[74.79829,34.12973],[74.79823,34.12964],[74.79801,34.12926],[74.79794,34.12916],[74.79773,34.12883],[74.79736,34.12824],[74.79729,34.12813],[74.79718,34.12796],[74.79704,34.12778],[74.7968,34.1275],[74.79675,34.12745],[74.79658,34.12729],[74.79654,34.12725],[74.79646,34.12718],[74.79639,34.12709],[74.79635,34.127],[74.7963,34.12688],[74.79623,34.12675],[74.79596,34.1261],[74.79592,34.12601],[74.7959,34.12596],[74.79572,34.12557],[74.79549,34.12505],[74.79549,34.12505],[74.79568,34.12498],[74.79576,34.12493],[74.79583,34.12488],[74.79591,34.1248],[74.79598,34.12474],[74.79606,34.12471],[74.79621,34.12464],[74.79628,34.12461],[74.79634,34.12456],[74.79638,34.12452],[74.79648,34.1243],[74.79648,34.1243],[74.79658,34.12394],[74.79662,34.1238],[74.79672,34.12382],[74.79675,34.12383],[74.79687,34.12384],[74.79697,34.12385],[74.79706,34.12385],[74.79711,34.12385],[74.79725,34.12384],[74.79731,34.12382],[74.79737,34.1238],[74.79757,34.12365],[74.79772,34.12351],[74.79776,34.12349],[74.7978,34.12348],[74.79789,34.12347],[74.7982,34.12348],[74.79867,34.12352],[74.79874,34.12353],[74.7988,34.12353],[74.79884,34.12361],[74.7989,34.12374],[74.79892,34.12382],[74.79893,34.12399],[74.79892,34.12424],[74.79893,34.12401],[74.79891,34.12438],[74.79889,34.12453],[74.79889,34.12454],[74.79883,34.12488],[74.79881,34.12504],[74.7988,34.12512],[74.79869,34.12567],[74.79869,34.12567],[74.79837,34.12564],[74.79827,34.12564],[74.79837,34.12564],[74.79869,34.12567],[74.79869,34.12567],[74.7986,34.12618],[74.7986,34.12618]]}},{"type":"Feature","properties":{"corridor_id":8,"class":"matched","od":"Magarmal Bagh / Jehangir Chowk \u2194 Safa Kadal via Karan Nagar. A short central-Srinagar route.","matched_permit":"Safakadal to Jehangir Chowk","confidence":"high","n_runs":40,"n_drivers":5,"median_km":3.5},"geometry":{"type":"LineString","coordinates":[[74.80243,34.07201],[74.80188,34.07225],[74.80183,34.07235],[74.80175,34.07238],[74.80163,34.07243],[74.80128,34.07256],[74.80107,34.07266],[74.8004,34.07296],[74.79969,34.07328],[74.79921,34.0735],[74.79897,34.07361],[74.79817,34.07397],[74.79758,34.07423],[74.79747,34.07429],[74.79708,34.07447],[74.797,34.0745],[74.79703,34.07462],[74.79714,34.07479],[74.79745,34.07528],[74.79757,34.07547],[74.79797,34.0761],[74.79813,34.07634],[74.79835,34.07674],[74.79849,34.07699],[74.79873,34.07742],[74.79898,34.07786],[74.79906,34.07801],[74.79922,34.07828],[74.79939,34.07859],[74.79943,34.07867],[74.79943,34.07867],[74.79967,34.0791],[74.79977,34.07932],[74.79983,34.07945],[74.7998,34.07946],[74.79976,34.07949],[74.79976,34.07949],[74.79974,34.07952],[74.79973,34.07956],[74.79974,34.0796],[74.79976,34.07964],[74.79971,34.0797],[74.79933,34.08022],[74.79926,34.08032],[74.7989,34.08078],[74.79883,34.08087],[74.79877,34.08096],[74.79854,34.08129],[74.79844,34.08149],[74.79842,34.08152],[74.79827,34.0818],[74.79812,34.08206],[74.79802,34.08224],[74.79797,34.08232],[74.79776,34.08264],[74.79773,34.08269],[74.79771,34.08271],[74.79757,34.08293],[74.79747,34.08309],[74.79734,34.0833],[74.79711,34.08368],[74.797,34.08367],[74.79687,34.08369],[74.79677,34.08373],[74.79677,34.08373],[74.79667,34.08382],[74.79661,34.08393],[74.79659,34.08402],[74.79661,34.08412],[74.79667,34.08421],[74.79672,34.08426],[74.79677,34.0843],[74.79676,34.08433],[74.7966,34.08463],[74.79645,34.08491],[74.79638,34.08504],[74.79613,34.08551],[74.7961,34.08557],[74.79596,34.08588],[74.79586,34.08611],[74.79585,34.08614],[74.79582,34.08622],[74.79577,34.08633],[74.79573,34.08637],[74.79549,34.08675],[74.79544,34.08682],[74.79522,34.08715],[74.79511,34.08732],[74.79464,34.08803],[74.79459,34.08811],[74.79441,34.08837],[74.79429,34.08847],[74.79416,34.08858],[74.7941,34.08863],[74.79405,34.08867],[74.79381,34.08886],[74.79375,34.08891],[74.79367,34.08904],[74.7935,34.08922],[74.79334,34.08938],[74.79322,34.08954],[74.79319,34.08957],[74.79309,34.08975],[74.79304,34.08987],[74.793,34.08998],[74.79295,34.09024],[74.79289,34.09031],[74.79286,34.09041],[74.79282,34.09051],[74.79276,34.09069],[74.79273,34.09073],[74.79243,34.09121],[74.79237,34.0913],[74.79227,34.09145],[74.792,34.09184],[74.79199,34.09185],[74.79196,34.0919],[74.79191,34.092],[74.79188,34.0921],[74.79185,34.09222],[74.79184,34.09228],[74.79182,34.0924],[74.7918,34.09254],[74.79179,34.09262],[74.79175,34.09284],[74.79172,34.09302],[74.79172,34.09303],[74.7917,34.09317],[74.79168,34.09331],[74.79165,34.09354],[74.79163,34.09364],[74.79162,34.0939],[74.79162,34.09391],[74.79162,34.09396],[74.7916,34.09422],[74.79159,34.09439],[74.79158,34.09454],[74.79158,34.09454],[74.79159,34.09462],[74.79161,34.09476],[74.79164,34.09486],[74.79169,34.09506],[74.79172,34.09519],[74.79175,34.09532],[74.7918,34.09547],[74.79066,34.09547],[74.79067,34.09554],[74.79095,34.09554],[74.79184,34.09555],[74.79184,34.09555],[74.79193,34.09564],[74.79207,34.09578],[74.79225,34.09598],[74.79238,34.09611],[74.79243,34.09615],[74.79254,34.09625]]}},{"type":"Feature","properties":{"corridor_id":9,"class":"partial","od":"Nowshera \u2194 Ellahibagh via Lal Bazar (NE Srinagar). A short local corridor in the same NE cluster as C2.","matched_permit":"Parimpora to Harwan via Brein Nishat","confidence":"low","n_runs":32,"n_drivers":7,"median_km":7.4},"geometry":{"type":"LineString","coordinates":[[74.80782,34.12452],[74.80803,34.12447],[74.80819,34.12444],[74.80837,34.12441],[74.80856,34.12438],[74.80856,34.12438],[74.80902,34.12432],[74.80911,34.12432],[74.80906,34.12461],[74.80906,34.12461],[74.80901,34.12491],[74.809,34.12514],[74.809,34.12531],[74.809,34.12539],[74.80899,34.12545],[74.80898,34.12553],[74.80897,34.12561],[74.80893,34.12574],[74.8089,34.12586],[74.80886,34.12596],[74.80874,34.12625],[74.80866,34.12645],[74.80861,34.12657],[74.80853,34.12672],[74.80848,34.1269],[74.80848,34.12692],[74.80841,34.12736],[74.80836,34.12748],[74.80835,34.12756],[74.80833,34.12763],[74.80833,34.12767],[74.80831,34.12778],[74.80831,34.1279],[74.80834,34.1282],[74.80837,34.12843],[74.80837,34.12858],[74.80836,34.1288],[74.80835,34.12889],[74.80835,34.12892],[74.80833,34.1291],[74.80894,34.12922],[74.80899,34.12923],[74.80931,34.12929],[74.80986,34.1294],[74.80996,34.12942],[74.81021,34.12945],[74.81035,34.12947],[74.81041,34.12947],[74.81067,34.12949],[74.81078,34.12949],[74.81098,34.12948],[74.81157,34.12944],[74.81157,34.12944],[74.81171,34.12942],[74.8118,34.12942],[74.81195,34.12942],[74.81233,34.12942],[74.81233,34.12967],[74.81233,34.12974],[74.81232,34.12989],[74.8123,34.13006],[74.81226,34.1303],[74.81223,34.13042],[74.81224,34.1305],[74.81224,34.1305],[74.81231,34.13062],[74.81246,34.13076],[74.81258,34.13086],[74.81262,34.13091],[74.81265,34.13099],[74.8127,34.13107],[74.81265,34.13112],[74.81263,34.13114],[74.81263,34.13117],[74.81265,34.13125],[74.81267,34.13135],[74.81267,34.13136],[74.81268,34.13142],[74.81268,34.13147],[74.81269,34.13152],[74.81272,34.13157],[74.81323,34.13192],[74.81326,34.13194],[74.8133,34.13197],[74.81336,34.13202],[74.81344,34.1321],[74.81355,34.13229],[74.81369,34.13255],[74.81374,34.13265],[74.81425,34.13254],[74.81437,34.1325],[74.81444,34.13246],[74.81452,34.13241],[74.81452,34.13241],[74.81459,34.1324],[74.81506,34.13208],[74.8153,34.1319],[74.81536,34.13184],[74.81541,34.13177],[74.81542,34.13161],[74.81548,34.13029],[74.81535,34.13029],[74.81533,34.13098],[74.81533,34.13117],[74.81533,34.1313],[74.81491,34.1313],[74.81488,34.13158],[74.81487,34.13163],[74.81485,34.13167],[74.81482,34.13171],[74.81466,34.13181],[74.81434,34.13201],[74.81422,34.1318],[74.81409,34.13157],[74.81408,34.13117],[74.81407,34.13114],[74.81408,34.13075],[74.81409,34.13049],[74.81409,34.13026],[74.81409,34.13012],[74.8141,34.1298],[74.8141,34.12978],[74.81413,34.12946],[74.81414,34.12939],[74.8142,34.12937],[74.81427,34.12936],[74.81433,34.12936],[74.81433,34.12924],[74.81432,34.12894],[74.81433,34.12851],[74.81433,34.1285],[74.81507,34.12838],[74.81509,34.12837],[74.81517,34.12837],[74.81537,34.12835],[74.81556,34.12832],[74.81574,34.12829],[74.8159,34.12822],[74.81595,34.1282],[74.81608,34.12815],[74.81633,34.12804],[74.81675,34.12787],[74.8168,34.12785],[74.8168,34.12785],[74.81699,34.12778],[74.81709,34.12775],[74.81717,34.12774],[74.81736,34.12773],[74.81748,34.12772],[74.81761,34.12769],[74.81773,34.12767],[74.8179,34.12764],[74.81806,34.12759],[74.81822,34.12782],[74.81829,34.12793],[74.81839,34.1281],[74.81843,34.1282],[74.81848,34.12833],[74.81855,34.12848],[74.81862,34.12859],[74.81865,34.12863],[74.81869,34.12866],[74.81892,34.12883],[74.81902,34.1289],[74.81902,34.1289],[74.81911,34.12896],[74.81921,34.12904],[74.81937,34.12918],[74.81963,34.12945],[74.81978,34.12959],[74.81981,34.12963],[74.82003,34.12985],[74.82016,34.12995],[74.8203,34.13006],[74.82055,34.13024],[74.82063,34.13029],[74.82071,34.13035],[74.8208,34.13043],[74.82089,34.13049],[74.82113,34.13073],[74.82123,34.13085],[74.82132,34.13097],[74.82141,34.13112],[74.82153,34.13136],[74.82155,34.13139],[74.82162,34.13155],[74.82168,34.13171],[74.82171,34.13181],[74.82173,34.13185],[74.8218,34.1319],[74.822,34.132],[74.82205,34.13203],[74.82209,34.13208],[74.82217,34.13213],[74.82239,34.13229],[74.82249,34.13235],[74.8229,34.13263],[74.82293,34.13265],[74.823,34.13267],[74.82311,34.13275],[74.82311,34.13275],[74.82344,34.13299],[74.82354,34.13305],[74.82393,34.13335],[74.824,34.1334],[74.82401,34.13341],[74.8242,34.13355],[74.82433,34.13365],[74.82441,34.13374],[74.82464,34.13383],[74.82469,34.13389],[74.82469,34.13389],[74.82528,34.13421],[74.82546,34.13431],[74.8256,34.13437],[74.82597,34.13457],[74.82628,34.13478],[74.82656,34.13497],[74.82663,34.13502],[74.82703,34.1353],[74.82711,34.13535],[74.8273,34.13549],[74.82743,34.13558],[74.82751,34.13561],[74.82763,34.13565],[74.82766,34.13566],[74.82781,34.13571],[74.82799,34.13575],[74.8282,34.13578],[74.82829,34.13578],[74.8284,34.13577],[74.82848,34.13585],[74.82851,34.13587],[74.82864,34.13594],[74.82891,34.13606],[74.82915,34.13614],[74.82922,34.13616],[74.82973,34.13631],[74.83017,34.13642],[74.83018,34.13643],[74.83044,34.1365],[74.8309,34.13661],[74.83096,34.13662],[74.83124,34.13669],[74.83142,34.13674],[74.83157,34.13677],[74.83177,34.13682],[74.83215,34.13692],[74.83215,34.13692],[74.83215,34.13692],[74.83175,34.13682],[74.83157,34.13677],[74.83142,34.13674],[74.83124,34.13669],[74.8309,34.13661],[74.83078,34.13658],[74.83044,34.1365],[74.83017,34.13642],[74.82981,34.13634],[74.82973,34.13631],[74.82922,34.13616],[74.82897,34.13608],[74.82891,34.13606],[74.82864,34.13594],[74.82851,34.13587],[74.8284,34.13577],[74.82835,34.13571],[74.82832,34.13571],[74.82827,34.13572],[74.82825,34.13572],[74.8282,34.13572],[74.82807,34.1357],[74.82797,34.13568],[74.82781,34.13563],[74.82766,34.13558],[74.8275,34.1355],[74.82726,34.13536],[74.82725,34.13535],[74.82665,34.13495],[74.82661,34.13493],[74.82656,34.13489],[74.82629,34.1347],[74.82597,34.13449],[74.82566,34.13431],[74.82566,34.13431],[74.82538,34.13417],[74.82483,34.13389],[74.82474,34.13384],[74.82464,34.13383],[74.82463,34.13383],[74.82441,34.13374],[74.82449,34.1339],[74.8246,34.13405],[74.82495,34.13451],[74.82527,34.13493],[74.82536,34.13508],[74.82549,34.13528],[74.82562,34.13549],[74.82587,34.13581],[74.82595,34.13591],[74.82639,34.13646],[74.82647,34.13656],[74.82658,34.1367],[74.82668,34.13688],[74.82679,34.1371],[74.82681,34.13716],[74.82687,34.13728],[74.82697,34.13749],[74.82707,34.13766],[74.82716,34.13781],[74.8272,34.13785],[74.82734,34.13805],[74.82756,34.13833],[74.82765,34.13843],[74.82766,34.13845],[74.82784,34.13869],[74.82827,34.13922],[74.82828,34.13923],[74.82842,34.1394],[74.82868,34.13966],[74.82875,34.13972],[74.82882,34.13979],[74.82895,34.13994],[74.82916,34.1402],[74.82926,34.14033],[74.82937,34.14047],[74.8297,34.14087],[74.82995,34.14118],[74.83016,34.14142],[74.83016,34.14143],[74.83027,34.14154],[74.8306,34.14196],[74.83079,34.1422],[74.83107,34.14257],[74.83113,34.14265],[74.83061,34.1429],[74.83054,34.14294],[74.83054,34.14294],[74.8302,34.1431],[74.82986,34.14323],[74.82973,34.14328],[74.82961,34.14333],[74.82951,34.14338],[74.82925,34.1435],[74.82896,34.14365],[74.82868,34.14379],[74.82862,34.14383],[74.82844,34.14394],[74.82802,34.14419],[74.82788,34.14427],[74.82787,34.14428],[74.82772,34.14437],[74.8277,34.14438],[74.82745,34.14452],[74.82724,34.14464],[74.8272,34.14466],[74.82712,34.14471],[74.82702,34.14479],[74.82694,34.14486],[74.8268,34.14502],[74.82664,34.1452],[74.82657,34.14527],[74.82652,34.14533],[74.82636,34.14553],[74.8262,34.14571]]}},{"type":"Feature","properties":{"corridor_id":10,"class":"out_of_area","od":"Batote \u2194 Mera on NH-44 via Baglihar, Ramban district \u2014 JAMMU division (Srinagar\u2013Jammu highway).","matched_permit":"","confidence":"n/a","n_runs":29,"n_drivers":13,"median_km":17.1},"geometry":{"type":"LineString","coordinates":[[75.29342,33.12963],[75.2935,33.12972],[75.29353,33.12976],[75.2937,33.13007],[75.29408,33.13059],[75.29422,33.13079],[75.29425,33.13083],[75.29427,33.13085],[75.2943,33.13088],[75.29433,33.1309],[75.29436,33.13092],[75.29441,33.13094],[75.29445,33.13096],[75.29446,33.13096],[75.2945,33.13097],[75.2946,33.131],[75.29468,33.13102],[75.29473,33.13103],[75.2948,33.13106],[75.2949,33.1311],[75.29501,33.13115],[75.29514,33.13122],[75.29529,33.1313],[75.29538,33.13137],[75.29542,33.1314],[75.29548,33.13145],[75.29553,33.13149],[75.29559,33.13154],[75.29563,33.13159],[75.29565,33.13162],[75.29566,33.13166],[75.29568,33.1317],[75.2957,33.13173],[75.29574,33.13177],[75.29578,33.13179],[75.2959,33.13181],[75.296,33.13178],[75.29602,33.13175],[75.29625,33.13184],[75.29636,33.13194],[75.29641,33.13209],[75.29641,33.13227],[75.2964,33.13261],[75.2964,33.13264],[75.29644,33.13276],[75.2965,33.13291],[75.2966,33.13306],[75.29702,33.13341],[75.29739,33.13374],[75.29752,33.13386],[75.29785,33.13415],[75.29797,33.13429],[75.29807,33.13441],[75.29807,33.13441],[75.29813,33.13467],[75.29812,33.13499],[75.29813,33.13517],[75.29821,33.13541],[75.29835,33.1356],[75.29882,33.13623],[75.29887,33.13632],[75.29914,33.13679],[75.2994,33.13716],[75.2995,33.1373],[75.29999,33.13795],[75.30068,33.13905],[75.30069,33.13906],[75.30085,33.13925],[75.30103,33.13936],[75.30123,33.13942],[75.30162,33.13945],[75.30181,33.13949],[75.30199,33.13957],[75.30236,33.13996],[75.30272,33.14035],[75.30274,33.14036],[75.30299,33.14046],[75.30321,33.14086],[75.30321,33.14089],[75.30328,33.14115],[75.30331,33.14144],[75.30338,33.14165],[75.30341,33.14174],[75.30346,33.14188],[75.30355,33.14202],[75.30366,33.14215],[75.30388,33.14239],[75.30393,33.14254],[75.30396,33.14267],[75.30391,33.14294],[75.30381,33.14339],[75.30379,33.14361],[75.30378,33.14374],[75.30375,33.14384],[75.30376,33.14409],[75.30378,33.14424],[75.30379,33.14435],[75.3038,33.14443],[75.30395,33.14464],[75.30415,33.14496],[75.30431,33.14534],[75.30432,33.14537],[75.30451,33.14553],[75.3046,33.14575],[75.30461,33.14591],[75.30458,33.14605],[75.30459,33.14616],[75.30463,33.14626],[75.30469,33.14635],[75.30474,33.1464],[75.30499,33.14659],[75.30524,33.14683],[75.30538,33.14696],[75.30573,33.14768],[75.30573,33.14784],[75.30558,33.14798],[75.30535,33.14807],[75.30485,33.14827],[75.30478,33.14835],[75.30465,33.14852],[75.30458,33.14884],[75.3047,33.14925],[75.30474,33.14938],[75.30481,33.14948],[75.30494,33.14966],[75.30516,33.14998],[75.30524,33.15014],[75.30541,33.15046],[75.30557,33.15069],[75.3057,33.15101],[75.3057,33.15101],[75.30575,33.15119],[75.30584,33.15138],[75.30586,33.15171],[75.30589,33.15211],[75.30601,33.15239],[75.30615,33.15266],[75.3064,33.15289],[75.3066,33.15306],[75.3067,33.15323],[75.30673,33.15336],[75.30677,33.15349],[75.30684,33.15381],[75.30698,33.15428],[75.307,33.15457],[75.307,33.15474],[75.30704,33.155],[75.3071,33.15515],[75.30713,33.15521],[75.30727,33.1554],[75.30739,33.15557],[75.30748,33.15574],[75.30764,33.156],[75.30774,33.15637],[75.30773,33.15667],[75.30768,33.15692],[75.30765,33.15712],[75.30765,33.15733],[75.30765,33.15737],[75.30772,33.15759],[75.30783,33.15795],[75.30795,33.15825],[75.30816,33.15883],[75.30817,33.15886],[75.30856,33.15947],[75.30876,33.15973],[75.30887,33.15989],[75.30893,33.16005],[75.30892,33.16024],[75.30884,33.1604],[75.30847,33.16098],[75.30835,33.16138],[75.30836,33.16157],[75.30841,33.16176],[75.30856,33.16194],[75.3093,33.16277],[75.30949,33.16309],[75.30956,33.16342],[75.30966,33.16373],[75.30973,33.16394],[75.30975,33.16399],[75.30983,33.16419],[75.31006,33.16442],[75.3103,33.16469],[75.3103,33.16469],[75.31038,33.16488],[75.31035,33.16507],[75.31019,33.16525],[75.30998,33.16539],[75.30972,33.16549],[75.30949,33.16558],[75.30888,33.16583],[75.30877,33.16587],[75.30828,33.16595],[75.30806,33.16598],[75.30784,33.16604],[75.30767,33.16616],[75.30748,33.16637],[75.30716,33.16668],[75.30664,33.16697],[75.30651,33.16707],[75.30646,33.16711],[75.30596,33.16754],[75.30578,33.1677],[75.30567,33.16778],[75.3056,33.16781],[75.30553,33.16785],[75.3054,33.16788],[75.30479,33.168],[75.30457,33.16811],[75.30437,33.16825],[75.30419,33.1685],[75.30405,33.16866],[75.30388,33.16875],[75.30368,33.1688],[75.30348,33.1688],[75.3033,33.16879],[75.30311,33.16879],[75.3029,33.16886],[75.30276,33.16893],[75.30236,33.16927],[75.30231,33.16929],[75.30214,33.16937],[75.30189,33.1694],[75.30165,33.16938],[75.30136,33.16931],[75.30095,33.16922],[75.30046,33.16919],[75.29946,33.16911],[75.29814,33.16915],[75.29787,33.16919],[75.29765,33.16922],[75.29721,33.16935],[75.29711,33.16939],[75.29681,33.16952],[75.29659,33.16962],[75.29641,33.16973],[75.29625,33.16985],[75.29618,33.16995],[75.29613,33.1701],[75.29613,33.17021],[75.29633,33.17075],[75.29638,33.17083],[75.29653,33.17094],[75.29658,33.17096],[75.29665,33.171],[75.29684,33.17103],[75.29701,33.17102],[75.29741,33.17091],[75.29759,33.17088],[75.29776,33.17089],[75.2979,33.17094],[75.29843,33.17132],[75.29851,33.17136],[75.29856,33.17139],[75.29869,33.17143],[75.29912,33.17155],[75.29925,33.17162],[75.29935,33.17173],[75.29935,33.17173],[75.29941,33.17193],[75.29947,33.17221],[75.29953,33.17233],[75.29965,33.17248],[75.2998,33.1726],[75.2999,33.17276],[75.30004,33.17307],[75.30014,33.17329],[75.30058,33.1741],[75.30074,33.17451],[75.30072,33.17497],[75.30063,33.17528],[75.29852,33.17925],[75.29834,33.1797],[75.29827,33.18009],[75.29827,33.18046],[75.29837,33.18077],[75.29849,33.18105],[75.29855,33.18117],[75.29864,33.18131],[75.29878,33.18147],[75.29897,33.18163],[75.29928,33.1818],[75.29953,33.18188],[75.29968,33.18193],[75.30029,33.182],[75.30063,33.18211],[75.30077,33.18221],[75.30082,33.18225],[75.30096,33.18241],[75.30145,33.18361],[75.30153,33.18403],[75.30171,33.1844],[75.30173,33.18445],[75.30186,33.18494],[75.30186,33.18501],[75.30186,33.18527],[75.30178,33.18554],[75.30131,33.18621],[75.30111,33.18649],[75.30098,33.18713],[75.30087,33.18763],[75.30081,33.18815],[75.30071,33.18853],[75.30054,33.18918],[75.30049,33.18957],[75.3004,33.19036],[75.30031,33.1913],[75.30027,33.19146],[75.30016,33.19168],[75.30011,33.19177],[75.29983,33.19219],[75.29965,33.1925],[75.2995,33.19291],[75.29941,33.19343],[75.29914,33.19391],[75.29912,33.19397],[75.29893,33.19448],[75.29857,33.19508],[75.29792,33.19617],[75.29786,33.19625],[75.29754,33.19667],[75.2973,33.19696],[75.29688,33.19723],[75.29646,33.19749],[75.29635,33.19756],[75.29611,33.19774],[75.29597,33.19788],[75.29581,33.19818],[75.29568,33.19845],[75.29561,33.19855],[75.2955,33.1987],[75.29525,33.19895],[75.29493,33.19921],[75.29473,33.19941],[75.29454,33.19973],[75.2943,33.20027],[75.29422,33.2004],[75.29411,33.20057],[75.29354,33.20123],[75.2935,33.20127],[75.29265,33.202],[75.29234,33.20219],[75.29157,33.20255],[75.29042,33.2031],[75.28979,33.20342],[75.28975,33.20345],[75.28944,33.20367],[75.28885,33.20386],[75.28875,33.2039],[75.28693,33.20455],[75.28643,33.20473],[75.28614,33.20477],[75.28547,33.20477],[75.28522,33.20477],[75.28501,33.20481],[75.28466,33.20495],[75.28391,33.20523],[75.2836,33.20532],[75.28318,33.20543],[75.28221,33.20559],[75.28195,33.20573],[75.28176,33.2059],[75.28157,33.20604],[75.28139,33.20612],[75.28131,33.20613],[75.28071,33.20619],[75.28033,33.20634],[75.27959,33.20679],[75.27933,33.20697],[75.27921,33.20703],[75.27833,33.20751],[75.27818,33.20764],[75.27813,33.20772],[75.27804,33.20784],[75.2779,33.20805],[75.27746,33.20858],[75.27729,33.20877],[75.27681,33.20923],[75.27676,33.20925],[75.27666,33.20931],[75.27651,33.20938],[75.27627,33.20948],[75.27599,33.20956],[75.27574,33.2097],[75.27559,33.20982],[75.27459,33.21057],[75.27416,33.21082],[75.274,33.21092],[75.27387,33.21101],[75.27378,33.2111],[75.27365,33.21127],[75.27357,33.21138],[75.27353,33.21145],[75.27274,33.21209],[75.27258,33.21226],[75.27229,33.21259],[75.27225,33.21263],[75.2722,33.21273],[75.27219,33.21284],[75.27222,33.21295],[75.27227,33.21304],[75.27231,33.21311],[75.27239,33.21318],[75.27259,33.21334],[75.27318,33.2138],[75.27324,33.21389],[75.27324,33.21399],[75.27322,33.21407],[75.27317,33.21417],[75.27282,33.21472],[75.27276,33.21483],[75.27272,33.2149],[75.27268,33.21504],[75.27266,33.21519],[75.27263,33.21571],[75.27256,33.21626],[75.27252,33.21641],[75.27247,33.21656],[75.27238,33.21669],[75.27237,33.21669],[75.27228,33.21681],[75.27224,33.21685],[75.27217,33.21693],[75.27207,33.21709],[75.27203,33.2172],[75.27205,33.21738],[75.27207,33.21744],[75.2721,33.21757],[75.27213,33.21777],[75.2721,33.2179],[75.27207,33.21796],[75.272,33.21802],[75.27174,33.21817],[75.27157,33.21827],[75.27134,33.2184],[75.27082,33.21879],[75.27073,33.21885],[75.27031,33.21912],[75.27012,33.21924],[75.27,33.21937],[75.26992,33.21953],[75.26986,33.21978],[75.26978,33.22021],[75.26977,33.22024],[75.26974,33.22039],[75.26966,33.2206],[75.26954,33.22085],[75.26949,33.22092],[75.2694,33.22106],[75.26925,33.22124],[75.269,33.2215],[75.26874,33.22176],[75.2685,33.22206],[75.26827,33.22234],[75.26817,33.22245],[75.26792,33.22271],[75.26755,33.22308],[75.26735,33.2233],[75.26725,33.22343],[75.26712,33.2236],[75.26694,33.22387],[75.26693,33.22389],[75.26671,33.22427],[75.26665,33.22436],[75.26659,33.22442],[75.26651,33.22447],[75.26641,33.2245],[75.26629,33.2245],[75.26617,33.22449],[75.26604,33.22448],[75.26486,33.22441],[75.26457,33.22442],[75.26435,33.22444],[75.26397,33.22451],[75.2634,33.22463],[75.26334,33.22465],[75.26302,33.22469],[75.26272,33.22473],[75.26259,33.22474],[75.26221,33.22478],[75.26178,33.22477],[75.26158,33.22477],[75.26137,33.22475],[75.26113,33.22471],[75.26097,33.2247],[75.26093,33.22469],[75.26076,33.22469],[75.26045,33.22473],[75.25993,33.22481],[75.25965,33.22482],[75.25944,33.22484],[75.25908,33.22489],[75.25864,33.22501],[75.25857,33.22503],[75.2582,33.22517],[75.25781,33.22536],[75.25774,33.2254],[75.25744,33.22556],[75.25715,33.22574],[75.25664,33.22608],[75.25633,33.22633],[75.25624,33.2264],[75.25604,33.2265],[75.25587,33.2266],[75.25573,33.22668],[75.25554,33.22683],[75.25532,33.22698],[75.25506,33.22714],[75.25489,33.22724],[75.25446,33.22754],[75.25433,33.22763],[75.25391,33.22793],[75.25358,33.22821],[75.25334,33.22843],[75.25328,33.22849],[75.2528,33.22897],[75.25249,33.22922],[75.25231,33.22941],[75.25224,33.22952],[75.25219,33.22961],[75.25184,33.23012],[75.25182,33.23016],[75.25171,33.23036],[75.25156,33.23052],[75.25124,33.23079],[75.25092,33.23104],[75.25079,33.23116],[75.25067,33.23126],[75.25035,33.2315],[75.25015,33.23163],[75.24988,33.23182],[75.24968,33.23193],[75.24948,33.23209],[75.2493,33.23223],[75.24903,33.23249],[75.24892,33.23257],[75.24884,33.23262],[75.2488,33.23265],[75.24877,33.23278],[75.24839,33.23315],[75.24838,33.23315],[75.24726,33.2343],[75.24725,33.23432],[75.24672,33.23475],[75.24635,33.23498],[75.24615,33.2351],[75.24529,33.23553],[75.24482,33.23573],[75.24421,33.23593],[75.24254,33.23606],[75.24211,33.23603],[75.24204,33.23604]]}},{"type":"Feature","properties":{"corridor_id":11,"class":"partial","od":"Zoonimar \u2194 Gulab Bagh via Lal Bazar (N/NE Srinagar). Third corridor in the NE-Srinagar local cluster (C2, C9, C11).","matched_permit":"Parimpora to Harwan via Brein Nishat","confidence":"low","n_runs":26,"n_drivers":9,"median_km":11.2},"geometry":{"type":"LineString","coordinates":[[74.80117,34.12353],[74.80095,34.12351],[74.80098,34.12332],[74.80099,34.12324],[74.80101,34.12304],[74.801,34.12269],[74.80098,34.12255],[74.801,34.12242],[74.80108,34.12221],[74.80117,34.12202],[74.80118,34.12201],[74.8013,34.12186],[74.80137,34.12177],[74.80141,34.12168],[74.80137,34.12177],[74.8013,34.12186],[74.80117,34.12202],[74.80116,34.12204],[74.80117,34.12202],[74.8013,34.12186],[74.80137,34.12177],[74.80143,34.12166],[74.80147,34.12156],[74.80152,34.12137],[74.80168,34.12106],[74.80176,34.12092],[74.80182,34.12082],[74.80185,34.12073],[74.8019,34.12072],[74.8019,34.12072],[74.80226,34.12062],[74.80245,34.12058],[74.80262,34.12053],[74.80267,34.12051],[74.80285,34.12045],[74.80334,34.12026],[74.80342,34.12023],[74.80396,34.12009],[74.8041,34.12006],[74.80427,34.12004],[74.80463,34.11998],[74.80477,34.11997],[74.80476,34.11988],[74.80472,34.11962],[74.8047,34.11957],[74.80468,34.11954],[74.80467,34.11952],[74.80463,34.11948],[74.80462,34.11943],[74.80461,34.1194],[74.80459,34.11931],[74.80459,34.11919],[74.8046,34.11912],[74.80461,34.11905],[74.80464,34.11898],[74.80468,34.11893],[74.80473,34.11891],[74.80486,34.1189],[74.80502,34.11888],[74.80564,34.11884],[74.8057,34.11883],[74.80574,34.1188],[74.80578,34.11873],[74.80583,34.11857],[74.80585,34.11852],[74.80588,34.11847],[74.80595,34.11837],[74.806,34.11832],[74.80605,34.11827],[74.80613,34.1182],[74.80618,34.11818],[74.80622,34.11816],[74.80623,34.11816],[74.8063,34.11814],[74.80636,34.11813],[74.8064,34.11862],[74.80644,34.11901],[74.80645,34.1191],[74.80651,34.1192],[74.80659,34.11951],[74.8066,34.11955],[74.80663,34.11966],[74.80666,34.11979],[74.80672,34.12004],[74.80675,34.12028],[74.80678,34.1205],[74.80682,34.12076],[74.80682,34.12079],[74.80683,34.1209],[74.80685,34.12106],[74.80685,34.12124],[74.80685,34.12131],[74.80685,34.12141],[74.80684,34.12153],[74.80684,34.12156],[74.80683,34.12163],[74.80681,34.12174],[74.8068,34.12178],[74.80676,34.12192],[74.80669,34.12214],[74.8066,34.12243],[74.80656,34.12256],[74.80649,34.12267],[74.80643,34.12302],[74.8064,34.12319],[74.8064,34.12334],[74.8064,34.12343],[74.8064,34.1237],[74.8064,34.12386],[74.80638,34.1242],[74.80632,34.12471],[74.80631,34.12479],[74.80631,34.12481],[74.8063,34.12502],[74.80633,34.12514],[74.80633,34.12516],[74.80644,34.1251],[74.80655,34.12505],[74.80663,34.12501],[74.8068,34.12494],[74.80688,34.12491],[74.80695,34.12487],[74.80722,34.12472],[74.80737,34.12464],[74.80749,34.1246],[74.80755,34.12458],[74.80781,34.12452],[74.80803,34.12447],[74.80819,34.12444],[74.80837,34.12441],[74.80837,34.12441],[74.80856,34.12438],[74.80902,34.12432],[74.80911,34.12432],[74.80908,34.12448],[74.80906,34.12461],[74.80901,34.12491],[74.809,34.12514],[74.809,34.12531],[74.80899,34.12545],[74.80898,34.12553],[74.80897,34.12561],[74.80893,34.12574],[74.8089,34.12586],[74.80887,34.12595],[74.80886,34.12596],[74.80866,34.12645],[74.80861,34.12657],[74.80857,34.12664],[74.80853,34.12672],[74.80848,34.1269],[74.80841,34.12736],[74.80841,34.12736],[74.80836,34.12748],[74.80833,34.12763],[74.80833,34.12767],[74.80831,34.12778],[74.80831,34.1279],[74.80837,34.12843],[74.80837,34.12858],[74.80836,34.1288],[74.80835,34.12889],[74.80834,34.12897],[74.80833,34.1291],[74.80894,34.12922],[74.80923,34.12927],[74.80931,34.12929],[74.80986,34.1294],[74.81003,34.12943],[74.81021,34.12945],[74.81035,34.12947],[74.81041,34.12947],[74.81067,34.12949],[74.81098,34.12948],[74.81157,34.12944],[74.81171,34.12942],[74.8118,34.12942],[74.81184,34.12942],[74.81195,34.12942],[74.81233,34.12942],[74.81265,34.12941],[74.81278,34.1294],[74.81289,34.1294],[74.81293,34.12941],[74.81301,34.12944],[74.81371,34.12945],[74.81413,34.12946],[74.8141,34.1298],[74.81409,34.13012],[74.81409,34.13026],[74.81408,34.13071],[74.81408,34.13075],[74.81407,34.13114],[74.81409,34.1314],[74.81409,34.13157],[74.81413,34.13164],[74.81409,34.13157],[74.81407,34.13114],[74.81408,34.131],[74.81408,34.13075],[74.81409,34.13031],[74.81409,34.13026],[74.81409,34.13012],[74.8141,34.1298],[74.81413,34.12946],[74.81414,34.12939],[74.8142,34.12937],[74.81427,34.12936],[74.81433,34.12936],[74.81433,34.12909],[74.81432,34.12894],[74.81433,34.1285],[74.81444,34.12848],[74.81509,34.12837],[74.81517,34.12837],[74.81521,34.12837],[74.81537,34.12835],[74.81556,34.12832],[74.81574,34.12829],[74.81595,34.1282],[74.81608,34.12815],[74.81633,34.12804],[74.81675,34.12787],[74.8168,34.12785],[74.81691,34.12781],[74.81699,34.12778],[74.81709,34.12775],[74.81717,34.12774],[74.81736,34.12773],[74.81748,34.12772],[74.81761,34.12769],[74.81768,34.12768],[74.8179,34.12764],[74.81806,34.12759],[74.81822,34.12782],[74.81829,34.12793],[74.81838,34.12809],[74.81839,34.1281],[74.81848,34.12833],[74.81855,34.12848],[74.81862,34.12859],[74.81865,34.12863],[74.81869,34.12866],[74.81892,34.12883],[74.81902,34.1289],[74.81911,34.12896],[74.81921,34.12904],[74.81937,34.12918],[74.81963,34.12945],[74.81978,34.12959],[74.82002,34.12984],[74.82003,34.12985],[74.82016,34.12995],[74.8203,34.13006],[74.82055,34.13024],[74.82063,34.13029],[74.82071,34.13035],[74.82089,34.13049],[74.82102,34.13062],[74.82113,34.13073],[74.82123,34.13085],[74.82132,34.13097],[74.82141,34.13112],[74.82155,34.13139],[74.82162,34.13155],[74.82168,34.13171],[74.82171,34.13181],[74.82173,34.13185],[74.8218,34.1319],[74.822,34.132],[74.82205,34.13203],[74.82209,34.13208],[74.82219,34.13215],[74.82239,34.13229],[74.82249,34.13235],[74.8229,34.13263],[74.82293,34.13265],[74.823,34.13267],[74.82309,34.13274],[74.82311,34.13275],[74.82344,34.13299],[74.82354,34.13305],[74.82393,34.13335],[74.824,34.1334],[74.82407,34.13345],[74.8242,34.13355],[74.82433,34.13365],[74.82441,34.13374],[74.82464,34.13383],[74.82469,34.13389],[74.82528,34.13421],[74.8256,34.13437],[74.82571,34.13444],[74.82597,34.13457],[74.82656,34.13497],[74.82657,34.13498],[74.82663,34.13502],[74.82711,34.13535],[74.8273,34.13549],[74.82741,34.13556],[74.82743,34.13558],[74.82751,34.13561],[74.82763,34.13565],[74.82781,34.13571],[74.82799,34.13575],[74.8282,34.13578],[74.82829,34.13578],[74.8284,34.13577],[74.82851,34.13587],[74.82864,34.13594],[74.82891,34.13606],[74.82898,34.13608],[74.82922,34.13616],[74.82972,34.13631],[74.82973,34.13631],[74.83017,34.13642],[74.83044,34.1365],[74.83045,34.1365],[74.8309,34.13661],[74.83124,34.13669],[74.83142,34.13674],[74.83157,34.13677],[74.83203,34.13689],[74.83215,34.13692],[74.8324,34.13699],[74.83216,34.13833],[74.8324,34.13699],[74.83215,34.13692],[74.83215,34.13692],[74.83157,34.13677],[74.83142,34.13674],[74.83124,34.13669],[74.8309,34.13661],[74.83067,34.13655],[74.83044,34.1365],[74.83017,34.13642],[74.82992,34.13636],[74.82973,34.13631],[74.82922,34.13616],[74.82902,34.13609],[74.82891,34.13606],[74.82864,34.13594],[74.82851,34.13587],[74.8284,34.13577],[74.82835,34.13571],[74.82832,34.13571],[74.82827,34.13572],[74.8282,34.13572],[74.82807,34.1357],[74.82797,34.13568],[74.82781,34.13563],[74.82766,34.13558],[74.8275,34.1355],[74.82727,34.13537],[74.82726,34.13536],[74.82665,34.13495],[74.82661,34.13493],[74.8265,34.13485],[74.82629,34.1347],[74.82597,34.13449],[74.82566,34.13431],[74.8256,34.13428],[74.82538,34.13417],[74.82483,34.13389],[74.82474,34.13384],[74.82464,34.13383],[74.82441,34.13374],[74.82449,34.1339],[74.8246,34.13405],[74.82482,34.13434],[74.82522,34.13487],[74.82527,34.13493],[74.82549,34.13528],[74.82562,34.13549],[74.82562,34.13549],[74.82595,34.13591],[74.82647,34.13656],[74.82655,34.13665],[74.82658,34.1367],[74.82668,34.13688],[74.82679,34.1371],[74.82687,34.13728],[74.82697,34.13749],[74.82707,34.13766],[74.82709,34.1377],[74.82716,34.13781],[74.82734,34.13805],[74.82756,34.13833],[74.82766,34.13845],[74.82784,34.13869],[74.82804,34.13893],[74.82828,34.13923],[74.82842,34.1394],[74.82863,34.13961],[74.82868,34.13966],[74.82875,34.13972],[74.82895,34.13994],[74.82916,34.1402],[74.82928,34.14036],[74.82937,34.14047],[74.82995,34.14118],[74.83016,34.14142],[74.83021,34.14148],[74.83027,34.14154],[74.83068,34.14205],[74.83079,34.1422],[74.83113,34.14265],[74.83106,34.14268],[74.83061,34.1429],[74.83054,34.14294],[74.8302,34.1431],[74.82986,34.14323],[74.82973,34.14328],[74.82958,34.14334],[74.82951,34.14338],[74.82925,34.1435],[74.82896,34.14365],[74.82868,34.14379],[74.82858,34.14385],[74.82844,34.14394],[74.82802,34.14419],[74.82796,34.14422],[74.82787,34.14428],[74.82772,34.14437],[74.8277,34.14438],[74.82745,34.14452],[74.8272,34.14466],[74.82712,34.14471],[74.82702,34.14479],[74.82694,34.14486],[74.8268,34.14502],[74.82657,34.14527],[74.82652,34.14533],[74.82637,34.14551],[74.82636,34.14553],[74.82617,34.14574],[74.82605,34.14586],[74.82591,34.14597],[74.82574,34.14607],[74.82566,34.14612],[74.8256,34.14617],[74.8255,34.14625],[74.8254,34.14632],[74.82537,34.14635],[74.82532,34.1464],[74.82522,34.1465],[74.82511,34.14668],[74.82511,34.14668],[74.82504,34.14677],[74.825,34.14681],[74.82486,34.14698],[74.82483,34.14701],[74.82476,34.14709],[74.82461,34.1472],[74.82453,34.14725],[74.82447,34.14728],[74.8244,34.1473],[74.82422,34.14733],[74.82412,34.14735],[74.82409,34.14735],[74.82391,34.14736],[74.82378,34.14735],[74.82366,34.14733],[74.82364,34.14733],[74.82352,34.14731],[74.82324,34.14723],[74.82303,34.1472],[74.82281,34.1472],[74.82278,34.14721],[74.82264,34.14722],[74.82228,34.14729],[74.8221,34.14734],[74.82184,34.14743],[74.82166,34.1475],[74.82127,34.14769],[74.82092,34.14785],[74.82072,34.14796],[74.82052,34.14806],[74.8204,34.14813],[74.8203,34.14817],[74.82018,34.14822],[74.82002,34.14825],[74.82001,34.14825],[74.8199,34.14826],[74.81977,34.1483],[74.81966,34.14834],[74.8195,34.14843],[74.81941,34.14848],[74.81928,34.14851],[74.81928,34.14851],[74.81912,34.14854],[74.81888,34.14857],[74.81881,34.14858],[74.81878,34.14859],[74.81869,34.14861],[74.8186,34.14865],[74.81829,34.14881],[74.81757,34.14917],[74.81692,34.14944],[74.81692,34.14944],[74.81681,34.14949],[74.81635,34.14971],[74.81601,34.14988],[74.81541,34.15017],[74.81543,34.15026],[74.81542,34.15046],[74.81539,34.1511],[74.81534,34.15196],[74.81534,34.15207],[74.81534,34.15237],[74.81532,34.15266],[74.81531,34.15277],[74.8153,34.15312],[74.81526,34.15355],[74.81526,34.1536],[74.81524,34.15381],[74.81517,34.15462],[74.81515,34.15505],[74.81516,34.15522],[74.81518,34.15532],[74.8152,34.15536],[74.81531,34.15567],[74.81541,34.156],[74.81544,34.15615],[74.81546,34.15626],[74.81549,34.15642],[74.81555,34.15685],[74.81558,34.15697],[74.81586,34.15759],[74.81614,34.15823],[74.81637,34.15874],[74.81647,34.15897],[74.8165,34.15904],[74.81693,34.16008],[74.81706,34.16037],[74.81707,34.16038],[74.8172,34.16078],[74.81726,34.16095]]}},{"type":"Feature","properties":{"corridor_id":12,"class":"partial","od":"Nowhatta (old city) \u2194 Karan Nagar (SMHS / Medical College area) via Chotta Bazar / Medical College Road. Short central hospital-access corridor.","matched_permit":"Batamaloo to Womens College Batpora via Rainawari","confidence":"low","n_runs":22,"n_drivers":9,"median_km":5.8},"geometry":{"type":"LineString","coordinates":[[74.81824,34.09221],[74.81815,34.09222],[74.81803,34.09225],[74.81794,34.09228],[74.81786,34.09232],[74.81776,34.09238],[74.81761,34.09248],[74.81752,34.09256],[74.81751,34.09256],[74.81744,34.09262],[74.8173,34.09248],[74.81726,34.09242],[74.81722,34.09237],[74.81703,34.09201],[74.81684,34.09164],[74.81674,34.09151],[74.81663,34.09138],[74.81658,34.09133],[74.81651,34.09127],[74.81615,34.09103],[74.81596,34.09092],[74.81572,34.09076],[74.81552,34.09063],[74.81503,34.09034],[74.815,34.09032],[74.81495,34.09029],[74.81454,34.09072],[74.81447,34.09077],[74.81439,34.09084],[74.81424,34.09091],[74.81406,34.09099],[74.81395,34.09106],[74.8139,34.09111],[74.81384,34.09119],[74.8138,34.09127],[74.81378,34.09133],[74.81374,34.09143],[74.8136,34.09134],[74.81351,34.09127],[74.8134,34.09114],[74.81329,34.09102],[74.81327,34.09098],[74.81322,34.09091],[74.8132,34.09084],[74.81319,34.09081],[74.81317,34.09072],[74.81315,34.09061],[74.81313,34.09039],[74.81311,34.09027],[74.8131,34.0901],[74.8131,34.08995],[74.81309,34.08973],[74.81309,34.0896],[74.81308,34.08953],[74.81307,34.08942],[74.81305,34.08931],[74.813,34.0892],[74.81295,34.0891],[74.8128,34.08891],[74.81276,34.08887],[74.8127,34.0888],[74.81258,34.08867],[74.81238,34.08846],[74.81226,34.08834],[74.81222,34.0883],[74.8121,34.08816],[74.81204,34.08805],[74.812,34.08795],[74.81196,34.08782],[74.81194,34.08773],[74.81186,34.08745],[74.81179,34.08721],[74.81176,34.08711],[74.81166,34.08712],[74.81145,34.08713],[74.81142,34.08714],[74.81135,34.08718],[74.81053,34.0872],[74.81002,34.08721],[74.80975,34.08724],[74.80959,34.08725],[74.80909,34.08732],[74.80881,34.08738],[74.80832,34.08748],[74.8079,34.08757],[74.80773,34.08761],[74.80714,34.08767],[74.80706,34.08769],[74.80623,34.0878],[74.8062,34.0878],[74.80584,34.08786],[74.80576,34.08786],[74.80549,34.08785],[74.80536,34.08783],[74.80535,34.08783],[74.80522,34.08781],[74.80515,34.08779],[74.805,34.08772],[74.8047,34.08759],[74.80455,34.08754],[74.80453,34.08754],[74.80423,34.08748],[74.80383,34.08742],[74.8036,34.08738],[74.80354,34.08736],[74.80347,34.08735],[74.80312,34.08729],[74.8028,34.08723],[74.80272,34.0872],[74.80259,34.08716],[74.80237,34.0871],[74.8023,34.08708],[74.80225,34.08705],[74.8021,34.08698],[74.80189,34.08683],[74.80178,34.08678],[74.80165,34.08672],[74.80127,34.08664],[74.80127,34.08651],[74.80127,34.08633],[74.80129,34.08574],[74.80128,34.08547],[74.80127,34.08539],[74.80127,34.08534],[74.80129,34.0853],[74.8013,34.08526],[74.80129,34.08521],[74.80116,34.08485],[74.80114,34.08477],[74.80105,34.08441],[74.80089,34.08378],[74.80085,34.08365],[74.80081,34.08352],[74.80081,34.08349],[74.80079,34.08346],[74.80076,34.08344],[74.80081,34.08338],[74.80098,34.08318],[74.80113,34.08293],[74.80114,34.08292],[74.80117,34.0828],[74.80121,34.08264],[74.80121,34.0825],[74.80122,34.0824],[74.80118,34.08221],[74.80114,34.08203],[74.80109,34.08184],[74.80101,34.08155],[74.80097,34.08141],[74.80094,34.08132],[74.80087,34.08116],[74.80069,34.08078],[74.80068,34.08078],[74.80051,34.08051],[74.80027,34.08012],[74.80025,34.08009],[74.80005,34.07979],[74.79996,34.07966],[74.79999,34.07963],[74.80001,34.0796],[74.80001,34.07956],[74.80001,34.07952],[74.79998,34.07949],[74.79995,34.07947],[74.79994,34.07946],[74.7999,34.07945],[74.79986,34.07945],[74.79985,34.07945],[74.79983,34.07945],[74.7998,34.07946],[74.79976,34.07949],[74.79974,34.07952],[74.79973,34.07956],[74.79974,34.0796],[74.79976,34.07964],[74.79971,34.0797],[74.79934,34.08021],[74.79926,34.08032],[74.79892,34.08076],[74.7989,34.08078],[74.79877,34.08096],[74.79854,34.08129],[74.79851,34.08135],[74.79842,34.08152],[74.79835,34.08148],[74.79784,34.08123],[74.79782,34.08123],[74.79741,34.0811],[74.79732,34.08109],[74.79724,34.08107],[74.7972,34.08106],[74.79717,34.08105],[74.79709,34.08104],[74.79707,34.08104],[74.79703,34.08102],[74.79685,34.08095],[74.79675,34.08092],[74.79663,34.0809],[74.79628,34.08083],[74.79614,34.08082],[74.79582,34.08078],[74.79546,34.08076],[74.7952,34.08073],[74.79514,34.08072],[74.79503,34.0807],[74.79431,34.08056],[74.79438,34.08043],[74.79439,34.0804],[74.79447,34.07974],[74.79453,34.07921],[74.79454,34.07919],[74.79462,34.07825],[74.79465,34.07787],[74.79469,34.07731],[74.79477,34.0761],[74.79478,34.07576],[74.79482,34.07563],[74.79485,34.07559],[74.79493,34.07552],[74.7948,34.07546],[74.79473,34.07552],[74.79468,34.07561],[74.79465,34.07575],[74.79462,34.07608],[74.79461,34.07652],[74.79458,34.07731],[74.79451,34.07823],[74.79449,34.07847],[74.79393,34.07837],[74.79393,34.07837],[74.79385,34.07834],[74.7938,34.07831],[74.79379,34.07828],[74.79378,34.07824],[74.79376,34.07777],[74.79374,34.07771],[74.79371,34.07768],[74.79366,34.07768],[74.79337,34.0778],[74.79331,34.07781],[74.79327,34.0778],[74.79324,34.07778],[74.79324,34.07777],[74.79322,34.07772],[74.79323,34.07767],[74.79324,34.07753],[74.79324,34.07745],[74.79322,34.07737],[74.79317,34.07726],[74.79309,34.07699],[74.79304,34.07657],[74.79305,34.07611],[74.79306,34.07584],[74.79307,34.07547],[74.79413,34.07546],[74.79422,34.07546],[74.79465,34.07547],[74.79473,34.07552],[74.79468,34.07561],[74.79465,34.07575],[74.79462,34.07608],[74.79461,34.07652],[74.79458,34.07731],[74.79457,34.07752],[74.79452,34.07819],[74.79451,34.07823],[74.79449,34.07847],[74.79444,34.07916],[74.79444,34.07921],[74.79439,34.07961],[74.79437,34.07975],[74.79429,34.08019],[74.79429,34.08019]]}},{"type":"Feature","properties":{"corridor_id":13,"class":"partial","od":"Karan Nagar \u2194 Nawa Kadal via Noor Bagh (NW Srinagar, Qamarwari area).","matched_permit":"Parimpora to Saidakadal","confidence":"low","n_runs":15,"n_drivers":2,"median_km":5.7},"geometry":{"type":"LineString","coordinates":[[74.79605,34.08569],[74.79596,34.08588],[74.79586,34.08611],[74.79582,34.08622],[74.79578,34.0863],[74.79577,34.08633],[74.79573,34.08637],[74.79544,34.08682],[74.79527,34.08708],[74.79522,34.08715],[74.7949,34.08763],[74.79459,34.08811],[74.79452,34.08821],[74.79441,34.08837],[74.79429,34.08847],[74.79416,34.08858],[74.79409,34.08856],[74.79402,34.08855],[74.79397,34.08855],[74.79387,34.08856],[74.79387,34.08856],[74.79376,34.08856],[74.79358,34.08854],[74.7932,34.08849],[74.79312,34.08849],[74.79296,34.08848],[74.79254,34.08841],[74.79228,34.08838],[74.79192,34.08833],[74.79174,34.08833],[74.79164,34.08836],[74.79121,34.08853],[74.79112,34.08857],[74.79107,34.08859],[74.79071,34.08874],[74.79045,34.0888],[74.7904,34.0888],[74.79031,34.0888],[74.79022,34.08881],[74.7901,34.08882],[74.78991,34.08884],[74.78952,34.08887],[74.78948,34.08888],[74.78938,34.0889],[74.78924,34.08895],[74.78915,34.08896],[74.78884,34.08898],[74.78854,34.08898],[74.78847,34.08898],[74.78784,34.08898],[74.78768,34.08898],[74.78766,34.08898],[74.7876,34.08898],[74.78737,34.08895],[74.78686,34.08894],[74.78676,34.08893],[74.78637,34.08891],[74.78588,34.08889],[74.78521,34.08886],[74.78511,34.08886],[74.78499,34.08889],[74.78487,34.08893],[74.7848,34.08897],[74.78475,34.089],[74.78442,34.08918],[74.78408,34.08931],[74.78381,34.08939],[74.78362,34.08946],[74.78318,34.08962],[74.78306,34.08967],[74.78279,34.08977],[74.78255,34.08986],[74.78196,34.09014],[74.78179,34.09022],[74.78147,34.09037],[74.78097,34.09063],[74.78093,34.09065],[74.78044,34.09092],[74.78028,34.09098],[74.78022,34.091],[74.77994,34.09107],[74.77946,34.09117],[74.77929,34.09121],[74.77872,34.09132],[74.77847,34.09138],[74.77837,34.09142],[74.77825,34.09136],[74.77822,34.09133],[74.7782,34.09136],[74.77814,34.09154],[74.77814,34.0916],[74.77794,34.09162],[74.77781,34.09164],[74.77765,34.09163],[74.77754,34.0916],[74.77726,34.09152],[74.77748,34.0912],[74.77756,34.09109],[74.77751,34.09106],[74.77749,34.09105],[74.77741,34.09117],[74.77652,34.09247],[74.77629,34.09245],[74.77622,34.09245],[74.77617,34.09246],[74.77613,34.09247],[74.77601,34.09254],[74.77593,34.0926],[74.77581,34.09266],[74.77551,34.0928],[74.77506,34.09292],[74.77498,34.0924],[74.77496,34.09237],[74.77492,34.09235],[74.77488,34.09234],[74.77478,34.09235],[74.77473,34.09234],[74.7747,34.09231],[74.77468,34.09225],[74.7746,34.09162],[74.77457,34.09156],[74.77456,34.09154],[74.77455,34.09153],[74.77453,34.09153],[74.77451,34.09153],[74.77388,34.09169],[74.7732,34.09181],[74.77309,34.09184],[74.77305,34.09185],[74.77303,34.09185],[74.77301,34.09185],[74.77297,34.09183],[74.77289,34.09177],[74.77286,34.09175],[74.77282,34.09174],[74.77274,34.09175],[74.77241,34.09181],[74.77237,34.09152],[74.77234,34.09115],[74.77235,34.09087],[74.77233,34.0907],[74.77226,34.09023],[74.77256,34.09005],[74.7729,34.08981],[74.77345,34.08955],[74.77357,34.0894],[74.77364,34.08923],[74.7737,34.08902],[74.77396,34.08875],[74.77422,34.08855],[74.7745,34.08833],[74.77473,34.08816],[74.77507,34.08785],[74.77589,34.08831],[74.77611,34.08826],[74.77621,34.08826],[74.77743,34.08895],[74.77763,34.08903],[74.77861,34.08934],[74.77863,34.08934],[74.77863,34.08934],[74.77863,34.08934],[74.77839,34.08969],[74.77824,34.08991],[74.77799,34.09028],[74.77782,34.09052],[74.77754,34.09098],[74.77749,34.09105],[74.77741,34.09117],[74.77702,34.09173],[74.77661,34.09233],[74.77652,34.09247],[74.77626,34.09284],[74.77623,34.09289],[74.77574,34.09355],[74.77571,34.09359],[74.77559,34.09376],[74.77538,34.09405],[74.77522,34.0943],[74.77491,34.09475],[74.77481,34.09489],[74.7742,34.0958],[74.77419,34.09581],[74.77408,34.09595],[74.77393,34.09609],[74.77374,34.09625],[74.77357,34.09638],[74.77336,34.09654],[74.77276,34.09698],[74.77266,34.09705],[74.77257,34.09712],[74.77176,34.09772],[74.77147,34.09793],[74.77113,34.09816],[74.77098,34.09827],[74.77032,34.09873],[74.77001,34.09894],[74.76949,34.0993],[74.76869,34.09985],[74.76842,34.10003],[74.76833,34.10009],[74.76791,34.10039],[74.76779,34.10047],[74.76768,34.10055],[74.76756,34.10062],[74.76749,34.10067],[74.7671,34.10092],[74.76647,34.10133],[74.76629,34.10145],[74.76567,34.10187],[74.76484,34.10243]]}},{"type":"Feature","properties":{"corridor_id":14,"class":"partial","od":"Batamaloo (main Srinagar terminal) \u2194 Budgam / Badgam (Budgam district HQ) via Peerbagh.","matched_permit":"","confidence":"low","n_runs":9,"n_drivers":3,"median_km":13.5},"geometry":{"type":"LineString","coordinates":[[74.79422,34.07546],[74.79465,34.07547],[74.79468,34.07542],[74.79425,34.07541],[74.79417,34.07541],[74.79338,34.0754],[74.7932,34.0754],[74.79274,34.07541],[74.79256,34.07541],[74.79243,34.07542],[74.79225,34.07546],[74.79213,34.07549],[74.79199,34.07549],[74.79177,34.07549],[74.79173,34.07549],[74.7909,34.07548],[74.79062,34.07546],[74.79059,34.07546],[74.79025,34.07543],[74.78969,34.07541],[74.78945,34.07538],[74.78929,34.07537],[74.78895,34.07535],[74.78891,34.07535],[74.78851,34.07533],[74.78843,34.07532],[74.7883,34.07529],[74.78818,34.07523],[74.7881,34.07516],[74.78808,34.07514],[74.78802,34.07503],[74.78797,34.07483],[74.78798,34.07462],[74.78802,34.07439],[74.78809,34.07405],[74.78808,34.07395],[74.78815,34.0737],[74.78828,34.07321],[74.78834,34.07298],[74.78841,34.07271],[74.78864,34.07178],[74.78865,34.07164],[74.78862,34.07154],[74.78862,34.07153],[74.78854,34.07142],[74.78845,34.07134],[74.78795,34.07111],[74.7879,34.07109],[74.78711,34.07072],[74.78687,34.07062],[74.7868,34.0706],[74.7867,34.0706],[74.7866,34.07062],[74.78644,34.07066],[74.78633,34.0707],[74.78623,34.07074],[74.78614,34.07075],[74.7861,34.07075],[74.78595,34.07073],[74.78583,34.07069],[74.78566,34.0706],[74.78526,34.07037],[74.78516,34.07031],[74.78468,34.07],[74.78447,34.06987],[74.78435,34.06978],[74.78406,34.0696],[74.78388,34.06949],[74.78327,34.06911],[74.78315,34.06904],[74.78284,34.0688],[74.78271,34.0687],[74.78247,34.0685],[74.7824,34.06842],[74.78211,34.06809],[74.78208,34.06805],[74.78161,34.06753],[74.78118,34.06705],[74.78103,34.06686],[74.78082,34.06662],[74.78046,34.06622],[74.78043,34.06618],[74.7804,34.06615],[74.7796,34.06529],[74.7795,34.06519],[74.77989,34.06505],[74.78034,34.06489],[74.78107,34.06462],[74.78126,34.06455],[74.78161,34.06445],[74.78202,34.06431],[74.78225,34.0642],[74.78251,34.06408],[74.78279,34.06394],[74.78308,34.06378],[74.78355,34.06351],[74.78362,34.06347],[74.78374,34.06338],[74.78405,34.06309],[74.78428,34.06287],[74.78437,34.06277],[74.78457,34.06256],[74.78463,34.06249],[74.78465,34.06247],[74.78491,34.0622],[74.78513,34.06192],[74.78528,34.06173],[74.7854,34.06155],[74.78549,34.06141],[74.7856,34.06121],[74.78567,34.06106],[74.78568,34.06105],[74.78572,34.06094],[74.78578,34.06077],[74.78586,34.06052],[74.78591,34.0603],[74.78599,34.05998],[74.78603,34.05987],[74.78614,34.05953],[74.78626,34.05913],[74.78637,34.05871],[74.78642,34.05849],[74.78647,34.05829],[74.78652,34.05812],[74.78657,34.05794],[74.78666,34.05752],[74.78677,34.05709],[74.78681,34.05686],[74.78694,34.0562],[74.78706,34.05556],[74.78714,34.05517],[74.7872,34.05468],[74.78723,34.05439],[74.78745,34.05257],[74.78746,34.0525],[74.7875,34.05226],[74.78758,34.05186],[74.78798,34.0498],[74.788,34.04973],[74.7882,34.04879],[74.78838,34.04794],[74.78848,34.04793],[74.78849,34.04769],[74.78861,34.04734],[74.78862,34.04727],[74.78869,34.04684],[74.78871,34.04671],[74.78887,34.04591],[74.78896,34.04546],[74.78903,34.04512],[74.78906,34.04496],[74.78913,34.04464],[74.78918,34.04446],[74.78928,34.04382],[74.7893,34.04371],[74.78946,34.04303],[74.78946,34.04266],[74.78958,34.04223],[74.78961,34.04208],[74.78974,34.04142],[74.78983,34.04097],[74.79008,34.03975],[74.79019,34.03921],[74.79037,34.03832],[74.7904,34.03816],[74.79044,34.03798],[74.79045,34.03788],[74.79047,34.03774],[74.79049,34.03764],[74.79013,34.03782],[74.78987,34.03799],[74.78971,34.03809],[74.78925,34.0384],[74.7888,34.0387],[74.7886,34.03886],[74.78844,34.03893],[74.78832,34.03895],[74.7882,34.03895],[74.78812,34.03892],[74.78804,34.03889],[74.78787,34.03878],[74.78782,34.03875],[74.78764,34.03862],[74.78715,34.03821],[74.78703,34.0381],[74.787,34.03807],[74.78677,34.03786],[74.78667,34.03776],[74.78653,34.03766],[74.78634,34.03751],[74.78611,34.03737],[74.78588,34.03721],[74.78566,34.03704],[74.78552,34.03691],[74.78541,34.03677],[74.78533,34.03668],[74.78513,34.03639],[74.78499,34.03615],[74.78491,34.03602],[74.78432,34.03497],[74.78406,34.03452],[74.78402,34.03445],[74.78401,34.03443],[74.78381,34.03409],[74.7836,34.03379],[74.78347,34.0336],[74.78334,34.03346],[74.78324,34.03335],[74.78308,34.03318],[74.78292,34.03302],[74.78258,34.03272],[74.78198,34.03215],[74.78194,34.03211],[74.7818,34.032],[74.78166,34.03189],[74.78136,34.03163],[74.78117,34.03144],[74.78105,34.0313],[74.78049,34.03061],[74.78048,34.03061],[74.78002,34.0301],[74.77988,34.02993],[74.77969,34.0297],[74.77958,34.02956],[74.77903,34.02887],[74.77885,34.02866],[74.77844,34.02815],[74.77842,34.02813],[74.77817,34.02784],[74.77787,34.02755],[74.77774,34.02742],[74.7776,34.02728],[74.77734,34.02699],[74.77692,34.02646],[74.77691,34.02645],[74.77617,34.02556],[74.77606,34.02544],[74.7757,34.02507],[74.77548,34.02484],[74.77524,34.02459],[74.77497,34.02432],[74.77496,34.0243],[74.77451,34.02385],[74.7744,34.02375],[74.77438,34.02373],[74.77383,34.02324],[74.77374,34.02318],[74.77346,34.02299],[74.77335,34.02293],[74.77318,34.02283],[74.77294,34.0227],[74.77253,34.02246],[74.77235,34.02237],[74.77205,34.02219],[74.77116,34.02171],[74.77063,34.02141],[74.77043,34.02131],[74.7704,34.02129],[74.77031,34.02124],[74.77025,34.02131],[74.77016,34.02141],[74.7701,34.02148],[74.77003,34.02156],[74.76998,34.02161],[74.7699,34.02167],[74.76978,34.02172],[74.76968,34.02178],[74.76947,34.02185],[74.76933,34.02193],[74.76902,34.02203],[74.76896,34.02205],[74.7687,34.02214],[74.76833,34.02227],[74.76791,34.02242],[74.76776,34.02247],[74.76769,34.02249],[74.76762,34.02252],[74.76726,34.02264],[74.76715,34.02268],[74.76618,34.02301],[74.76597,34.02308],[74.76576,34.02317],[74.76542,34.02331],[74.76534,34.02334],[74.76467,34.02366],[74.76427,34.0238],[74.76397,34.0239],[74.76361,34.02402],[74.76275,34.02428],[74.76274,34.02428],[74.76257,34.02434],[74.76241,34.02442],[74.76203,34.02459],[74.7618,34.02468],[74.76163,34.02475],[74.76151,34.02479],[74.76092,34.02497],[74.75955,34.0254],[74.75828,34.02581],[74.75795,34.02592],[74.75695,34.02633],[74.75621,34.02664],[74.75583,34.02683],[74.75573,34.02689],[74.75531,34.02716],[74.75459,34.02763],[74.75401,34.02799],[74.75314,34.02846],[74.7531,34.02849],[74.75249,34.02882],[74.75247,34.02883],[74.75218,34.02902],[74.75189,34.02924],[74.7516,34.02951],[74.75147,34.02963],[74.75135,34.0297],[74.75123,34.02973],[74.75112,34.02974],[74.75102,34.02973],[74.75101,34.02973],[74.75002,34.02952],[74.74958,34.02942],[74.74937,34.02937],[74.74923,34.02928],[74.74907,34.02914],[74.74871,34.02872],[74.74858,34.02855],[74.74849,34.02843],[74.74842,34.0283],[74.74839,34.02825],[74.7481,34.02763],[74.74804,34.02755],[74.74799,34.0275],[74.74793,34.02748],[74.74785,34.02744],[74.74773,34.0274],[74.74754,34.02736],[74.74701,34.02732],[74.74688,34.02733],[74.74679,34.02734],[74.74636,34.02747],[74.74614,34.02754],[74.74604,34.02756],[74.74594,34.02755],[74.74585,34.02753],[74.74578,34.02746],[74.74572,34.02737],[74.74568,34.0273],[74.74566,34.02727],[74.74544,34.02682],[74.74531,34.02669],[74.74516,34.02657],[74.745,34.02648],[74.74487,34.02646],[74.74452,34.02645],[74.7442,34.02646],[74.74411,34.02646],[74.74389,34.02646],[74.74373,34.02647],[74.74362,34.02649],[74.74317,34.02656],[74.74308,34.02658],[74.74301,34.02659],[74.74283,34.02662],[74.74196,34.0267],[74.74183,34.02672],[74.74178,34.02675],[74.74172,34.0268],[74.74125,34.02739],[74.74122,34.02742],[74.74079,34.02805],[74.74067,34.02822],[74.74053,34.02837],[74.74002,34.02886],[74.73996,34.02891],[74.7399,34.02896],[74.73983,34.029],[74.73973,34.02904],[74.73955,34.02911],[74.73921,34.02922],[74.73906,34.02927],[74.739,34.02929],[74.73884,34.02937],[74.73876,34.02942],[74.73872,34.02945],[74.73858,34.02957],[74.73829,34.02983],[74.73784,34.03026],[74.73783,34.03027],[74.73778,34.03029],[74.73772,34.03031],[74.73763,34.03033],[74.73759,34.03032],[74.73704,34.02996],[74.73695,34.02991],[74.73652,34.02961],[74.73643,34.02953],[74.73635,34.02943],[74.7362,34.02923],[74.73603,34.02901],[74.73586,34.02878],[74.73571,34.02858],[74.7356,34.02839],[74.7355,34.02817],[74.73548,34.02815],[74.73527,34.02777],[74.73517,34.02761],[74.73479,34.0271],[74.7347,34.02699],[74.7346,34.02688],[74.73459,34.02687],[74.7342,34.02642],[74.73403,34.02622],[74.73398,34.02616],[74.73397,34.02615],[74.73395,34.02608],[74.73394,34.026],[74.734,34.02526],[74.734,34.02518],[74.73398,34.02514],[74.73392,34.02506],[74.73382,34.02499],[74.73367,34.02492],[74.73355,34.02488],[74.73349,34.02487],[74.73331,34.02484],[74.73318,34.02483],[74.73303,34.0248],[74.73273,34.02476],[74.73222,34.02465],[74.73218,34.02464],[74.73206,34.02461],[74.73186,34.02455],[74.73174,34.02452],[74.73165,34.02449],[74.73124,34.02427],[74.73115,34.02421],[74.73099,34.02412],[74.73057,34.02398],[74.73055,34.02397],[74.73035,34.02388],[74.7302,34.02382],[74.73012,34.02376],[74.73009,34.02373],[74.73004,34.02366],[74.73002,34.02362],[74.73002,34.02361],[74.72995,34.02344],[74.72988,34.02326],[74.72984,34.0232],[74.7298,34.02315],[74.7297,34.02308],[74.72955,34.02299],[74.72937,34.02291],[74.72902,34.02274],[74.72892,34.02265],[74.72885,34.02258],[74.72877,34.02246],[74.72875,34.02243],[74.72864,34.02224],[74.72853,34.02211],[74.72864,34.02224],[74.72872,34.02239]]}},{"type":"Feature","properties":{"corridor_id":15,"class":"partial","od":"Rambagh (SW-central Srinagar) \u2194 Ellahibagh (NE) via Rainawari \u2014 a long cross-city diagonal along the Dal-east side.","matched_permit":"Batamaloo to Hazratbal via Khanyar","confidence":"low","n_runs":7,"n_drivers":4,"median_km":18.3},"geometry":{"type":"LineString","coordinates":[[74.80405,34.05104],[74.80356,34.05066],[74.80347,34.05058],[74.80305,34.0502],[74.80293,34.05008],[74.80289,34.05003],[74.80255,34.04959],[74.80252,34.04954],[74.80259,34.04948],[74.80268,34.04944],[74.80257,34.04943],[74.80246,34.04957],[74.80234,34.04969],[74.80215,34.04977],[74.80178,34.04986],[74.80178,34.04994],[74.80175,34.05029],[74.80175,34.05032],[74.80153,34.05031],[74.80084,34.05027],[74.80036,34.05016],[74.80014,34.05008],[74.7998,34.04996],[74.79892,34.04964],[74.79845,34.04956],[74.79794,34.04951],[74.79753,34.04955],[74.79712,34.04963],[74.79753,34.04955],[74.79794,34.04951],[74.79845,34.04956],[74.7988,34.04962],[74.79892,34.04964],[74.7998,34.04996],[74.80014,34.05008],[74.80036,34.05016],[74.80059,34.05021],[74.80084,34.05027],[74.80153,34.05031],[74.80175,34.05032],[74.80175,34.05029],[74.80178,34.04994],[74.80178,34.04986],[74.80179,34.04977],[74.80199,34.04972],[74.80215,34.04967],[74.80228,34.04962],[74.8024,34.04956],[74.80245,34.04963],[74.8028,34.05007],[74.80296,34.05026],[74.80327,34.05055],[74.80345,34.05069],[74.80368,34.05087],[74.80379,34.05096],[74.80431,34.05139],[74.8045,34.05157],[74.80457,34.05168],[74.80465,34.0518],[74.80471,34.05199],[74.80473,34.05217],[74.80472,34.05229],[74.80472,34.0523],[74.80467,34.05261],[74.8046,34.05322],[74.80458,34.05347],[74.80457,34.05374],[74.80457,34.05374],[74.80456,34.05383],[74.80446,34.05422],[74.80433,34.05464],[74.80431,34.05475],[74.80429,34.05494],[74.80427,34.05506],[74.80419,34.05528],[74.80414,34.05537],[74.80405,34.05553],[74.80367,34.05628],[74.80347,34.05676],[74.80333,34.05702],[74.8033,34.05709],[74.80311,34.05754],[74.80269,34.05864],[74.80261,34.05898],[74.80257,34.05916],[74.80253,34.0593],[74.80248,34.05945],[74.80245,34.05973],[74.80238,34.06029],[74.80236,34.06109],[74.80236,34.06115],[74.80237,34.06121],[74.8024,34.06141],[74.80241,34.06157],[74.80245,34.06192],[74.80246,34.06204],[74.80254,34.0624],[74.80267,34.063],[74.80275,34.06327],[74.80286,34.06367],[74.8029,34.06377],[74.80292,34.06384],[74.80299,34.06406],[74.80304,34.0642],[74.8032,34.06462],[74.80323,34.0647],[74.80331,34.06497],[74.80338,34.06519],[74.80343,34.06548],[74.80348,34.06573],[74.80352,34.06599],[74.80355,34.06612],[74.80357,34.06626],[74.80361,34.06655],[74.8036,34.06676],[74.8036,34.06696],[74.80358,34.06706],[74.80356,34.06726],[74.80351,34.06775],[74.80347,34.0681],[74.80346,34.06827],[74.80343,34.06891],[74.80342,34.06902],[74.8034,34.06923],[74.80337,34.06941],[74.80336,34.06958],[74.80336,34.06959],[74.80335,34.06977],[74.80335,34.07008],[74.80337,34.07039],[74.80345,34.07064],[74.80352,34.07085],[74.80371,34.07113],[74.80381,34.07141],[74.80383,34.07147],[74.80389,34.07164],[74.804,34.07162],[74.80415,34.07161],[74.80419,34.07161],[74.80429,34.07162],[74.80466,34.07164],[74.80475,34.07164],[74.80476,34.07164],[74.80542,34.07167],[74.80546,34.07167],[74.80591,34.07167],[74.80601,34.07162],[74.80615,34.07163],[74.80726,34.07165],[74.8073,34.07166],[74.80873,34.07169],[74.8088,34.0717],[74.80895,34.07173],[74.80908,34.07188],[74.80926,34.07191],[74.80926,34.07203],[74.80929,34.07207],[74.80957,34.07253],[74.80985,34.07297],[74.8099,34.07305],[74.81034,34.07365],[74.81048,34.07383],[74.81073,34.07417],[74.81084,34.07428],[74.811,34.0744],[74.81122,34.07455],[74.81132,34.07468],[74.81139,34.07481],[74.81145,34.07495],[74.8115,34.07507],[74.81155,34.07525],[74.81156,34.07528],[74.81161,34.07544],[74.81167,34.07559],[74.81177,34.07579],[74.81216,34.07652],[74.81222,34.07665],[74.81241,34.07707],[74.81246,34.07714],[74.81255,34.07721],[74.81279,34.07731],[74.81297,34.07737],[74.81312,34.0774],[74.81313,34.07753],[74.81315,34.07776],[74.81316,34.07784],[74.81317,34.07791],[74.81319,34.07826],[74.81319,34.07833],[74.81341,34.07836],[74.81358,34.07838],[74.81389,34.0784],[74.81404,34.0784],[74.81417,34.07841],[74.81435,34.07844],[74.81523,34.07856],[74.81605,34.07872],[74.8162,34.07875],[74.81641,34.0788],[74.81675,34.07887],[74.81735,34.07895],[74.81752,34.07899],[74.81768,34.07903],[74.81818,34.07921],[74.8187,34.07937],[74.8189,34.07943],[74.81905,34.07948],[74.81945,34.07955],[74.81954,34.07958],[74.81966,34.07961],[74.81973,34.07962],[74.81983,34.07963],[74.81987,34.07964],[74.81988,34.07966],[74.8199,34.07968],[74.81988,34.07978],[74.81978,34.08034],[74.81973,34.08062],[74.81972,34.08068],[74.81964,34.081],[74.81955,34.08133],[74.8194,34.08176],[74.81934,34.08199],[74.81934,34.082],[74.81932,34.08208],[74.8193,34.08221],[74.81929,34.08239],[74.81931,34.0826],[74.8194,34.08323],[74.81949,34.08322],[74.81958,34.08321],[74.81976,34.0832],[74.8208,34.08311],[74.82102,34.08311],[74.82111,34.08311],[74.82125,34.08313],[74.82141,34.08317],[74.82142,34.08318],[74.82159,34.08324],[74.8218,34.08336],[74.82209,34.08356],[74.82218,34.08363],[74.82257,34.08421],[74.8229,34.0847],[74.82278,34.0848],[74.82273,34.08487],[74.82269,34.08494],[74.82268,34.08504],[74.82269,34.08512],[74.82272,34.0852],[74.82278,34.08528],[74.82287,34.08538],[74.82291,34.08542],[74.823,34.08552],[74.82314,34.08568],[74.8232,34.08578],[74.82329,34.08592],[74.82334,34.08603],[74.8234,34.08616],[74.82342,34.08623],[74.82343,34.08626],[74.82343,34.08629],[74.82341,34.08632],[74.82308,34.08681],[74.82305,34.08684],[74.82295,34.08694],[74.82287,34.08702],[74.82281,34.0871],[74.82277,34.08716],[74.82273,34.08723],[74.8227,34.08731],[74.82264,34.08747],[74.82251,34.08782],[74.8224,34.08807],[74.82228,34.08831],[74.82218,34.0885],[74.82208,34.08869],[74.82199,34.08885],[74.82194,34.08894],[74.82187,34.08904],[74.82176,34.08917],[74.82174,34.08921],[74.82171,34.08927],[74.82161,34.08935],[74.82149,34.08946],[74.82125,34.08969],[74.82116,34.08972],[74.82109,34.0898],[74.82076,34.09015],[74.82054,34.0904],[74.82049,34.09046],[74.82025,34.09076],[74.82014,34.09089],[74.82004,34.09099],[74.81987,34.09114],[74.81984,34.09121],[74.81971,34.09131],[74.8196,34.09141],[74.81943,34.09159],[74.81942,34.09161],[74.81928,34.09177],[74.81938,34.09198],[74.81949,34.0922],[74.81985,34.09298],[74.81998,34.09325],[74.82009,34.09347],[74.82012,34.09354],[74.82031,34.09392],[74.82059,34.09447],[74.82068,34.09469],[74.82075,34.09483],[74.82077,34.0949],[74.82112,34.09556],[74.82133,34.09592],[74.82133,34.09593],[74.82143,34.09613],[74.82152,34.09629],[74.82186,34.09684],[74.82197,34.09701],[74.82213,34.09723],[74.82226,34.09732],[74.82266,34.09757],[74.82277,34.09764],[74.82288,34.09775],[74.8229,34.09776],[74.82299,34.09788],[74.82305,34.09802],[74.82293,34.09832],[74.82281,34.09859],[74.82274,34.09877],[74.82272,34.09886],[74.8226,34.09914],[74.82246,34.09953],[74.82241,34.09968],[74.82237,34.09981],[74.82226,34.10029],[74.82223,34.10117],[74.82221,34.1013],[74.8222,34.10135],[74.82219,34.10139],[74.8221,34.10172],[74.82208,34.10189],[74.82206,34.102],[74.82208,34.10217],[74.82211,34.10226],[74.82214,34.10233],[74.82225,34.10249],[74.82246,34.10272],[74.82247,34.10273],[74.8226,34.10285],[74.82295,34.10307],[74.82315,34.10318],[74.82338,34.10328],[74.82399,34.10349],[74.82432,34.1036],[74.82482,34.10376],[74.82526,34.1039],[74.82541,34.10395],[74.82584,34.10409],[74.82643,34.10427],[74.82695,34.1044],[74.82731,34.10448],[74.82744,34.1045],[74.82754,34.10452],[74.82778,34.10455],[74.82821,34.10459],[74.82852,34.1046],[74.82897,34.10453],[74.82904,34.10452],[74.82923,34.10447],[74.82924,34.10447],[74.82958,34.10442],[74.82972,34.10441],[74.82985,34.10442],[74.83002,34.10444],[74.83016,34.10446],[74.83138,34.10461],[74.83146,34.10462],[74.8315,34.10463],[74.83157,34.10464],[74.83177,34.10467],[74.83186,34.1047],[74.83187,34.1047],[74.83193,34.10472],[74.832,34.10475],[74.83205,34.10478],[74.83214,34.10485],[74.83229,34.105],[74.8324,34.10514],[74.83246,34.10522],[74.83262,34.10543],[74.83303,34.10597],[74.83309,34.10605],[74.83373,34.10695],[74.83412,34.10745],[74.83427,34.10764],[74.83446,34.1079],[74.83475,34.10828],[74.83514,34.10879],[74.8354,34.10913],[74.83555,34.10932],[74.83578,34.10961],[74.83597,34.10984],[74.83616,34.11007],[74.83621,34.11012],[74.83624,34.11016],[74.83644,34.1104],[74.83648,34.11045],[74.83684,34.11089],[74.83693,34.111],[74.83703,34.11111],[74.83725,34.11137],[74.83728,34.1114],[74.83737,34.11151],[74.83743,34.11165],[74.83744,34.1117],[74.83746,34.11176],[74.83747,34.11194],[74.83746,34.11214],[74.83744,34.11239],[74.83742,34.11251],[74.8374,34.11257],[74.83736,34.11264],[74.8373,34.11274],[74.83723,34.11283],[74.83718,34.11289],[74.83714,34.11295],[74.83709,34.11301],[74.83703,34.11311],[74.83701,34.11315],[74.83678,34.11359],[74.83673,34.11363],[74.83662,34.11383],[74.83657,34.11393],[74.83654,34.114],[74.83626,34.11484],[74.83606,34.11543],[74.83604,34.11552],[74.83594,34.11598],[74.83586,34.11644],[74.83583,34.11661],[74.8358,34.11674],[74.83575,34.11702],[74.83567,34.11774],[74.83563,34.11833],[74.83561,34.1186],[74.83558,34.11882],[74.83551,34.11928],[74.83544,34.11974],[74.83541,34.12],[74.83536,34.12029],[74.83536,34.12032],[74.83531,34.12067],[74.8353,34.12077],[74.83529,34.12084],[74.8353,34.12089],[74.83535,34.12101],[74.83543,34.12109],[74.83545,34.12115],[74.83556,34.12143],[74.83564,34.12163],[74.83565,34.12166],[74.83595,34.1224],[74.83617,34.12297],[74.83621,34.12305],[74.83626,34.12323],[74.83629,34.12329],[74.83631,34.12334],[74.83636,34.12348],[74.83648,34.12372],[74.83653,34.12383],[74.83668,34.12407],[74.83671,34.12411],[74.83691,34.12437],[74.83723,34.12485],[74.83732,34.12499],[74.83746,34.1252],[74.83764,34.1254],[74.83811,34.12589],[74.83845,34.12627],[74.83869,34.12654],[74.83877,34.12666],[74.83883,34.12678],[74.8388,34.12682],[74.8388,34.12683],[74.83879,34.12688],[74.8388,34.12713],[74.83882,34.1276],[74.83881,34.1277],[74.83878,34.12772],[74.83876,34.12774],[74.83875,34.12778],[74.83875,34.12781],[74.83877,34.12783],[74.83879,34.12785],[74.83876,34.12808],[74.83873,34.12823],[74.83857,34.12906],[74.83857,34.12916],[74.83858,34.1292],[74.83859,34.12923],[74.8387,34.12921],[74.8388,34.12921],[74.83902,34.12923],[74.83912,34.12925],[74.83917,34.12926],[74.83933,34.12929],[74.83965,34.12936],[74.84002,34.12943],[74.84055,34.12952],[74.84083,34.12957],[74.84086,34.12957],[74.841,34.12958],[74.84112,34.1296],[74.8413,34.12963],[74.84142,34.12966],[74.84152,34.12969],[74.8416,34.12973],[74.84171,34.12979],[74.84168,34.12982],[74.84171,34.12979],[74.8416,34.12973],[74.84152,34.12969],[74.84142,34.12966],[74.8413,34.12963],[74.84112,34.1296],[74.841,34.12958],[74.84086,34.12957],[74.84055,34.12952],[74.84002,34.12943],[74.83965,34.12936],[74.83961,34.12935],[74.83933,34.12929],[74.83917,34.12926],[74.83902,34.12923],[74.8388,34.12921],[74.8387,34.12921],[74.83867,34.12915],[74.83866,34.12907],[74.83875,34.12862],[74.83886,34.12808],[74.83891,34.12784],[74.83893,34.12782],[74.83894,34.12779],[74.83894,34.12777],[74.83893,34.12774],[74.83891,34.12772],[74.83888,34.1277],[74.83885,34.1277],[74.83881,34.1277],[74.83878,34.12772],[74.83876,34.12774],[74.83781,34.12769],[74.83739,34.12766],[74.83688,34.12763],[74.83686,34.12763],[74.83633,34.12759],[74.83608,34.12757],[74.83601,34.12757],[74.83535,34.12753],[74.83478,34.12748],[74.83454,34.12746],[74.83412,34.12742],[74.83376,34.12739],[74.83313,34.12735],[74.833,34.12734],[74.83285,34.12734],[74.83257,34.12732],[74.83237,34.12732],[74.83229,34.12733],[74.83223,34.12734],[74.83219,34.12736],[74.83216,34.12739],[74.83212,34.12744],[74.83207,34.12755],[74.83206,34.1276],[74.83199,34.12779],[74.83191,34.12799],[74.83186,34.12816],[74.83183,34.12832],[74.83182,34.12839],[74.83178,34.12859],[74.83177,34.12878],[74.83173,34.12909],[74.83171,34.12924],[74.83169,34.12938],[74.83165,34.12955],[74.8316,34.12967],[74.83157,34.12974],[74.83154,34.12981],[74.8314,34.13006],[74.83128,34.1303],[74.83112,34.13064],[74.83093,34.13101],[74.83088,34.1311],[74.83088,34.13111],[74.83081,34.13122],[74.83074,34.13134],[74.83061,34.13152],[74.83048,34.13171],[74.83041,34.13182],[74.83037,34.13194],[74.83034,34.13209],[74.83028,34.13241],[74.83028,34.13249],[74.83025,34.13268],[74.83025,34.13269],[74.8302,34.13292],[74.83012,34.13325],[74.83001,34.13355],[74.82996,34.13366],[74.8299,34.13377],[74.82981,34.1339],[74.82956,34.13425],[74.82938,34.13452],[74.82922,34.13477],[74.82921,34.13478],[74.82916,34.13485],[74.82915,34.13486],[74.82897,34.13511],[74.8289,34.13522],[74.82861,34.13563],[74.82857,34.13565],[74.82851,34.13567],[74.82843,34.1357],[74.82835,34.13571],[74.8284,34.13577],[74.82851,34.13587],[74.82864,34.13594],[74.82879,34.136],[74.82891,34.13606],[74.82922,34.13616],[74.82973,34.13631],[74.83017,34.13642],[74.83024,34.13644],[74.83044,34.1365],[74.8309,34.13661],[74.83124,34.13669],[74.83142,34.13674],[74.83157,34.13677],[74.83189,34.13685],[74.83157,34.13677],[74.83153,34.13676],[74.83142,34.13674],[74.83124,34.13669],[74.8309,34.13661],[74.83044,34.1365],[74.83017,34.13642],[74.82983,34.13634],[74.82973,34.13631],[74.82922,34.13616],[74.82891,34.13606],[74.82864,34.13594],[74.82851,34.13587],[74.8284,34.13577],[74.82835,34.13571],[74.82832,34.13571],[74.82827,34.13572],[74.8282,34.13572],[74.82808,34.1357],[74.82807,34.1357],[74.82797,34.13568],[74.82781,34.13563],[74.82766,34.13558],[74.8275,34.1355],[74.82726,34.13536],[74.82665,34.13495],[74.82661,34.13493],[74.82631,34.13471],[74.82629,34.1347],[74.82597,34.13449],[74.82566,34.13431],[74.82538,34.13417],[74.82483,34.13389],[74.82474,34.13384],[74.82464,34.13383],[74.82441,34.13374],[74.82449,34.1339],[74.8246,34.13405],[74.82478,34.13429],[74.82527,34.13493],[74.82549,34.13528],[74.82562,34.13549],[74.82567,34.13555],[74.82595,34.13591],[74.82647,34.13656],[74.82658,34.1367],[74.82668,34.13688],[74.82668,34.13688],[74.82679,34.1371],[74.82687,34.13728],[74.82697,34.13749],[74.82707,34.13766],[74.82716,34.13781],[74.82734,34.13805],[74.82747,34.1382],[74.82756,34.13833],[74.82766,34.13845],[74.82784,34.13869],[74.82828,34.13923],[74.82842,34.1394],[74.82849,34.13947],[74.82868,34.13966],[74.82875,34.13972],[74.82895,34.13994],[74.82916,34.1402],[74.82937,34.14047],[74.8295,34.14063],[74.82995,34.14118],[74.83016,34.14142],[74.83027,34.14154],[74.83047,34.14179],[74.83079,34.1422],[74.83113,34.14265],[74.83061,34.1429],[74.83054,34.14294],[74.8302,34.1431],[74.82986,34.14323],[74.82986,34.14323],[74.82973,34.14328],[74.82951,34.14338],[74.82925,34.1435],[74.82896,34.14365],[74.82868,34.14379],[74.82844,34.14394],[74.82837,34.14398],[74.82802,34.14419],[74.82787,34.14428],[74.82772,34.14437],[74.8277,34.14438],[74.82745,34.14452],[74.8272,34.14466],[74.82712,34.14471],[74.82702,34.14479],[74.82694,34.14486],[74.82689,34.14491],[74.8268,34.14502],[74.82657,34.14527],[74.82652,34.14533],[74.82636,34.14553],[74.82617,34.14574],[74.82608,34.14583]]}},{"type":"Feature","properties":{"corridor_id":16,"class":"matched","od":"Magarmal Bagh / Jehangir Chowk (central Srinagar) \u2194 Narbal (Budgam, on Gulmarg Road) via Qamarwari.","matched_permit":"Narbal to Jehangir Chowk","confidence":"high","n_runs":6,"n_drivers":2,"median_km":14.3},"geometry":{"type":"LineString","coordinates":[[74.80288,34.07189],[74.802,34.07228],[74.80183,34.07235],[74.80163,34.07243],[74.80133,34.07254],[74.80128,34.07256],[74.79973,34.07327],[74.79921,34.0735],[74.799,34.07359],[74.79758,34.07423],[74.79745,34.07429],[74.79708,34.07447],[74.797,34.0745],[74.79605,34.07493],[74.79592,34.07499],[74.79581,34.07504],[74.79564,34.0751],[74.79502,34.07533],[74.7948,34.07546],[74.79473,34.07552],[74.79468,34.07561],[74.79467,34.07566],[74.79465,34.07575],[74.79462,34.07608],[74.79462,34.07628],[74.79461,34.07652],[74.79458,34.07731],[74.79456,34.07766],[74.79451,34.07823],[74.79449,34.07847],[74.79445,34.07901],[74.79444,34.07916],[74.79444,34.07921],[74.79439,34.07961],[74.79437,34.07975],[74.79429,34.08019],[74.79427,34.0803],[74.79426,34.08032],[74.79421,34.08053],[74.79413,34.08059],[74.79395,34.08074],[74.79372,34.08091],[74.79371,34.08092],[74.79306,34.08143],[74.79288,34.08156],[74.79263,34.08164],[74.79236,34.08165],[74.79219,34.08163],[74.7918,34.08161],[74.79058,34.08153],[74.79041,34.08152],[74.78982,34.08151],[74.78915,34.08152],[74.78856,34.08153],[74.78836,34.08154],[74.7876,34.08155],[74.78638,34.08157],[74.78604,34.08157],[74.78556,34.08158],[74.78459,34.08159],[74.78428,34.08163],[74.78408,34.08171],[74.78387,34.08182],[74.78366,34.08197],[74.78365,34.08198],[74.7826,34.0835],[74.78257,34.08356],[74.7821,34.08424],[74.78208,34.08427],[74.78159,34.08499],[74.78124,34.08551],[74.78115,34.08564],[74.78023,34.087],[74.7802,34.08705],[74.77984,34.0876],[74.77932,34.08835],[74.77902,34.08877],[74.77887,34.08899],[74.77863,34.08934],[74.77824,34.08991],[74.77808,34.09015],[74.77782,34.09052],[74.77749,34.09105],[74.77741,34.09117],[74.77731,34.09132],[74.77652,34.09247],[74.77639,34.09266],[74.77626,34.09284],[74.77595,34.09326],[74.77574,34.09355],[74.77559,34.09376],[74.77538,34.09405],[74.77503,34.09457],[74.77491,34.09475],[74.7742,34.0958],[74.77414,34.09587],[74.77408,34.09595],[74.77393,34.09609],[74.77374,34.09625],[74.77336,34.09654],[74.77299,34.09681],[74.77276,34.09698],[74.77257,34.09712],[74.77236,34.09728],[74.77147,34.09793],[74.77113,34.09816],[74.77097,34.09828],[74.77001,34.09894],[74.76953,34.09927],[74.76842,34.10003],[74.76833,34.10009],[74.76799,34.10033],[74.76791,34.10039],[74.76768,34.10055],[74.76756,34.10062],[74.76749,34.10067],[74.7674,34.10073],[74.76647,34.10133],[74.7659,34.10172],[74.76462,34.10258],[74.76443,34.10271],[74.76439,34.10275],[74.7643,34.10279],[74.76413,34.10287],[74.76379,34.103],[74.76338,34.10317],[74.763,34.10332],[74.76271,34.10344],[74.76212,34.10366],[74.76131,34.10397],[74.7603,34.10437],[74.76013,34.10443],[74.75995,34.10455],[74.75887,34.10491],[74.75869,34.10497],[74.75763,34.10536],[74.75737,34.10545],[74.75722,34.1055],[74.75689,34.10562],[74.75666,34.1057],[74.75652,34.10573],[74.75602,34.10587],[74.75527,34.10606],[74.75513,34.10605],[74.755,34.10609],[74.75486,34.10613],[74.75471,34.10618],[74.75461,34.10621],[74.75445,34.10625],[74.75432,34.10629],[74.75417,34.10633],[74.75388,34.10641],[74.75385,34.10643],[74.75323,34.10661],[74.7532,34.10663],[74.7526,34.10681],[74.75226,34.10691],[74.75173,34.10708],[74.75142,34.10718],[74.7514,34.10719],[74.751,34.10732],[74.75054,34.10747],[74.75034,34.10753],[74.75033,34.10754],[74.75016,34.10759],[74.74991,34.10766],[74.7485,34.1081],[74.74847,34.10811],[74.74804,34.10824],[74.74796,34.10826],[74.74666,34.10866],[74.74598,34.10888],[74.74588,34.10891],[74.74543,34.10906],[74.74528,34.1091],[74.74502,34.10914],[74.74438,34.10925],[74.74384,34.10934],[74.74368,34.10936],[74.74286,34.10945],[74.74281,34.10946],[74.74223,34.10951],[74.7417,34.10957],[74.74157,34.10959],[74.74074,34.1097],[74.74026,34.10976],[74.73984,34.10981],[74.73977,34.10982],[74.73907,34.1099],[74.73883,34.10993],[74.73761,34.11008],[74.73725,34.11012],[74.73628,34.11024],[74.73606,34.11027],[74.73584,34.1103],[74.73509,34.11039],[74.73491,34.11041],[74.73484,34.11042],[74.73446,34.11045],[74.73388,34.11052],[74.73288,34.11065],[74.73221,34.11072],[74.73209,34.11073],[74.7312,34.11084],[74.73005,34.11098],[74.72975,34.11102],[74.72845,34.11118],[74.72827,34.1112],[74.72708,34.11134],[74.72694,34.11135],[74.72658,34.11139],[74.72626,34.11143],[74.72609,34.11145],[74.72531,34.11154],[74.72523,34.11155],[74.72478,34.1116],[74.72412,34.11168],[74.72407,34.11169],[74.72353,34.11175],[74.72322,34.11179],[74.72306,34.11181],[74.72263,34.11185],[74.7226,34.11186],[74.72236,34.11188],[74.72205,34.11192],[74.72176,34.11196],[74.72147,34.112],[74.72114,34.11205],[74.72101,34.11208],[74.72087,34.11209],[74.72075,34.11211],[74.72048,34.11214],[74.72038,34.11215],[74.71946,34.11224],[74.71939,34.11225],[74.71884,34.11231],[74.71859,34.11234],[74.7177,34.11244],[74.71739,34.11248],[74.7173,34.11249],[74.71701,34.11252],[74.71641,34.11261],[74.71575,34.11269],[74.71537,34.11274],[74.71474,34.11282],[74.71473,34.11283],[74.71416,34.11288],[74.71377,34.11292],[74.71339,34.11297],[74.71308,34.11304],[74.71268,34.11314],[74.71251,34.11318],[74.71165,34.1134],[74.71062,34.11367],[74.71003,34.11382],[74.70976,34.11389],[74.7095,34.11395],[74.70825,34.11426],[74.70791,34.11434],[74.70746,34.11447],[74.7069,34.11462],[74.70646,34.11474],[74.70601,34.11484],[74.70589,34.11487],[74.70478,34.11516],[74.70431,34.11528],[74.70359,34.11547],[74.70271,34.11569],[74.70258,34.11572],[74.70206,34.11586],[74.70191,34.1159],[74.70132,34.11605],[74.70071,34.1162],[74.70038,34.11628],[74.69941,34.11653],[74.69914,34.11661],[74.69866,34.11673],[74.69833,34.11682],[74.69811,34.11687],[74.69681,34.1172],[74.69612,34.11737],[74.69602,34.11739],[74.69575,34.11746],[74.69563,34.11749],[74.69525,34.11759],[74.6951,34.11762],[74.69424,34.11784],[74.69397,34.11791],[74.69171,34.11848],[74.69153,34.11853],[74.69127,34.11859],[74.69047,34.1188],[74.69001,34.11892],[74.68968,34.119],[74.68959,34.11902],[74.68896,34.11919],[74.68867,34.11927],[74.6881,34.11942],[74.68789,34.11947],[74.68774,34.11951],[74.68732,34.11959],[74.6868,34.11969],[74.68636,34.11977],[74.68633,34.11978],[74.68602,34.11983],[74.68571,34.11989],[74.68558,34.11991],[74.68535,34.11995],[74.68498,34.12],[74.68449,34.12009],[74.68431,34.12012],[74.6842,34.12014],[74.68352,34.12025],[74.68294,34.12036],[74.68283,34.12038],[74.68206,34.12053],[74.68202,34.12054],[74.68154,34.12062],[74.68115,34.12069],[74.68073,34.12075],[74.68065,34.12077],[74.67991,34.12091],[74.67939,34.121],[74.67902,34.12107],[74.67889,34.1211],[74.67877,34.12114],[74.67868,34.12117],[74.67864,34.12114],[74.67861,34.12112],[74.67857,34.12108],[74.67848,34.121],[74.67834,34.12088],[74.67735,34.1201],[74.67722,34.12001],[74.6767,34.11966],[74.67642,34.11948],[74.67542,34.1188],[74.67537,34.11876],[74.67536,34.11874],[74.67479,34.11831],[74.67413,34.1178],[74.67396,34.11769],[74.67346,34.11731],[74.6732,34.11712],[74.67285,34.11697],[74.67271,34.11694]]}},{"type":"Feature","properties":{"corridor_id":17,"class":"artifact","od":"Short (3.3 km) near-stationary activity around the Pampore terminal (both endpoints within ~1.4 km of Pampore; the 'Srinagar' geocode is a mislabel of a point next to Pampore).","matched_permit":"","confidence":"n/a","n_runs":6,"n_drivers":2,"median_km":3.3},"geometry":{"type":"LineString","coordinates":[[74.91927,34.02],[74.91927,34.02],[74.91923,34.02],[74.91901,34.01997],[74.91899,34.01997],[74.91897,34.01996],[74.91897,34.01996],[74.91897,34.01996],[74.91899,34.01997],[74.91901,34.01997],[74.91923,34.02],[74.91927,34.02],[74.91928,34.01985],[74.91928,34.01985],[74.91928,34.01984],[74.91927,34.01984],[74.91926,34.01983],[74.91904,34.01979],[74.91904,34.01979],[74.91885,34.01975],[74.91851,34.01964],[74.91823,34.01956],[74.91822,34.01956],[74.91822,34.01955],[74.91822,34.01954],[74.91825,34.01933],[74.91825,34.01931],[74.91825,34.01929],[74.91824,34.01928],[74.91823,34.01927],[74.91804,34.01914],[74.918,34.01912],[74.91795,34.0191],[74.91778,34.01907],[74.91773,34.01944],[74.91768,34.02002],[74.91766,34.0201],[74.91763,34.0202],[74.91765,34.02052],[74.91765,34.02061],[74.91765,34.02052],[74.91763,34.0202],[74.91766,34.0201],[74.91768,34.02002],[74.91773,34.01944],[74.91778,34.01907],[74.91795,34.0191],[74.918,34.01912],[74.91804,34.01914],[74.91823,34.01927],[74.91824,34.01928],[74.91825,34.01929],[74.91825,34.01931],[74.91825,34.01933],[74.91822,34.01954],[74.91822,34.01955],[74.91822,34.01956],[74.91823,34.01956],[74.91851,34.01964],[74.91885,34.01975],[74.9189,34.01983],[74.91896,34.01994],[74.91897,34.01996],[74.91899,34.01997],[74.91899,34.01997],[74.91899,34.01997],[74.91897,34.01996],[74.91896,34.01994],[74.9189,34.01983],[74.91885,34.01975],[74.91851,34.01964],[74.91823,34.01956],[74.91822,34.01956],[74.91822,34.01955],[74.91822,34.01954],[74.91825,34.01933],[74.91825,34.01931],[74.91825,34.01929],[74.91824,34.01928],[74.91823,34.01927],[74.91804,34.01914],[74.918,34.01912],[74.91795,34.0191],[74.91778,34.01907],[74.91773,34.01944],[74.91768,34.02002],[74.91766,34.0201],[74.91763,34.0202],[74.91763,34.0202],[74.91765,34.02052],[74.91764,34.02099],[74.91763,34.02111],[74.91759,34.02157],[74.91756,34.02176],[74.91754,34.0219],[74.9175,34.02204],[74.91744,34.02216],[74.91732,34.0224],[74.91727,34.02251],[74.91721,34.02259],[74.91704,34.02286],[74.91703,34.02306],[74.91702,34.02331],[74.91698,34.02376],[74.91698,34.02378],[74.91696,34.02399],[74.91693,34.02437],[74.91693,34.02443],[74.91692,34.02477],[74.91692,34.02496],[74.91691,34.02512],[74.91691,34.02523],[74.91689,34.02592],[74.91688,34.0265],[74.91687,34.02659],[74.91687,34.02675],[74.91673,34.02725],[74.91671,34.0273],[74.91665,34.02753],[74.91661,34.02766],[74.91658,34.02771],[74.91655,34.02776],[74.91643,34.02793],[74.9163,34.02809],[74.91622,34.02826],[74.91616,34.02837],[74.9161,34.02849],[74.91607,34.02855],[74.91585,34.02906],[74.9158,34.02917],[74.91579,34.0292],[74.91576,34.02929],[74.91573,34.02935],[74.91572,34.0294],[74.91571,34.02945],[74.9157,34.0296],[74.91571,34.02975],[74.91572,34.02985],[74.91572,34.02993],[74.91572,34.02999],[74.91569,34.0301],[74.91565,34.03025],[74.91553,34.03055],[74.91553,34.03057],[74.91543,34.031],[74.91534,34.03119],[74.91531,34.03128],[74.91511,34.03166],[74.91503,34.0318],[74.91502,34.03182],[74.91501,34.03186],[74.915,34.0319],[74.91497,34.03213],[74.91497,34.03217],[74.91497,34.0322],[74.915,34.03236],[74.915,34.03239],[74.915,34.03242],[74.915,34.03243],[74.91494,34.03276],[74.91493,34.03294],[74.91492,34.0332],[74.91492,34.03339],[74.91493,34.03351],[74.91497,34.03365],[74.91513,34.03393],[74.91516,34.03398],[74.91536,34.03447],[74.91537,34.03452],[74.91536,34.03447],[74.91516,34.03398],[74.91515,34.03397],[74.91497,34.03365],[74.91493,34.03351],[74.91492,34.03339],[74.91492,34.03323],[74.91493,34.03294],[74.91494,34.03276],[74.91494,34.03276],[74.91473,34.03283],[74.91464,34.03285],[74.91459,34.03287],[74.91455,34.0329],[74.91431,34.03321],[74.91427,34.03325],[74.91424,34.03327],[74.91421,34.03329],[74.91393,34.0334],[74.9139,34.03341],[74.91388,34.03341],[74.91379,34.0334],[74.91376,34.03341],[74.91371,34.0332],[74.91371,34.03311],[74.91371,34.03304],[74.91377,34.03275],[74.91388,34.0324],[74.91389,34.03238],[74.91389,34.03236],[74.91388,34.03234],[74.91388,34.03234],[74.91386,34.03233]]}},{"type":"Feature","properties":{"corridor_id":18,"class":"partial","od":"Sadrebal \u2194 Gulab Bagh via Nowshera (N/NE Srinagar). Part of the NE-Srinagar local cluster.","matched_permit":"Srinagar to Gulabagh","confidence":"low","n_runs":5,"n_drivers":2,"median_km":10.3},"geometry":{"type":"LineString","coordinates":[[74.82848,34.13585],[74.82851,34.13587],[74.82864,34.13594],[74.82891,34.13606],[74.82916,34.13614],[74.82922,34.13616],[74.82973,34.13631],[74.83006,34.1364],[74.83017,34.13642],[74.83044,34.1365],[74.8309,34.13661],[74.83124,34.13669],[74.83142,34.13674],[74.83157,34.13677],[74.83159,34.13678],[74.83215,34.13692],[74.83215,34.13692],[74.8324,34.13699],[74.83216,34.13833],[74.8324,34.13699],[74.83215,34.13692],[74.83215,34.13692],[74.83157,34.13677],[74.83142,34.13674],[74.83124,34.13669],[74.83113,34.13666],[74.8309,34.13661],[74.83044,34.1365],[74.83017,34.13642],[74.83015,34.13642],[74.82973,34.13631],[74.82922,34.13616],[74.82891,34.13606],[74.82864,34.13594],[74.82851,34.13587],[74.82846,34.13583],[74.8284,34.13577],[74.82835,34.13571],[74.82832,34.13571],[74.82827,34.13572],[74.8282,34.13572],[74.82807,34.1357],[74.82797,34.13568],[74.82781,34.13563],[74.82766,34.13558],[74.82757,34.13553],[74.8275,34.1355],[74.82726,34.13536],[74.82665,34.13495],[74.82661,34.13493],[74.82659,34.13491],[74.82629,34.1347],[74.826,34.13451],[74.82597,34.13449],[74.82566,34.13431],[74.82542,34.13419],[74.82538,34.13417],[74.82483,34.13389],[74.82474,34.13384],[74.82464,34.13383],[74.82441,34.13374],[74.82433,34.13365],[74.8242,34.13355],[74.82414,34.13351],[74.824,34.1334],[74.82393,34.13335],[74.82354,34.13305],[74.82344,34.13299],[74.82333,34.13291],[74.82311,34.13275],[74.823,34.13267],[74.82297,34.13262],[74.82294,34.1326],[74.82258,34.13235],[74.82254,34.13232],[74.82246,34.13226],[74.82231,34.13215],[74.82227,34.13212],[74.82218,34.13207],[74.82213,34.13205],[74.82205,34.13203],[74.822,34.132],[74.8218,34.1319],[74.82177,34.13188],[74.82173,34.13185],[74.82171,34.13181],[74.82168,34.13171],[74.82162,34.13155],[74.82155,34.13139],[74.82148,34.13125],[74.82141,34.13112],[74.82132,34.13097],[74.82123,34.13085],[74.82113,34.13073],[74.82089,34.13049],[74.82071,34.13035],[74.82063,34.13029],[74.82055,34.13024],[74.82043,34.13015],[74.8203,34.13006],[74.82016,34.12995],[74.82003,34.12985],[74.8198,34.12962],[74.81978,34.12959],[74.81963,34.12945],[74.81937,34.12918],[74.8193,34.12912],[74.81921,34.12904],[74.81911,34.12896],[74.81902,34.1289],[74.81892,34.12883],[74.81869,34.12866],[74.81865,34.12863],[74.81865,34.12862],[74.81862,34.12859],[74.81855,34.12848],[74.81848,34.12833],[74.81839,34.1281],[74.81829,34.12793],[74.81822,34.12782],[74.8182,34.12778],[74.81806,34.12759],[74.8179,34.12764],[74.81761,34.12769],[74.81748,34.12772],[74.81736,34.12773],[74.81717,34.12774],[74.81709,34.12775],[74.81699,34.12778],[74.8168,34.12785],[74.81675,34.12787],[74.81654,34.12796],[74.81633,34.12804],[74.81608,34.12815],[74.81595,34.1282],[74.81574,34.12829],[74.81559,34.12832],[74.81556,34.12832],[74.81537,34.12835],[74.81517,34.12837],[74.81509,34.12837],[74.81477,34.12843],[74.81433,34.1285],[74.81433,34.12881],[74.81432,34.12894],[74.81433,34.12936],[74.81427,34.12936],[74.8142,34.12937],[74.81414,34.12939],[74.81413,34.12946],[74.81413,34.12949],[74.8141,34.1298],[74.81409,34.13012],[74.81409,34.13026],[74.81408,34.13075],[74.81408,34.13105],[74.81407,34.13114],[74.81409,34.13157],[74.81415,34.13167],[74.81434,34.13201],[74.81443,34.13216],[74.81448,34.13225],[74.81453,34.13235],[74.81452,34.13241],[74.81444,34.13246],[74.81437,34.1325],[74.81425,34.13254],[74.81374,34.13265],[74.81374,34.13265],[74.81355,34.13229],[74.81344,34.1321],[74.81336,34.13202],[74.81331,34.13198],[74.8133,34.13197],[74.81326,34.13194],[74.81272,34.13157],[74.81269,34.13152],[74.81268,34.13147],[74.81268,34.13142],[74.81267,34.13135],[74.81265,34.13125],[74.81263,34.13117],[74.81263,34.13114],[74.81265,34.13112],[74.8127,34.13107],[74.81265,34.13099],[74.81262,34.13091],[74.81258,34.13086],[74.81246,34.13076],[74.81231,34.13062],[74.8123,34.1306],[74.81224,34.1305],[74.81223,34.13042],[74.81226,34.1303],[74.8123,34.13006],[74.81232,34.12989],[74.81232,34.12985],[74.81233,34.12974],[74.81233,34.12942],[74.81195,34.12942],[74.8118,34.12942],[74.81176,34.12942],[74.81171,34.12942],[74.81157,34.12944],[74.81098,34.12948],[74.81093,34.12948],[74.81067,34.12949],[74.81041,34.12947],[74.81035,34.12947],[74.81021,34.12945],[74.81006,34.12943],[74.80986,34.1294],[74.80931,34.12929],[74.80894,34.12922],[74.80848,34.12913],[74.80833,34.1291],[74.80835,34.12889],[74.80836,34.1288],[74.80836,34.12859],[74.80837,34.12858],[74.80837,34.12843],[74.80831,34.1279],[74.80831,34.12788],[74.80831,34.12778],[74.80833,34.12767],[74.80833,34.12763],[74.80836,34.12748],[74.80841,34.12736],[74.80845,34.12712],[74.80848,34.1269],[74.80853,34.12672],[74.80861,34.12657],[74.80866,34.12645],[74.80866,34.12645],[74.80886,34.12596],[74.8089,34.12586],[74.80893,34.12574],[74.80897,34.12561],[74.80898,34.12553],[74.80899,34.12545],[74.809,34.12531],[74.809,34.12514],[74.80901,34.12491],[74.80902,34.12482],[74.80906,34.12461],[74.80911,34.12432],[74.80902,34.12432],[74.80871,34.12436],[74.80856,34.12438],[74.80837,34.12441],[74.80819,34.12444],[74.80803,34.12447],[74.80786,34.12451],[74.80781,34.12452],[74.80755,34.12458],[74.80737,34.12464],[74.80722,34.12472],[74.80695,34.12487],[74.80688,34.12491],[74.80684,34.12492],[74.8068,34.12494],[74.80663,34.12501],[74.80655,34.12505],[74.80644,34.1251],[74.80633,34.12516],[74.80633,34.12544],[74.80634,34.12552],[74.80634,34.12576],[74.80633,34.12608],[74.80632,34.1262],[74.80631,34.12638],[74.80626,34.12683],[74.80622,34.12709],[74.80621,34.12716],[74.80621,34.12719],[74.80618,34.12739],[74.80615,34.12755],[74.80603,34.12788],[74.80595,34.12813],[74.80591,34.12823],[74.80579,34.12859],[74.80569,34.12885],[74.80565,34.12896],[74.80553,34.12927],[74.80545,34.12947],[74.80536,34.12971],[74.80534,34.12974],[74.80531,34.12983],[74.80526,34.12998],[74.80526,34.13],[74.80524,34.13004],[74.80517,34.13023],[74.8051,34.13043],[74.80508,34.13047],[74.80499,34.13068],[74.80492,34.13086],[74.80491,34.1309],[74.80487,34.13102],[74.80483,34.13119],[74.80477,34.13146],[74.80472,34.13162],[74.80468,34.13177],[74.80468,34.13179],[74.80464,34.13191],[74.80459,34.13212],[74.80454,34.13228],[74.80449,34.13241],[74.80446,34.1325],[74.80441,34.13273],[74.80434,34.13306],[74.80429,34.13323],[74.80425,34.13333],[74.80423,34.13337],[74.8042,34.13343],[74.80414,34.13351],[74.80406,34.13362],[74.80399,34.13372],[74.80393,34.13384],[74.80386,34.13399],[74.80382,34.13413],[74.8038,34.13428],[74.80377,34.13446],[74.80376,34.13452],[74.80371,34.13473],[74.80369,34.13485],[74.80364,34.13496],[74.80349,34.13527],[74.80342,34.13541],[74.80337,34.1355],[74.80332,34.13559],[74.80325,34.13564],[74.80325,34.13564],[74.80333,34.13566],[74.80349,34.13571],[74.80377,34.13579],[74.80409,34.13588],[74.80452,34.136],[74.8047,34.13605],[74.80509,34.13618],[74.80536,34.13626],[74.80576,34.13638],[74.80581,34.1364],[74.80587,34.13642],[74.80631,34.13656],[74.80669,34.13667],[74.80683,34.13671],[74.807,34.13676],[74.80743,34.13689],[74.80755,34.13693],[74.80763,34.13694],[74.80772,34.13695],[74.80779,34.13694],[74.80787,34.13692],[74.808,34.13687],[74.80814,34.13683],[74.80832,34.13679],[74.80869,34.13671],[74.80869,34.13682],[74.80869,34.13687],[74.80864,34.13737],[74.80861,34.13777],[74.80859,34.1379],[74.80856,34.13847],[74.80855,34.13872],[74.80853,34.13902],[74.80851,34.13967],[74.80851,34.1397],[74.80848,34.14034],[74.80847,34.14064],[74.80846,34.141],[74.80846,34.14102],[74.80844,34.14159],[74.80841,34.1422],[74.80839,34.14233],[74.80838,34.1425],[74.80833,34.14285],[74.80832,34.14294],[74.80831,34.14301],[74.80831,34.14318],[74.80832,34.14333],[74.80832,34.14336],[74.80834,34.14366],[74.80836,34.14393],[74.80837,34.144],[74.80838,34.14432],[74.80838,34.14451],[74.80839,34.1447],[74.80843,34.14514],[74.80843,34.14518],[74.80844,34.14525],[74.80849,34.14592],[74.8085,34.14611],[74.8085,34.14618],[74.80853,34.14664],[74.80854,34.14699],[74.80857,34.14766],[74.80858,34.14773],[74.80859,34.14808],[74.8086,34.1483],[74.80861,34.14839],[74.80862,34.14864],[74.80862,34.14884],[74.80862,34.149],[74.80863,34.14931],[74.80862,34.14959],[74.8086,34.15006],[74.80859,34.15029],[74.80858,34.15063],[74.80857,34.15095],[74.80856,34.15108],[74.80856,34.15108],[74.80855,34.15122],[74.80853,34.15133],[74.80849,34.15155],[74.80844,34.15187],[74.80842,34.152],[74.8085,34.15198],[74.80864,34.15192],[74.80892,34.15183],[74.80907,34.1518],[74.80926,34.15177],[74.8096,34.15173],[74.80986,34.15171],[74.81001,34.1517],[74.81012,34.1517],[74.81012,34.1517],[74.81042,34.15167],[74.81077,34.15165],[74.81101,34.15164],[74.81121,34.15163],[74.81198,34.15155],[74.81204,34.15155],[74.81206,34.15155],[74.8123,34.15152],[74.81238,34.15151],[74.81245,34.15148],[74.81283,34.15131],[74.81292,34.15126],[74.81319,34.15113],[74.8134,34.15104],[74.81352,34.15099],[74.81393,34.15081],[74.81395,34.1508],[74.81541,34.15017],[74.81543,34.15026],[74.81542,34.15046],[74.81539,34.1511],[74.81538,34.15114],[74.81534,34.15207],[74.81534,34.15214],[74.81534,34.15237],[74.81531,34.15277],[74.81531,34.15293],[74.8153,34.15312],[74.81526,34.15355],[74.81525,34.15372],[74.81524,34.15381],[74.81517,34.15462],[74.81515,34.15505],[74.81516,34.15514],[74.81516,34.15522],[74.81518,34.15532],[74.81531,34.15567],[74.81541,34.156],[74.81542,34.15601],[74.81546,34.15626],[74.81549,34.15642],[74.81554,34.1568],[74.81555,34.15685],[74.81558,34.15697],[74.81581,34.15747],[74.81616,34.15827],[74.81637,34.15874],[74.8165,34.15904],[74.81673,34.1596],[74.81693,34.16008],[74.81701,34.16025],[74.81707,34.16038],[74.8172,34.16078],[74.81729,34.16102]]}}]}