{"type":"FeatureCollection","features":[{"type":"Feature","properties":{"id":"FDR-059","name":"Soura to LD","obs":0.99,"drv":37,"runs":741},"geometry":{"type":"LineString","coordinates":[[74.8021,34.1377],[74.8021,34.1377],[74.8023,34.1372],[74.8023,34.1371],[74.8018,34.1371],[74.8014,34.1365],[74.8023,34.1359],[74.8025,34.1359],[74.8031,34.1361],[74.8033,34.1356],[74.8035,34.1353],[74.8037,34.1347],[74.8038,34.1341],[74.804,34.1337],[74.8042,34.1334],[74.8043,34.1331],[74.8045,34.1323],[74.8047,34.1318],[74.8048,34.1312],[74.805,34.1307],[74.8052,34.1302],[74.8053,34.13],[74.8054,34.1297],[74.8058,34.1286],[74.8062,34.1276],[74.8062,34.1272],[74.8063,34.1262],[74.8063,34.1254],[74.8064,34.125],[74.8065,34.1237],[74.8065,34.1231],[74.8067,34.1221],[74.8068,34.1217],[74.8068,34.1214],[74.8068,34.1211],[74.8068,34.1205],[74.8067,34.1198],[74.8065,34.1192],[74.8064,34.1181],[74.8064,34.1167],[74.8064,34.1154],[74.8065,34.1147],[74.8066,34.1145],[74.8068,34.1141],[74.8076,34.1134],[74.808,34.113],[74.8086,34.1122],[74.8092,34.1114],[74.8094,34.1112],[74.8095,34.1106],[74.8095,34.1101],[74.8095,34.1098],[74.8094,34.1094],[74.8093,34.1089],[74.8091,34.1075],[74.809,34.1058],[74.809,34.1051],[74.8089,34.1042],[74.8089,34.1036],[74.8089,34.1029],[74.809,34.1025],[74.8093,34.1015],[74.8097,34.1006],[74.8099,34.1],[74.8101,34.0998],[74.8105,34.0993],[74.8106,34.099],[74.8107,34.0987],[74.8109,34.0984],[74.8111,34.0983],[74.8114,34.0984],[74.8116,34.0984],[74.8117,34.0981],[74.8122,34.0975],[74.8125,34.0972],[74.8129,34.0966],[74.8135,34.0955],[74.8137,34.0951],[74.814,34.0948],[74.8151,34.0941],[74.8156,34.0938],[74.8163,34.0935],[74.8169,34.0931],[74.8172,34.0929],[74.8175,34.0926],[74.8179,34.0923],[74.8182,34.0922],[74.8187,34.0921],[74.819,34.092],[74.8193,34.0918],[74.8197,34.0913],[74.8201,34.091],[74.8206,34.0905],[74.8213,34.0897],[74.8217,34.0893],[74.822,34.0889],[74.8224,34.0882],[74.8227,34.0875],[74.8229,34.0872],[74.823,34.087],[74.8233,34.0866],[74.8235,34.0864],[74.8235,34.0863],[74.8234,34.0861],[74.8232,34.0858],[74.8229,34.0854],[74.8227,34.0851],[74.8227,34.0849],[74.823,34.0846],[74.8238,34.084],[74.8245,34.0835],[74.8248,34.0832],[74.8255,34.0827],[74.8264,34.0821],[74.8277,34.081],[74.825,34.0829],[74.8244,34.0829],[74.8223,34.0811],[74.8209,34.0797],[74.8207,34.0796],[74.8204,34.0796],[74.82,34.0796],[74.82,34.0795],[74.8199,34.0796],[74.8197,34.0796],[74.8194,34.0796],[74.8182,34.0792],[74.8173,34.0789],[74.8162,34.0788],[74.814,34.0784],[74.8134,34.0784],[74.8128,34.0783],[74.8123,34.0782],[74.8119,34.078],[74.8116,34.0778],[74.8102,34.0783],[74.8095,34.0784],[74.8089,34.0785],[74.8085,34.0784],[74.8083,34.0787],[74.8076,34.08],[74.8074,34.0802],[74.8071,34.0803],[74.8072,34.0806],[74.807,34.0812],[74.8069,34.0817],[74.8065,34.0819],[74.8059,34.082]]}},{"type":"Feature","properties":{"id":"FDR-488","name":"Parimpora to Budgam","obs":0.92,"drv":8,"runs":23},"geometry":{"type":"LineString","coordinates":[[74.7475,34.1112],[74.7477,34.1107],[74.7477,34.1105],[74.7473,34.1099],[74.7472,34.1094],[74.7468,34.1087],[74.7485,34.1082],[74.7532,34.1067],[74.7548,34.1063],[74.7551,34.1061],[74.7553,34.1056],[74.7568,34.1019],[74.757,34.1011],[74.7571,34.1003],[74.7574,34.0998],[74.7578,34.0992],[74.7584,34.0977],[74.7596,34.0947],[74.7604,34.0925],[74.7619,34.0887],[74.7638,34.0833],[74.7659,34.0773],[74.7666,34.0754],[74.767,34.0745],[74.7674,34.0733],[74.7679,34.0721],[74.7673,34.0718],[74.7663,34.0715],[74.763,34.0706],[74.7623,34.0705],[74.7615,34.0703],[74.7606,34.07],[74.7593,34.0695],[74.7589,34.0692],[74.7587,34.0688],[74.7585,34.0682],[74.7584,34.0678],[74.7584,34.0673],[74.7585,34.0668],[74.7587,34.0663],[74.7586,34.0659],[74.7585,34.0652],[74.7584,34.0645],[74.7581,34.064],[74.7579,34.0636],[74.7576,34.0632],[74.7573,34.0624],[74.7572,34.0622],[74.7568,34.0619],[74.7559,34.0612],[74.7551,34.0604],[74.7546,34.06],[74.7532,34.0592],[74.7523,34.0586],[74.7508,34.0578],[74.7498,34.0573],[74.7494,34.0569],[74.7488,34.0565],[74.7481,34.056],[74.7474,34.0555],[74.7468,34.0551],[74.7459,34.0545],[74.7445,34.0536],[74.7439,34.0532],[74.743,34.0526],[74.7421,34.052],[74.7413,34.0515],[74.741,34.0513],[74.7401,34.0508],[74.7391,34.0502],[74.7386,34.0499],[74.738,34.0496],[74.7373,34.0491],[74.7366,34.0486],[74.736,34.0481],[74.7351,34.0475],[74.7343,34.0469],[74.7339,34.0465],[74.7333,34.0456],[74.7331,34.0454],[74.7322,34.045],[74.7318,34.0448],[74.7315,34.0443],[74.7311,34.0439],[74.7306,34.0435],[74.7301,34.0431],[74.7297,34.0428],[74.7274,34.0419],[74.726,34.0411],[74.725,34.0405],[74.7245,34.0401],[74.7238,34.0398],[74.7229,34.0395],[74.7206,34.0385],[74.7198,34.038],[74.7187,34.0372],[74.7195,34.0362],[74.7201,34.0354],[74.7214,34.0338],[74.722,34.0331],[74.7225,34.0327],[74.7228,34.0324],[74.7232,34.0315],[74.7232,34.0311],[74.7231,34.0306],[74.7223,34.0281],[74.7221,34.0273],[74.7222,34.0265],[74.7224,34.0257],[74.7225,34.0252],[74.7223,34.0247],[74.7221,34.0242],[74.7215,34.0237],[74.7212,34.0231],[74.721,34.0224],[74.7208,34.0215],[74.7206,34.0211],[74.7199,34.0196],[74.7198,34.0181],[74.7201,34.0174],[74.7208,34.0162],[74.7206,34.0154],[74.7198,34.0149],[74.719,34.015],[74.7179,34.0151],[74.7167,34.0143],[74.7132,34.016]]}},{"type":"Feature","properties":{"id":"FDR-271","name":"Parimpora to Hazratbal","obs":0.96,"drv":31,"runs":368},"geometry":{"type":"LineString","coordinates":[[74.7819,34.1264],[74.7818,34.1265],[74.7819,34.1268],[74.7818,34.127],[74.7827,34.1279],[74.7832,34.1284],[74.7838,34.1285],[74.7842,34.1289],[74.7846,34.1293],[74.7855,34.1297],[74.7867,34.1299],[74.7881,34.1299],[74.7887,34.1298],[74.7896,34.1296],[74.7905,34.1295],[74.7914,34.1291],[74.7918,34.1291],[74.792,34.1291],[74.7922,34.129],[74.7923,34.1287],[74.7926,34.1281],[74.7927,34.128],[74.793,34.1274],[74.7933,34.1266],[74.7933,34.1264],[74.7931,34.126],[74.793,34.1253],[74.7928,34.1248],[74.7927,34.1245],[74.7926,34.1241],[74.7924,34.1236],[74.7923,34.1231],[74.7931,34.1229],[74.7945,34.1228],[74.795,34.1243],[74.7961,34.1268],[74.7963,34.1271],[74.7967,34.1275],[74.7973,34.1283],[74.7981,34.1296],[74.7991,34.1314],[74.7993,34.1316],[74.7997,34.1317],[74.8005,34.1316],[74.8012,34.1315],[74.802,34.1315],[74.8022,34.1316],[74.8023,34.1329],[74.8027,34.1342],[74.8031,34.1356],[74.8031,34.1359],[74.803,34.1361],[74.8033,34.1357],[74.8045,34.136],[74.8058,34.1364],[74.8067,34.1367],[74.8076,34.1369],[74.8078,34.1369],[74.8081,34.1368],[74.8088,34.1367],[74.809,34.1366],[74.8102,34.1366],[74.8108,34.1365],[74.8108,34.1363],[74.8115,34.1362],[74.8118,34.136],[74.8118,34.1356],[74.8119,34.1353],[74.8126,34.1345],[74.8129,34.1346],[74.8132,34.1347],[74.8138,34.1345],[74.8143,34.1344],[74.8151,34.1344],[74.8152,34.1344],[74.8155,34.134],[74.8158,34.134],[74.8164,34.134],[74.8181,34.1344],[74.8195,34.1347],[74.8204,34.1349],[74.8215,34.135],[74.8226,34.135],[74.8233,34.1351],[74.8243,34.1352],[74.8255,34.1353],[74.8264,34.1358],[74.8272,34.1358],[74.8274,34.1357],[74.8276,34.1356],[74.8282,34.1358],[74.8285,34.1358],[74.8286,34.1357],[74.829,34.1351],[74.8292,34.1348],[74.8298,34.1339],[74.83,34.1335],[74.8303,34.1327],[74.8303,34.1321],[74.8305,34.1317],[74.8308,34.1312],[74.8311,34.1306],[74.8315,34.1298],[74.8317,34.1294],[74.8318,34.1288],[74.8319,34.1282],[74.8321,34.1276],[74.8322,34.1275],[74.8323,34.1274],[74.8325,34.1274],[74.8341,34.1275],[74.8364,34.1277],[74.8385,34.1278],[74.8387,34.1278],[74.8388,34.1279],[74.8389,34.1278],[74.8389,34.1278],[74.8389,34.1276],[74.8389,34.127],[74.8388,34.1267],[74.8381,34.1259],[74.8376,34.1252],[74.8386,34.1251],[74.839,34.126],[74.8391,34.1264],[74.8394,34.1264],[74.8405,34.1263],[74.8415,34.1264],[74.8415,34.1265],[74.8419,34.1265],[74.844,34.1267],[74.8441,34.1266]]}},{"type":"Feature","properties":{"id":"FDR-429","name":"Parimpora to Chadora","obs":0.73,"drv":9,"runs":23},"geometry":{"type":"LineString","coordinates":[[74.7475,34.1112],[74.7476,34.1108],[74.7477,34.1106],[74.7477,34.1104],[74.7473,34.1099],[74.7473,34.1096],[74.7468,34.1088],[74.7472,34.1086],[74.7485,34.1082],[74.7525,34.107],[74.7542,34.1064],[74.7549,34.1062],[74.7551,34.1061],[74.7552,34.1058],[74.7555,34.105],[74.7569,34.1017],[74.757,34.1011],[74.757,34.1005],[74.7572,34.1001],[74.7575,34.0997],[74.7578,34.0992],[74.7583,34.0979],[74.7587,34.0969],[74.7596,34.0944],[74.7604,34.0925],[74.7614,34.09],[74.7628,34.0862],[74.7642,34.0819],[74.7659,34.0773],[74.7666,34.0755],[74.7674,34.0731],[74.768,34.0716],[74.7684,34.0709],[74.7688,34.0705],[74.7694,34.07],[74.7699,34.0697],[74.7703,34.0695],[74.7724,34.0685],[74.775,34.0673],[74.7779,34.0659],[74.7794,34.0652],[74.7813,34.0645],[74.7823,34.0642],[74.7831,34.0638],[74.784,34.0631],[74.7846,34.0625],[74.7851,34.0619],[74.7855,34.0614],[74.7857,34.0609],[74.7859,34.0603],[74.7863,34.0591],[74.7865,34.0583],[74.7868,34.0571],[74.7872,34.0547],[74.788,34.0498],[74.7887,34.046],[74.7891,34.0441],[74.7895,34.0422],[74.7899,34.04],[74.7904,34.0375],[74.7907,34.036],[74.7911,34.0346],[74.7913,34.0339],[74.7919,34.0328],[74.7925,34.0322],[74.7932,34.0315],[74.794,34.031],[74.7946,34.0307],[74.7961,34.03],[74.7977,34.0293],[74.7982,34.029],[74.798,34.0286],[74.7978,34.0282],[74.7975,34.0277],[74.7975,34.0255],[74.7975,34.0247],[74.7977,34.0235],[74.7982,34.0222],[74.7982,34.0218],[74.7981,34.0207],[74.7986,34.0183],[74.7989,34.0169],[74.7989,34.0164],[74.799,34.0155],[74.799,34.0138],[74.7995,34.0129],[74.7998,34.0121],[74.7995,34.0111],[74.7986,34.0099],[74.7977,34.0088],[74.7969,34.0079],[74.796,34.0064],[74.7945,34.0045],[74.7937,34.0036],[74.7933,34.0029],[74.7923,34.0009],[74.7911,33.9991],[74.7906,33.9979],[74.7897,33.9963],[74.7896,33.9953],[74.79,33.9942],[74.79,33.9937],[74.7894,33.9927],[74.788,33.991],[74.7854,33.9872],[74.7838,33.9846],[74.7838,33.9841],[74.7844,33.983],[74.785,33.9819],[74.785,33.9818],[74.7849,33.9817],[74.7849,33.9817],[74.7847,33.9814],[74.7861,33.9806],[74.7875,33.9797],[74.7893,33.9783],[74.7894,33.9782],[74.7896,33.9778],[74.7927,33.975],[74.7933,33.9745],[74.7923,33.9738],[74.7913,33.9729]]}},{"type":"Feature","properties":{"id":"FDR-394","name":"Lawaypora to Jehangir Chowk","obs":0.95,"drv":25,"runs":137},"geometry":{"type":"LineString","coordinates":[[74.6988,34.1173],[74.6985,34.117],[74.6994,34.1167],[74.7006,34.1163],[74.7013,34.1162],[74.7019,34.116],[74.7039,34.1155],[74.706,34.115],[74.7079,34.1145],[74.711,34.1137],[74.7119,34.1134],[74.7135,34.1131],[74.7142,34.113],[74.7151,34.1129],[74.7164,34.1127],[74.7176,34.1126],[74.7186,34.1125],[74.7195,34.1124],[74.7209,34.1122],[74.722,34.112],[74.7227,34.112],[74.7238,34.1118],[74.7253,34.1117],[74.7261,34.1116],[74.7285,34.1113],[74.7299,34.1111],[74.7314,34.1109],[74.7323,34.1108],[74.7343,34.1106],[74.7359,34.1104],[74.7362,34.1104],[74.7371,34.1103],[74.7399,34.1099],[74.7408,34.1098],[74.7437,34.1095],[74.7453,34.1092],[74.7459,34.109],[74.7468,34.1087],[74.7481,34.1084],[74.7485,34.1082],[74.7514,34.1073],[74.7532,34.1067],[74.7542,34.1064],[74.7548,34.1063],[74.755,34.1062],[74.7551,34.1061],[74.7552,34.106],[74.7553,34.1056],[74.7555,34.105],[74.7568,34.1019],[74.7569,34.1015],[74.757,34.1011],[74.757,34.1006],[74.7571,34.1003],[74.7572,34.1001],[74.7574,34.0998],[74.7576,34.0995],[74.7578,34.0992],[74.758,34.0988],[74.7584,34.0977],[74.7587,34.0969],[74.7596,34.0959],[74.7596,34.0958],[74.7597,34.0958],[74.7602,34.096],[74.7612,34.0963],[74.7624,34.0967],[74.7625,34.0963],[74.7625,34.096],[74.7626,34.0959],[74.763,34.0959],[74.7635,34.0958],[74.7641,34.0957],[74.7651,34.0956],[74.7657,34.0956],[74.7658,34.0949],[74.7661,34.0948],[74.7661,34.0948],[74.766,34.0944],[74.766,34.0944],[74.7663,34.0943],[74.766,34.0944],[74.766,34.0944],[74.7661,34.0948],[74.7661,34.0948],[74.766,34.0949],[74.7659,34.0956],[74.7672,34.0955],[74.7673,34.0955],[74.7673,34.0957],[74.7674,34.0962],[74.7672,34.0963],[74.7672,34.0965],[74.7672,34.0966],[74.7674,34.0968],[74.7674,34.0968],[74.768,34.0971],[74.7692,34.096],[74.7698,34.0964],[74.7704,34.0967],[74.7705,34.0968],[74.7705,34.0968],[74.7705,34.0968],[74.7706,34.0968],[74.7706,34.0968],[74.7708,34.0969],[74.7709,34.097],[74.7709,34.097],[74.771,34.0971],[74.771,34.0972],[74.7709,34.0973],[74.7715,34.0979],[74.77,34.0989],[74.7707,34.0986],[74.7713,34.0981],[74.7722,34.0975],[74.7733,34.0966],[74.7739,34.0962],[74.7742,34.0959],[74.7748,34.095],[74.7753,34.0943],[74.7762,34.093],[74.7766,34.0924],[74.7771,34.0917],[74.7775,34.0912],[74.7777,34.0909],[74.7789,34.0892],[74.7803,34.0871],[74.7813,34.0856],[74.782,34.0847],[74.7838,34.0821],[74.7841,34.0818],[74.7843,34.0817],[74.7847,34.0817],[74.7864,34.0817],[74.7884,34.0816],[74.7898,34.0816],[74.7915,34.0817],[74.7924,34.0817],[74.7928,34.0817],[74.793,34.0816],[74.7933,34.0814],[74.7942,34.0806],[74.7944,34.0804],[74.7946,34.0782],[74.7947,34.0773],[74.7948,34.0758],[74.7949,34.0756],[74.7954,34.0753],[74.7957,34.0752],[74.7964,34.0749],[74.797,34.0746],[74.799,34.0738],[74.7996,34.0735],[74.8019,34.0724],[74.8021,34.0724],[74.8033,34.0718],[74.8039,34.0716],[74.8041,34.0716],[74.8043,34.0716],[74.8046,34.0718],[74.8045,34.0738],[74.8045,34.074],[74.8046,34.074],[74.8046,34.0738],[74.8047,34.0719]]}},{"type":"Feature","properties":{"id":"FDR-068","name":"Lalbazar to LD","obs":0.98,"drv":24,"runs":578},"geometry":{"type":"LineString","coordinates":[[74.8174,34.1256],[74.8173,34.1251],[74.8172,34.1248],[74.8171,34.1246],[74.817,34.1242],[74.8168,34.1236],[74.8166,34.1231],[74.8165,34.123],[74.8165,34.1229],[74.8162,34.1228],[74.816,34.1227],[74.8159,34.1226],[74.8158,34.1223],[74.8157,34.1218],[74.8156,34.1216],[74.8155,34.1215],[74.815,34.1212],[74.8147,34.1211],[74.8146,34.1209],[74.8143,34.1206],[74.814,34.1204],[74.8137,34.1202],[74.8135,34.12],[74.8131,34.12],[74.8124,34.1198],[74.8118,34.1198],[74.8112,34.1197],[74.8109,34.1198],[74.8104,34.1199],[74.8102,34.12],[74.8101,34.12],[74.8101,34.1202],[74.8101,34.1205],[74.81,34.1205],[74.8098,34.1206],[74.8078,34.1205],[74.8068,34.1205],[74.8067,34.12],[74.8066,34.1195],[74.8065,34.1192],[74.8065,34.1186],[74.8064,34.1176],[74.8064,34.1167],[74.8064,34.1158],[74.8064,34.115],[74.8065,34.1147],[74.8066,34.1145],[74.8067,34.1144],[74.8068,34.1141],[74.8069,34.114],[74.8079,34.1131],[74.808,34.113],[74.8084,34.1125],[74.8087,34.1121],[74.8092,34.1114],[74.8094,34.1113],[74.8094,34.1111],[74.8095,34.1106],[74.8095,34.1103],[74.8095,34.11],[74.8095,34.1098],[74.8094,34.1096],[74.8094,34.1092],[74.8093,34.1089],[74.8092,34.1079],[74.8091,34.1068],[74.809,34.1058],[74.809,34.1054],[74.8089,34.1048],[74.8089,34.1042],[74.8089,34.1039],[74.8089,34.1033],[74.8089,34.1029],[74.809,34.1026],[74.809,34.1023],[74.8093,34.1015],[74.8095,34.101],[74.8093,34.101],[74.808,34.1006],[74.8067,34.1],[74.8059,34.0997],[74.8057,34.0996],[74.8055,34.0994],[74.8059,34.099],[74.8062,34.0986],[74.8068,34.0978],[74.807,34.0975],[74.807,34.0971],[74.807,34.096],[74.807,34.0957],[74.807,34.0956],[74.8071,34.0955],[74.8072,34.0954],[74.8078,34.095],[74.8081,34.0948],[74.8083,34.0947],[74.8085,34.0945],[74.8087,34.0945],[74.8089,34.0945],[74.8088,34.0944],[74.8086,34.0945],[74.8084,34.0942],[74.8083,34.0941],[74.8083,34.0937],[74.8083,34.0934],[74.8082,34.093],[74.8082,34.0929],[74.8083,34.0922],[74.8083,34.0919],[74.8084,34.0916],[74.8084,34.0915],[74.8083,34.0909],[74.8082,34.0908],[74.8082,34.0906],[74.8081,34.0905],[74.8081,34.0894],[74.808,34.0887],[74.8079,34.0879],[74.8079,34.0878],[74.8077,34.0876],[74.8075,34.0874],[74.8074,34.0873],[74.8072,34.0866],[74.8071,34.0864],[74.8069,34.0862],[74.8069,34.0862],[74.8069,34.0857],[74.8069,34.0847],[74.8069,34.0839],[74.8069,34.0831],[74.8068,34.0827],[74.8067,34.0823],[74.8068,34.082],[74.8059,34.082]]}},{"type":"Feature","properties":{"id":"FDR-002","name":"Soura to Gadoora","obs":0.99,"drv":19,"runs":155},"geometry":{"type":"LineString","coordinates":[[74.8021,34.1377],[74.8022,34.1375],[74.8023,34.1371],[74.8018,34.1371],[74.8014,34.1362],[74.8024,34.1359],[74.8031,34.1361],[74.8038,34.1358],[74.8058,34.1364],[74.807,34.1368],[74.8077,34.137],[74.8081,34.1368],[74.8086,34.1374],[74.8085,34.1397],[74.8084,34.1416],[74.8083,34.1429],[74.8083,34.1437],[74.8084,34.1447],[74.8085,34.1462],[74.8086,34.1477],[74.8086,34.1488],[74.8086,34.1506],[74.8085,34.1513],[74.8084,34.1524],[74.8083,34.1549],[74.8083,34.157],[74.8083,34.1584],[74.8082,34.1598],[74.8083,34.1607],[74.8084,34.1632],[74.8084,34.1659],[74.8084,34.1669],[74.8084,34.1678],[74.8084,34.1697],[74.8084,34.1704],[74.8083,34.1717],[74.8082,34.1734],[74.8079,34.177],[74.8077,34.1788],[74.8077,34.1804],[74.8077,34.1837],[74.8077,34.1862],[74.8077,34.1883],[74.8077,34.1907],[74.8075,34.1917],[74.8073,34.1934],[74.8068,34.1961],[74.8068,34.1962],[74.8068,34.1971],[74.8067,34.1976],[74.8056,34.1989],[74.805,34.2004],[74.8046,34.2005],[74.8026,34.2007],[74.8023,34.2013],[74.8015,34.2019],[74.8008,34.2027],[74.8003,34.2031],[74.7998,34.204],[74.7996,34.2043],[74.7977,34.2055],[74.7965,34.2064],[74.7952,34.2075],[74.7942,34.2077],[74.7933,34.2084],[74.7919,34.2088],[74.7907,34.2087],[74.7897,34.2088],[74.7878,34.2097],[74.7874,34.2103],[74.7865,34.2113],[74.786,34.2119],[74.785,34.2128],[74.7834,34.2135],[74.7823,34.2142],[74.7812,34.2157],[74.7809,34.2164],[74.7803,34.2172],[74.7793,34.2175],[74.7786,34.2171],[74.7767,34.2162],[74.7737,34.2152],[74.7721,34.2147],[74.7707,34.2141],[74.7674,34.2128],[74.7681,34.212],[74.769,34.2092],[74.7684,34.2067],[74.7681,34.2055],[74.7674,34.2042],[74.7673,34.2034],[74.7669,34.2022],[74.7668,34.2013],[74.767,34.2004],[74.7672,34.1983],[74.7676,34.1973],[74.7687,34.1965],[74.7694,34.195],[74.7696,34.1938],[74.7698,34.1926],[74.77,34.1909],[74.7697,34.1901],[74.769,34.1892],[74.7682,34.1873],[74.7683,34.187],[74.7686,34.1862],[74.7687,34.1852],[74.7696,34.1851],[74.7712,34.184],[74.7726,34.1829],[74.7735,34.1822],[74.774,34.1816],[74.7746,34.1809],[74.775,34.1798],[74.7753,34.178],[74.7755,34.1769],[74.7757,34.1762],[74.7764,34.176],[74.7773,34.176],[74.7782,34.1757],[74.7785,34.1759],[74.7791,34.1766],[74.7794,34.1765],[74.7797,34.1765],[74.7813,34.176],[74.7815,34.176]]}},{"type":"Feature","properties":{"id":"FDR-481","name":"Soura to Ganderbal","obs":1.0,"drv":13,"runs":165},"geometry":{"type":"LineString","coordinates":[[74.8021,34.1377],[74.8021,34.1377],[74.8023,34.1372],[74.8023,34.1371],[74.8018,34.1371],[74.8014,34.1365],[74.8023,34.1359],[74.8025,34.1359],[74.8025,34.1374],[74.8022,34.1384],[74.8021,34.1391],[74.8019,34.1405],[74.8018,34.1414],[74.8018,34.1428],[74.8021,34.1445],[74.8023,34.1456],[74.8025,34.146],[74.8028,34.1475],[74.8027,34.148],[74.8026,34.1485],[74.8024,34.1493],[74.8022,34.1501],[74.8022,34.1507],[74.8024,34.1525],[74.8023,34.1528],[74.8024,34.1537],[74.8028,34.1546],[74.8031,34.1552],[74.8037,34.1559],[74.8039,34.1562],[74.804,34.1565],[74.8039,34.1568],[74.8037,34.1575],[74.8029,34.158],[74.8023,34.1583],[74.8021,34.1586],[74.8021,34.1589],[74.8017,34.1592],[74.8014,34.1593],[74.8004,34.1596],[74.8002,34.1597],[74.8,34.16],[74.7992,34.1604],[74.7984,34.1608],[74.7974,34.161],[74.7968,34.1611],[74.7963,34.1612],[74.7963,34.1613],[74.7963,34.1614],[74.7965,34.162],[74.7963,34.1629],[74.7959,34.1638],[74.7955,34.1642],[74.795,34.1643],[74.7946,34.1643],[74.7942,34.1643],[74.7935,34.1644],[74.7932,34.1646],[74.7929,34.1648],[74.7924,34.165],[74.7922,34.1653],[74.792,34.1657],[74.7917,34.1672],[74.7913,34.1676],[74.7912,34.1679],[74.7912,34.1683],[74.7902,34.1691],[74.7887,34.1692],[74.7875,34.169],[74.787,34.1691],[74.7864,34.1689],[74.7857,34.1688],[74.7848,34.1697],[74.7844,34.17],[74.783,34.1705],[74.7823,34.1705],[74.781,34.1702],[74.7806,34.1701],[74.7798,34.1697],[74.7795,34.1698],[74.779,34.1697],[74.7785,34.1693],[74.7777,34.1686],[74.7768,34.1686],[74.7763,34.1687],[74.776,34.1689],[74.776,34.1696],[74.7762,34.1701],[74.7763,34.1703],[74.7763,34.1711],[74.7764,34.172],[74.7764,34.1723],[74.7758,34.1728],[74.7753,34.1733],[74.7752,34.174],[74.7754,34.1747],[74.7758,34.1755],[74.7755,34.1756],[74.7755,34.1758],[74.7756,34.176],[74.7757,34.1764],[74.7754,34.1773],[74.7753,34.178],[74.7752,34.1793],[74.7749,34.1804],[74.7744,34.1813],[74.774,34.1816],[74.7736,34.1821],[74.7731,34.1826],[74.7723,34.1832],[74.7712,34.184],[74.7699,34.185],[74.7695,34.1852],[74.7687,34.1853],[74.7686,34.1862],[74.7683,34.1867],[74.7681,34.1872],[74.7684,34.1878],[74.769,34.1892],[74.7696,34.1899],[74.7699,34.1904],[74.77,34.1913],[74.7698,34.1926],[74.7698,34.1928]]}},{"type":"Feature","properties":{"id":"FDR-081","name":"Lalbazar to Lalchowk","obs":0.97,"drv":34,"runs":642},"geometry":{"type":"LineString","coordinates":[[74.8174,34.1256],[74.8173,34.1251],[74.8172,34.1248],[74.8171,34.1246],[74.817,34.1242],[74.8168,34.1236],[74.8166,34.1231],[74.8165,34.123],[74.8165,34.1229],[74.8162,34.1228],[74.816,34.1227],[74.8159,34.1226],[74.8158,34.1223],[74.8157,34.1218],[74.8156,34.1216],[74.8155,34.1215],[74.815,34.1212],[74.8147,34.1211],[74.8146,34.1209],[74.8143,34.1206],[74.814,34.1204],[74.8137,34.1202],[74.8135,34.12],[74.8131,34.12],[74.8124,34.1198],[74.8118,34.1198],[74.8112,34.1197],[74.8109,34.1198],[74.8104,34.1199],[74.8102,34.12],[74.8101,34.12],[74.8101,34.1202],[74.8101,34.1205],[74.81,34.1205],[74.8098,34.1206],[74.8078,34.1205],[74.8068,34.1205],[74.8067,34.12],[74.8066,34.1195],[74.8065,34.1192],[74.8065,34.1186],[74.8064,34.1176],[74.8064,34.1167],[74.8064,34.1158],[74.8064,34.115],[74.8065,34.1147],[74.8066,34.1145],[74.8067,34.1144],[74.8068,34.1141],[74.8069,34.114],[74.8079,34.1131],[74.808,34.113],[74.8084,34.1125],[74.8087,34.1121],[74.8092,34.1114],[74.8094,34.1113],[74.8094,34.1111],[74.8095,34.1106],[74.8095,34.1103],[74.8095,34.11],[74.8095,34.1098],[74.8094,34.1096],[74.8094,34.1092],[74.8093,34.1089],[74.8092,34.1079],[74.8091,34.1068],[74.809,34.1058],[74.809,34.1054],[74.8089,34.1048],[74.8089,34.1042],[74.8089,34.1039],[74.8089,34.1033],[74.8089,34.1029],[74.809,34.1026],[74.809,34.1023],[74.8093,34.1015],[74.8095,34.101],[74.8093,34.101],[74.808,34.1006],[74.8067,34.1],[74.8059,34.0997],[74.8057,34.0996],[74.8055,34.0994],[74.8059,34.099],[74.8062,34.0986],[74.8068,34.0978],[74.807,34.0975],[74.807,34.0971],[74.807,34.096],[74.807,34.0957],[74.807,34.0956],[74.8071,34.0955],[74.8072,34.0954],[74.8078,34.095],[74.8081,34.0948],[74.8083,34.0947],[74.8085,34.0945],[74.8087,34.0945],[74.8089,34.0945],[74.8088,34.0944],[74.8086,34.0945],[74.8084,34.0942],[74.8083,34.0941],[74.8083,34.0937],[74.8083,34.0934],[74.8082,34.093],[74.8082,34.0929],[74.8083,34.0922],[74.8083,34.0919],[74.8084,34.0916],[74.8084,34.0915],[74.8083,34.0909],[74.8082,34.0908],[74.8082,34.0906],[74.8081,34.0905],[74.8081,34.0894],[74.808,34.0887],[74.8079,34.0879],[74.8079,34.0878],[74.8077,34.0876],[74.8075,34.0874],[74.8074,34.0873],[74.8072,34.0866],[74.8071,34.0864],[74.8069,34.0862],[74.8069,34.0862],[74.8069,34.0857],[74.8069,34.0847],[74.8069,34.0839],[74.8069,34.0831],[74.8068,34.0827],[74.8067,34.0823],[74.8068,34.082],[74.8059,34.082],[74.8055,34.082],[74.8054,34.0819],[74.805,34.0818],[74.8048,34.0814],[74.8048,34.0808],[74.8049,34.0803],[74.8053,34.0787],[74.8054,34.0784],[74.8055,34.0778],[74.8055,34.077],[74.8055,34.0764],[74.8054,34.0759],[74.8053,34.0757],[74.8052,34.0755],[74.8049,34.0753],[74.8049,34.0751],[74.8049,34.0749],[74.8048,34.0747],[74.8045,34.0742],[74.8046,34.074],[74.8046,34.0738],[74.8048,34.0717],[74.8054,34.0717],[74.806,34.0716],[74.8073,34.0717],[74.8088,34.0717],[74.8093,34.0718],[74.8103,34.072],[74.8109,34.0722],[74.8111,34.0723],[74.8113,34.0722],[74.8111,34.0722],[74.8105,34.072],[74.8104,34.0719],[74.8106,34.0713],[74.8107,34.0713],[74.8107,34.0713],[74.8107,34.0712],[74.8106,34.0712],[74.8106,34.0712],[74.8105,34.0712],[74.8105,34.0713]]}},{"type":"Feature","properties":{"id":"FDR-122","name":"Jehangir Chowk to Soura","obs":1.0,"drv":29,"runs":411},"geometry":{"type":"LineString","coordinates":[[74.8047,34.0719],[74.8048,34.0717],[74.8054,34.0717],[74.806,34.0716],[74.8073,34.0717],[74.8088,34.0717],[74.8093,34.0718],[74.8103,34.072],[74.8109,34.0722],[74.8111,34.0723],[74.8113,34.0722],[74.8111,34.0722],[74.8105,34.072],[74.8103,34.072],[74.8093,34.0717],[74.8092,34.0717],[74.8073,34.0716],[74.806,34.0716],[74.8048,34.0715],[74.8047,34.0716],[74.8046,34.0719],[74.8045,34.0739],[74.8045,34.0741],[74.8043,34.0745],[74.8041,34.0749],[74.804,34.0752],[74.8038,34.0753],[74.8038,34.0755],[74.8037,34.0757],[74.8036,34.0759],[74.803,34.0763],[74.8028,34.0763],[74.8014,34.0777],[74.8008,34.0784],[74.8006,34.0786],[74.7999,34.0794],[74.7998,34.0794],[74.7998,34.0795],[74.7997,34.0795],[74.7997,34.0796],[74.7997,34.0797],[74.7989,34.0808],[74.7985,34.0813],[74.7983,34.0818],[74.798,34.0823],[74.7977,34.0827],[74.7975,34.0831],[74.797,34.0837],[74.7968,34.0837],[74.7966,34.0839],[74.7966,34.0841],[74.7967,34.0843],[74.7966,34.0846],[74.7961,34.0856],[74.7959,34.0861],[74.7958,34.0863],[74.7954,34.0868],[74.7946,34.0881],[74.7943,34.0885],[74.794,34.0887],[74.7938,34.0889],[74.7933,34.0894],[74.7932,34.0896],[74.793,34.09],[74.7929,34.0903],[74.7928,34.0907],[74.7924,34.0913],[74.792,34.0918],[74.7919,34.092],[74.7919,34.0922],[74.7918,34.0924],[74.7918,34.0928],[74.7917,34.093],[74.7917,34.0935],[74.7916,34.0939],[74.7916,34.0942],[74.7916,34.0945],[74.7916,34.0948],[74.7917,34.0951],[74.7918,34.0955],[74.7907,34.0955],[74.7918,34.0955],[74.7921,34.0958],[74.7924,34.0961],[74.7931,34.0968],[74.7932,34.0968],[74.7933,34.0971],[74.7934,34.0972],[74.7935,34.0977],[74.7936,34.0982],[74.7938,34.0989],[74.7939,34.0995],[74.7942,34.1004],[74.7943,34.1009],[74.7944,34.1013],[74.7946,34.1023],[74.7948,34.1029],[74.7948,34.1032],[74.7948,34.1034],[74.7948,34.1038],[74.7947,34.1044],[74.7947,34.1051],[74.7947,34.1058],[74.7946,34.1064],[74.7946,34.1072],[74.7945,34.1084],[74.7945,34.1089],[74.7945,34.1093],[74.7944,34.1102],[74.7944,34.1107],[74.7943,34.1113],[74.7942,34.1118],[74.7942,34.112],[74.7943,34.1123],[74.7943,34.1128],[74.7944,34.113],[74.7944,34.1133],[74.7944,34.1135],[74.7945,34.114],[74.7946,34.1144],[74.7948,34.1149],[74.7949,34.1151],[74.7949,34.1157],[74.795,34.1162],[74.7951,34.1167],[74.7951,34.1173],[74.7952,34.118],[74.7952,34.1193],[74.7952,34.12],[74.7952,34.1202],[74.795,34.121],[74.7949,34.1215],[74.7948,34.1217],[74.7945,34.1224],[74.7944,34.1227],[74.7946,34.1232],[74.795,34.1243],[74.7959,34.1261],[74.7962,34.1269],[74.7963,34.1271],[74.7966,34.1274],[74.7969,34.1277],[74.7973,34.1283],[74.7979,34.1292],[74.7984,34.1302],[74.7991,34.1314],[74.7992,34.1316],[74.7994,34.1317],[74.7997,34.1317],[74.8001,34.1317],[74.8006,34.1316],[74.8012,34.1315],[74.8019,34.1315],[74.8021,34.1315],[74.8022,34.1316],[74.8023,34.132],[74.8023,34.133],[74.8027,34.1342],[74.803,34.1355],[74.8031,34.1357],[74.8031,34.1359],[74.8028,34.136],[74.8024,34.1358],[74.8014,34.1359],[74.8014,34.1362],[74.8015,34.1371],[74.8018,34.1371],[74.8022,34.1371],[74.8023,34.1371],[74.8023,34.1372],[74.8022,34.1375],[74.8021,34.1377],[74.8021,34.1377]]}},{"type":"Feature","properties":{"id":"TRK-031","name":"Soura to Hazratbal","obs":1.0,"drv":19,"runs":258},"geometry":{"type":"LineString","coordinates":[[74.8021,34.1377],[74.8021,34.1377],[74.8021,34.1377],[74.8021,34.1377],[74.8022,34.1375],[74.8023,34.1373],[74.8023,34.1372],[74.8023,34.1372],[74.8023,34.1371],[74.8023,34.1371],[74.8022,34.1371],[74.802,34.1371],[74.8018,34.1371],[74.8017,34.1371],[74.8015,34.1371],[74.8014,34.1365],[74.8014,34.1362],[74.8014,34.136],[74.8023,34.1359],[74.8024,34.1359],[74.8024,34.1359],[74.8025,34.1359],[74.8028,34.136],[74.803,34.1361],[74.8031,34.1361],[74.8032,34.136],[74.8033,34.1357],[74.8035,34.1357],[74.8038,34.1358],[74.8045,34.136],[74.8047,34.1361],[74.8054,34.1363],[74.8058,34.1364],[74.8058,34.1364],[74.8063,34.1366],[74.8067,34.1367],[74.807,34.1368],[74.8074,34.1369],[74.8076,34.1369],[74.8076,34.1369],[74.8077,34.137],[74.8078,34.1369],[74.8079,34.1369],[74.808,34.1369],[74.8081,34.1368],[74.8083,34.1368],[74.8087,34.1367],[74.8088,34.1367],[74.8088,34.1367],[74.8089,34.1366],[74.809,34.1366],[74.8091,34.1366],[74.8098,34.1366],[74.8102,34.1366],[74.8104,34.1366],[74.8106,34.1366],[74.8108,34.1365],[74.8108,34.1364],[74.8108,34.1364],[74.8108,34.1363],[74.8113,34.1362],[74.8114,34.1362],[74.8115,34.1362],[74.8116,34.1361],[74.8117,34.1361],[74.8117,34.136],[74.8118,34.1358],[74.8118,34.1357],[74.8118,34.1356],[74.8118,34.1355],[74.8118,34.1354],[74.8119,34.1353],[74.8121,34.135],[74.8124,34.1348],[74.8126,34.1345],[74.8127,34.1346],[74.8128,34.1346],[74.8129,34.1346],[74.8131,34.1347],[74.8132,34.1347],[74.8132,34.1347],[74.8133,34.1347],[74.8137,34.1345],[74.8138,34.1345],[74.814,34.1344],[74.8141,34.1344],[74.8143,34.1344],[74.8145,34.1344],[74.8147,34.1344],[74.8151,34.1344],[74.8151,34.1344],[74.8151,34.1344],[74.8152,34.1344],[74.8153,34.1342],[74.8154,34.1341],[74.8155,34.134],[74.8156,34.134],[74.8157,34.134],[74.8158,34.134],[74.8159,34.134],[74.8161,34.134],[74.8164,34.134],[74.8166,34.1341],[74.8179,34.1344],[74.8181,34.1344],[74.8185,34.1345],[74.8189,34.1346],[74.8195,34.1347],[74.8198,34.1348],[74.8201,34.1348],[74.8204,34.1349],[74.8209,34.135],[74.8212,34.135],[74.8215,34.135],[74.8221,34.135],[74.8223,34.135],[74.8226,34.135],[74.8229,34.1351],[74.8231,34.1351],[74.8233,34.1351],[74.8238,34.1351],[74.8239,34.1351],[74.8243,34.1352],[74.8246,34.1352],[74.825,34.1352],[74.8255,34.1353],[74.8256,34.1355],[74.826,34.1359],[74.8264,34.1358],[74.8268,34.1358],[74.8272,34.1358],[74.8272,34.1358],[74.8273,34.1358],[74.8273,34.1358],[74.8274,34.1357],[74.8274,34.1356],[74.8275,34.1356],[74.8276,34.1357],[74.8278,34.1357],[74.828,34.1358],[74.8282,34.1358],[74.8283,34.1358],[74.8284,34.1358],[74.8285,34.1358],[74.8285,34.1357],[74.8286,34.1357],[74.8286,34.1357],[74.8286,34.1356],[74.8289,34.1352],[74.829,34.1351],[74.8292,34.1349],[74.8292,34.1348],[74.8292,34.1348],[74.8294,34.1345],[74.8296,34.1342],[74.8298,34.1339],[74.8299,34.1338],[74.83,34.1337],[74.83,34.1335],[74.8301,34.1332],[74.8302,34.1329],[74.8302,34.1327],[74.8303,34.1325],[74.8303,34.1324],[74.8303,34.1321],[74.8304,34.1319],[74.8304,34.1318],[74.8305,34.1317],[74.8306,34.1315],[74.8307,34.1313],[74.8308,34.1312],[74.8309,34.1311],[74.8309,34.131],[74.8311,34.1306],[74.8313,34.1303],[74.8314,34.1301],[74.8315,34.1298],[74.8316,34.1297],[74.8316,34.1295],[74.8317,34.1294],[74.8317,34.1292],[74.8317,34.1291],[74.8318,34.1288],[74.8318,34.1286],[74.8318,34.1284],[74.8319,34.1282],[74.8319,34.128],[74.832,34.1278],[74.8321,34.1276],[74.8321,34.1276],[74.8321,34.1275],[74.8322,34.1275],[74.8322,34.1274],[74.8322,34.1274],[74.8323,34.1274],[74.8323,34.1274],[74.8324,34.1274],[74.8325,34.1274],[74.8327,34.1274],[74.833,34.1274],[74.8341,34.1275],[74.8346,34.1275],[74.8361,34.1276],[74.8364,34.1277],[74.8366,34.1277],[74.8374,34.1277],[74.8385,34.1278],[74.8386,34.1278],[74.8387,34.1278],[74.8387,34.1278],[74.8388,34.1278],[74.8388,34.1278],[74.8388,34.1279],[74.8388,34.1279],[74.8389,34.1279],[74.8389,34.1278],[74.8389,34.1278],[74.8389,34.1278],[74.8389,34.1278],[74.8389,34.1277],[74.8389,34.1277],[74.8389,34.1277],[74.8388,34.1277],[74.8388,34.1277],[74.8388,34.1277],[74.8388,34.1277],[74.8378,34.1277],[74.8374,34.1277],[74.8369,34.1276],[74.8363,34.1276],[74.8361,34.1276],[74.836,34.1276],[74.8356,34.1275]]}},{"type":"Feature","properties":{"id":"FDR-161","name":"TRC to Hazratbal","obs":1.0,"drv":33,"runs":542},"geometry":{"type":"LineString","coordinates":[[74.8245,34.0754],[74.8229,34.075],[74.8213,34.0747],[74.8213,34.0749],[74.8206,34.0767],[74.8199,34.0785],[74.8198,34.0787],[74.8199,34.0796],[74.8199,34.0796],[74.8199,34.0796],[74.8199,34.0797],[74.8197,34.0806],[74.8196,34.081],[74.8194,34.0818],[74.8193,34.0821],[74.8193,34.0824],[74.8194,34.0832],[74.8194,34.0835],[74.8194,34.0838],[74.8194,34.0842],[74.8191,34.0851],[74.8191,34.0853],[74.819,34.0855],[74.8188,34.0858],[74.8187,34.0859],[74.8175,34.0876],[74.8172,34.0879],[74.8161,34.089],[74.815,34.0903],[74.8155,34.0906],[74.8161,34.091],[74.8166,34.0914],[74.8168,34.0916],[74.8173,34.0924],[74.8174,34.0926],[74.8176,34.0925],[74.8179,34.0923],[74.818,34.0922],[74.8184,34.0922],[74.8187,34.0921],[74.8189,34.0921],[74.8191,34.092],[74.8193,34.0918],[74.8195,34.0922],[74.8201,34.0935],[74.8203,34.0939],[74.8208,34.0948],[74.8211,34.0956],[74.8214,34.0961],[74.8219,34.0968],[74.8221,34.0972],[74.8227,34.0976],[74.8229,34.0978],[74.823,34.098],[74.8228,34.0986],[74.8227,34.0989],[74.8224,34.0997],[74.8223,34.1003],[74.8222,34.1013],[74.8221,34.1017],[74.8221,34.102],[74.8221,34.1023],[74.8223,34.1025],[74.8226,34.1028],[74.8232,34.1032],[74.8243,34.1036],[74.8253,34.1039],[74.8264,34.1043],[74.8273,34.1045],[74.8278,34.1046],[74.8285,34.1046],[74.829,34.1045],[74.8296,34.1044],[74.8299,34.1044],[74.8302,34.1045],[74.8315,34.1046],[74.8316,34.1046],[74.8319,34.1047],[74.832,34.1047],[74.8321,34.1049],[74.8324,34.1051],[74.8326,34.1054],[74.8337,34.1069],[74.8345,34.1079],[74.8354,34.1091],[74.8358,34.1096],[74.8362,34.1101],[74.8364,34.1104],[74.8368,34.1109],[74.837,34.1111],[74.8374,34.1115],[74.8374,34.1117],[74.8375,34.1119],[74.8374,34.1124],[74.8374,34.1126],[74.8373,34.1127],[74.8372,34.1129],[74.837,34.1131],[74.8368,34.1136],[74.8366,34.1138],[74.8365,34.114],[74.836,34.1155],[74.8358,34.1166],[74.8358,34.117],[74.8356,34.1186],[74.8355,34.1193],[74.8354,34.1203],[74.8353,34.1207],[74.8353,34.1208],[74.8353,34.121],[74.8355,34.1212],[74.8357,34.1217],[74.8362,34.123],[74.8363,34.1232],[74.8364,34.1235],[74.8365,34.1238],[74.8367,34.1241],[74.8373,34.125],[74.8376,34.1254],[74.8385,34.1263],[74.8388,34.1267],[74.8388,34.1268],[74.8388,34.1271],[74.8388,34.1277],[74.8388,34.1277],[74.8374,34.1277],[74.8363,34.1276],[74.836,34.1276],[74.8356,34.1275]]}},{"type":"Feature","properties":{"id":"FDR-147","name":"Hazratbal to LD","obs":1.0,"drv":33,"runs":541},"geometry":{"type":"LineString","coordinates":[[74.8388,34.1275],[74.8388,34.1277],[74.8388,34.1277],[74.8388,34.1278],[74.8388,34.1279],[74.8388,34.1279],[74.8389,34.1278],[74.8389,34.1278],[74.8389,34.1277],[74.8389,34.1276],[74.8389,34.1272],[74.8389,34.1268],[74.8388,34.1267],[74.8384,34.1263],[74.8376,34.1254],[74.8373,34.125],[74.8367,34.1241],[74.8365,34.1238],[74.8364,34.1235],[74.8363,34.1232],[74.8362,34.123],[74.8357,34.1217],[74.8354,34.1212],[74.8354,34.121],[74.8354,34.1207],[74.8356,34.1193],[74.8357,34.1186],[74.8358,34.1179],[74.8358,34.1172],[74.836,34.1162],[74.8362,34.1154],[74.8368,34.1136],[74.837,34.1131],[74.8371,34.113],[74.8372,34.1128],[74.8374,34.1126],[74.8374,34.1125],[74.8375,34.1121],[74.8375,34.1118],[74.8374,34.1116],[74.8372,34.1114],[74.8369,34.111],[74.8365,34.1105],[74.8362,34.1102],[74.836,34.1098],[74.8355,34.1093],[74.8347,34.1083],[74.8343,34.1076],[74.8331,34.1061],[74.8325,34.1052],[74.8323,34.105],[74.832,34.1048],[74.8319,34.1047],[74.8318,34.1047],[74.8315,34.1046],[74.8314,34.1046],[74.83,34.1044],[74.8297,34.1044],[74.8292,34.1045],[74.829,34.1045],[74.8282,34.1046],[74.8274,34.1045],[74.8269,34.1044],[74.8254,34.1039],[74.8248,34.1038],[74.8234,34.1033],[74.823,34.1031],[74.8225,34.1027],[74.8221,34.1023],[74.8221,34.1022],[74.8221,34.1019],[74.8222,34.1013],[74.8222,34.1012],[74.8224,34.0998],[74.8226,34.0991],[74.8227,34.0988],[74.8229,34.0983],[74.823,34.0979],[74.8228,34.0976],[74.8223,34.0973],[74.822,34.097],[74.8215,34.0963],[74.8213,34.0959],[74.8208,34.0949],[74.8206,34.0945],[74.8201,34.0935],[74.82,34.0932],[74.8194,34.092],[74.8191,34.0919],[74.819,34.092],[74.8188,34.0921],[74.8186,34.0921],[74.8182,34.0922],[74.8179,34.0923],[74.8178,34.0924],[74.8175,34.0926],[74.8173,34.0925],[74.8172,34.0924],[74.8167,34.0915],[74.8165,34.0913],[74.816,34.0909],[74.815,34.0903],[74.816,34.0892],[74.8163,34.0888],[74.8174,34.0878],[74.8176,34.0876],[74.8188,34.0859],[74.8188,34.0858],[74.819,34.0855],[74.8191,34.0853],[74.8193,34.0849],[74.8195,34.084],[74.8196,34.0838],[74.8195,34.0835],[74.8194,34.0827],[74.8194,34.0823],[74.8195,34.082],[74.8197,34.081],[74.82,34.0798],[74.8201,34.0797],[74.8201,34.0796],[74.8201,34.0796],[74.82,34.0795],[74.82,34.0795],[74.8199,34.0795],[74.8199,34.0796],[74.8198,34.0796],[74.8196,34.0795],[74.8195,34.0795],[74.8189,34.0794],[74.8187,34.0797],[74.8185,34.0799],[74.8181,34.0805]]}},{"type":"Feature","properties":{"id":"FDR-262","name":"Soura to Railway Station","obs":0.99,"drv":47,"runs":901},"geometry":{"type":"LineString","coordinates":[[74.8021,34.1377],[74.8023,34.1373],[74.8022,34.1371],[74.8014,34.1365],[74.8024,34.1359],[74.8032,34.136],[74.8035,34.1353],[74.8038,34.1343],[74.8041,34.1336],[74.8043,34.1331],[74.8046,34.1319],[74.8049,34.131],[74.8052,34.1302],[74.8053,34.1297],[74.8059,34.1281],[74.8062,34.1272],[74.8063,34.1258],[74.8064,34.1248],[74.8065,34.1231],[74.8068,34.1218],[74.8068,34.1213],[74.8068,34.1205],[74.8066,34.1195],[74.8064,34.1176],[74.8064,34.1154],[74.8066,34.1145],[74.8069,34.1141],[74.808,34.113],[74.809,34.1118],[74.8094,34.1111],[74.8095,34.1101],[74.8094,34.1096],[74.8092,34.1082],[74.809,34.1058],[74.8089,34.1044],[74.8089,34.1033],[74.809,34.1025],[74.8095,34.101],[74.8099,34.1],[74.8105,34.0993],[74.8107,34.0988],[74.811,34.0983],[74.8114,34.0984],[74.8117,34.0982],[74.8123,34.0974],[74.8129,34.0966],[74.8136,34.0952],[74.8144,34.0946],[74.8156,34.0938],[74.8168,34.0932],[74.8173,34.0927],[74.8179,34.0923],[74.8186,34.0921],[74.8191,34.092],[74.8197,34.0913],[74.8203,34.0908],[74.8215,34.0895],[74.822,34.0889],[74.8226,34.0877],[74.8229,34.0871],[74.8233,34.0866],[74.8235,34.0863],[74.8234,34.086],[74.8229,34.0854],[74.8227,34.0849],[74.8233,34.0844],[74.8245,34.0835],[74.8251,34.0829],[74.827,34.0817],[74.825,34.0829],[74.8261,34.0823],[74.829,34.0803],[74.8293,34.0799],[74.8294,34.0793],[74.8297,34.0772],[74.8298,34.0766],[74.8303,34.076],[74.8314,34.0754],[74.8332,34.075],[74.8346,34.0744],[74.8358,34.0736],[74.8371,34.0728],[74.838,34.0722],[74.8406,34.0706],[74.8419,34.0699],[74.843,34.0692],[74.8435,34.0687],[74.8445,34.0677],[74.8472,34.0652],[74.8499,34.0626],[74.8521,34.0612],[74.854,34.0599],[74.857,34.0577],[74.8594,34.0562],[74.8605,34.0553],[74.8617,34.0533],[74.8626,34.0522],[74.8635,34.0505],[74.864,34.0501],[74.866,34.0487],[74.8676,34.0477],[74.8686,34.0472],[74.8702,34.0462],[74.8709,34.0456],[74.8717,34.0443],[74.8722,34.0435],[74.8726,34.0429],[74.8742,34.0421],[74.8757,34.0412],[74.877,34.0406],[74.878,34.04],[74.8777,34.0398],[74.8765,34.0395],[74.8712,34.0381],[74.8691,34.0377],[74.8675,34.0373],[74.8642,34.0365],[74.8607,34.0356],[74.8565,34.0346],[74.8536,34.0338],[74.8477,34.0324],[74.8473,34.032],[74.8477,34.0245],[74.8473,34.0242]]}},{"type":"Feature","properties":{"id":"FDR-101","name":"Malbagh to LD","obs":0.98,"drv":24,"runs":605},"geometry":{"type":"LineString","coordinates":[[74.8255,34.1442],[74.8253,34.1447],[74.8246,34.1446],[74.8241,34.1445],[74.8235,34.1445],[74.8226,34.1443],[74.8222,34.1442],[74.8215,34.1438],[74.8208,34.1434],[74.8204,34.1431],[74.82,34.1427],[74.8191,34.1421],[74.8182,34.1415],[74.8175,34.141],[74.817,34.1406],[74.8165,34.1401],[74.816,34.1396],[74.8158,34.1392],[74.8157,34.1387],[74.8156,34.1384],[74.8156,34.138],[74.8157,34.1373],[74.8158,34.1367],[74.8161,34.136],[74.8163,34.1356],[74.8165,34.1351],[74.8166,34.1348],[74.8165,34.1343],[74.8167,34.1336],[74.817,34.133],[74.8174,34.1325],[74.8178,34.1319],[74.8182,34.1317],[74.8187,34.1312],[74.8189,34.1308],[74.819,34.1302],[74.8191,34.1294],[74.819,34.1289],[74.8187,34.1286],[74.8185,34.1283],[74.8182,34.1278],[74.8179,34.1274],[74.8175,34.1258],[74.8173,34.1251],[74.8172,34.1248],[74.817,34.1242],[74.8168,34.1235],[74.8165,34.123],[74.8163,34.1229],[74.816,34.1227],[74.8159,34.1226],[74.8157,34.1218],[74.8156,34.1215],[74.815,34.1212],[74.8146,34.121],[74.8143,34.1206],[74.8138,34.1202],[74.8135,34.12],[74.8129,34.1199],[74.8118,34.1198],[74.8111,34.1198],[74.8104,34.1199],[74.8101,34.12],[74.8101,34.1202],[74.81,34.1205],[74.8098,34.1206],[74.8077,34.1205],[74.8067,34.12],[74.8066,34.1195],[74.8065,34.1186],[74.8064,34.117],[74.8064,34.1158],[74.8065,34.1149],[74.8066,34.1145],[74.8068,34.1142],[74.8069,34.114],[74.8079,34.1131],[74.8084,34.1125],[74.809,34.1118],[74.8094,34.1113],[74.8094,34.1109],[74.8095,34.1103],[74.8095,34.1099],[74.8094,34.1096],[74.8093,34.109],[74.8092,34.1079],[74.809,34.1064],[74.809,34.1054],[74.8089,34.1044],[74.8089,34.1039],[74.8089,34.1031],[74.809,34.1026],[74.8091,34.102],[74.8095,34.101],[74.8086,34.1007],[74.8067,34.1],[74.8058,34.0997],[74.8055,34.0994],[74.8061,34.0988],[74.8068,34.0978],[74.807,34.0973],[74.807,34.096],[74.807,34.0957],[74.8071,34.0955],[74.8075,34.0952],[74.8081,34.0948],[74.8084,34.0946],[74.8087,34.0945],[74.8089,34.0945],[74.8086,34.0945],[74.8083,34.0941],[74.8083,34.0937],[74.8083,34.0933],[74.8082,34.0929],[74.8083,34.0921],[74.8084,34.0916],[74.8083,34.0913],[74.8082,34.0908],[74.8082,34.0906],[74.8081,34.0894],[74.8079,34.0881],[74.8079,34.0878],[74.8077,34.0875],[74.8074,34.0873],[74.8071,34.0865],[74.8069,34.0862],[74.8069,34.0861],[74.8069,34.0847],[74.8069,34.0835],[74.8068,34.0827],[74.8068,34.0821],[74.8059,34.082]]}},{"type":"Feature","properties":{"id":"FDR-269","name":"Jehangir Chowk to JVC","obs":1.0,"drv":36,"runs":334},"geometry":{"type":"LineString","coordinates":[[74.8047,34.0719],[74.8047,34.0718],[74.8048,34.0717],[74.8048,34.0716],[74.8054,34.0717],[74.8059,34.0717],[74.806,34.0716],[74.8061,34.0716],[74.8073,34.0717],[74.8087,34.0717],[74.8088,34.0717],[74.8089,34.0717],[74.8093,34.0718],[74.8095,34.0719],[74.8103,34.072],[74.8104,34.0721],[74.8109,34.0722],[74.811,34.0723],[74.8111,34.0723],[74.8113,34.0723],[74.8113,34.0722],[74.8112,34.0722],[74.8111,34.0722],[74.811,34.0722],[74.8105,34.072],[74.8104,34.072],[74.8103,34.072],[74.8094,34.0717],[74.8093,34.0717],[74.8093,34.0717],[74.8092,34.0717],[74.8087,34.0716],[74.8073,34.0716],[74.8061,34.0715],[74.806,34.0716],[74.8059,34.0716],[74.8044,34.0715],[74.8041,34.0715],[74.8039,34.0715],[74.8038,34.0715],[74.8037,34.0716],[74.8035,34.0716],[74.802,34.0723],[74.8018,34.0724],[74.8016,34.0724],[74.8013,34.0726],[74.7992,34.0735],[74.7976,34.0742],[74.7971,34.0745],[74.797,34.0745],[74.7961,34.0749],[74.7958,34.075],[74.7956,34.0751],[74.795,34.0753],[74.7948,34.0755],[74.7947,34.0755],[74.7947,34.0756],[74.7946,34.0757],[74.7946,34.0761],[74.7946,34.0765],[74.7946,34.0773],[74.7945,34.0782],[74.7945,34.0785],[74.7944,34.0792],[74.7944,34.0792],[74.7944,34.0796],[74.7944,34.0797],[74.7943,34.0802],[74.7943,34.0803],[74.7942,34.0805],[74.7941,34.0806],[74.794,34.0807],[74.7937,34.0809],[74.7931,34.0814],[74.7929,34.0816],[74.7926,34.0816],[74.7924,34.0816],[74.7918,34.0816],[74.7906,34.0815],[74.7898,34.0815],[74.7891,34.0815],[74.7884,34.0815],[74.7864,34.0816],[74.786,34.0816],[74.7846,34.0816],[74.7843,34.0816],[74.784,34.0813],[74.7836,34.081],[74.7836,34.081],[74.7832,34.0806],[74.7829,34.0803],[74.7826,34.0801],[74.7825,34.08],[74.7822,34.0797],[74.7819,34.0795],[74.7813,34.0792],[74.7812,34.0791],[74.781,34.0791],[74.7805,34.0787],[74.78,34.0784],[74.7794,34.0781],[74.7787,34.0776],[74.7786,34.0776],[74.7782,34.0773],[74.7779,34.0771],[74.7777,34.077],[74.7775,34.0769],[74.7771,34.0767],[74.7767,34.0765],[74.7762,34.0763],[74.7761,34.0762],[74.7758,34.0761],[74.7757,34.076],[74.7753,34.0758],[74.775,34.0757],[74.7747,34.0755],[74.7743,34.0753],[74.7739,34.0752],[74.7734,34.0748],[74.7732,34.0747],[74.7729,34.0745],[74.7725,34.0743],[74.772,34.0741],[74.7719,34.074],[74.7715,34.0737],[74.7713,34.0736],[74.7712,34.0735],[74.7709,34.0733],[74.7703,34.0731],[74.7697,34.0729],[74.7694,34.0727],[74.7689,34.0725],[74.7687,34.0724],[74.7684,34.0723],[74.7684,34.0723],[74.7683,34.0722],[74.7682,34.0722],[74.7679,34.072],[74.7676,34.0719],[74.7676,34.0719],[74.7675,34.072],[74.7674,34.0722],[74.7674,34.0723],[74.7674,34.0725],[74.7673,34.0728],[74.7672,34.0731],[74.7671,34.0733],[74.767,34.0736],[74.767,34.0736],[74.7669,34.0738],[74.7669,34.0739],[74.7669,34.074],[74.7668,34.0741],[74.7667,34.0745],[74.7666,34.0748],[74.7665,34.0751],[74.7664,34.0753],[74.7664,34.0756],[74.7662,34.076],[74.7657,34.0775],[74.7651,34.0791],[74.7642,34.0815],[74.7641,34.0819],[74.7636,34.0833],[74.7631,34.0848],[74.7627,34.0862],[74.7626,34.0862],[74.7626,34.0861],[74.7624,34.0861],[74.7624,34.086],[74.7622,34.086],[74.7622,34.0851]]}},{"type":"Feature","properties":{"id":"FDR-173","name":"Soura to Parimpora","obs":0.98,"drv":43,"runs":760},"geometry":{"type":"LineString","coordinates":[[74.8021,34.1377],[74.8021,34.1377],[74.8023,34.1372],[74.8023,34.1371],[74.8018,34.1371],[74.8014,34.1365],[74.8023,34.1359],[74.8025,34.1359],[74.8031,34.1361],[74.8033,34.1356],[74.8035,34.1353],[74.8037,34.1347],[74.8038,34.1341],[74.804,34.1337],[74.8042,34.1334],[74.8043,34.1331],[74.8045,34.1323],[74.8047,34.1318],[74.8048,34.1312],[74.805,34.1307],[74.8052,34.1302],[74.8053,34.13],[74.8054,34.1297],[74.8058,34.1286],[74.8062,34.1276],[74.8062,34.1272],[74.8063,34.1262],[74.8063,34.1254],[74.8064,34.125],[74.8065,34.1237],[74.8065,34.1231],[74.8067,34.1221],[74.8068,34.1217],[74.8068,34.1214],[74.8068,34.1211],[74.8068,34.1205],[74.8067,34.1198],[74.8065,34.1192],[74.8064,34.1181],[74.8064,34.1167],[74.8064,34.1154],[74.8065,34.1147],[74.8066,34.1145],[74.8068,34.1141],[74.8076,34.1134],[74.808,34.113],[74.8086,34.1122],[74.8092,34.1114],[74.8093,34.1112],[74.8083,34.1111],[74.8075,34.1109],[74.8069,34.1106],[74.8065,34.1105],[74.8061,34.1106],[74.8054,34.1107],[74.8052,34.1104],[74.8054,34.1105],[74.806,34.1107],[74.8064,34.1105],[74.8068,34.1105],[74.8064,34.1099],[74.8057,34.1084],[74.8053,34.1078],[74.8049,34.1078],[74.8043,34.1074],[74.8036,34.107],[74.803,34.1067],[74.8023,34.1065],[74.8017,34.1063],[74.8011,34.1061],[74.8008,34.1058],[74.8005,34.1057],[74.7998,34.1053],[74.7993,34.1051],[74.7988,34.1051],[74.7983,34.1052],[74.7978,34.105],[74.7971,34.105],[74.7961,34.1049],[74.7953,34.1049],[74.795,34.1047],[74.7949,34.1036],[74.7949,34.1032],[74.7946,34.1021],[74.7944,34.1011],[74.7941,34.0995],[74.7936,34.0975],[74.7934,34.0969],[74.7928,34.0963],[74.7925,34.0961],[74.7925,34.0955],[74.7918,34.0955],[74.7898,34.0955],[74.788,34.0957],[74.7868,34.0958],[74.7854,34.096],[74.7842,34.0962],[74.7837,34.0962],[74.783,34.0955],[74.7825,34.0949],[74.7815,34.094],[74.7802,34.0929],[74.7784,34.0914],[74.7782,34.0914],[74.7778,34.0916],[74.7773,34.0915],[74.7775,34.0911],[74.7763,34.0928],[74.7754,34.0941],[74.7741,34.0959],[74.7734,34.0965],[74.7715,34.0979],[74.7684,34.1],[74.7677,34.1005],[74.7665,34.1013],[74.7643,34.1028],[74.7634,34.1032],[74.7601,34.1044],[74.7576,34.1054],[74.7567,34.1057],[74.7551,34.1061],[74.7546,34.1062],[74.7542,34.1063],[74.7532,34.1066],[74.7517,34.1071],[74.7505,34.1075],[74.7499,34.1077],[74.748,34.1082],[74.7454,34.1091],[74.7466,34.1088],[74.7469,34.1088],[74.7473,34.1096],[74.7474,34.1099],[74.7477,34.1104],[74.7477,34.1106],[74.7476,34.1108],[74.7475,34.1112]]}},{"type":"Feature","properties":{"id":"FDR-467","name":"Jehangir Chowk to Budgam","obs":0.92,"drv":13,"runs":29},"geometry":{"type":"LineString","coordinates":[[74.8045,34.0755],[74.8044,34.0752],[74.8038,34.0754],[74.8037,34.0757],[74.803,34.0763],[74.8014,34.0777],[74.8006,34.0786],[74.7999,34.0795],[74.7997,34.0795],[74.7997,34.0797],[74.7985,34.0813],[74.7974,34.0811],[74.7972,34.081],[74.7968,34.0809],[74.7955,34.0808],[74.7942,34.0805],[74.7931,34.0814],[74.7918,34.0816],[74.7884,34.0815],[74.7843,34.0816],[74.7832,34.0806],[74.7822,34.0797],[74.781,34.0791],[74.7787,34.0776],[74.7777,34.077],[74.7762,34.0763],[74.7753,34.0758],[74.7739,34.0752],[74.7725,34.0743],[74.7713,34.0736],[74.7697,34.0729],[74.7684,34.0723],[74.7679,34.072],[74.7671,34.0717],[74.7661,34.0714],[74.7626,34.0705],[74.7622,34.0705],[74.7613,34.0703],[74.7602,34.0698],[74.7593,34.0695],[74.7588,34.0691],[74.7586,34.0687],[74.7585,34.0681],[74.7585,34.0677],[74.7584,34.0671],[74.7585,34.0666],[74.7587,34.0662],[74.7586,34.0657],[74.7584,34.065],[74.7583,34.0645],[74.758,34.0639],[74.7578,34.0635],[74.7576,34.063],[74.7573,34.0623],[74.7569,34.062],[74.7567,34.0619],[74.7557,34.0609],[74.7549,34.0603],[74.7546,34.06],[74.7532,34.0592],[74.7521,34.0585],[74.7505,34.0577],[74.7497,34.0572],[74.7493,34.0569],[74.7488,34.0565],[74.7479,34.0559],[74.7472,34.0554],[74.7466,34.0549],[74.7453,34.0541],[74.7443,34.0535],[74.7437,34.053],[74.7429,34.0526],[74.7418,34.0519],[74.7412,34.0515],[74.7407,34.0511],[74.7398,34.0506],[74.739,34.0501],[74.7386,34.0498],[74.7379,34.0495],[74.7371,34.0489],[74.7366,34.0485],[74.7357,34.0479],[74.7349,34.0474],[74.7342,34.0468],[74.7338,34.0463],[74.7333,34.0456],[74.7329,34.0453],[74.7321,34.045],[74.7318,34.0447],[74.7314,34.0442],[74.731,34.0438],[74.7304,34.0433],[74.73,34.0429],[74.7282,34.0423],[74.7271,34.0418],[74.7257,34.0409],[74.7249,34.0404],[74.7244,34.04],[74.7235,34.0397],[74.7224,34.0393],[74.7204,34.0383],[74.7198,34.038],[74.7189,34.037],[74.7196,34.036],[74.7203,34.0352],[74.7216,34.0336],[74.7221,34.033],[74.7226,34.0326],[74.7228,34.0323],[74.7232,34.0314],[74.7232,34.031],[74.7229,34.0302],[74.7222,34.0278],[74.7221,34.0272],[74.7223,34.0262],[74.7225,34.0255],[74.7225,34.0251],[74.7223,34.0245],[74.722,34.0241],[74.7214,34.0236],[74.7211,34.0228],[74.7209,34.0222],[74.7208,34.0215],[74.7203,34.0205],[74.7198,34.0194],[74.7198,34.0181],[74.7203,34.0172],[74.721,34.0161],[74.7206,34.0153],[74.7195,34.0148],[74.7187,34.0152],[74.7176,34.0149],[74.7159,34.015],[74.7132,34.016]]}},{"type":"Feature","properties":{"id":"FDR-106","name":"Parimpora to Saidakadal","obs":0.98,"drv":41,"runs":433},"geometry":{"type":"LineString","coordinates":[[74.7475,34.1112],[74.7476,34.1109],[74.7477,34.1107],[74.7477,34.1106],[74.7477,34.1104],[74.7477,34.1102],[74.7474,34.1099],[74.7473,34.1097],[74.7472,34.1094],[74.7469,34.1088],[74.7468,34.1087],[74.7481,34.1084],[74.7485,34.1082],[74.7514,34.1073],[74.7532,34.1067],[74.7542,34.1064],[74.7548,34.1063],[74.755,34.1062],[74.7551,34.1061],[74.756,34.1059],[74.7569,34.1056],[74.7576,34.1054],[74.76,34.1045],[74.7604,34.1044],[74.7611,34.1041],[74.7616,34.1039],[74.7619,34.1038],[74.7624,34.1037],[74.7628,34.1035],[74.7634,34.1033],[74.7638,34.1031],[74.7642,34.1029],[74.7644,34.1028],[74.7646,34.1027],[74.765,34.1024],[74.7658,34.1019],[74.7662,34.1016],[74.767,34.1011],[74.7674,34.1008],[74.768,34.1005],[74.7691,34.0997],[74.7695,34.0994],[74.7707,34.0986],[74.7713,34.0981],[74.7722,34.0975],[74.7733,34.0966],[74.7739,34.0962],[74.7742,34.0959],[74.7748,34.095],[74.7753,34.0943],[74.7762,34.093],[74.7766,34.0924],[74.7771,34.0917],[74.7775,34.0912],[74.7781,34.0913],[74.7783,34.0914],[74.7786,34.0916],[74.7802,34.0929],[74.7814,34.0939],[74.7816,34.0941],[74.7828,34.0954],[74.7835,34.0962],[74.7837,34.0963],[74.7838,34.0964],[74.7843,34.0963],[74.7854,34.096],[74.7863,34.096],[74.7873,34.0959],[74.788,34.0958],[74.7893,34.0957],[74.7902,34.0955],[74.791,34.0955],[74.7919,34.0955],[74.7925,34.0955],[74.794,34.0953],[74.7949,34.0951],[74.7954,34.095],[74.7963,34.0951],[74.7974,34.0954],[74.7982,34.0958],[74.7987,34.0961],[74.8,34.0972],[74.8004,34.0976],[74.8014,34.0982],[74.8021,34.0988],[74.8023,34.0989],[74.803,34.0991],[74.8035,34.0993],[74.8036,34.0994],[74.8041,34.0996],[74.8045,34.0997],[74.8049,34.0997],[74.8052,34.0996],[74.8056,34.0995],[74.8058,34.0997],[74.8063,34.0999],[74.807,34.1002],[74.8086,34.1007],[74.8094,34.101],[74.8097,34.1006],[74.8098,34.1001],[74.8099,34.1],[74.8101,34.0998],[74.8103,34.0995],[74.8106,34.0992],[74.8106,34.099],[74.8107,34.0988],[74.8108,34.0986],[74.8109,34.0984],[74.8111,34.0983],[74.8114,34.0984],[74.8114,34.0984],[74.8115,34.0985],[74.8119,34.0987],[74.8122,34.0988],[74.8128,34.0989],[74.8133,34.0991],[74.8136,34.0992],[74.8141,34.0994],[74.8145,34.0993],[74.8152,34.0991],[74.8158,34.099],[74.8164,34.099],[74.8172,34.0991],[74.8179,34.099],[74.8185,34.0989],[74.8194,34.0991],[74.8202,34.0993],[74.8219,34.0997],[74.8224,34.0998],[74.8222,34.1012],[74.8222,34.1014],[74.8221,34.1019],[74.8221,34.1022],[74.8221,34.1023],[74.8225,34.1027],[74.823,34.1031],[74.8234,34.1033],[74.8248,34.1038],[74.8254,34.1039],[74.827,34.1044],[74.8274,34.1045],[74.8277,34.1039],[74.8277,34.1039],[74.8279,34.1038],[74.8279,34.1037],[74.828,34.1037],[74.828,34.1036]]}},{"type":"Feature","properties":{"id":"FDR-275","name":"Jehangir Chowk to HMT","obs":0.96,"drv":35,"runs":338},"geometry":{"type":"LineString","coordinates":[[74.8047,34.0719],[74.8047,34.0718],[74.8048,34.0717],[74.8048,34.0716],[74.8054,34.0717],[74.8059,34.0717],[74.806,34.0716],[74.8061,34.0716],[74.8073,34.0717],[74.8087,34.0717],[74.8088,34.0717],[74.8089,34.0717],[74.8093,34.0718],[74.8095,34.0719],[74.8103,34.072],[74.8104,34.0721],[74.8109,34.0722],[74.811,34.0723],[74.8111,34.0723],[74.8113,34.0723],[74.8113,34.0722],[74.8112,34.0722],[74.8111,34.0722],[74.811,34.0722],[74.8105,34.072],[74.8104,34.072],[74.8103,34.072],[74.8094,34.0717],[74.8093,34.0717],[74.8093,34.0717],[74.8092,34.0717],[74.8087,34.0716],[74.8073,34.0716],[74.8061,34.0715],[74.806,34.0716],[74.8059,34.0716],[74.8044,34.0715],[74.8041,34.0715],[74.8039,34.0715],[74.8038,34.0715],[74.8037,34.0716],[74.8035,34.0716],[74.802,34.0723],[74.8018,34.0724],[74.8016,34.0724],[74.8013,34.0726],[74.7992,34.0735],[74.7976,34.0742],[74.7971,34.0745],[74.797,34.0745],[74.7961,34.0749],[74.7958,34.075],[74.7956,34.0751],[74.795,34.0753],[74.7948,34.0755],[74.7947,34.0755],[74.7947,34.0756],[74.7946,34.0757],[74.7946,34.0761],[74.7946,34.0765],[74.7946,34.0773],[74.7945,34.0782],[74.7945,34.0785],[74.7944,34.0792],[74.7944,34.0792],[74.7944,34.0796],[74.7944,34.0797],[74.7943,34.0802],[74.7943,34.0803],[74.7942,34.0805],[74.7941,34.0806],[74.794,34.0807],[74.7937,34.0809],[74.7931,34.0814],[74.7929,34.0816],[74.7926,34.0816],[74.7924,34.0816],[74.7918,34.0816],[74.7906,34.0815],[74.7898,34.0815],[74.7891,34.0815],[74.7884,34.0815],[74.7864,34.0816],[74.786,34.0816],[74.7846,34.0816],[74.7843,34.0816],[74.7841,34.0817],[74.7839,34.0818],[74.7837,34.082],[74.7826,34.0836],[74.7821,34.0842],[74.7816,34.085],[74.7812,34.0855],[74.7802,34.087],[74.7798,34.0876],[74.779,34.0888],[74.7786,34.0893],[74.7782,34.0899],[74.7778,34.0905],[74.7775,34.0911],[74.7774,34.0912],[74.7765,34.0925],[74.7763,34.0928],[74.7757,34.0935],[74.7756,34.0938],[74.7754,34.0941],[74.7749,34.0947],[74.7742,34.0958],[74.7741,34.0959],[74.7739,34.0961],[74.7737,34.0962],[74.7734,34.0965],[74.7728,34.097],[74.7726,34.0971],[74.7715,34.0979],[74.7711,34.0982],[74.77,34.0989],[74.7684,34.1],[74.7683,34.1001],[74.7679,34.1004],[74.7677,34.1005],[74.7676,34.1006],[74.7675,34.1007],[74.7665,34.1013],[74.7646,34.1026],[74.7644,34.1027],[74.7643,34.1028],[74.7641,34.1029],[74.7638,34.103],[74.7634,34.1032],[74.7627,34.1034],[74.7613,34.104],[74.7601,34.1044],[74.76,34.1045],[74.7587,34.105],[74.7576,34.1054],[74.7572,34.1055],[74.7569,34.1056],[74.7567,34.1057],[74.756,34.1059],[74.7553,34.1061],[74.7551,34.1061],[74.755,34.1061],[74.7547,34.1062],[74.7546,34.1062],[74.7544,34.1063],[74.7543,34.1063],[74.7542,34.1063],[74.7539,34.1064],[74.7538,34.1064],[74.7532,34.1066],[74.7526,34.1068],[74.7523,34.1069],[74.7517,34.1071],[74.7514,34.1072],[74.751,34.1073],[74.7505,34.1075],[74.7503,34.1075],[74.7502,34.1076],[74.7499,34.1077],[74.7485,34.1081],[74.7485,34.1081],[74.748,34.1082],[74.7467,34.1087],[74.746,34.1089],[74.7454,34.1091],[74.7455,34.1092],[74.7453,34.1094],[74.7452,34.1095],[74.7445,34.1103],[74.7445,34.1103],[74.7445,34.1104],[74.7445,34.1105],[74.7444,34.1106],[74.7444,34.1107],[74.7444,34.1108],[74.7444,34.1111],[74.7445,34.1114],[74.7445,34.1114],[74.7446,34.1114],[74.7446,34.1114],[74.7446,34.1115],[74.7447,34.1115],[74.7447,34.1115],[74.7448,34.1114],[74.745,34.1114],[74.7452,34.1114],[74.7453,34.1113],[74.7454,34.1114],[74.7456,34.1114],[74.7458,34.1114],[74.746,34.1115],[74.7468,34.1116],[74.7473,34.1117],[74.7474,34.1113],[74.7475,34.1112],[74.7475,34.1111],[74.7476,34.1109],[74.7476,34.1108],[74.7477,34.1107],[74.7477,34.1106],[74.7477,34.1106],[74.7477,34.1105],[74.7477,34.1104],[74.7477,34.1104],[74.7477,34.1102],[74.7473,34.1102],[74.7474,34.1099],[74.7473,34.1098],[74.7473,34.1097],[74.7473,34.1096],[74.7472,34.1094],[74.747,34.109],[74.7469,34.1088],[74.7468,34.1088],[74.7468,34.1087],[74.7472,34.1086],[74.7481,34.1084],[74.7484,34.1083],[74.7485,34.1082],[74.7502,34.1077],[74.7502,34.1076],[74.7499,34.1077],[74.7485,34.1081],[74.7485,34.1081],[74.748,34.1082],[74.7472,34.1085]]}},{"type":"Feature","properties":{"id":"FDR-289","name":"Parimpora to Pantha Chowk","obs":0.98,"drv":40,"runs":535},"geometry":{"type":"LineString","coordinates":[[74.7475,34.1112],[74.7477,34.1107],[74.7477,34.1104],[74.7474,34.1099],[74.7472,34.1094],[74.7468,34.1087],[74.7485,34.1082],[74.7532,34.1067],[74.7548,34.1063],[74.7551,34.1061],[74.7569,34.1056],[74.76,34.1045],[74.7611,34.1041],[74.7619,34.1038],[74.7628,34.1035],[74.7638,34.1031],[74.7644,34.1028],[74.765,34.1024],[74.7662,34.1016],[74.7674,34.1008],[74.7691,34.0997],[74.7707,34.0986],[74.7722,34.0975],[74.7739,34.0962],[74.7748,34.095],[74.7762,34.093],[74.7771,34.0917],[74.7777,34.0909],[74.7803,34.0871],[74.782,34.0847],[74.7841,34.0818],[74.7847,34.0817],[74.7884,34.0816],[74.7915,34.0817],[74.7928,34.0817],[74.7933,34.0814],[74.7944,34.0804],[74.7947,34.0773],[74.7949,34.0756],[74.7957,34.0752],[74.797,34.0746],[74.7996,34.0735],[74.8035,34.0717],[74.805,34.0716],[74.8073,34.0717],[74.8093,34.0718],[74.8109,34.0722],[74.8113,34.0723],[74.8158,34.0735],[74.8184,34.074],[74.8213,34.0748],[74.8278,34.0763],[74.8292,34.0766],[74.8297,34.0772],[74.8295,34.0784],[74.8293,34.0794],[74.8292,34.0799],[74.8289,34.0802],[74.8263,34.0821],[74.8255,34.0827],[74.827,34.0817],[74.8292,34.0802],[74.8293,34.0799],[74.8294,34.0794],[74.8297,34.0777],[74.8298,34.0767],[74.8299,34.0765],[74.8303,34.076],[74.8311,34.0755],[74.8327,34.0751],[74.8339,34.0747],[74.8347,34.0743],[74.8358,34.0736],[74.837,34.0728],[74.8374,34.0725],[74.8391,34.0714],[74.8409,34.0705],[74.8419,34.0699],[74.8429,34.0693],[74.8433,34.0689],[74.8436,34.0685],[74.845,34.0673],[74.8472,34.0652],[74.8496,34.0629],[74.8511,34.0618],[74.8529,34.0607],[74.8546,34.0595],[74.857,34.0577],[74.8589,34.0565],[74.8603,34.0555],[74.8607,34.0551],[74.8618,34.0532],[74.8626,34.0522],[74.8635,34.0506],[74.8637,34.0503],[74.8652,34.0493],[74.8666,34.0484],[74.8676,34.0477],[74.8685,34.0473],[74.8697,34.0465],[74.8705,34.0459],[74.871,34.0454],[74.8717,34.0443],[74.8721,34.0437],[74.8725,34.043],[74.873,34.0427],[74.8748,34.0417],[74.8757,34.0412],[74.8769,34.0406],[74.8781,34.0401],[74.8801,34.0394],[74.8806,34.0394],[74.8819,34.0391],[74.8828,34.039],[74.8842,34.0391],[74.886,34.0391],[74.8875,34.0387],[74.8904,34.0376],[74.8931,34.0368],[74.8963,34.036],[74.8978,34.0357],[74.8989,34.0352],[74.901,34.0344],[74.9022,34.0341],[74.9049,34.032],[74.9061,34.031],[74.9081,34.0295],[74.9068,34.0287],[74.9063,34.0286],[74.9062,34.0285],[74.9058,34.0286]]}},{"type":"Feature","properties":{"id":"FDR-265","name":"Baghat Shora to Lalchowk","obs":0.98,"drv":36,"runs":396},"geometry":{"type":"LineString","coordinates":[[74.8025,34.0417],[74.8032,34.0418],[74.8032,34.042],[74.8032,34.0422],[74.8031,34.0425],[74.8028,34.0434],[74.8026,34.0439],[74.8025,34.0441],[74.8024,34.0444],[74.8023,34.0446],[74.8023,34.0446],[74.8022,34.0447],[74.8022,34.0448],[74.8022,34.0449],[74.8022,34.045],[74.8022,34.0452],[74.8022,34.0454],[74.8022,34.0455],[74.8021,34.0459],[74.8021,34.046],[74.8022,34.0464],[74.8022,34.0466],[74.8023,34.0471],[74.8023,34.0475],[74.8023,34.0478],[74.8023,34.0481],[74.8024,34.0482],[74.8024,34.0483],[74.8024,34.0484],[74.8023,34.0487],[74.8023,34.0491],[74.8023,34.0493],[74.8023,34.0494],[74.8024,34.0496],[74.8024,34.0496],[74.8028,34.0501],[74.803,34.0503],[74.8033,34.0505],[74.8034,34.0507],[74.8037,34.0509],[74.8043,34.0514],[74.8045,34.0516],[74.8046,34.0517],[74.8047,34.0518],[74.8047,34.052],[74.8047,34.0522],[74.8047,34.0523],[74.8047,34.0526],[74.8046,34.0532],[74.8046,34.0535],[74.8046,34.0537],[74.8046,34.0538],[74.8045,34.0542],[74.8043,34.0546],[74.8043,34.0547],[74.8043,34.0549],[74.8043,34.0551],[74.8042,34.0553],[74.804,34.0555],[74.8037,34.0563],[74.8035,34.0568],[74.8033,34.057],[74.8031,34.0575],[74.8027,34.0586],[74.8026,34.0592],[74.8025,34.0593],[74.8025,34.0595],[74.8024,34.0597],[74.8024,34.0603],[74.8024,34.0611],[74.8024,34.0611],[74.8024,34.0612],[74.8024,34.0614],[74.8024,34.0616],[74.8025,34.062],[74.8025,34.0624],[74.8027,34.063],[74.8028,34.0633],[74.8029,34.0637],[74.8029,34.0638],[74.803,34.0641],[74.803,34.0642],[74.8032,34.0646],[74.8032,34.0647],[74.8033,34.065],[74.8034,34.0652],[74.8034,34.0655],[74.8035,34.066],[74.8036,34.0661],[74.8036,34.0663],[74.8036,34.0666],[74.8036,34.0668],[74.8036,34.067],[74.8036,34.0671],[74.8036,34.0673],[74.8035,34.0681],[74.8035,34.0683],[74.8034,34.0689],[74.8034,34.069],[74.8034,34.0692],[74.8034,34.0694],[74.8034,34.0696],[74.8033,34.0698],[74.8033,34.0701],[74.8034,34.0704],[74.8034,34.0706],[74.8035,34.0709],[74.8037,34.0711],[74.8038,34.0715],[74.8039,34.0716],[74.804,34.0716],[74.8041,34.0716],[74.8042,34.0716],[74.8043,34.0716],[74.8047,34.0716],[74.8048,34.0716],[74.8048,34.0716],[74.8054,34.0717],[74.8059,34.0717],[74.806,34.0716],[74.8061,34.0716],[74.8073,34.0717],[74.8087,34.0717],[74.8088,34.0717],[74.8089,34.0717],[74.8093,34.0718],[74.8095,34.0719],[74.8103,34.072],[74.8104,34.0721],[74.8109,34.0722],[74.811,34.0723],[74.8111,34.0723],[74.8113,34.0723],[74.8113,34.0722],[74.8112,34.0722],[74.8111,34.0722],[74.811,34.0722],[74.8105,34.072],[74.8104,34.072],[74.8104,34.0719],[74.8106,34.0713],[74.8106,34.0713],[74.8107,34.0713],[74.8107,34.0713],[74.8107,34.0713],[74.8107,34.0713],[74.8107,34.0713],[74.8107,34.0712],[74.8107,34.0712],[74.8106,34.0712],[74.8106,34.0712],[74.8106,34.0712],[74.8106,34.0712],[74.8105,34.0712],[74.8105,34.0712],[74.8105,34.0713]]}},{"type":"Feature","properties":{"id":"FDR-338","name":"Parimpora to Rawalpora","obs":0.98,"drv":10,"runs":30},"geometry":{"type":"LineString","coordinates":[[74.7475,34.1112],[74.7476,34.1108],[74.7477,34.1106],[74.7477,34.1104],[74.7474,34.1099],[74.7473,34.1096],[74.7469,34.1088],[74.7472,34.1086],[74.7485,34.1082],[74.7525,34.107],[74.7542,34.1064],[74.7549,34.1062],[74.7551,34.1061],[74.7552,34.1058],[74.7555,34.105],[74.7568,34.1017],[74.757,34.1011],[74.757,34.1005],[74.7572,34.1001],[74.7575,34.0997],[74.7578,34.0992],[74.7583,34.0979],[74.7587,34.0969],[74.7597,34.0944],[74.7604,34.0925],[74.7614,34.09],[74.7628,34.0863],[74.7642,34.0819],[74.7659,34.0773],[74.7666,34.0755],[74.7674,34.0731],[74.768,34.0716],[74.7684,34.0709],[74.7688,34.0705],[74.7694,34.07],[74.7699,34.0697],[74.7703,34.0695],[74.7724,34.0685],[74.775,34.0673],[74.7778,34.0659],[74.7794,34.0652],[74.7813,34.0646],[74.7823,34.0642],[74.7831,34.0638],[74.784,34.0631],[74.7846,34.0625],[74.7848,34.0624],[74.785,34.0622],[74.7856,34.0615],[74.7859,34.0608],[74.7865,34.0588],[74.7868,34.0577],[74.7871,34.0575],[74.7879,34.0571],[74.7891,34.0567],[74.7924,34.0555],[74.7945,34.0549],[74.7976,34.0545],[74.8016,34.0543],[74.8019,34.0542],[74.8039,34.0546],[74.8045,34.0547],[74.8047,34.0535],[74.8048,34.0531],[74.805,34.0522],[74.8053,34.0516],[74.8057,34.0511],[74.8066,34.0499],[74.8047,34.0493],[74.803,34.0499],[74.803,34.05],[74.8028,34.0501],[74.8026,34.0501],[74.8018,34.0503],[74.8018,34.0499],[74.8025,34.0496],[74.8024,34.0493],[74.8025,34.0487],[74.8024,34.0482],[74.8024,34.0476],[74.8023,34.0467],[74.8022,34.0459],[74.8023,34.0451],[74.8022,34.0447],[74.8024,34.0444],[74.8028,34.0434],[74.8032,34.042],[74.8032,34.0413],[74.8028,34.0402],[74.8025,34.0395],[74.8023,34.0389],[74.8019,34.038],[74.8015,34.0373],[74.8012,34.0365],[74.8006,34.0347],[74.8002,34.0334],[74.7998,34.0325],[74.799,34.0306],[74.7986,34.0298],[74.7985,34.0295],[74.7982,34.029],[74.798,34.0286],[74.7978,34.0282],[74.7975,34.0277],[74.7975,34.0255],[74.7975,34.0247],[74.7977,34.0235],[74.7982,34.0222],[74.7982,34.0218],[74.7991,34.0216],[74.7996,34.0215],[74.7998,34.0214],[74.8002,34.0212],[74.8007,34.0211],[74.8014,34.021],[74.8017,34.0205],[74.8017,34.0204],[74.8018,34.0201],[74.8012,34.0199],[74.8005,34.0196],[74.8003,34.0196],[74.8001,34.0199],[74.7997,34.0198]]}},{"type":"Feature","properties":{"id":"FDR-097","name":"Lalbazar to Qamarwari","obs":0.97,"drv":32,"runs":658},"geometry":{"type":"LineString","coordinates":[[74.8174,34.1256],[74.8173,34.1251],[74.8172,34.1248],[74.8171,34.1246],[74.817,34.1242],[74.8168,34.1236],[74.8166,34.1231],[74.8165,34.123],[74.8165,34.1229],[74.8162,34.1228],[74.816,34.1227],[74.8159,34.1226],[74.8158,34.1223],[74.8157,34.1218],[74.8156,34.1216],[74.8155,34.1215],[74.815,34.1212],[74.8147,34.1211],[74.8146,34.1209],[74.8143,34.1206],[74.814,34.1204],[74.8137,34.1202],[74.8135,34.12],[74.8131,34.12],[74.8124,34.1198],[74.8118,34.1198],[74.8112,34.1197],[74.8109,34.1198],[74.8104,34.1199],[74.8102,34.12],[74.8101,34.12],[74.8101,34.1202],[74.8101,34.1205],[74.81,34.1205],[74.8098,34.1206],[74.8078,34.1205],[74.8068,34.1205],[74.8068,34.1203],[74.8067,34.1198],[74.8066,34.1195],[74.8065,34.1191],[74.8064,34.1181],[74.8064,34.117],[74.8063,34.1162],[74.8064,34.1154],[74.8065,34.1149],[74.8066,34.1145],[74.8066,34.1145],[74.8068,34.1142],[74.8069,34.1141],[74.8076,34.1134],[74.8079,34.1131],[74.8082,34.1128],[74.8086,34.1122],[74.809,34.1118],[74.8093,34.1113],[74.8094,34.1112],[74.8094,34.1109],[74.8095,34.1104],[74.8095,34.1101],[74.8095,34.1099],[74.8095,34.1097],[74.8094,34.1094],[74.8093,34.109],[74.8092,34.1082],[74.8091,34.1075],[74.809,34.1064],[74.809,34.1056],[74.809,34.1051],[74.8089,34.1044],[74.8089,34.104],[74.8089,34.1036],[74.8089,34.1031],[74.8089,34.1027],[74.809,34.1025],[74.8091,34.102],[74.8094,34.1013],[74.8094,34.101],[74.8086,34.1007],[74.807,34.1002],[74.8063,34.0999],[74.8058,34.0997],[74.8056,34.0995],[74.8054,34.0994],[74.8051,34.0995],[74.8047,34.0996],[74.8043,34.0996],[74.8039,34.0994],[74.8036,34.0993],[74.8033,34.0991],[74.8026,34.0989],[74.8023,34.0988],[74.8018,34.0985],[74.8005,34.0975],[74.7997,34.0967],[74.7985,34.0958],[74.7974,34.0953],[74.7965,34.0951],[74.7958,34.0949],[74.7951,34.0949],[74.794,34.0952],[74.7925,34.0954],[74.7918,34.0955],[74.7902,34.0955],[74.7893,34.0956],[74.788,34.0957],[74.7872,34.0958],[74.7863,34.0959],[74.7854,34.096],[74.7844,34.0962],[74.7839,34.0963],[74.7837,34.0962],[74.7835,34.096],[74.7829,34.0953],[74.7825,34.0949],[74.7816,34.0941],[74.7814,34.0939],[74.7802,34.0929],[74.7786,34.0916],[74.7783,34.0914],[74.7782,34.0914],[74.7781,34.0916],[74.7777,34.0916],[74.7773,34.0915],[74.7776,34.0911],[74.7774,34.0912],[74.7763,34.0928],[74.776,34.0928],[74.7756,34.0929],[74.7747,34.0932],[74.7742,34.0933],[74.7734,34.0935],[74.7726,34.0937],[74.7722,34.0937],[74.7712,34.0942],[74.7707,34.0945],[74.7696,34.095],[74.7689,34.0953],[74.7675,34.0962],[74.7673,34.0955],[74.7672,34.0955],[74.7664,34.0956],[74.7658,34.0949],[74.7661,34.0948],[74.7661,34.0948]]}},{"type":"Feature","properties":{"id":"FDR-132","name":"Safakadal to SMHS","obs":0.75,"drv":16,"runs":89},"geometry":{"type":"LineString","coordinates":[[74.7917,34.0932],[74.7917,34.0933],[74.7917,34.0935],[74.7916,34.0936],[74.7916,34.0939],[74.7917,34.0939],[74.7917,34.0938],[74.7917,34.0937],[74.7917,34.0934],[74.7918,34.093],[74.7918,34.0928],[74.7918,34.0926],[74.7919,34.0924],[74.7919,34.0923],[74.7919,34.0921],[74.7919,34.0921],[74.792,34.092],[74.792,34.0919],[74.7921,34.0919],[74.7921,34.0918],[74.7921,34.0917],[74.7923,34.0915],[74.7925,34.0912],[74.7927,34.091],[74.7928,34.0907],[74.7929,34.0906],[74.793,34.0903],[74.7929,34.0902],[74.793,34.09],[74.7931,34.0898],[74.7932,34.0896],[74.7932,34.0895],[74.7933,34.0894],[74.7937,34.089],[74.7938,34.089],[74.7942,34.0887],[74.7943,34.0887],[74.7944,34.0885],[74.7947,34.0882],[74.795,34.0876],[74.7952,34.0873],[74.7957,34.0866],[74.7958,34.0864],[74.7959,34.0864],[74.7959,34.0863],[74.7965,34.0859],[74.7969,34.0857],[74.7977,34.0852],[74.7981,34.085],[74.7984,34.0848],[74.7986,34.085],[74.7994,34.0857],[74.7988,34.0862],[74.7985,34.0864]]}},{"type":"Feature","properties":{"id":"FDR-455","name":"Narbal to Jehangir Chowk","obs":0.78,"drv":23,"runs":114},"geometry":{"type":"LineString","coordinates":[[74.6582,34.0904],[74.6585,34.0899],[74.6586,34.0894],[74.6591,34.0892],[74.6597,34.0887],[74.66,34.0886],[74.6605,34.0888],[74.6613,34.0893],[74.6625,34.09],[74.6637,34.0907],[74.6648,34.0915],[74.6663,34.0924],[74.6706,34.0933],[74.671,34.0938],[74.672,34.0945],[74.6726,34.0946],[74.6731,34.0948],[74.6734,34.0952],[74.6737,34.0954],[74.6739,34.0962],[74.6748,34.097],[74.6757,34.0978],[74.6757,34.0995],[74.6744,34.1008],[74.6732,34.102],[74.6729,34.1028],[74.6714,34.1049],[74.6718,34.1061],[74.6714,34.1085],[74.6696,34.1094],[74.6693,34.1095],[74.6685,34.1102],[74.6703,34.1113],[74.6716,34.1119],[74.6717,34.1122],[74.6715,34.1125],[74.6715,34.1129],[74.6716,34.1132],[74.6719,34.1141],[74.6723,34.115],[74.6725,34.1158],[74.6726,34.1163],[74.6726,34.1164],[74.6727,34.1166],[74.6726,34.1169],[74.6732,34.1173],[74.6753,34.1188],[74.6771,34.1201],[74.6785,34.1211],[74.6786,34.1213],[74.6808,34.1209],[74.6831,34.1204],[74.6841,34.1203],[74.6863,34.1199],[74.6878,34.1196],[74.6886,34.1194],[74.6916,34.1186],[74.6962,34.1175],[74.6988,34.1168],[74.7008,34.1163],[74.7019,34.116],[74.7049,34.1152],[74.7079,34.1145],[74.7113,34.1136],[74.7135,34.1131],[74.7147,34.1129],[74.7164,34.1127],[74.718,34.1125],[74.7195,34.1124],[74.7215,34.1121],[74.7227,34.112],[74.7249,34.1117],[74.7261,34.1116],[74.7287,34.1113],[74.7314,34.1109],[74.7326,34.1108],[74.7359,34.1104],[74.7363,34.1104],[74.7399,34.1099],[74.7416,34.1097],[74.7453,34.1092],[74.7466,34.1088],[74.7481,34.1084],[74.7502,34.1077],[74.7532,34.1067],[74.7546,34.1063],[74.755,34.1062],[74.7553,34.1061],[74.7569,34.1056],[74.7587,34.105],[74.7604,34.1044],[74.7614,34.104],[74.7619,34.1038],[74.7625,34.1036],[74.7634,34.1033],[74.764,34.103],[74.7644,34.1028],[74.7647,34.1027],[74.7658,34.1019],[74.7665,34.1014],[74.7674,34.1008],[74.7685,34.1001],[74.7695,34.0994],[74.771,34.0984],[74.7722,34.0975],[74.7737,34.0964],[74.7742,34.0959],[74.7752,34.0944],[74.7762,34.093],[74.7768,34.0922],[74.7775,34.0912],[74.7785,34.0897],[74.7803,34.0871],[74.7817,34.0851],[74.7838,34.0821],[74.7842,34.0818],[74.7847,34.0817],[74.788,34.0817],[74.7898,34.0816],[74.7918,34.0817],[74.7928,34.0817],[74.7931,34.0815],[74.7942,34.0806],[74.7945,34.0792],[74.7947,34.0773],[74.7948,34.0756],[74.7954,34.0753],[74.796,34.075],[74.797,34.0746],[74.7993,34.0736],[74.8019,34.0724],[74.8027,34.0721],[74.8039,34.0716],[74.8042,34.0716],[74.8046,34.0718],[74.8045,34.0739],[74.8046,34.074],[74.8047,34.0719]]}},{"type":"Feature","properties":{"id":"FDR-098","name":"Soura to SMHS","obs":0.95,"drv":31,"runs":696},"geometry":{"type":"LineString","coordinates":[[74.8021,34.1377],[74.8021,34.1377],[74.8023,34.1372],[74.8023,34.1371],[74.8018,34.1371],[74.8014,34.1365],[74.8023,34.1359],[74.8025,34.1359],[74.8031,34.1361],[74.8033,34.1356],[74.8035,34.1353],[74.8037,34.1347],[74.8038,34.1341],[74.804,34.1337],[74.8042,34.1334],[74.8043,34.1331],[74.8045,34.1323],[74.8047,34.1318],[74.8048,34.1312],[74.805,34.1307],[74.8052,34.1302],[74.8053,34.13],[74.8054,34.1297],[74.8058,34.1286],[74.8062,34.1276],[74.8062,34.1272],[74.8063,34.1262],[74.8063,34.1254],[74.8064,34.125],[74.8065,34.1237],[74.8065,34.1231],[74.8067,34.1221],[74.8068,34.1217],[74.8068,34.1214],[74.8068,34.1211],[74.8068,34.1205],[74.8067,34.1198],[74.8065,34.1192],[74.8064,34.1181],[74.8064,34.1167],[74.8064,34.1154],[74.8065,34.1147],[74.8066,34.1145],[74.8068,34.1141],[74.8076,34.1134],[74.808,34.113],[74.8086,34.1122],[74.8092,34.1114],[74.8094,34.1112],[74.8095,34.1106],[74.8095,34.1101],[74.8095,34.1098],[74.8094,34.1094],[74.8093,34.1089],[74.8091,34.1075],[74.809,34.1058],[74.809,34.1051],[74.8089,34.1042],[74.8089,34.1036],[74.8089,34.1029],[74.809,34.1025],[74.8093,34.1015],[74.8094,34.101],[74.808,34.1006],[74.8063,34.0999],[74.8057,34.0996],[74.8054,34.0994],[74.8049,34.0996],[74.8043,34.0996],[74.8037,34.0993],[74.8033,34.0991],[74.8024,34.0989],[74.8018,34.0985],[74.8002,34.0972],[74.7985,34.0958],[74.7987,34.0953],[74.7993,34.0942],[74.7998,34.0931],[74.7999,34.093],[74.8003,34.0925],[74.8007,34.0911],[74.8009,34.0905],[74.8009,34.0899],[74.8012,34.0893],[74.8013,34.0885],[74.8013,34.0877],[74.8013,34.0865],[74.8013,34.0853],[74.8013,34.0852],[74.8009,34.0838],[74.8008,34.0835],[74.801,34.0832],[74.8012,34.0826],[74.8011,34.082],[74.8009,34.0813],[74.8005,34.0805],[74.8,34.0797],[74.8,34.0796],[74.8004,34.0791],[74.8012,34.0781],[74.8023,34.0769],[74.803,34.0763],[74.8037,34.0758],[74.8038,34.0755],[74.8039,34.0753],[74.8041,34.0749],[74.8045,34.0742],[74.8046,34.0739],[74.8047,34.0718],[74.8054,34.0717],[74.8061,34.0716],[74.8088,34.0717],[74.8095,34.0719],[74.8109,34.0722],[74.8113,34.0723],[74.8111,34.0722],[74.8104,34.072],[74.8093,34.0717],[74.8087,34.0716],[74.806,34.0716],[74.8047,34.0715],[74.8046,34.0719],[74.8045,34.074],[74.8043,34.0745],[74.8041,34.0751],[74.8038,34.0753],[74.8037,34.0756],[74.8036,34.0759],[74.8029,34.0763],[74.8014,34.0777],[74.8008,34.0785],[74.7999,34.0794],[74.7998,34.0795],[74.7997,34.0795],[74.7998,34.0796],[74.7999,34.0797],[74.8001,34.0798],[74.8007,34.0808],[74.801,34.0816],[74.8012,34.0824],[74.8012,34.0828],[74.8008,34.0834],[74.8007,34.0834],[74.8006,34.0835],[74.8002,34.0837],[74.7989,34.0845],[74.7994,34.0857],[74.7985,34.0864]]}},{"type":"Feature","properties":{"id":"FDR-270","name":"Soura to Qamarwari","obs":0.97,"drv":26,"runs":154},"geometry":{"type":"LineString","coordinates":[[74.8021,34.1377],[74.8021,34.1377],[74.8022,34.1375],[74.8023,34.1372],[74.8023,34.1371],[74.8022,34.1371],[74.8018,34.1371],[74.8015,34.1371],[74.8014,34.1362],[74.8023,34.1359],[74.8024,34.1359],[74.8028,34.136],[74.8031,34.1361],[74.8033,34.1357],[74.8032,34.1356],[74.8031,34.1356],[74.8031,34.1353],[74.8027,34.134],[74.8024,34.133],[74.8024,34.132],[74.8023,34.1315],[74.8021,34.1314],[74.8012,34.1314],[74.8007,34.1315],[74.8002,34.1316],[74.7996,34.1316],[74.7993,34.1315],[74.799,34.1309],[74.7983,34.1297],[74.7979,34.1292],[74.7973,34.1281],[74.797,34.1278],[74.7966,34.1273],[74.7965,34.1272],[74.7963,34.127],[74.7962,34.1268],[74.7959,34.126],[74.7951,34.1243],[74.7949,34.1238],[74.7947,34.1233],[74.7946,34.123],[74.7945,34.1227],[74.7945,34.1226],[74.7946,34.1223],[74.7948,34.1219],[74.7949,34.1216],[74.7951,34.1211],[74.7953,34.1203],[74.7953,34.1197],[74.7953,34.1193],[74.7952,34.118],[74.7951,34.1167],[74.7951,34.1163],[74.795,34.1157],[74.7951,34.1154],[74.795,34.1151],[74.7948,34.1146],[74.7946,34.1139],[74.7945,34.1134],[74.7945,34.113],[74.7944,34.1125],[74.7944,34.1123],[74.7943,34.1119],[74.7944,34.1116],[74.7945,34.1107],[74.7945,34.1094],[74.7946,34.1089],[74.7946,34.1078],[74.7947,34.1072],[74.7947,34.1064],[74.7948,34.1055],[74.7948,34.1046],[74.7949,34.1036],[74.7949,34.1034],[74.7949,34.1031],[74.7946,34.1021],[74.7944,34.1013],[74.7942,34.1003],[74.7941,34.0995],[74.7937,34.0981],[74.7936,34.0973],[74.7934,34.0969],[74.7933,34.0967],[74.7926,34.0962],[74.7925,34.0961],[74.7925,34.0956],[74.7925,34.0954],[74.7918,34.0955],[74.7907,34.0955],[74.7918,34.0955],[74.7921,34.0958],[74.7924,34.0961],[74.7919,34.0964],[74.7914,34.097],[74.7912,34.0971],[74.7901,34.0969],[74.7901,34.0968],[74.79,34.0967],[74.7899,34.0966],[74.79,34.0962],[74.7901,34.0958],[74.7907,34.0955],[74.7902,34.0955],[74.7893,34.0956],[74.788,34.0957],[74.7872,34.0958],[74.7863,34.0959],[74.7854,34.096],[74.7844,34.0962],[74.7839,34.0963],[74.7837,34.0962],[74.7835,34.096],[74.7829,34.0953],[74.7825,34.0949],[74.7816,34.0941],[74.7814,34.0939],[74.7802,34.0929],[74.7786,34.0916],[74.7783,34.0914],[74.7782,34.0914],[74.7781,34.0916],[74.7777,34.0916],[74.7773,34.0915],[74.7776,34.0911],[74.7774,34.0912],[74.7763,34.0928],[74.776,34.0928],[74.7756,34.0929],[74.7747,34.0932],[74.7742,34.0933],[74.7734,34.0935],[74.7726,34.0937],[74.7722,34.0937],[74.7712,34.0942],[74.7707,34.0945],[74.7696,34.095],[74.7689,34.0953],[74.7675,34.0962],[74.7673,34.0955],[74.7672,34.0955],[74.7664,34.0956],[74.7658,34.0949],[74.7661,34.0948],[74.7661,34.0948]]}},{"type":"Feature","properties":{"id":"FDR-575","name":"Safakadal to Jehangir Chowk","obs":1.0,"drv":18,"runs":115},"geometry":{"type":"LineString","coordinates":[[74.7917,34.0932],[74.7917,34.0933],[74.7917,34.0935],[74.7916,34.0936],[74.7916,34.0939],[74.7917,34.0939],[74.7917,34.0938],[74.7917,34.0937],[74.7917,34.0934],[74.7918,34.093],[74.7918,34.0928],[74.7918,34.0926],[74.7919,34.0924],[74.7919,34.0923],[74.7919,34.0921],[74.7919,34.0921],[74.792,34.092],[74.792,34.0919],[74.7921,34.0919],[74.7921,34.0918],[74.7921,34.0917],[74.7923,34.0915],[74.7925,34.0912],[74.7927,34.091],[74.7928,34.0907],[74.7929,34.0906],[74.793,34.0903],[74.7929,34.0902],[74.793,34.09],[74.7931,34.0898],[74.7932,34.0896],[74.7932,34.0895],[74.7933,34.0894],[74.7937,34.089],[74.7938,34.089],[74.7942,34.0887],[74.7943,34.0887],[74.7944,34.0885],[74.7947,34.0882],[74.795,34.0876],[74.7952,34.0873],[74.7957,34.0866],[74.7958,34.0864],[74.7959,34.0864],[74.7959,34.0863],[74.7962,34.0856],[74.7962,34.0856],[74.7965,34.0851],[74.7967,34.0847],[74.7969,34.0844],[74.797,34.0844],[74.7971,34.0843],[74.7972,34.0843],[74.7973,34.0842],[74.7974,34.0842],[74.7974,34.0841],[74.7974,34.084],[74.7974,34.0839],[74.7973,34.0838],[74.7972,34.0837],[74.7972,34.0837],[74.7971,34.0837],[74.797,34.0837],[74.7969,34.0837],[74.7968,34.0837],[74.7967,34.0838],[74.7966,34.0839],[74.7966,34.084],[74.7966,34.084],[74.7966,34.0841],[74.7967,34.0842],[74.7967,34.0843],[74.7968,34.0843],[74.7969,34.0843],[74.7969,34.0844],[74.797,34.0844],[74.7971,34.0843],[74.7972,34.0843],[74.7973,34.0842],[74.7974,34.0842],[74.7974,34.0841],[74.7974,34.084],[74.7974,34.0839],[74.7973,34.0838],[74.7972,34.0837],[74.7976,34.0832],[74.7979,34.0828],[74.7979,34.0827],[74.7981,34.0823],[74.7983,34.082],[74.7985,34.0818],[74.7987,34.0815],[74.799,34.0809],[74.7992,34.0807],[74.7999,34.0797],[74.7999,34.0797],[74.8,34.0797],[74.8,34.0796],[74.8,34.0796],[74.8,34.0796],[74.8,34.0795],[74.8,34.0795],[74.8004,34.0791],[74.8009,34.0784],[74.801,34.0784],[74.8012,34.0781],[74.8015,34.0778],[74.8016,34.0776],[74.8023,34.0769],[74.8029,34.0764],[74.803,34.0763],[74.803,34.0763],[74.8032,34.0761],[74.8036,34.0759],[74.8037,34.0758],[74.8037,34.0757],[74.8037,34.0756],[74.8038,34.0755],[74.8038,34.0754],[74.8038,34.0753],[74.8039,34.0753],[74.804,34.0752],[74.8041,34.0751],[74.8041,34.0749],[74.8042,34.0747],[74.8043,34.0745],[74.8045,34.0742],[74.8045,34.0741],[74.8046,34.074],[74.8046,34.0739],[74.8046,34.0738],[74.8047,34.0719]]}},{"type":"Feature","properties":{"id":"FDR-316","name":"Qamarwari to Pathachowk","obs":0.97,"drv":39,"runs":527},"geometry":{"type":"LineString","coordinates":[[74.7661,34.0948],[74.766,34.0949],[74.7672,34.0955],[74.7673,34.0957],[74.7672,34.0963],[74.7672,34.0966],[74.7674,34.0968],[74.7692,34.096],[74.7704,34.0967],[74.7705,34.0968],[74.7706,34.0968],[74.7708,34.0969],[74.7709,34.097],[74.771,34.0972],[74.7715,34.0979],[74.7707,34.0986],[74.7722,34.0975],[74.7739,34.0962],[74.7748,34.095],[74.7762,34.093],[74.7771,34.0917],[74.7777,34.0909],[74.7803,34.0871],[74.782,34.0847],[74.7841,34.0818],[74.7847,34.0817],[74.7884,34.0816],[74.7915,34.0817],[74.7928,34.0817],[74.7933,34.0814],[74.7944,34.0804],[74.7947,34.0773],[74.7949,34.0756],[74.7957,34.0752],[74.797,34.0746],[74.7996,34.0735],[74.8035,34.0717],[74.805,34.0716],[74.8073,34.0717],[74.8093,34.0718],[74.8109,34.0722],[74.8113,34.0723],[74.8158,34.0735],[74.8184,34.074],[74.8213,34.0748],[74.8278,34.0763],[74.8292,34.0766],[74.8297,34.0772],[74.8295,34.0784],[74.8293,34.0794],[74.8292,34.0799],[74.8289,34.0802],[74.8263,34.0821],[74.8255,34.0827],[74.827,34.0817],[74.8292,34.0802],[74.8293,34.0799],[74.8294,34.0794],[74.8297,34.0777],[74.8298,34.0767],[74.8299,34.0765],[74.8303,34.076],[74.8311,34.0755],[74.8327,34.0751],[74.8339,34.0747],[74.8347,34.0743],[74.8358,34.0736],[74.837,34.0728],[74.8374,34.0725],[74.8391,34.0714],[74.8409,34.0705],[74.8419,34.0699],[74.8429,34.0693],[74.8433,34.0689],[74.8436,34.0685],[74.845,34.0673],[74.8472,34.0652],[74.8496,34.0629],[74.8511,34.0618],[74.8529,34.0607],[74.8546,34.0595],[74.857,34.0577],[74.8589,34.0565],[74.8603,34.0555],[74.8607,34.0551],[74.8618,34.0532],[74.8626,34.0522],[74.8635,34.0506],[74.8637,34.0503],[74.8652,34.0493],[74.8666,34.0484],[74.8676,34.0477],[74.8685,34.0473],[74.8697,34.0465],[74.8705,34.0459],[74.871,34.0454],[74.8717,34.0443],[74.8721,34.0437],[74.8725,34.043],[74.873,34.0427],[74.8748,34.0417],[74.8757,34.0412],[74.8769,34.0406],[74.8781,34.0401],[74.8801,34.0394],[74.8806,34.0394],[74.8819,34.0391],[74.8828,34.039],[74.8842,34.0391],[74.886,34.0391],[74.8875,34.0387],[74.8904,34.0376],[74.8931,34.0368],[74.8963,34.036],[74.8978,34.0357],[74.8989,34.0352],[74.901,34.0344],[74.9022,34.0341],[74.9049,34.032],[74.9061,34.031],[74.9081,34.0295],[74.9068,34.0287],[74.9063,34.0286],[74.9062,34.0285],[74.9058,34.0286]]}},{"type":"Feature","properties":{"id":"FDR-117","name":"Qamarwari to Dalgate","obs":0.96,"drv":42,"runs":629},"geometry":{"type":"LineString","coordinates":[[74.7661,34.0948],[74.7661,34.0948],[74.766,34.0949],[74.7659,34.0956],[74.7672,34.0955],[74.7673,34.0955],[74.7673,34.0957],[74.7674,34.0962],[74.7672,34.0963],[74.7672,34.0965],[74.7672,34.0966],[74.7674,34.0968],[74.7674,34.0968],[74.768,34.0971],[74.7692,34.096],[74.7698,34.0964],[74.7704,34.0967],[74.7705,34.0968],[74.7705,34.0968],[74.7705,34.0968],[74.7706,34.0968],[74.7706,34.0968],[74.7708,34.0969],[74.7709,34.097],[74.7709,34.097],[74.771,34.0971],[74.771,34.0972],[74.7709,34.0973],[74.7715,34.0979],[74.77,34.0989],[74.7707,34.0986],[74.7713,34.0981],[74.7722,34.0975],[74.7733,34.0966],[74.7739,34.0962],[74.7742,34.0959],[74.7748,34.095],[74.7753,34.0943],[74.7762,34.093],[74.7766,34.0924],[74.7771,34.0917],[74.7775,34.0912],[74.7781,34.0913],[74.7783,34.0914],[74.7786,34.0916],[74.7802,34.0929],[74.7814,34.0939],[74.7816,34.0941],[74.7828,34.0954],[74.7835,34.0962],[74.7837,34.0963],[74.7838,34.0964],[74.7843,34.0963],[74.7854,34.096],[74.7863,34.096],[74.7873,34.0959],[74.788,34.0958],[74.7893,34.0957],[74.7902,34.0955],[74.791,34.0955],[74.7919,34.0955],[74.7925,34.0955],[74.794,34.0953],[74.7949,34.0951],[74.7954,34.095],[74.7963,34.0951],[74.7974,34.0954],[74.7982,34.0958],[74.7987,34.0961],[74.8,34.0972],[74.8004,34.0976],[74.8014,34.0982],[74.8021,34.0988],[74.8023,34.0989],[74.803,34.0991],[74.8035,34.0993],[74.8036,34.0994],[74.8041,34.0996],[74.8045,34.0997],[74.8049,34.0997],[74.8052,34.0996],[74.8057,34.0992],[74.8061,34.0988],[74.8064,34.0984],[74.8069,34.0977],[74.807,34.0973],[74.807,34.0966],[74.807,34.0959],[74.807,34.0957],[74.8071,34.0956],[74.8072,34.0954],[74.8075,34.0952],[74.808,34.0949],[74.8082,34.0947],[74.8084,34.0946],[74.8087,34.0945],[74.8088,34.0945],[74.8092,34.0946],[74.8099,34.0947],[74.8104,34.0947],[74.8106,34.0946],[74.8107,34.0946],[74.8107,34.0945],[74.8107,34.0945],[74.8117,34.0934],[74.8125,34.093],[74.8129,34.0929],[74.8129,34.0929],[74.8129,34.0929],[74.8131,34.0929],[74.8136,34.0929],[74.8137,34.093],[74.814,34.0931],[74.8143,34.0932],[74.8145,34.0933],[74.8147,34.0934],[74.8149,34.0936],[74.8153,34.094],[74.8156,34.0938],[74.8161,34.0936],[74.8166,34.0933],[74.8169,34.0931],[74.8171,34.0929],[74.8173,34.0927],[74.8175,34.0926],[74.8178,34.0924],[74.8179,34.0923],[74.8182,34.0922],[74.8186,34.0921],[74.8188,34.0921],[74.819,34.092],[74.8191,34.0919],[74.8194,34.0916],[74.8197,34.0913],[74.8199,34.0912],[74.8202,34.0909],[74.8206,34.0905],[74.8212,34.0898],[74.8215,34.0895],[74.8217,34.0893],[74.8219,34.0891],[74.8221,34.0889],[74.8224,34.0882],[74.8226,34.0877],[74.8228,34.0873],[74.8229,34.0872],[74.823,34.087],[74.8231,34.0869],[74.8233,34.0866],[74.8234,34.0865],[74.8235,34.0864],[74.8235,34.0863],[74.8235,34.0862],[74.8234,34.086],[74.8232,34.0858],[74.823,34.0855],[74.8228,34.0853],[74.8227,34.0851],[74.8227,34.0849],[74.8228,34.0848],[74.823,34.0846],[74.8237,34.0841],[74.824,34.0839],[74.8245,34.0835],[74.8247,34.0833],[74.8249,34.083],[74.8255,34.0827],[74.8261,34.0823],[74.827,34.0817],[74.8277,34.081],[74.8269,34.0816]]}},{"type":"Feature","properties":{"id":"FDR-164","name":"Lalbazar to Parimpora","obs":0.99,"drv":36,"runs":704},"geometry":{"type":"LineString","coordinates":[[74.8174,34.1256],[74.8173,34.1251],[74.8172,34.1248],[74.8171,34.1246],[74.817,34.1242],[74.8168,34.1236],[74.8166,34.1231],[74.8165,34.123],[74.8165,34.1229],[74.8162,34.1228],[74.816,34.1227],[74.8159,34.1226],[74.8158,34.1223],[74.8157,34.1218],[74.8156,34.1216],[74.8155,34.1215],[74.815,34.1212],[74.8147,34.1211],[74.8146,34.1209],[74.8143,34.1206],[74.814,34.1204],[74.8137,34.1202],[74.8135,34.12],[74.8131,34.12],[74.8124,34.1198],[74.8118,34.1198],[74.8112,34.1197],[74.8109,34.1198],[74.8104,34.1199],[74.8102,34.12],[74.8101,34.12],[74.8101,34.1202],[74.8101,34.1205],[74.81,34.1205],[74.8098,34.1206],[74.8078,34.1205],[74.8068,34.1205],[74.8067,34.12],[74.8066,34.1195],[74.8065,34.1192],[74.8065,34.1186],[74.8064,34.1176],[74.8064,34.1167],[74.8064,34.1158],[74.8064,34.115],[74.8065,34.1147],[74.8066,34.1145],[74.8067,34.1144],[74.8068,34.1141],[74.8069,34.114],[74.8079,34.1131],[74.808,34.113],[74.8084,34.1125],[74.8087,34.1121],[74.8092,34.1114],[74.8094,34.1113],[74.8094,34.1111],[74.8095,34.1106],[74.8095,34.1103],[74.8095,34.11],[74.8095,34.1098],[74.8094,34.1096],[74.8094,34.1092],[74.8093,34.1089],[74.8092,34.1079],[74.8091,34.1068],[74.809,34.1058],[74.809,34.1054],[74.8089,34.1048],[74.8089,34.1042],[74.8089,34.1039],[74.8089,34.1033],[74.8089,34.1029],[74.809,34.1026],[74.809,34.1023],[74.8093,34.1015],[74.8095,34.101],[74.8093,34.101],[74.808,34.1006],[74.8067,34.1],[74.8059,34.0997],[74.8057,34.0996],[74.8055,34.0994],[74.8053,34.0994],[74.8049,34.0996],[74.8045,34.0996],[74.8041,34.0995],[74.8037,34.0993],[74.8035,34.0992],[74.803,34.099],[74.8024,34.0989],[74.8022,34.0987],[74.8014,34.0981],[74.8002,34.0972],[74.7988,34.0961],[74.7981,34.0957],[74.7966,34.0951],[74.7963,34.095],[74.7954,34.0949],[74.7944,34.0951],[74.7927,34.0954],[74.7919,34.0955],[74.7907,34.0955],[74.7898,34.0955],[74.7888,34.0957],[74.7873,34.0957],[74.7868,34.0958],[74.7859,34.0959],[74.7848,34.096],[74.7842,34.0962],[74.7838,34.0963],[74.7836,34.0961],[74.783,34.0955],[74.7827,34.0952],[74.7824,34.0949],[74.7815,34.094],[74.7811,34.0936],[74.7791,34.092],[74.7784,34.0914],[74.7782,34.0913],[74.7781,34.0915],[74.7778,34.0916],[74.7775,34.0916],[74.7775,34.0912],[74.7775,34.0911],[74.7765,34.0925],[74.7757,34.0935],[74.7754,34.0941],[74.7742,34.0958],[74.7739,34.0961],[74.7734,34.0965],[74.7726,34.0971],[74.7711,34.0982],[74.7684,34.1],[74.7679,34.1004],[74.7676,34.1006],[74.7665,34.1013],[74.7644,34.1027],[74.7641,34.1029],[74.7634,34.1032],[74.7613,34.104],[74.76,34.1045],[74.7576,34.1054],[74.7569,34.1056],[74.756,34.1059],[74.7551,34.1061],[74.7547,34.1062],[74.7544,34.1063],[74.7542,34.1063],[74.7538,34.1064],[74.7526,34.1068],[74.7517,34.1071],[74.751,34.1073],[74.7503,34.1075],[74.7499,34.1077],[74.7485,34.1081],[74.7467,34.1087],[74.7454,34.1091],[74.7459,34.109],[74.7468,34.1087],[74.7469,34.1088],[74.7472,34.1094],[74.7473,34.1097],[74.7474,34.1099],[74.7477,34.1102],[74.7477,34.1104],[74.7477,34.1106],[74.7477,34.1107],[74.7476,34.1109],[74.7475,34.1112]]}},{"type":"Feature","properties":{"id":"FDR-199","name":"Qamarwari to Hazratbal","obs":0.95,"drv":36,"runs":349},"geometry":{"type":"LineString","coordinates":[[74.7824,34.0995],[74.7824,34.0994],[74.7824,34.0994],[74.7821,34.0993],[74.7823,34.099],[74.7825,34.0989],[74.7827,34.0989],[74.7828,34.0989],[74.7831,34.0987],[74.7832,34.0987],[74.7836,34.0987],[74.784,34.0984],[74.784,34.0982],[74.7841,34.0976],[74.7841,34.0974],[74.7842,34.0969],[74.7843,34.0963],[74.7854,34.096],[74.7863,34.096],[74.7873,34.0959],[74.788,34.0958],[74.7893,34.0957],[74.7902,34.0956],[74.7909,34.0955],[74.7919,34.0955],[74.7925,34.0955],[74.794,34.0953],[74.7949,34.0951],[74.7954,34.095],[74.7963,34.0951],[74.7974,34.0954],[74.7982,34.0958],[74.7987,34.0961],[74.8,34.0972],[74.8004,34.0976],[74.8014,34.0982],[74.8021,34.0988],[74.8023,34.0989],[74.803,34.0991],[74.8035,34.0993],[74.8036,34.0994],[74.8041,34.0996],[74.8045,34.0997],[74.8049,34.0997],[74.8052,34.0996],[74.8056,34.0995],[74.8058,34.0997],[74.8063,34.0999],[74.807,34.1002],[74.8086,34.1007],[74.8094,34.101],[74.8097,34.1006],[74.8098,34.1001],[74.81,34.0999],[74.8101,34.0998],[74.8103,34.0995],[74.8106,34.0992],[74.8106,34.099],[74.8107,34.0988],[74.8108,34.0986],[74.8109,34.0984],[74.811,34.0983],[74.8114,34.0984],[74.8114,34.0984],[74.8115,34.0985],[74.8119,34.0988],[74.8122,34.0988],[74.8128,34.099],[74.8133,34.0991],[74.8136,34.0992],[74.8141,34.0994],[74.8145,34.0993],[74.8152,34.0991],[74.8158,34.099],[74.8164,34.099],[74.8172,34.0991],[74.8179,34.099],[74.8185,34.0989],[74.8194,34.0991],[74.8202,34.0993],[74.8219,34.0997],[74.8224,34.0998],[74.8222,34.1012],[74.8222,34.1013],[74.8221,34.1019],[74.8221,34.1022],[74.8221,34.1023],[74.8225,34.1027],[74.823,34.1031],[74.8234,34.1033],[74.8248,34.1038],[74.8254,34.1039],[74.8269,34.1044],[74.8274,34.1045],[74.8282,34.1046],[74.829,34.1045],[74.8292,34.1045],[74.8297,34.1044],[74.83,34.1044],[74.8314,34.1046],[74.8315,34.1046],[74.8318,34.1047],[74.8319,34.1047],[74.832,34.1048],[74.8323,34.105],[74.8325,34.1052],[74.8331,34.1061],[74.8343,34.1076],[74.8347,34.1083],[74.8355,34.1093],[74.836,34.1098],[74.8362,34.1102],[74.8365,34.1105],[74.8369,34.111],[74.8372,34.1114],[74.8374,34.1116],[74.8375,34.1118],[74.8375,34.1121],[74.8374,34.1125],[74.8374,34.1126],[74.8372,34.1128],[74.8371,34.113],[74.837,34.1131],[74.8367,34.1136],[74.8366,34.1139],[74.8361,34.1154],[74.8359,34.116],[74.8358,34.1167],[74.8357,34.1177],[74.8356,34.1188],[74.8354,34.1197],[74.8354,34.1203],[74.8353,34.1208],[74.8353,34.1209],[74.8354,34.1211],[74.8356,34.1214],[74.8359,34.1224],[74.8362,34.123],[74.8363,34.1233],[74.8365,34.1237],[74.8367,34.1241],[74.8369,34.1244],[74.8375,34.1252],[74.8381,34.1259],[74.8387,34.1265],[74.8388,34.1268],[74.8388,34.1269],[74.8388,34.1275]]}},{"type":"Feature","properties":{"id":"FDR-446","name":"Parimpora to Rangrath","obs":0.99,"drv":9,"runs":25},"geometry":{"type":"LineString","coordinates":[[74.7475,34.1112],[74.7476,34.1108],[74.7477,34.1106],[74.7477,34.1104],[74.7474,34.1099],[74.7473,34.1096],[74.7469,34.1088],[74.7472,34.1086],[74.7485,34.1082],[74.7525,34.107],[74.7542,34.1064],[74.7549,34.1062],[74.7551,34.1061],[74.7552,34.1058],[74.7555,34.105],[74.7568,34.1017],[74.757,34.1011],[74.757,34.1005],[74.7572,34.1001],[74.7575,34.0997],[74.7578,34.0992],[74.7583,34.0979],[74.7587,34.0969],[74.7597,34.0944],[74.7604,34.0925],[74.7614,34.09],[74.7628,34.0863],[74.7642,34.0819],[74.7659,34.0773],[74.7666,34.0755],[74.7668,34.075],[74.7671,34.0742],[74.7674,34.0733],[74.7677,34.0724],[74.7676,34.0719],[74.7674,34.0722],[74.7673,34.0728],[74.767,34.0736],[74.7669,34.0739],[74.7667,34.0745],[74.7664,34.0753],[74.7657,34.0775],[74.7641,34.0819],[74.7627,34.0862],[74.7618,34.0886],[74.7614,34.0896],[74.7609,34.0909],[74.7604,34.0921],[74.7598,34.0937],[74.7593,34.0949],[74.7581,34.098],[74.7577,34.0991],[74.7574,34.0995],[74.7571,34.0998],[74.7569,34.1001],[74.7569,34.1006],[74.757,34.1011],[74.757,34.1005],[74.7572,34.1001],[74.7575,34.0997],[74.7578,34.0992],[74.7583,34.0979],[74.7587,34.0969],[74.7597,34.0944],[74.7604,34.0925],[74.7614,34.09],[74.7628,34.0863],[74.7642,34.0819],[74.7659,34.0773],[74.7666,34.0755],[74.7674,34.0731],[74.768,34.0716],[74.7684,34.0709],[74.7688,34.0705],[74.7694,34.07],[74.7699,34.0697],[74.7703,34.0695],[74.7724,34.0685],[74.775,34.0673],[74.7778,34.0659],[74.7794,34.0652],[74.7813,34.0646],[74.7823,34.0642],[74.7831,34.0638],[74.784,34.0631],[74.7846,34.0625],[74.7851,34.0619],[74.7855,34.0614],[74.7857,34.0609],[74.7859,34.0603],[74.7863,34.0591],[74.7865,34.0583],[74.7868,34.0571],[74.7872,34.0547],[74.788,34.0498],[74.7887,34.046],[74.7891,34.0441],[74.7895,34.0422],[74.7899,34.04],[74.7904,34.0375],[74.7907,34.036],[74.7911,34.0346],[74.7913,34.034],[74.792,34.0328],[74.7925,34.0322],[74.7932,34.0315],[74.794,34.031],[74.7946,34.0307],[74.7961,34.03],[74.7977,34.0293],[74.7982,34.029],[74.798,34.0286],[74.7978,34.0282],[74.7975,34.0277],[74.7975,34.0255],[74.7975,34.0247],[74.7977,34.0235],[74.7982,34.0222],[74.7982,34.0218],[74.7981,34.0207],[74.7986,34.0183],[74.7989,34.0169],[74.7989,34.0164],[74.799,34.0155],[74.799,34.0138],[74.7994,34.0132]]}},{"type":"Feature","properties":{"id":"FDR-108","name":"Saidakadal to Bypass","obs":0.99,"drv":40,"runs":350},"geometry":{"type":"LineString","coordinates":[[74.828,34.1036],[74.8279,34.1037],[74.8279,34.1038],[74.8278,34.1038],[74.8277,34.1039],[74.8276,34.104],[74.8273,34.1045],[74.8264,34.1043],[74.8253,34.1039],[74.8243,34.1036],[74.8232,34.1032],[74.8226,34.1028],[74.8223,34.1025],[74.8221,34.1023],[74.8221,34.102],[74.8221,34.1017],[74.8222,34.1013],[74.8223,34.1003],[74.822,34.0997],[74.8215,34.0996],[74.8201,34.0993],[74.8188,34.099],[74.8183,34.0989],[74.8175,34.0991],[74.8166,34.099],[74.8161,34.099],[74.8155,34.0991],[74.8147,34.0992],[74.8144,34.0994],[74.8139,34.0993],[74.8134,34.0992],[74.8131,34.099],[74.8123,34.0989],[74.812,34.0988],[74.8118,34.0987],[74.8114,34.0984],[74.8115,34.0984],[74.8114,34.0983],[74.8111,34.0982],[74.8111,34.0982],[74.811,34.0983],[74.8109,34.0985],[74.8107,34.0987],[74.8107,34.0989],[74.8106,34.0991],[74.8101,34.0996],[74.8099,34.0999],[74.8098,34.1],[74.8096,34.1006],[74.8093,34.101],[74.808,34.1006],[74.8067,34.1],[74.8059,34.0997],[74.8057,34.0996],[74.8055,34.0994],[74.8053,34.0994],[74.8049,34.0996],[74.8045,34.0996],[74.8041,34.0995],[74.8037,34.0993],[74.8035,34.0992],[74.803,34.099],[74.8024,34.0989],[74.8022,34.0987],[74.8014,34.0981],[74.8002,34.0972],[74.7988,34.0961],[74.7981,34.0957],[74.7966,34.0951],[74.7963,34.095],[74.7954,34.0949],[74.7944,34.0951],[74.7927,34.0954],[74.7919,34.0955],[74.7907,34.0955],[74.7898,34.0955],[74.7888,34.0957],[74.7873,34.0957],[74.7868,34.0958],[74.7859,34.0959],[74.7848,34.096],[74.7842,34.0962],[74.7838,34.0963],[74.7836,34.0961],[74.783,34.0955],[74.7827,34.0952],[74.7824,34.0949],[74.7815,34.094],[74.7811,34.0936],[74.7791,34.092],[74.7784,34.0914],[74.7782,34.0913],[74.778,34.0912],[74.7778,34.0912],[74.7778,34.0911],[74.7777,34.0909],[74.7789,34.0892],[74.7803,34.0871],[74.7813,34.0856],[74.782,34.0847],[74.7838,34.0821],[74.7841,34.0818],[74.7843,34.0817],[74.7847,34.0817],[74.784,34.0813],[74.7836,34.081],[74.7829,34.0803],[74.7825,34.08],[74.7819,34.0795],[74.7812,34.0791],[74.7805,34.0787],[74.7794,34.0781],[74.7786,34.0776],[74.7779,34.0771],[74.7775,34.0769],[74.7767,34.0765],[74.7761,34.0762],[74.7757,34.076],[74.775,34.0757],[74.7743,34.0753],[74.7734,34.0748],[74.7729,34.0745],[74.772,34.0741],[74.7715,34.0737],[74.7712,34.0735],[74.7703,34.0731],[74.7694,34.0727],[74.7687,34.0724],[74.7684,34.0723],[74.7682,34.0722],[74.7676,34.0719],[74.7675,34.072],[74.7674,34.0723],[74.7673,34.0728],[74.7671,34.0733],[74.767,34.0736],[74.7669,34.0739],[74.7668,34.0741],[74.7666,34.0748],[74.7664,34.0753],[74.7662,34.076],[74.7651,34.0791],[74.7641,34.0819],[74.7631,34.0848],[74.7627,34.0862],[74.7618,34.0886],[74.7616,34.089],[74.7613,34.0898],[74.7609,34.0909]]}},{"type":"Feature","properties":{"id":"FDR-401","name":"Jehangir Chowk to Panzinara","obs":0.85,"drv":19,"runs":110},"geometry":{"type":"LineString","coordinates":[[74.8045,34.0755],[74.8045,34.0752],[74.804,34.0752],[74.8038,34.0754],[74.8037,34.0757],[74.8032,34.0761],[74.8029,34.0763],[74.8011,34.0781],[74.8006,34.0786],[74.7999,34.0795],[74.7998,34.0795],[74.7997,34.0796],[74.7997,34.0797],[74.7988,34.081],[74.7983,34.0818],[74.7978,34.0826],[74.7975,34.0831],[74.7969,34.0837],[74.7966,34.0839],[74.7967,34.0842],[74.7966,34.0846],[74.796,34.0859],[74.7958,34.0863],[74.7952,34.0872],[74.7943,34.0885],[74.7938,34.0889],[74.7933,34.0894],[74.7931,34.0898],[74.7929,34.0903],[74.7927,34.0907],[74.792,34.0919],[74.7919,34.0921],[74.7918,34.0924],[74.7917,34.093],[74.7917,34.0935],[74.7916,34.094],[74.7916,34.0945],[74.7916,34.0949],[74.7918,34.0955],[74.7899,34.0955],[74.788,34.0957],[74.7868,34.0958],[74.7854,34.096],[74.7841,34.0962],[74.7837,34.0962],[74.7827,34.0968],[74.7818,34.0975],[74.7806,34.0982],[74.7794,34.099],[74.7789,34.0997],[74.7786,34.1004],[74.7785,34.1009],[74.7777,34.1019],[74.7773,34.102],[74.777,34.1022],[74.7768,34.1028],[74.7765,34.103],[74.7754,34.1039],[74.7747,34.1044],[74.7746,34.1048],[74.7738,34.1056],[74.7728,34.1063],[74.772,34.1068],[74.7718,34.1071],[74.7711,34.1077],[74.7709,34.1081],[74.7709,34.1085],[74.7709,34.1088],[74.7709,34.1095],[74.7709,34.1099],[74.7708,34.1103],[74.7708,34.1111],[74.7707,34.1116],[74.7704,34.1116],[74.7704,34.112],[74.7703,34.1125],[74.7701,34.1131],[74.7695,34.1137],[74.7693,34.114],[74.7689,34.1143],[74.7687,34.1146],[74.7686,34.1152],[74.7686,34.1158],[74.7683,34.1164],[74.768,34.1167],[74.7675,34.1171],[74.7675,34.1172],[74.7675,34.1182],[74.7675,34.1186],[74.7678,34.1192],[74.7679,34.1196],[74.7681,34.1205],[74.7683,34.1215],[74.7684,34.1226],[74.7685,34.123],[74.769,34.1243],[74.769,34.1247],[74.7689,34.1256],[74.7688,34.1262],[74.7689,34.1266],[74.769,34.1269],[74.7688,34.1274],[74.7688,34.1277],[74.7687,34.1281],[74.7683,34.1287],[74.7683,34.1289],[74.7684,34.1292],[74.7684,34.1297],[74.7686,34.1304],[74.7688,34.1314],[74.7688,34.133],[74.7689,34.1337],[74.7691,34.1339],[74.7691,34.1341],[74.7686,34.1345],[74.7678,34.1349],[74.7671,34.1348],[74.7658,34.1346],[74.7646,34.1344],[74.7642,34.1344],[74.763,34.135],[74.7628,34.1354],[74.7621,34.1357],[74.7614,34.136],[74.761,34.1363],[74.7608,34.1365],[74.7605,34.1365],[74.758,34.1366],[74.7574,34.1366]]}},{"type":"Feature","properties":{"id":"FDR-407","name":"Batamallo to Pantha Chowk","obs":0.96,"drv":27,"runs":325},"geometry":{"type":"LineString","coordinates":[[74.7918,34.0693],[74.7917,34.0684],[74.7915,34.0682],[74.791,34.0677],[74.7905,34.0669],[74.7903,34.0666],[74.7899,34.0663],[74.7895,34.066],[74.7889,34.0655],[74.7886,34.0652],[74.7882,34.0648],[74.7878,34.0644],[74.7874,34.0641],[74.7869,34.0639],[74.7862,34.0636],[74.7848,34.0628],[74.7847,34.0626],[74.7847,34.0624],[74.7849,34.0623],[74.7855,34.0617],[74.7858,34.0611],[74.7864,34.0592],[74.7874,34.0601],[74.7873,34.0596],[74.7859,34.0608],[74.7856,34.0615],[74.785,34.0622],[74.7848,34.0624],[74.7849,34.0622],[74.7854,34.0616],[74.7857,34.0611],[74.7859,34.0605],[74.7861,34.0595],[74.7864,34.0585],[74.7866,34.0579],[74.7871,34.0552],[74.7875,34.0523],[74.7885,34.0473],[74.789,34.0446],[74.7894,34.0429],[74.7898,34.0407],[74.7903,34.0384],[74.7906,34.0365],[74.791,34.0349],[74.7912,34.0342],[74.7918,34.0331],[74.7923,34.0324],[74.7928,34.0319],[74.7938,34.0311],[74.7944,34.0308],[74.7954,34.0303],[74.7974,34.0295],[74.7983,34.0291],[74.7997,34.0286],[74.8009,34.0281],[74.8018,34.0278],[74.8031,34.0272],[74.8047,34.0267],[74.8067,34.026],[74.8086,34.0253],[74.8095,34.0249],[74.8103,34.0245],[74.8111,34.0243],[74.8122,34.0241],[74.8133,34.0241],[74.8141,34.0242],[74.8149,34.0244],[74.8188,34.0254],[74.8212,34.026],[74.8232,34.0265],[74.8247,34.0269],[74.826,34.0272],[74.8274,34.0275],[74.8298,34.0282],[74.8306,34.0284],[74.8317,34.0286],[74.8348,34.0294],[74.8372,34.0299],[74.84,34.0306],[74.8437,34.0315],[74.8473,34.0324],[74.8513,34.0334],[74.8536,34.034],[74.8543,34.0342],[74.857,34.0348],[74.8602,34.0356],[74.8609,34.0358],[74.8614,34.036],[74.8619,34.0362],[74.8635,34.0366],[74.864,34.0367],[74.8644,34.0367],[74.8668,34.0373],[74.8672,34.0374],[74.8679,34.0375],[74.8691,34.0378],[74.8706,34.0382],[74.8738,34.0389],[74.8767,34.0396],[74.8776,34.0399],[74.8778,34.04],[74.8781,34.0401],[74.8799,34.0395],[74.8804,34.0394],[74.881,34.0393],[74.8819,34.0391],[74.8826,34.039],[74.8832,34.0391],[74.8845,34.0391],[74.886,34.0391],[74.887,34.0389],[74.889,34.0381],[74.8911,34.0374],[74.8931,34.0368],[74.8959,34.0361],[74.8972,34.0358],[74.8978,34.0356],[74.8989,34.0352],[74.9006,34.0345],[74.9019,34.0342],[74.9024,34.0339],[74.9049,34.032],[74.9058,34.0313],[74.9072,34.0302],[74.9075,34.0292],[74.9068,34.0287],[74.9063,34.0286],[74.9062,34.0285],[74.9061,34.0285],[74.9058,34.0286]]}},{"type":"Feature","properties":{"id":"FDR-219","name":"Qamarwari to Jehangir Chowk","obs":0.95,"drv":29,"runs":194},"geometry":{"type":"LineString","coordinates":[[74.7661,34.0948],[74.7661,34.0948],[74.7661,34.0948],[74.7661,34.0948],[74.766,34.0949],[74.7658,34.0949],[74.7659,34.0956],[74.7664,34.0956],[74.7672,34.0955],[74.7672,34.0955],[74.7673,34.0955],[74.7673,34.0955],[74.7673,34.0957],[74.7675,34.0962],[74.7674,34.0962],[74.7673,34.0963],[74.7672,34.0963],[74.7672,34.0965],[74.7672,34.0965],[74.7672,34.0966],[74.7672,34.0966],[74.7673,34.0967],[74.7674,34.0968],[74.7674,34.0968],[74.7674,34.0968],[74.768,34.0971],[74.768,34.0971],[74.768,34.0971],[74.7692,34.096],[74.7696,34.0963],[74.7698,34.0964],[74.7702,34.0966],[74.7704,34.0967],[74.7705,34.0968],[74.7705,34.0968],[74.7705,34.0968],[74.7705,34.0968],[74.7705,34.0968],[74.7705,34.0968],[74.7706,34.0968],[74.7706,34.0968],[74.7706,34.0968],[74.7706,34.0968],[74.7706,34.0968],[74.7708,34.0969],[74.7709,34.097],[74.7709,34.097],[74.7709,34.097],[74.7709,34.097],[74.771,34.097],[74.771,34.0971],[74.771,34.0971],[74.771,34.0972],[74.771,34.0972],[74.7709,34.0973],[74.7709,34.0974],[74.7715,34.0979],[74.7711,34.0982],[74.77,34.0989],[74.7701,34.099],[74.7707,34.0986],[74.771,34.0984],[74.7713,34.0981],[74.7718,34.0978],[74.7722,34.0975],[74.7729,34.097],[74.7733,34.0966],[74.7737,34.0964],[74.7739,34.0962],[74.7741,34.0961],[74.7742,34.0959],[74.7744,34.0956],[74.7748,34.095],[74.7752,34.0944],[74.7753,34.0943],[74.7758,34.0936],[74.7762,34.093],[74.7764,34.0927],[74.7766,34.0924],[74.7768,34.0922],[74.7771,34.0917],[74.7773,34.0915],[74.7775,34.0912],[74.7776,34.0911],[74.7777,34.0909],[74.7785,34.0897],[74.7789,34.0892],[74.7799,34.0877],[74.7803,34.0871],[74.7811,34.0858],[74.7813,34.0856],[74.7817,34.0851],[74.782,34.0847],[74.7827,34.0836],[74.7838,34.0821],[74.7839,34.0819],[74.7841,34.0818],[74.7842,34.0818],[74.7843,34.0817],[74.7845,34.0817],[74.7847,34.0817],[74.786,34.0817],[74.7864,34.0817],[74.788,34.0817],[74.7884,34.0816],[74.7892,34.0816],[74.7898,34.0816],[74.7906,34.0816],[74.7915,34.0817],[74.7918,34.0817],[74.7924,34.0817],[74.7926,34.0817],[74.7928,34.0817],[74.7929,34.0817],[74.793,34.0816],[74.7931,34.0815],[74.7933,34.0814],[74.7938,34.081],[74.7942,34.0806],[74.7943,34.0806],[74.7944,34.0804],[74.7945,34.0792],[74.7946,34.0782],[74.7946,34.0779],[74.7947,34.0773],[74.7948,34.0761],[74.7948,34.0758],[74.7948,34.0756],[74.7949,34.0756],[74.7949,34.0755],[74.7954,34.0753],[74.7954,34.0753],[74.7957,34.0752],[74.796,34.075],[74.7964,34.0749],[74.7969,34.0747],[74.797,34.0746],[74.7971,34.0746],[74.799,34.0738],[74.7993,34.0736],[74.7996,34.0735],[74.8014,34.0727],[74.8019,34.0724],[74.802,34.0724],[74.8021,34.0724],[74.8027,34.0721],[74.8033,34.0718],[74.8038,34.0717],[74.8039,34.0716],[74.804,34.0716],[74.8041,34.0716],[74.8042,34.0716],[74.8043,34.0716],[74.8047,34.0716],[74.8046,34.0718],[74.8046,34.0719],[74.8045,34.0738],[74.8045,34.0739],[74.8045,34.074],[74.8045,34.0741],[74.8046,34.074],[74.8046,34.0739],[74.8046,34.0738],[74.8047,34.0719]]}},{"type":"Feature","properties":{"id":"FDR-332","name":"Parimpora to Jehangir Chowk","obs":0.99,"drv":16,"runs":150},"geometry":{"type":"LineString","coordinates":[[74.7475,34.1112],[74.7476,34.1108],[74.7477,34.1106],[74.7477,34.1104],[74.7474,34.1099],[74.7473,34.1096],[74.7469,34.1088],[74.7472,34.1086],[74.7485,34.1082],[74.7525,34.107],[74.7542,34.1064],[74.7549,34.1062],[74.7551,34.1061],[74.7552,34.1058],[74.7555,34.105],[74.7568,34.1017],[74.757,34.1011],[74.757,34.1005],[74.7572,34.1001],[74.7575,34.0997],[74.7578,34.0992],[74.7583,34.0979],[74.7587,34.0969],[74.7597,34.0944],[74.7604,34.0925],[74.7614,34.09],[74.7628,34.0863],[74.7642,34.0819],[74.7659,34.0773],[74.7666,34.0755],[74.7674,34.0731],[74.768,34.0716],[74.7684,34.0709],[74.7688,34.0705],[74.7694,34.07],[74.7699,34.0697],[74.7703,34.0695],[74.7724,34.0685],[74.775,34.0673],[74.7778,34.0659],[74.7794,34.0652],[74.7813,34.0646],[74.7823,34.0642],[74.7831,34.0638],[74.784,34.0631],[74.7846,34.0625],[74.7851,34.0619],[74.7855,34.0614],[74.7857,34.0609],[74.7859,34.0603],[74.7863,34.0591],[74.7865,34.0583],[74.7868,34.0571],[74.7872,34.0547],[74.788,34.0498],[74.7887,34.046],[74.7891,34.0441],[74.7895,34.0422],[74.7899,34.04],[74.7904,34.0375],[74.7907,34.036],[74.7911,34.0346],[74.7913,34.034],[74.792,34.0328],[74.7925,34.0322],[74.7932,34.0315],[74.794,34.031],[74.7946,34.0307],[74.7961,34.03],[74.7977,34.0293],[74.7982,34.029],[74.798,34.0286],[74.7978,34.0282],[74.7975,34.0277],[74.7975,34.0255],[74.7975,34.0247],[74.7977,34.0235],[74.7982,34.0222],[74.7982,34.0218],[74.7981,34.0207],[74.7986,34.0183],[74.7989,34.0169],[74.7989,34.0164],[74.799,34.0155],[74.799,34.0138],[74.7996,34.0129],[74.7987,34.0127],[74.7992,34.0129],[74.7994,34.0132],[74.799,34.0138],[74.799,34.0155],[74.7989,34.0164],[74.7989,34.0169],[74.7986,34.0183],[74.7981,34.0207],[74.7982,34.0218],[74.7982,34.0222],[74.7977,34.0235],[74.7975,34.0247],[74.7975,34.0255],[74.7975,34.0277],[74.7978,34.0284],[74.7982,34.0291],[74.7985,34.0296],[74.7987,34.03],[74.7998,34.0324],[74.8002,34.0333],[74.8006,34.0346],[74.8011,34.0362],[74.8014,34.0371],[74.8017,34.0378],[74.8022,34.0385],[74.8024,34.0392],[74.8027,34.0399],[74.8032,34.0413],[74.8032,34.0418],[74.8031,34.0425],[74.8025,34.0441],[74.8023,34.0446],[74.8022,34.0449],[74.8022,34.0454],[74.8021,34.046],[74.8023,34.0471],[74.8023,34.0481],[74.8024,34.0484],[74.8023,34.0493],[74.8024,34.0496],[74.8033,34.0505],[74.8043,34.0514],[74.8047,34.0518],[74.8047,34.0523],[74.8046,34.0535],[74.8045,34.0542],[74.8043,34.0549],[74.804,34.0555],[74.8033,34.057],[74.8026,34.0592],[74.8024,34.0597],[74.8024,34.0611],[74.8024,34.0616],[74.8027,34.063],[74.8029,34.0638],[74.8032,34.0646],[74.8034,34.0652],[74.8036,34.0661],[74.8036,34.0668],[74.8036,34.0673],[74.8034,34.0689],[74.8034,34.0694],[74.8033,34.0701],[74.8035,34.0709],[74.8039,34.0716],[74.8042,34.0716],[74.8046,34.0718],[74.8045,34.0739],[74.8046,34.074],[74.8047,34.0719]]}},{"type":"Feature","properties":{"id":"FDR-261","name":"JVC to Batwara","obs":0.94,"drv":26,"runs":374},"geometry":{"type":"LineString","coordinates":[[74.8279,34.0351],[74.8279,34.0351],[74.8277,34.0355],[74.8277,34.0356],[74.8278,34.036],[74.8275,34.036],[74.8271,34.0361],[74.827,34.0361],[74.8269,34.0363],[74.8264,34.0361],[74.8259,34.0359],[74.8256,34.0357],[74.8251,34.0351],[74.8244,34.0344],[74.824,34.034],[74.8234,34.0333],[74.8237,34.033],[74.8238,34.033],[74.8243,34.0328],[74.8251,34.0324],[74.8254,34.0323],[74.8255,34.0321],[74.8262,34.0315],[74.8264,34.0313],[74.8269,34.0308],[74.8279,34.03],[74.8284,34.0297],[74.83,34.0286],[74.8302,34.0285],[74.831,34.0284],[74.8317,34.0286],[74.834,34.0292],[74.836,34.0296],[74.8372,34.0299],[74.8392,34.0304],[74.8405,34.0307],[74.8437,34.0315],[74.8465,34.0322],[74.8489,34.0328],[74.8513,34.0335],[74.8524,34.0337],[74.8539,34.0341],[74.8543,34.0342],[74.8564,34.0347],[74.8589,34.0353],[74.8602,34.0356],[74.8607,34.0358],[74.8611,34.0359],[74.8614,34.036],[74.8618,34.0361],[74.8621,34.0362],[74.8635,34.0366],[74.8639,34.0367],[74.864,34.0367],[74.8644,34.0367],[74.8647,34.0367],[74.8671,34.0373],[74.8672,34.0374],[74.8675,34.0374],[74.8684,34.0377],[74.8691,34.0378],[74.8701,34.0381],[74.8712,34.0383],[74.8738,34.0389],[74.8761,34.0395],[74.8771,34.0397],[74.8773,34.0399],[74.8773,34.0401],[74.8773,34.0403],[74.877,34.0405],[74.8765,34.0408],[74.8761,34.041],[74.8754,34.0414],[74.8749,34.0417],[74.8742,34.0421],[74.8734,34.0425],[74.8727,34.0428],[74.8725,34.043],[74.8724,34.0431],[74.8722,34.0435],[74.872,34.0438],[74.8717,34.0442],[74.8717,34.0444],[74.8711,34.0452],[74.8709,34.0456],[74.8706,34.0458],[74.8704,34.046],[74.87,34.0463],[74.8695,34.0466],[74.8687,34.0472],[74.868,34.0475],[74.8679,34.0476],[74.8674,34.0479],[74.8668,34.0482],[74.8661,34.0487],[74.8658,34.0488],[74.8652,34.0493],[74.8645,34.0497],[74.8639,34.0501],[74.8637,34.0503],[74.8635,34.0505],[74.8633,34.0508],[74.863,34.0513],[74.8628,34.0518],[74.8625,34.0522],[74.8621,34.0527],[74.8618,34.0532],[74.8611,34.0544],[74.8607,34.055],[74.8605,34.0553],[74.8602,34.0555],[74.8599,34.0557],[74.8594,34.0561],[74.8588,34.0565],[74.8583,34.0568],[74.8577,34.0572],[74.857,34.0577],[74.8568,34.0578],[74.8554,34.0588],[74.8546,34.0583],[74.854,34.0581],[74.8527,34.0578],[74.8525,34.0578],[74.8523,34.058],[74.8522,34.0582],[74.8522,34.0584],[74.8522,34.0584]]}},{"type":"Feature","properties":{"id":"FDR-335","name":"LD to Panthachowk","obs":0.98,"drv":25,"runs":411},"geometry":{"type":"LineString","coordinates":[[74.8059,34.082],[74.8068,34.0819],[74.807,34.0814],[74.8072,34.0807],[74.8071,34.0804],[74.8073,34.0802],[74.8075,34.0801],[74.8079,34.0795],[74.8084,34.0784],[74.8089,34.0785],[74.8093,34.0785],[74.81,34.0783],[74.8114,34.0779],[74.8118,34.0779],[74.8121,34.0781],[74.8125,34.0782],[74.8132,34.0783],[74.8139,34.0784],[74.8152,34.0786],[74.8168,34.0789],[74.8177,34.079],[74.8191,34.0795],[74.8197,34.0796],[74.8199,34.0796],[74.8199,34.0797],[74.82,34.0797],[74.8201,34.0797],[74.8205,34.0796],[74.8208,34.0797],[74.8219,34.0807],[74.8237,34.0823],[74.8249,34.083],[74.8258,34.0825],[74.827,34.0817],[74.8269,34.0816],[74.8249,34.083],[74.8258,34.0825],[74.827,34.0817],[74.829,34.0803],[74.8293,34.08],[74.8294,34.0798],[74.8294,34.0794],[74.8297,34.0779],[74.8297,34.0772],[74.8298,34.0766],[74.8299,34.0765],[74.8302,34.0762],[74.8307,34.0757],[74.8314,34.0754],[74.8327,34.0751],[74.8335,34.0749],[74.8345,34.0745],[74.835,34.0741],[74.8358,34.0736],[74.8369,34.0729],[74.8371,34.0728],[74.8377,34.0724],[74.8391,34.0714],[74.8406,34.0706],[74.8412,34.0703],[74.8422,34.0697],[74.8429,34.0693],[74.8432,34.069],[74.8435,34.0687],[74.8439,34.0682],[74.845,34.0673],[74.8465,34.0658],[74.8487,34.0638],[74.8499,34.0626],[74.8511,34.0618],[74.8526,34.0608],[74.8534,34.0603],[74.8551,34.0591],[74.857,34.0577],[74.858,34.0571],[74.8599,34.0558],[74.8604,34.0554],[74.8607,34.0551],[74.8617,34.0533],[74.8621,34.0529],[74.8628,34.0518],[74.8635,34.0506],[74.8636,34.0504],[74.864,34.0501],[74.8657,34.049],[74.8666,34.0484],[74.8674,34.0479],[74.868,34.0475],[74.8686,34.0472],[74.8697,34.0465],[74.8704,34.046],[74.8708,34.0457],[74.8711,34.0452],[74.8717,34.0443],[74.872,34.0438],[74.8723,34.0432],[74.8725,34.043],[74.873,34.0427],[74.8742,34.0421],[74.8751,34.0416],[74.8761,34.0411],[74.8769,34.0406],[74.878,34.0401],[74.8796,34.0396],[74.8803,34.0394],[74.8806,34.0394],[74.8817,34.0391],[74.8824,34.039],[74.8829,34.039],[74.8842,34.0391],[74.8857,34.0391],[74.8867,34.039],[74.8884,34.0384],[74.8904,34.0376],[74.8919,34.0371],[74.8956,34.0362],[74.8967,34.036],[74.8978,34.0357],[74.898,34.0355],[74.9003,34.0347],[74.9013,34.0343],[74.9022,34.0341],[74.903,34.0334],[74.9057,34.0314],[74.9067,34.0306],[74.9081,34.0295],[74.9068,34.0287],[74.9065,34.0287],[74.9063,34.0286],[74.9062,34.0285],[74.9058,34.0286],[74.9058,34.0286]]}},{"type":"Feature","properties":{"id":"FDR-104","name":"Hazratbal to Bone Joint Hospital Barzalla","obs":0.99,"drv":37,"runs":723},"geometry":{"type":"LineString","coordinates":[[74.8356,34.1275],[74.8338,34.1274],[74.8324,34.1273],[74.8322,34.1274],[74.832,34.1278],[74.8318,34.1286],[74.8317,34.1294],[74.8314,34.1301],[74.8309,34.1311],[74.8305,34.1317],[74.8303,34.1324],[74.8301,34.1332],[74.8298,34.1339],[74.8292,34.1348],[74.8286,34.1356],[74.8284,34.1357],[74.8281,34.1357],[74.8275,34.1355],[74.8263,34.1347],[74.8248,34.1339],[74.8243,34.1337],[74.8235,34.133],[74.823,34.1326],[74.8223,34.1322],[74.8221,34.132],[74.8217,34.1318],[74.8214,34.1311],[74.8209,34.1305],[74.8203,34.1301],[74.8196,34.1294],[74.819,34.1289],[74.8186,34.1286],[74.8183,34.1279],[74.8179,34.1274],[74.8174,34.1257],[74.8172,34.1248],[74.817,34.1242],[74.8166,34.1231],[74.8165,34.1229],[74.816,34.1227],[74.8158,34.1223],[74.8156,34.1216],[74.815,34.1212],[74.8146,34.1209],[74.814,34.1204],[74.8135,34.12],[74.8124,34.1198],[74.8112,34.1197],[74.8104,34.1199],[74.8101,34.12],[74.8101,34.1205],[74.8098,34.1206],[74.8068,34.1205],[74.8066,34.1195],[74.8065,34.1186],[74.8064,34.1167],[74.8064,34.115],[74.8066,34.1145],[74.8068,34.1141],[74.8079,34.1131],[74.8084,34.1125],[74.8092,34.1114],[74.8094,34.1111],[74.8095,34.1103],[74.8095,34.1098],[74.8094,34.1092],[74.8092,34.1079],[74.809,34.1058],[74.8089,34.1048],[74.8089,34.1039],[74.8089,34.1029],[74.809,34.1023],[74.8095,34.101],[74.8099,34.1],[74.8102,34.0997],[74.8106,34.0991],[74.8107,34.0987],[74.811,34.0983],[74.8114,34.0984],[74.8116,34.0984],[74.8119,34.0978],[74.8124,34.0973],[74.8129,34.0966],[74.8135,34.0954],[74.8138,34.095],[74.8151,34.0941],[74.8159,34.0937],[74.8168,34.0932],[74.8172,34.0929],[74.8173,34.0924],[74.8166,34.0914],[74.8155,34.0906],[74.8161,34.089],[74.8176,34.0877],[74.8188,34.0858],[74.8191,34.0853],[74.8194,34.0844],[74.8195,34.0836],[74.8194,34.0825],[74.8196,34.0813],[74.82,34.0797],[74.8201,34.0796],[74.82,34.0795],[74.82,34.0785],[74.821,34.076],[74.8213,34.0747],[74.8161,34.0734],[74.8113,34.0722],[74.8105,34.072],[74.8093,34.0717],[74.8073,34.0716],[74.8048,34.0715],[74.804,34.0712],[74.8037,34.07],[74.8037,34.0691],[74.8037,34.0682],[74.8038,34.0668],[74.8036,34.0655],[74.8033,34.0642],[74.803,34.0638],[74.8027,34.0624],[74.8026,34.0613],[74.8028,34.0588],[74.8036,34.0567],[74.8044,34.055],[74.8021,34.0542],[74.8017,34.0543],[74.7976,34.0545],[74.7942,34.055],[74.7897,34.0565],[74.7893,34.0572],[74.7893,34.0574],[74.7897,34.058]]}},{"type":"Feature","properties":{"id":"FDR-438","name":"GBS to LAL Chowk","obs":0.96,"drv":32,"runs":297},"geometry":{"type":"LineString","coordinates":[[74.786,34.0729],[74.7866,34.0729],[74.7868,34.0729],[74.7872,34.0729],[74.7873,34.0729],[74.7874,34.0729],[74.7874,34.0729],[74.7876,34.0731],[74.7877,34.0731],[74.7878,34.0732],[74.7879,34.0732],[74.788,34.0732],[74.7883,34.0732],[74.7881,34.0739],[74.788,34.074],[74.788,34.0741],[74.788,34.0744],[74.7879,34.0745],[74.7879,34.0746],[74.7879,34.0748],[74.7879,34.075],[74.788,34.0751],[74.7881,34.0752],[74.7882,34.0753],[74.7883,34.0753],[74.7884,34.0754],[74.7886,34.0754],[74.7892,34.0754],[74.7897,34.0755],[74.7906,34.0755],[74.7914,34.0756],[74.7918,34.0756],[74.7919,34.0756],[74.7921,34.0755],[74.7923,34.0755],[74.7925,34.0755],[74.7927,34.0755],[74.793,34.0755],[74.7931,34.0755],[74.7941,34.0755],[74.7942,34.0755],[74.7947,34.0755],[74.7947,34.0755],[74.7949,34.0756],[74.7949,34.0755],[74.7954,34.0753],[74.7954,34.0753],[74.7957,34.0752],[74.796,34.075],[74.7964,34.0749],[74.7969,34.0747],[74.797,34.0746],[74.7971,34.0746],[74.799,34.0738],[74.7993,34.0736],[74.7996,34.0735],[74.8014,34.0727],[74.8019,34.0724],[74.802,34.0724],[74.8035,34.0717],[74.8037,34.0716],[74.8039,34.0716],[74.8041,34.0715],[74.805,34.0716],[74.8059,34.0716],[74.806,34.0716],[74.8061,34.0716],[74.8073,34.0717],[74.8087,34.0717],[74.8088,34.0717],[74.8089,34.0717],[74.8093,34.0718],[74.8095,34.0719],[74.8103,34.072],[74.8104,34.0721],[74.8109,34.0722],[74.811,34.0723],[74.8111,34.0723],[74.8113,34.0723],[74.8113,34.0722],[74.8112,34.0722],[74.8111,34.0722],[74.811,34.0722],[74.8105,34.072],[74.8104,34.072],[74.8104,34.0719],[74.8106,34.0713],[74.8106,34.0713],[74.8107,34.0713],[74.8107,34.0713],[74.8107,34.0713],[74.8107,34.0713],[74.8107,34.0713],[74.8107,34.0712],[74.8107,34.0712],[74.8106,34.0712],[74.8106,34.0712],[74.8106,34.0712],[74.8106,34.0712],[74.8105,34.0712],[74.8105,34.0712],[74.8105,34.0713]]}},{"type":"Feature","properties":{"id":"FDR-151","name":"Parimpora to Jawahairnagar","obs":0.96,"drv":39,"runs":432},"geometry":{"type":"LineString","coordinates":[[74.7475,34.1112],[74.7476,34.1109],[74.7477,34.1107],[74.7477,34.1106],[74.7477,34.1104],[74.7477,34.1102],[74.7474,34.1099],[74.7473,34.1097],[74.7472,34.1094],[74.7469,34.1088],[74.7468,34.1087],[74.7481,34.1084],[74.7485,34.1082],[74.7514,34.1073],[74.7532,34.1067],[74.7542,34.1064],[74.7548,34.1063],[74.755,34.1062],[74.7551,34.1061],[74.756,34.1059],[74.7569,34.1056],[74.7576,34.1054],[74.76,34.1045],[74.7604,34.1044],[74.7611,34.1041],[74.7616,34.1039],[74.7619,34.1038],[74.7624,34.1037],[74.7628,34.1035],[74.7634,34.1033],[74.7638,34.1031],[74.7642,34.1029],[74.7644,34.1028],[74.7646,34.1027],[74.765,34.1024],[74.7658,34.1019],[74.7662,34.1016],[74.767,34.1011],[74.7674,34.1008],[74.768,34.1005],[74.7691,34.0997],[74.7695,34.0994],[74.7707,34.0986],[74.7713,34.0981],[74.7722,34.0975],[74.7733,34.0966],[74.7739,34.0962],[74.7742,34.0959],[74.7748,34.095],[74.7753,34.0943],[74.7762,34.093],[74.7766,34.0924],[74.7771,34.0917],[74.7775,34.0912],[74.7777,34.0909],[74.7789,34.0892],[74.7803,34.0871],[74.7813,34.0856],[74.782,34.0847],[74.7838,34.0821],[74.7841,34.0818],[74.7843,34.0817],[74.7847,34.0817],[74.7864,34.0817],[74.7884,34.0816],[74.7898,34.0816],[74.7915,34.0817],[74.7924,34.0817],[74.7928,34.0817],[74.793,34.0816],[74.7933,34.0814],[74.7942,34.0806],[74.7944,34.0804],[74.7946,34.0782],[74.7947,34.0773],[74.7948,34.0758],[74.7949,34.0756],[74.7954,34.0753],[74.7957,34.0752],[74.7964,34.0749],[74.797,34.0746],[74.7981,34.0763],[74.799,34.0779],[74.7994,34.0786],[74.7997,34.0791],[74.7998,34.0795],[74.7998,34.0795],[74.7997,34.0796],[74.7998,34.0796],[74.7998,34.0797],[74.7999,34.0797],[74.8001,34.0798],[74.8005,34.0805],[74.8009,34.0812],[74.8019,34.0813],[74.8025,34.0813],[74.8033,34.0814],[74.8035,34.0814],[74.8039,34.0815],[74.8048,34.0818],[74.8051,34.0818],[74.8054,34.082],[74.8056,34.082],[74.8065,34.0819],[74.8068,34.0819],[74.8069,34.0814],[74.807,34.0812],[74.8072,34.0807],[74.8072,34.0805],[74.8071,34.0803],[74.8073,34.0802],[74.8074,34.0801],[74.8076,34.08],[74.8079,34.0795],[74.8084,34.0785],[74.8084,34.0782],[74.8084,34.0779],[74.8083,34.0772],[74.8082,34.0768],[74.8082,34.0766],[74.8082,34.0765],[74.8085,34.076],[74.8089,34.0752],[74.809,34.0749],[74.8093,34.0746],[74.8095,34.0744],[74.8095,34.074],[74.8099,34.0738],[74.8099,34.073],[74.8093,34.0721],[74.8093,34.0719],[74.8103,34.072],[74.8109,34.0722],[74.8111,34.0723],[74.8113,34.0722],[74.8111,34.0722],[74.8105,34.072],[74.8103,34.072],[74.8093,34.0717],[74.8092,34.0717],[74.8073,34.0716],[74.806,34.0716],[74.8048,34.0715],[74.8042,34.0715],[74.804,34.0712],[74.8038,34.0707],[74.8037,34.07],[74.8037,34.0693],[74.8037,34.0691],[74.8037,34.0688],[74.8037,34.0682],[74.8038,34.067],[74.8038,34.0668],[74.8038,34.0661],[74.8036,34.0655],[74.8035,34.0648],[74.8033,34.0642],[74.8032,34.0641],[74.803,34.0638],[74.8029,34.0632],[74.8027,34.0624],[74.8026,34.0615],[74.803,34.0618],[74.8042,34.0619],[74.8057,34.062],[74.8078,34.0625],[74.8097,34.063],[74.8107,34.0633],[74.8113,34.0619],[74.8117,34.0607]]}},{"type":"Feature","properties":{"id":"FDR-001","name":"Qamarwari to Baghi Mehtab","obs":0.91,"drv":14,"runs":58},"geometry":{"type":"LineString","coordinates":[[74.7661,34.0948],[74.7661,34.0948],[74.7659,34.0956],[74.7651,34.0956],[74.7642,34.0946],[74.7641,34.0946],[74.7641,34.0945],[74.7639,34.0945],[74.7638,34.0942],[74.7638,34.0941],[74.7637,34.0939],[74.7634,34.0927],[74.7628,34.0917],[74.7626,34.0917],[74.7608,34.0922],[74.761,34.0909],[74.7624,34.0874],[74.7638,34.0833],[74.7654,34.0787],[74.7665,34.0756],[74.7672,34.0738],[74.7677,34.0723],[74.7683,34.0711],[74.7687,34.0706],[74.7691,34.0702],[74.7697,34.0698],[74.7702,34.0695],[74.7708,34.0692],[74.7734,34.068],[74.7772,34.0663],[74.7791,34.0654],[74.7803,34.0649],[74.782,34.0643],[74.7828,34.0639],[74.7837,34.0634],[74.7846,34.0626],[74.7849,34.0622],[74.7854,34.0616],[74.7857,34.0611],[74.7859,34.0605],[74.7861,34.0595],[74.7864,34.0585],[74.7866,34.0579],[74.7871,34.0552],[74.7875,34.0523],[74.7885,34.0473],[74.789,34.0446],[74.7894,34.0429],[74.7897,34.0414],[74.7904,34.038],[74.7908,34.0376],[74.7916,34.0373],[74.7926,34.037],[74.7936,34.0372],[74.7944,34.0377],[74.7949,34.038],[74.7954,34.0383],[74.7977,34.0393],[74.7989,34.04],[74.7996,34.0412],[74.8001,34.0422],[74.8007,34.0432],[74.8014,34.0439],[74.8021,34.0447],[74.8009,34.045],[74.8002,34.0454],[74.8002,34.0458],[74.8004,34.0461],[74.8,34.0464],[74.8001,34.0467],[74.8002,34.0471],[74.8002,34.0472],[74.8002,34.0471],[74.8,34.0471],[74.8001,34.0467],[74.8,34.0464],[74.8004,34.0461],[74.8012,34.0472],[74.8023,34.0475],[74.8024,34.0482],[74.8023,34.0487],[74.8023,34.0494],[74.8028,34.0501],[74.8034,34.0507],[74.8045,34.0516],[74.8047,34.052],[74.8047,34.0526],[74.8046,34.0537],[74.8043,34.0546],[74.8045,34.0547],[74.8047,34.0535],[74.8048,34.0531],[74.805,34.0522],[74.8053,34.0516],[74.8057,34.0511],[74.8066,34.0499],[74.8077,34.0484],[74.809,34.0465],[74.8095,34.0458],[74.8099,34.0448],[74.8101,34.0427],[74.81,34.0419],[74.8098,34.041],[74.8096,34.0393],[74.8095,34.0387],[74.8094,34.0374],[74.8094,34.0366],[74.8093,34.0355],[74.8091,34.0348],[74.8088,34.0331],[74.8087,34.0317],[74.8087,34.0312],[74.8086,34.0301],[74.8086,34.0292],[74.8088,34.0271],[74.809,34.0267],[74.8091,34.0262],[74.8091,34.0251],[74.8093,34.0217],[74.8094,34.0204],[74.8097,34.0185],[74.8097,34.0178],[74.8106,34.0178],[74.8114,34.018],[74.812,34.018],[74.8125,34.0176],[74.8128,34.0167],[74.8127,34.0165]]}},{"type":"Feature","properties":{"id":"FDR-176","name":"Jehangir Chowk to Bemina","obs":0.84,"drv":28,"runs":264},"geometry":{"type":"LineString","coordinates":[[74.8047,34.0719],[74.8047,34.0718],[74.8048,34.0717],[74.8048,34.0716],[74.8054,34.0717],[74.8059,34.0717],[74.806,34.0716],[74.8061,34.0716],[74.8073,34.0717],[74.8087,34.0717],[74.8088,34.0717],[74.8089,34.0717],[74.8093,34.0718],[74.8095,34.0719],[74.8103,34.072],[74.8104,34.0721],[74.8109,34.0722],[74.811,34.0723],[74.8111,34.0723],[74.8113,34.0723],[74.8113,34.0722],[74.8112,34.0722],[74.8111,34.0722],[74.811,34.0722],[74.8105,34.072],[74.8104,34.072],[74.8103,34.072],[74.8094,34.0717],[74.8093,34.0717],[74.8093,34.0717],[74.8092,34.0717],[74.8087,34.0716],[74.8073,34.0716],[74.8061,34.0715],[74.806,34.0716],[74.8059,34.0716],[74.8044,34.0715],[74.8041,34.0715],[74.8039,34.0715],[74.8038,34.0715],[74.8037,34.0716],[74.8035,34.0716],[74.802,34.0723],[74.8018,34.0724],[74.8016,34.0724],[74.8013,34.0726],[74.7992,34.0735],[74.7991,34.0733],[74.799,34.0733],[74.7988,34.0732],[74.7987,34.0732],[74.7983,34.0731],[74.798,34.0729],[74.7974,34.0727],[74.797,34.0726],[74.7968,34.0726],[74.7967,34.0725],[74.7966,34.0725],[74.7963,34.0725],[74.7962,34.0725],[74.7961,34.0725],[74.7959,34.0724],[74.7957,34.0724],[74.7956,34.0725],[74.7951,34.0723],[74.7947,34.0722],[74.7944,34.0721],[74.7944,34.0721],[74.7943,34.072],[74.7943,34.072],[74.7942,34.0719],[74.7942,34.0719],[74.794,34.0717],[74.7939,34.0716],[74.7938,34.0714],[74.7937,34.0712],[74.7936,34.0711],[74.7936,34.0709],[74.7934,34.0708],[74.7934,34.0707],[74.7933,34.0706],[74.7932,34.0704],[74.7931,34.0703],[74.7928,34.07],[74.7927,34.0698],[74.7923,34.0693],[74.7921,34.0692],[74.7921,34.0691],[74.7915,34.0696],[74.7913,34.0697],[74.7913,34.0697],[74.7913,34.0698],[74.7914,34.0699],[74.7913,34.0698],[74.7913,34.0697],[74.7913,34.0697],[74.7915,34.0696],[74.7918,34.0693],[74.7921,34.0691],[74.7919,34.0687],[74.7917,34.0684],[74.7916,34.0683],[74.7916,34.0683],[74.7915,34.0682],[74.7913,34.068],[74.7911,34.0679],[74.791,34.0677],[74.7909,34.0676],[74.7907,34.0673],[74.7905,34.0669],[74.7904,34.0667],[74.7904,34.0667],[74.7903,34.0666],[74.7902,34.0665],[74.7902,34.0665],[74.7899,34.0663],[74.7898,34.0662],[74.7897,34.0662],[74.7895,34.066],[74.7892,34.0658],[74.7892,34.0657],[74.7889,34.0655],[74.7888,34.0654],[74.7887,34.0653],[74.7886,34.0652],[74.7885,34.0652],[74.7884,34.065],[74.7882,34.0648],[74.7881,34.0647],[74.7879,34.0645],[74.7878,34.0644],[74.7876,34.0643],[74.7875,34.0642],[74.7874,34.0641],[74.7872,34.0641],[74.7871,34.064],[74.7869,34.0639],[74.7867,34.0638],[74.7864,34.0637],[74.7862,34.0636],[74.7856,34.0633],[74.7851,34.063],[74.7848,34.0628],[74.7848,34.0627],[74.7848,34.0627],[74.7847,34.0626],[74.7846,34.0625],[74.7846,34.0624],[74.7845,34.0625],[74.7842,34.0628],[74.7839,34.0631],[74.7838,34.0632],[74.7836,34.0633],[74.7834,34.0634],[74.783,34.0637],[74.7825,34.0639],[74.7822,34.0641],[74.782,34.0642],[74.7817,34.0643],[74.7815,34.0644],[74.7811,34.0645],[74.7808,34.0646],[74.7805,34.0647],[74.7803,34.0648],[74.7799,34.0649],[74.7797,34.065],[74.7794,34.0651],[74.7793,34.0651],[74.7792,34.0652],[74.779,34.0653],[74.7788,34.0654],[74.7778,34.0659],[74.7774,34.066],[74.7765,34.0665],[74.7759,34.0667],[74.7752,34.067],[74.7749,34.0672],[74.7741,34.0676],[74.7737,34.0678],[74.7731,34.068],[74.7726,34.0683],[74.7715,34.0688],[74.7707,34.0691],[74.7705,34.0692],[74.7703,34.0693],[74.7701,34.0694],[74.7698,34.0695],[74.7696,34.0696],[74.7693,34.0698],[74.7689,34.0701],[74.7687,34.0703],[74.7684,34.0706],[74.7681,34.0711],[74.7679,34.0714],[74.7678,34.0716],[74.7677,34.0717],[74.7676,34.0719],[74.7676,34.0719],[74.7679,34.0721],[74.7682,34.0722],[74.7682,34.0723],[74.7684,34.0723],[74.7684,34.0723],[74.7682,34.0727],[74.7678,34.0738],[74.7677,34.0742],[74.7672,34.0754],[74.767,34.0758],[74.7675,34.076],[74.768,34.0761],[74.7682,34.0762]]}},{"type":"Feature","properties":{"id":"FDR-078","name":"Chanapora to Soura","obs":1.0,"drv":40,"runs":747},"geometry":{"type":"LineString","coordinates":[[74.808,34.034],[74.8091,34.0345],[74.8092,34.0354],[74.8093,34.0359],[74.8094,34.037],[74.8095,34.0377],[74.8096,34.0391],[74.8097,34.0404],[74.8099,34.0417],[74.8101,34.0425],[74.81,34.0436],[74.8097,34.0454],[74.8093,34.0462],[74.8086,34.0471],[74.8068,34.0496],[74.806,34.0504],[74.8051,34.0516],[74.8047,34.052],[74.8046,34.0523],[74.8045,34.0532],[74.8044,34.054],[74.8043,34.0545],[74.8042,34.0549],[74.8042,34.0554],[74.8039,34.056],[74.8031,34.0579],[74.8028,34.0587],[74.8027,34.0597],[74.8025,34.0614],[74.8025,34.062],[74.8028,34.063],[74.803,34.0639],[74.8033,34.0647],[74.8035,34.0656],[74.8036,34.0662],[74.8037,34.0666],[74.8037,34.0669],[74.8036,34.0683],[74.8035,34.0695],[74.8035,34.0705],[74.8037,34.0711],[74.804,34.0716],[74.8043,34.0716],[74.8048,34.0716],[74.806,34.0716],[74.8087,34.0717],[74.8093,34.0718],[74.8104,34.0721],[74.8111,34.0723],[74.8131,34.0728],[74.8158,34.0735],[74.8164,34.0736],[74.8199,34.0744],[74.8213,34.0749],[74.8199,34.0783],[74.8198,34.0787],[74.8199,34.0796],[74.8199,34.0796],[74.8199,34.0798],[74.8196,34.081],[74.8193,34.082],[74.8193,34.0824],[74.8194,34.0833],[74.8194,34.0838],[74.8192,34.0849],[74.8191,34.0853],[74.8188,34.0858],[74.8187,34.0859],[74.8173,34.0878],[74.8161,34.089],[74.815,34.0903],[74.8161,34.091],[74.8167,34.0915],[74.8173,34.0924],[74.8173,34.0927],[74.817,34.093],[74.8166,34.0933],[74.8159,34.0937],[74.8153,34.094],[74.8144,34.0946],[74.8137,34.0951],[74.8135,34.0954],[74.8133,34.0957],[74.8125,34.0971],[74.8121,34.0975],[74.8116,34.0982],[74.8112,34.0982],[74.8111,34.0982],[74.8109,34.0984],[74.8107,34.0987],[74.8106,34.099],[74.8101,34.0996],[74.8099,34.0999],[74.8096,34.1006],[74.8092,34.1015],[74.8089,34.1025],[74.8088,34.1029],[74.8088,34.1036],[74.8088,34.1044],[74.8089,34.1051],[74.809,34.1058],[74.809,34.1068],[74.8091,34.1079],[74.8093,34.109],[74.8093,34.1092],[74.8094,34.1098],[74.8094,34.11],[74.8094,34.1111],[74.8092,34.1113],[74.8086,34.1121],[74.8082,34.1128],[74.8079,34.1131],[74.8069,34.1141],[74.8066,34.1143],[74.8065,34.1145],[74.8065,34.1146],[74.8064,34.115],[74.8063,34.1156],[74.8063,34.1166],[74.8064,34.1181],[74.8065,34.1192],[74.8067,34.1198],[74.8068,34.1205],[74.8068,34.1211],[74.8068,34.1214],[74.8068,34.1217],[74.8067,34.1221],[74.8064,34.123],[74.8064,34.1234],[74.8063,34.1248],[74.8063,34.1251],[74.8063,34.1258],[74.8063,34.1264],[74.8062,34.1272],[74.806,34.1279],[74.8056,34.129],[74.8053,34.1297],[74.8053,34.13],[74.8051,34.1304],[74.8049,34.1309],[74.8048,34.1315],[74.8046,34.1319],[74.8045,34.1325],[74.8043,34.1332],[74.8041,34.1335],[74.8039,34.1338],[74.8038,34.1343],[74.8037,34.1348],[74.8034,34.1354],[74.8032,34.1356],[74.8031,34.136],[74.8024,34.1358],[74.8014,34.136],[74.8015,34.1371],[74.802,34.1371],[74.8023,34.1371],[74.8023,34.1373],[74.8021,34.1377],[74.8021,34.1377]]}},{"type":"Feature","properties":{"id":"FDR-191","name":"Parimpora to Humhama","obs":0.99,"drv":38,"runs":400},"geometry":{"type":"LineString","coordinates":[[74.7475,34.1112],[74.7476,34.1108],[74.7477,34.1106],[74.7477,34.1104],[74.7474,34.1099],[74.7473,34.1096],[74.7469,34.1088],[74.7472,34.1086],[74.7485,34.1082],[74.7525,34.107],[74.7542,34.1064],[74.7549,34.1062],[74.7551,34.1061],[74.7567,34.1057],[74.7576,34.1054],[74.7602,34.1045],[74.7611,34.1041],[74.7618,34.1039],[74.7624,34.1037],[74.7632,34.1033],[74.7638,34.1031],[74.7644,34.1028],[74.7646,34.1027],[74.7654,34.1022],[74.7662,34.1016],[74.7673,34.1009],[74.768,34.1005],[74.7692,34.0996],[74.7707,34.0986],[74.7718,34.0978],[74.7733,34.0966],[74.7741,34.0961],[74.7748,34.095],[74.7758,34.0936],[74.7766,34.0924],[74.7773,34.0915],[74.7777,34.0909],[74.7799,34.0877],[74.7813,34.0856],[74.7827,34.0836],[74.7841,34.0818],[74.7845,34.0817],[74.7864,34.0817],[74.7892,34.0816],[74.7915,34.0817],[74.7926,34.0817],[74.793,34.0816],[74.7938,34.081],[74.7944,34.0804],[74.7946,34.0779],[74.7948,34.0758],[74.7949,34.0755],[74.7957,34.0752],[74.7969,34.0747],[74.799,34.0738],[74.8014,34.0727],[74.8021,34.0724],[74.8038,34.0717],[74.8041,34.0716],[74.8047,34.0716],[74.8045,34.0738],[74.8045,34.0741],[74.8046,34.0738],[74.8048,34.0717],[74.8059,34.0717],[74.8073,34.0717],[74.8089,34.0717],[74.8103,34.072],[74.811,34.0723],[74.8113,34.0722],[74.811,34.0722],[74.8103,34.072],[74.8093,34.0717],[74.8073,34.0716],[74.8059,34.0715],[74.8042,34.0715],[74.8039,34.071],[74.8036,34.0705],[74.8036,34.0698],[74.8036,34.0691],[74.8036,34.0683],[74.8038,34.0669],[74.8038,34.0664],[74.8037,34.0661],[74.8036,34.0654],[74.8035,34.0649],[74.8033,34.0645],[74.803,34.0637],[74.8026,34.0619],[74.8026,34.0611],[74.8027,34.0598],[74.8029,34.0588],[74.8035,34.0571],[74.804,34.0561],[74.8043,34.0553],[74.8045,34.0549],[74.8048,34.054],[74.8048,34.0536],[74.8047,34.0533],[74.8048,34.0529],[74.8049,34.0523],[74.8049,34.052],[74.8048,34.0517],[74.8046,34.0515],[74.8036,34.0507],[74.8029,34.0501],[74.8025,34.0495],[74.8024,34.0491],[74.8024,34.0482],[74.8024,34.0476],[74.8023,34.0467],[74.8022,34.0459],[74.8023,34.0451],[74.8022,34.0447],[74.8021,34.0445],[74.8011,34.0435],[74.8005,34.0426],[74.8,34.0418],[74.7993,34.0404],[74.7988,34.0398],[74.7979,34.0393],[74.796,34.0384],[74.7953,34.0382],[74.7949,34.0379],[74.7942,34.0375],[74.7936,34.0371],[74.793,34.037],[74.7925,34.037],[74.7919,34.0371],[74.7905,34.0376],[74.7888,34.0387],[74.7883,34.039],[74.788,34.0389],[74.787,34.0381],[74.7867,34.0378],[74.7861,34.0374],[74.7855,34.0369],[74.7849,34.036],[74.784,34.0344],[74.7835,34.0336],[74.7829,34.033],[74.7818,34.032],[74.7812,34.0314],[74.78,34.0301],[74.779,34.0289],[74.7779,34.0275],[74.7773,34.027],[74.7757,34.0251],[74.775,34.0243],[74.7738,34.0232],[74.7734,34.0229],[74.772,34.0222],[74.7707,34.0213],[74.7708,34.0209]]}},{"type":"Feature","properties":{"id":"FDR-341","name":"LD to Pampore","obs":0.99,"drv":25,"runs":408},"geometry":{"type":"LineString","coordinates":[[74.8059,34.082],[74.8068,34.0819],[74.807,34.0814],[74.8072,34.0807],[74.8071,34.0804],[74.8073,34.0802],[74.8075,34.0801],[74.8079,34.0795],[74.8084,34.0784],[74.8089,34.0785],[74.8093,34.0785],[74.81,34.0783],[74.8114,34.0779],[74.8118,34.0779],[74.8121,34.0781],[74.8125,34.0782],[74.8132,34.0783],[74.8139,34.0784],[74.8152,34.0786],[74.8168,34.0789],[74.8177,34.079],[74.8191,34.0795],[74.8197,34.0796],[74.8199,34.0796],[74.8199,34.0797],[74.82,34.0797],[74.8201,34.0797],[74.8205,34.0796],[74.8208,34.0797],[74.8219,34.0807],[74.8237,34.0823],[74.8249,34.083],[74.8258,34.0825],[74.827,34.0817],[74.8269,34.0816],[74.8249,34.083],[74.8258,34.0825],[74.827,34.0817],[74.829,34.0803],[74.8293,34.08],[74.8294,34.0798],[74.8294,34.0794],[74.8297,34.0779],[74.8297,34.0772],[74.8298,34.0766],[74.8299,34.0765],[74.8302,34.0762],[74.8307,34.0757],[74.8314,34.0754],[74.8327,34.0751],[74.8335,34.0749],[74.8345,34.0745],[74.835,34.0741],[74.8358,34.0736],[74.8369,34.0729],[74.8371,34.0728],[74.8377,34.0724],[74.8391,34.0714],[74.8406,34.0706],[74.8412,34.0703],[74.8422,34.0697],[74.8429,34.0693],[74.8432,34.069],[74.8435,34.0687],[74.8439,34.0682],[74.845,34.0673],[74.8465,34.0658],[74.8487,34.0638],[74.8499,34.0626],[74.8511,34.0618],[74.8526,34.0608],[74.8534,34.0603],[74.8551,34.0591],[74.857,34.0577],[74.858,34.0571],[74.8599,34.0558],[74.8604,34.0554],[74.8607,34.0551],[74.8617,34.0533],[74.8621,34.0529],[74.8628,34.0518],[74.8635,34.0506],[74.8636,34.0504],[74.864,34.0501],[74.8657,34.049],[74.8666,34.0484],[74.8674,34.0479],[74.868,34.0475],[74.8686,34.0472],[74.8697,34.0465],[74.8704,34.046],[74.8708,34.0457],[74.8711,34.0452],[74.8717,34.0443],[74.872,34.0438],[74.8723,34.0432],[74.8725,34.043],[74.873,34.0427],[74.8742,34.0421],[74.8751,34.0416],[74.8761,34.0411],[74.8769,34.0406],[74.878,34.0401],[74.8796,34.0396],[74.8803,34.0394],[74.8806,34.0394],[74.8817,34.0391],[74.8824,34.039],[74.8829,34.039],[74.8842,34.0391],[74.8857,34.0391],[74.8867,34.039],[74.8884,34.0384],[74.8904,34.0376],[74.8919,34.0371],[74.8956,34.0362],[74.8967,34.036],[74.8978,34.0357],[74.898,34.0355],[74.9003,34.0347],[74.9013,34.0343],[74.9022,34.0341],[74.903,34.0334],[74.9057,34.0314],[74.9067,34.0306],[74.9081,34.0295],[74.9089,34.0289],[74.9098,34.0283],[74.9102,34.0279],[74.9113,34.0266],[74.9121,34.0257],[74.9128,34.025],[74.9133,34.0247],[74.9144,34.0244],[74.9158,34.0238],[74.917,34.0229],[74.9174,34.0222],[74.9176,34.0216],[74.9176,34.0202],[74.9169,34.0199],[74.9154,34.0196],[74.9151,34.0194],[74.9139,34.0185],[74.9133,34.0183],[74.9128,34.0178],[74.9123,34.0167],[74.9124,34.0137],[74.9128,34.0112],[74.9129,34.0109]]}},{"type":"Feature","properties":{"id":"FDR-080","name":"Batmaloo to Dalgate","obs":0.97,"drv":31,"runs":374},"geometry":{"type":"LineString","coordinates":[[74.7975,34.0794],[74.7975,34.0794],[74.7977,34.0794],[74.7977,34.0794],[74.7977,34.0794],[74.7978,34.0795],[74.7981,34.0797],[74.7986,34.0792],[74.7993,34.0787],[74.7994,34.0787],[74.7997,34.0791],[74.7998,34.0793],[74.7998,34.0795],[74.7998,34.0795],[74.7998,34.0795],[74.7997,34.0795],[74.7997,34.0796],[74.7997,34.0796],[74.7998,34.0796],[74.7998,34.0797],[74.7998,34.0797],[74.7999,34.0797],[74.7999,34.0797],[74.8,34.0797],[74.8,34.0796],[74.8,34.0796],[74.8,34.0796],[74.8,34.0795],[74.8,34.0795],[74.8003,34.0791],[74.8009,34.0784],[74.801,34.0784],[74.8012,34.0781],[74.8015,34.0778],[74.8016,34.0776],[74.8023,34.0769],[74.8029,34.0764],[74.803,34.0763],[74.803,34.0763],[74.8032,34.0761],[74.8036,34.0759],[74.8037,34.0758],[74.8037,34.0757],[74.8037,34.0756],[74.8038,34.0755],[74.8038,34.0754],[74.8038,34.0754],[74.8039,34.0753],[74.804,34.0752],[74.8041,34.0751],[74.8041,34.0749],[74.8042,34.0747],[74.8043,34.0745],[74.8045,34.0742],[74.8045,34.0741],[74.8046,34.074],[74.8046,34.0739],[74.8046,34.0738],[74.8047,34.0718],[74.8048,34.0716],[74.8048,34.0716],[74.8054,34.0717],[74.8059,34.0717],[74.806,34.0716],[74.8062,34.0716],[74.8073,34.0716],[74.8087,34.0717],[74.8088,34.0717],[74.8089,34.0717],[74.8093,34.0718],[74.8095,34.0718],[74.8103,34.072],[74.8105,34.0721],[74.8109,34.0722],[74.811,34.0722],[74.8111,34.0723],[74.8113,34.0723],[74.8113,34.0723],[74.8131,34.0728],[74.8131,34.0728],[74.8157,34.0734],[74.8158,34.0735],[74.8158,34.0735],[74.8161,34.0735],[74.8164,34.0736],[74.8184,34.074],[74.8186,34.0741],[74.8199,34.0744],[74.82,34.0744],[74.8213,34.0748],[74.8214,34.0748],[74.8229,34.0751],[74.8277,34.0762],[74.8278,34.0763],[74.828,34.0763],[74.828,34.0762],[74.8284,34.0751],[74.8283,34.075],[74.8284,34.075],[74.8284,34.0748],[74.8286,34.0744],[74.8287,34.0742],[74.8287,34.074],[74.8289,34.0736],[74.829,34.0733],[74.829,34.0732],[74.8291,34.0732],[74.8292,34.0731],[74.8293,34.0731],[74.8299,34.0731],[74.8307,34.0732],[74.8308,34.0732],[74.831,34.0732],[74.8312,34.0733],[74.8313,34.0733],[74.832,34.0734],[74.8323,34.0734],[74.8324,34.0734],[74.8326,34.0734],[74.8325,34.0733],[74.8325,34.0732],[74.8325,34.0731],[74.8322,34.0732]]}},{"type":"Feature","properties":{"id":"FDR-160","name":"Hazratbal, Lalbazar","obs":0.98,"drv":19,"runs":234},"geometry":{"type":"LineString","coordinates":[[74.8361,34.127],[74.8361,34.1269],[74.8362,34.1266],[74.8362,34.1264],[74.8362,34.126],[74.8362,34.1259],[74.8363,34.1255],[74.8363,34.1252],[74.8367,34.1252],[74.8369,34.1252],[74.8373,34.1253],[74.8375,34.1252],[74.8373,34.125],[74.8369,34.1244],[74.8367,34.1241],[74.8367,34.1241],[74.8365,34.1238],[74.8365,34.1237],[74.8364,34.1235],[74.8363,34.1233],[74.8363,34.1232],[74.8362,34.1231],[74.8362,34.123],[74.836,34.1224],[74.8357,34.1217],[74.8356,34.1214],[74.8355,34.1212],[74.8354,34.1211],[74.8354,34.121],[74.8354,34.1208],[74.8354,34.1207],[74.8355,34.1204],[74.8356,34.1193],[74.8357,34.1189],[74.8357,34.1186],[74.8357,34.1182],[74.8358,34.1179],[74.8358,34.1175],[74.8359,34.1172],[74.8359,34.1167],[74.836,34.1162],[74.836,34.116],[74.8362,34.1154],[74.8366,34.114],[74.8368,34.1136],[74.8368,34.1136],[74.837,34.1131],[74.837,34.1131],[74.8371,34.113],[74.8372,34.1129],[74.8372,34.1128],[74.8373,34.1127],[74.8374,34.1126],[74.8374,34.1126],[74.8374,34.1125],[74.8374,34.1124],[74.8375,34.1121],[74.8375,34.1119],[74.8375,34.1118],[74.8374,34.1117],[74.8374,34.1116],[74.8374,34.1115],[74.8372,34.1114],[74.837,34.1111],[74.8369,34.111],[74.8368,34.1109],[74.8365,34.1105],[74.8364,34.1104],[74.8362,34.1102],[74.8362,34.1101],[74.836,34.1098],[74.8358,34.1096],[74.8356,34.1093],[74.8354,34.1091],[74.8347,34.1083],[74.8345,34.1079],[74.8343,34.1076],[74.8337,34.1069],[74.8331,34.106],[74.8326,34.1054],[74.8325,34.1052],[74.8324,34.1051],[74.8323,34.105],[74.8321,34.1049],[74.832,34.1048],[74.832,34.1047],[74.8319,34.1047],[74.8319,34.1047],[74.8318,34.1047],[74.8316,34.1046],[74.8315,34.1046],[74.8315,34.1046],[74.8314,34.1046],[74.8302,34.1045],[74.83,34.1044],[74.8299,34.1044],[74.8297,34.1044],[74.8296,34.1044],[74.8292,34.1045],[74.829,34.1045],[74.829,34.1045],[74.8285,34.1046],[74.8282,34.1046],[74.8278,34.1046],[74.8274,34.1045],[74.8273,34.1045],[74.827,34.1044],[74.8264,34.1043],[74.8254,34.1039],[74.8253,34.1039],[74.8248,34.1038],[74.8243,34.1036],[74.8234,34.1033],[74.8232,34.1032],[74.823,34.1031],[74.8226,34.1028],[74.8225,34.1027],[74.8223,34.1025],[74.8221,34.1023],[74.8221,34.1023],[74.8221,34.1022],[74.8221,34.102],[74.8221,34.1019],[74.8221,34.1017],[74.8222,34.1014],[74.8222,34.1013],[74.8222,34.1012],[74.8223,34.1003],[74.8224,34.0998],[74.8224,34.0997],[74.8226,34.0991],[74.8227,34.0989],[74.8227,34.0988],[74.8228,34.0986],[74.8229,34.0983],[74.823,34.098],[74.823,34.0979],[74.8229,34.0978],[74.8228,34.0976],[74.8227,34.0976],[74.8223,34.0973],[74.8221,34.0972],[74.822,34.097],[74.8219,34.0968],[74.8215,34.0963],[74.8214,34.0961],[74.8213,34.0959],[74.8211,34.0956],[74.8208,34.0949],[74.8208,34.0948],[74.8206,34.0945],[74.8203,34.0939],[74.8201,34.0935],[74.8201,34.0935],[74.82,34.0933],[74.8195,34.0922],[74.8194,34.092],[74.8193,34.0918],[74.8191,34.0919],[74.8191,34.092],[74.819,34.092],[74.8189,34.0921],[74.8188,34.0921],[74.8187,34.0921],[74.8186,34.0921],[74.8184,34.0922],[74.8182,34.0922],[74.818,34.0922],[74.8179,34.0923],[74.8179,34.0923],[74.8178,34.0924],[74.8176,34.0925],[74.8175,34.0926],[74.8174,34.0926],[74.8173,34.0925],[74.8173,34.0924],[74.8172,34.0924],[74.8168,34.0916],[74.8167,34.0915],[74.8166,34.0914],[74.8165,34.0913],[74.8161,34.091],[74.816,34.0909],[74.8155,34.0906],[74.815,34.0903],[74.815,34.0903],[74.8145,34.0907],[74.8144,34.0908],[74.8142,34.0909],[74.8141,34.091],[74.814,34.0911],[74.8139,34.0911],[74.8138,34.0912],[74.8138,34.0913],[74.8137,34.0914],[74.8136,34.0913],[74.8135,34.0913],[74.8134,34.0911],[74.8133,34.091],[74.8132,34.0909],[74.8132,34.0908],[74.8132,34.0908],[74.8132,34.0907],[74.8132,34.0906],[74.8131,34.0904],[74.8131,34.0901],[74.8131,34.0899],[74.8131,34.0897],[74.8131,34.0895],[74.8131,34.0894],[74.813,34.0893],[74.813,34.0892],[74.8129,34.0891],[74.8128,34.0889],[74.8127,34.0888],[74.8126,34.0887],[74.8124,34.0885],[74.8122,34.0883],[74.8121,34.0882],[74.812,34.0881],[74.812,34.088],[74.812,34.0878],[74.8119,34.0874],[74.8118,34.0872],[74.8118,34.0871],[74.8117,34.0871],[74.8114,34.0871]]}},{"type":"Feature","properties":{"id":"FDR-201","name":"LD to Parimpora","obs":0.96,"drv":26,"runs":156},"geometry":{"type":"LineString","coordinates":[[74.8059,34.082],[74.8056,34.082],[74.8055,34.082],[74.8054,34.082],[74.8054,34.0819],[74.8051,34.0818],[74.805,34.0818],[74.8048,34.0818],[74.8048,34.0814],[74.8039,34.0815],[74.8038,34.0815],[74.8035,34.0814],[74.8034,34.0814],[74.8033,34.0814],[74.8028,34.0813],[74.8025,34.0813],[74.8023,34.0813],[74.8019,34.0813],[74.8009,34.0813],[74.8009,34.0812],[74.8007,34.0808],[74.8005,34.0805],[74.8002,34.0801],[74.8001,34.0798],[74.8,34.0797],[74.8,34.0796],[74.8,34.0796],[74.8,34.0796],[74.8,34.0795],[74.8,34.0795],[74.7999,34.0795],[74.7999,34.0794],[74.7999,34.0794],[74.7998,34.0794],[74.7998,34.0795],[74.7998,34.0795],[74.7998,34.0795],[74.7997,34.0795],[74.7997,34.0796],[74.7997,34.0796],[74.7998,34.0796],[74.7997,34.0797],[74.7993,34.0803],[74.7989,34.0808],[74.7988,34.081],[74.7985,34.0813],[74.7984,34.0815],[74.7983,34.0815],[74.7978,34.0812],[74.7974,34.0811],[74.7973,34.0811],[74.7972,34.0811],[74.7972,34.0811],[74.7972,34.0811],[74.7971,34.081],[74.797,34.081],[74.7969,34.081],[74.7968,34.0809],[74.7966,34.0809],[74.7963,34.0808],[74.7958,34.0808],[74.7955,34.0808],[74.7952,34.0807],[74.795,34.0807],[74.7943,34.0806],[74.7942,34.0805],[74.7941,34.0806],[74.794,34.0807],[74.7937,34.0809],[74.7931,34.0814],[74.7929,34.0816],[74.7926,34.0816],[74.7924,34.0816],[74.7918,34.0816],[74.7906,34.0815],[74.7898,34.0815],[74.7891,34.0815],[74.7884,34.0815],[74.7864,34.0816],[74.786,34.0816],[74.7846,34.0816],[74.7843,34.0816],[74.7841,34.0817],[74.7839,34.0818],[74.7837,34.082],[74.7826,34.0836],[74.7821,34.0842],[74.7816,34.085],[74.7812,34.0855],[74.7802,34.087],[74.7798,34.0876],[74.779,34.0888],[74.7786,34.0893],[74.7782,34.0899],[74.7778,34.0905],[74.7775,34.0911],[74.7774,34.0912],[74.7765,34.0925],[74.7763,34.0928],[74.7757,34.0935],[74.7756,34.0938],[74.7754,34.0941],[74.7749,34.0947],[74.7742,34.0958],[74.7741,34.0959],[74.7739,34.0961],[74.7737,34.0962],[74.7734,34.0965],[74.7728,34.097],[74.7726,34.0971],[74.7715,34.0979],[74.7711,34.0982],[74.77,34.0989],[74.7684,34.1],[74.7683,34.1001],[74.7679,34.1004],[74.7677,34.1005],[74.7676,34.1006],[74.7675,34.1007],[74.7665,34.1013],[74.7646,34.1026],[74.7644,34.1027],[74.7643,34.1028],[74.7641,34.1029],[74.7638,34.103],[74.7634,34.1032],[74.7627,34.1034],[74.7613,34.104],[74.7601,34.1044],[74.76,34.1045],[74.7587,34.105],[74.7576,34.1054],[74.7572,34.1055],[74.7569,34.1056],[74.7567,34.1057],[74.756,34.1059],[74.7553,34.1061],[74.7551,34.1061],[74.755,34.1061],[74.7547,34.1062],[74.7546,34.1062],[74.7544,34.1063],[74.7543,34.1063],[74.7542,34.1063],[74.7539,34.1064],[74.7538,34.1064],[74.7532,34.1066],[74.7526,34.1068],[74.7523,34.1069],[74.7517,34.1071],[74.7514,34.1072],[74.751,34.1073],[74.7505,34.1075],[74.7503,34.1075],[74.7502,34.1076],[74.7499,34.1077],[74.7485,34.1081],[74.7485,34.1081],[74.748,34.1082],[74.7467,34.1087],[74.746,34.1089],[74.7454,34.1091],[74.7455,34.1092],[74.7459,34.109],[74.7466,34.1088],[74.7468,34.1087],[74.7468,34.1088],[74.7469,34.1088],[74.747,34.109],[74.7472,34.1094],[74.7473,34.1096],[74.7473,34.1097],[74.7473,34.1098],[74.7474,34.1099],[74.7473,34.1102],[74.7477,34.1102],[74.7477,34.1104],[74.7477,34.1104],[74.7477,34.1105],[74.7477,34.1106],[74.7477,34.1106],[74.7477,34.1107],[74.7476,34.1108],[74.7476,34.1109],[74.7475,34.1111],[74.7475,34.1112]]}},{"type":"Feature","properties":{"id":"FDR-096","name":"Soura to Dalgate","obs":1.0,"drv":35,"runs":741},"geometry":{"type":"LineString","coordinates":[[74.8021,34.1377],[74.8021,34.1377],[74.8022,34.1375],[74.8023,34.1372],[74.8023,34.1371],[74.8022,34.1371],[74.8018,34.1371],[74.8015,34.1371],[74.8014,34.1362],[74.8023,34.1359],[74.8024,34.1359],[74.8028,34.136],[74.8031,34.1361],[74.8033,34.1357],[74.8034,34.1355],[74.8035,34.1353],[74.8037,34.1348],[74.8038,34.1345],[74.8038,34.1341],[74.8039,34.1338],[74.8041,34.1336],[74.8042,34.1334],[74.8043,34.1332],[74.8044,34.1327],[74.8045,34.1323],[74.8046,34.1319],[74.8047,34.1316],[74.8048,34.1312],[74.8049,34.1309],[74.8051,34.1305],[74.8052,34.1302],[74.8053,34.13],[74.8053,34.1298],[74.8054,34.1297],[74.8056,34.129],[74.8059,34.1281],[74.8062,34.1276],[74.8062,34.1272],[74.8063,34.1268],[74.8063,34.1262],[74.8063,34.1258],[74.8063,34.1252],[74.8064,34.125],[74.8065,34.1242],[74.8065,34.1233],[74.8065,34.1231],[74.8066,34.1226],[74.8068,34.1219],[74.8068,34.1217],[74.8068,34.1215],[74.8068,34.1213],[74.8068,34.1211],[74.8068,34.1208],[74.8068,34.1203],[74.8067,34.1198],[74.8066,34.1195],[74.8065,34.1191],[74.8064,34.1181],[74.8064,34.117],[74.8063,34.1162],[74.8064,34.1154],[74.8065,34.1149],[74.8066,34.1145],[74.8066,34.1145],[74.8068,34.1142],[74.8069,34.1141],[74.8076,34.1134],[74.8079,34.1131],[74.8082,34.1128],[74.8086,34.1122],[74.809,34.1118],[74.8093,34.1113],[74.8094,34.1112],[74.8094,34.1109],[74.8095,34.1104],[74.8095,34.1101],[74.8095,34.1099],[74.8095,34.1097],[74.8094,34.1094],[74.8093,34.109],[74.8092,34.1082],[74.8091,34.1075],[74.809,34.1064],[74.809,34.1056],[74.809,34.1051],[74.8089,34.1044],[74.8089,34.104],[74.8089,34.1036],[74.8089,34.1031],[74.8089,34.1027],[74.809,34.1025],[74.8091,34.102],[74.8094,34.1013],[74.8097,34.1006],[74.8098,34.1001],[74.8099,34.1],[74.8101,34.0998],[74.8103,34.0995],[74.8106,34.0992],[74.8106,34.099],[74.8107,34.0988],[74.8108,34.0986],[74.8109,34.0984],[74.8111,34.0983],[74.8114,34.0984],[74.8114,34.0984],[74.8115,34.0984],[74.8116,34.0983],[74.8117,34.0981],[74.8121,34.0976],[74.8123,34.0974],[74.8125,34.0972],[74.8126,34.097],[74.8133,34.0957],[74.8135,34.0955],[74.8136,34.0952],[74.8137,34.0951],[74.814,34.0948],[74.8148,34.0943],[74.8153,34.094],[74.8156,34.0938],[74.8161,34.0936],[74.8166,34.0933],[74.8169,34.0931],[74.8171,34.0929],[74.8173,34.0927],[74.8175,34.0926],[74.8178,34.0924],[74.8179,34.0923],[74.8182,34.0922],[74.8186,34.0921],[74.8188,34.0921],[74.819,34.092],[74.8191,34.0919],[74.8194,34.0916],[74.8197,34.0913],[74.8199,34.0912],[74.8202,34.0909],[74.8206,34.0905],[74.8212,34.0898],[74.8215,34.0895],[74.8217,34.0893],[74.8219,34.0891],[74.8221,34.0889],[74.8224,34.0882],[74.8226,34.0877],[74.8228,34.0873],[74.8229,34.0872],[74.823,34.087],[74.8231,34.0869],[74.8233,34.0866],[74.8234,34.0865],[74.8235,34.0864],[74.8235,34.0863],[74.8235,34.0862],[74.8234,34.086],[74.8232,34.0858],[74.823,34.0855],[74.8228,34.0853],[74.8227,34.0851],[74.8227,34.0849],[74.8228,34.0848],[74.823,34.0846],[74.8237,34.0841],[74.824,34.0839],[74.8245,34.0835],[74.8247,34.0833],[74.8249,34.083],[74.8255,34.0827],[74.8261,34.0823],[74.827,34.0817],[74.8277,34.081],[74.8269,34.0816]]}},{"type":"Feature","properties":{"id":"TRK-032","name":"Soura to Chuntwaliwar","obs":0.93,"drv":25,"runs":638},"geometry":{"type":"LineString","coordinates":[[74.8021,34.1377],[74.8021,34.1377],[74.8021,34.1377],[74.8021,34.1377],[74.8022,34.1375],[74.8023,34.1373],[74.8023,34.1372],[74.8023,34.1372],[74.8023,34.1371],[74.8023,34.1371],[74.8022,34.1371],[74.802,34.1371],[74.8018,34.1371],[74.8017,34.1371],[74.8015,34.1371],[74.8014,34.1365],[74.8014,34.1362],[74.8014,34.136],[74.8023,34.1359],[74.8024,34.1359],[74.8024,34.1359],[74.8025,34.1359],[74.8028,34.136],[74.803,34.1361],[74.8031,34.1361],[74.8032,34.136],[74.8033,34.1357],[74.8033,34.1356],[74.8034,34.1355],[74.8034,34.1354],[74.8035,34.1353],[74.8036,34.135],[74.8037,34.1348],[74.8037,34.1347],[74.8038,34.1345],[74.8038,34.1343],[74.8038,34.1341],[74.8039,34.134],[74.8039,34.1338],[74.804,34.1337],[74.8041,34.1336],[74.8041,34.1335],[74.8042,34.1334],[74.8042,34.1333],[74.8043,34.1332],[74.8043,34.1331],[74.8044,34.1327],[74.8045,34.1325],[74.8045,34.1323],[74.8046,34.1321],[74.8046,34.1319],[74.8047,34.1318],[74.8047,34.1316],[74.8048,34.1315],[74.8048,34.1312],[74.8049,34.131],[74.8049,34.1309],[74.805,34.1307],[74.8051,34.1305],[74.8051,34.1304],[74.8052,34.1302],[74.8052,34.13],[74.8053,34.13],[74.8053,34.13],[74.8053,34.1298],[74.8053,34.1297],[74.8054,34.1297],[74.8055,34.1293],[74.8056,34.129],[74.8058,34.1286],[74.8059,34.1281],[74.806,34.1279],[74.8062,34.1276],[74.8062,34.1274],[74.8062,34.1272],[74.8062,34.1272],[74.8063,34.1268],[74.8063,34.1264],[74.8063,34.1262],[74.8063,34.1261],[74.8063,34.1258],[74.8063,34.1254],[74.8063,34.1252],[74.8063,34.1251],[74.8064,34.125],[74.8064,34.1248],[74.8065,34.1242],[74.8065,34.1237],[74.8065,34.1233],[74.8065,34.1232],[74.8065,34.1231],[74.8066,34.1227],[74.8066,34.1226],[74.8067,34.1221],[74.8068,34.1219],[74.8068,34.1218],[74.8068,34.1217],[74.8068,34.1216],[74.8068,34.1215],[74.8068,34.1214],[74.8068,34.1213],[74.8069,34.1212],[74.8068,34.1211],[74.8068,34.1209],[74.8068,34.1208],[74.8068,34.1205],[74.8068,34.1203],[74.8067,34.12],[74.8067,34.1198],[74.8066,34.1195],[74.8066,34.1195],[74.8065,34.1192],[74.8065,34.1191],[74.8065,34.1186],[74.8064,34.1181],[74.8064,34.1176],[74.8064,34.117],[74.8064,34.1167],[74.8063,34.1162],[74.8064,34.1158],[74.8064,34.1154],[74.8064,34.115],[74.8065,34.1149],[74.8065,34.1147],[74.8066,34.1145],[74.8066,34.1145],[74.8066,34.1145],[74.8067,34.1144],[74.8068,34.1142],[74.8068,34.1141],[74.8069,34.1141],[74.8069,34.114],[74.8076,34.1134],[74.8079,34.1131],[74.8079,34.1131],[74.808,34.113],[74.8082,34.1128],[74.8084,34.1125],[74.8086,34.1122],[74.8087,34.1121],[74.809,34.1118],[74.8092,34.1114],[74.8093,34.1113],[74.8094,34.1113],[74.8094,34.1112],[74.8094,34.1111],[74.8094,34.1109],[74.8095,34.1106],[74.8095,34.1104],[74.8095,34.1103],[74.8095,34.1101],[74.8095,34.11],[74.8095,34.1099],[74.8095,34.1098],[74.8095,34.1097],[74.8094,34.1096],[74.8094,34.1094],[74.8094,34.1092],[74.8093,34.109],[74.8093,34.1089],[74.8092,34.1082],[74.8092,34.1079],[74.8091,34.1075],[74.8091,34.1068],[74.809,34.1064],[74.809,34.1058],[74.809,34.1056],[74.809,34.1054],[74.809,34.1051],[74.8089,34.1048],[74.8089,34.1044],[74.8089,34.1042],[74.8089,34.104],[74.8089,34.1039],[74.8089,34.1036],[74.8089,34.1033],[74.8089,34.1031],[74.8089,34.1029],[74.8089,34.1027],[74.809,34.1026],[74.809,34.1025],[74.809,34.1023],[74.8091,34.102],[74.8093,34.1015],[74.8094,34.1013],[74.8095,34.101],[74.8094,34.101],[74.8093,34.101],[74.8086,34.1007],[74.808,34.1006],[74.807,34.1002],[74.8067,34.1],[74.8063,34.0999],[74.8059,34.0997],[74.8058,34.0997],[74.8057,34.0996],[74.8056,34.0995],[74.8055,34.0994],[74.8054,34.0994],[74.8054,34.0993],[74.8052,34.0991],[74.8052,34.099],[74.8052,34.0988],[74.8052,34.0985],[74.8053,34.0983],[74.8053,34.0981],[74.8053,34.098],[74.8053,34.0979],[74.8052,34.0978],[74.8052,34.0977],[74.8051,34.0976],[74.805,34.0975],[74.8049,34.0974],[74.8048,34.0973],[74.8046,34.0972],[74.8044,34.097],[74.8042,34.0969],[74.8037,34.0966],[74.8035,34.0965],[74.8033,34.0964],[74.8032,34.0963],[74.803,34.0961],[74.8029,34.0959],[74.8026,34.0953],[74.8025,34.0952],[74.8024,34.0951],[74.8023,34.095],[74.8021,34.095],[74.8019,34.0949],[74.8017,34.0947],[74.8015,34.0946],[74.8013,34.0945],[74.8009,34.0943],[74.8006,34.0941],[74.8004,34.094],[74.8003,34.0944],[74.8002,34.0946]]}},{"type":"Feature","properties":{"id":"FDR-067","name":"Soura to Batamallo","obs":0.94,"drv":39,"runs":726},"geometry":{"type":"LineString","coordinates":[[74.8021,34.1377],[74.8021,34.1377],[74.8023,34.1372],[74.8023,34.1371],[74.8018,34.1371],[74.8014,34.1365],[74.8023,34.1359],[74.8025,34.1359],[74.8031,34.1361],[74.8033,34.1356],[74.8035,34.1353],[74.8037,34.1347],[74.8038,34.1341],[74.804,34.1337],[74.8042,34.1334],[74.8043,34.1331],[74.8045,34.1323],[74.8047,34.1318],[74.8048,34.1312],[74.805,34.1307],[74.8052,34.1302],[74.8053,34.13],[74.8054,34.1297],[74.8058,34.1286],[74.8062,34.1276],[74.8062,34.1272],[74.8063,34.1262],[74.8063,34.1254],[74.8064,34.125],[74.8065,34.1237],[74.8065,34.1231],[74.8067,34.1221],[74.8068,34.1217],[74.8068,34.1214],[74.8068,34.1211],[74.8068,34.1205],[74.8067,34.1198],[74.8065,34.1192],[74.8064,34.1181],[74.8064,34.1167],[74.8064,34.1154],[74.8065,34.1147],[74.8066,34.1145],[74.8068,34.1141],[74.8076,34.1134],[74.808,34.113],[74.8086,34.1122],[74.8092,34.1114],[74.8094,34.1112],[74.8095,34.1106],[74.8095,34.1101],[74.8095,34.1098],[74.8094,34.1094],[74.8093,34.1089],[74.8091,34.1075],[74.809,34.1058],[74.809,34.1051],[74.8089,34.1042],[74.8089,34.1036],[74.8089,34.1029],[74.809,34.1025],[74.8093,34.1015],[74.8094,34.101],[74.808,34.1006],[74.8063,34.0999],[74.8057,34.0996],[74.8054,34.0994],[74.8049,34.0996],[74.8043,34.0996],[74.8037,34.0993],[74.8033,34.0991],[74.8024,34.0989],[74.8018,34.0985],[74.8002,34.0972],[74.7985,34.0958],[74.7987,34.0953],[74.7993,34.0942],[74.7998,34.0931],[74.7999,34.093],[74.8003,34.0925],[74.8007,34.0911],[74.8009,34.0905],[74.8009,34.0899],[74.8012,34.0893],[74.8013,34.0885],[74.8013,34.0877],[74.8013,34.0865],[74.8013,34.0853],[74.8013,34.0852],[74.8009,34.0838],[74.8008,34.0835],[74.801,34.0832],[74.8012,34.0826],[74.8011,34.082],[74.8009,34.0813],[74.8005,34.0805],[74.8,34.0797],[74.8,34.0796],[74.8004,34.0791],[74.8012,34.0781],[74.8023,34.0769],[74.803,34.0763],[74.8037,34.0758],[74.8038,34.0755],[74.8039,34.0753],[74.8041,34.0749],[74.8045,34.0742],[74.8046,34.0739],[74.8047,34.0718],[74.8054,34.0717],[74.8061,34.0716],[74.8088,34.0717],[74.8095,34.0719],[74.8109,34.0722],[74.8113,34.0723],[74.8111,34.0722],[74.8104,34.072],[74.8093,34.0717],[74.8087,34.0716],[74.806,34.0716],[74.8041,34.0715],[74.8037,34.0716],[74.8018,34.0724],[74.7992,34.0735],[74.7988,34.0732],[74.798,34.0729],[74.7968,34.0726],[74.7963,34.0725],[74.7959,34.0724],[74.7951,34.0723],[74.7944,34.0721],[74.7942,34.0719],[74.7939,34.0716],[74.7936,34.0711],[74.7934,34.0707],[74.7931,34.0703],[74.7923,34.0693],[74.7918,34.0693]]}},{"type":"Feature","properties":{"id":"FDR-333","name":"Rangpora to Soura","obs":1.0,"drv":20,"runs":256},"geometry":{"type":"LineString","coordinates":[[74.8176,34.1616],[74.8178,34.1615],[74.8177,34.1614],[74.8176,34.1613],[74.8174,34.1612],[74.8173,34.1611],[74.8172,34.1608],[74.8171,34.1604],[74.8169,34.1601],[74.8165,34.159],[74.8164,34.1587],[74.8156,34.157],[74.8156,34.1568],[74.8155,34.1564],[74.8155,34.1563],[74.8154,34.156],[74.8153,34.1557],[74.8152,34.1553],[74.8152,34.1552],[74.8151,34.1551],[74.8152,34.1546],[74.8152,34.1538],[74.8153,34.1536],[74.8153,34.1531],[74.8153,34.1528],[74.8153,34.1524],[74.8153,34.1521],[74.8154,34.1511],[74.8154,34.1503],[74.8154,34.1502],[74.8139,34.1508],[74.8135,34.151],[74.8134,34.151],[74.8132,34.1511],[74.8128,34.1513],[74.8125,34.1515],[74.8124,34.1515],[74.8123,34.1515],[74.8121,34.1516],[74.812,34.1516],[74.8112,34.1516],[74.8108,34.1516],[74.8104,34.1517],[74.8101,34.1517],[74.8101,34.1517],[74.81,34.1517],[74.8096,34.1517],[74.8093,34.1518],[74.8091,34.1518],[74.8089,34.1518],[74.8086,34.1519],[74.8085,34.152],[74.8084,34.152],[74.8084,34.1521],[74.8085,34.152],[74.8085,34.152],[74.8086,34.1516],[74.8086,34.1514],[74.8086,34.1513],[74.8086,34.1512],[74.8086,34.151],[74.8086,34.1509],[74.8087,34.1506],[74.8087,34.1504],[74.8087,34.1496],[74.8087,34.1492],[74.8087,34.1489],[74.8087,34.1484],[74.8087,34.1482],[74.8087,34.148],[74.8087,34.1479],[74.8087,34.1478],[74.8087,34.1476],[74.8086,34.1473],[74.8086,34.147],[74.8086,34.1466],[74.8086,34.1464],[74.8086,34.1461],[74.8086,34.1458],[74.8086,34.1458],[74.8085,34.1454],[74.8085,34.1451],[74.8085,34.1447],[74.8084,34.1439],[74.8084,34.1437],[74.8084,34.1436],[74.8084,34.1434],[74.8084,34.1432],[74.8084,34.143],[74.8084,34.1427],[74.8085,34.1422],[74.8085,34.1418],[74.8085,34.1416],[74.8085,34.141],[74.8086,34.1398],[74.8086,34.1394],[74.8086,34.139],[74.8087,34.1379],[74.8088,34.1369],[74.8088,34.1367],[74.8088,34.1367],[74.8088,34.1367],[74.8087,34.1367],[74.8083,34.1368],[74.8081,34.1368],[74.808,34.1369],[74.8079,34.1369],[74.8078,34.1369],[74.8077,34.137],[74.8076,34.1369],[74.8076,34.1369],[74.8074,34.1369],[74.807,34.1368],[74.8067,34.1367],[74.8063,34.1366],[74.8058,34.1364],[74.8058,34.1364],[74.8054,34.1363],[74.8047,34.1361],[74.8045,34.136],[74.8038,34.1358],[74.8035,34.1357],[74.8033,34.1357],[74.8032,34.1356],[74.8031,34.1359],[74.8031,34.1359],[74.8031,34.136],[74.8028,34.136],[74.8025,34.1358],[74.8024,34.1358],[74.8023,34.1358],[74.8014,34.1359],[74.8014,34.136],[74.8014,34.1362],[74.8014,34.1365],[74.8015,34.1371],[74.8017,34.1371],[74.8018,34.1371],[74.802,34.1371],[74.8022,34.1371],[74.8023,34.1371],[74.8023,34.1371],[74.8023,34.1372],[74.8023,34.1372],[74.8023,34.1373],[74.8022,34.1375],[74.8021,34.1377],[74.8021,34.1377],[74.8021,34.1377],[74.8021,34.1377]]}},{"type":"Feature","properties":{"id":"FDR-525","name":"LD to Budgam","obs":0.91,"drv":13,"runs":29},"geometry":{"type":"LineString","coordinates":[[74.8059,34.0819],[74.8054,34.0819],[74.8048,34.0814],[74.8034,34.0814],[74.8023,34.0813],[74.8007,34.0808],[74.8,34.0797],[74.8,34.0795],[74.7999,34.0795],[74.7998,34.0795],[74.7998,34.0796],[74.7988,34.081],[74.7978,34.0812],[74.7972,34.0811],[74.7969,34.081],[74.7958,34.0808],[74.7943,34.0806],[74.7937,34.0809],[74.7924,34.0817],[74.7892,34.0815],[74.7846,34.0816],[74.7836,34.081],[74.7825,34.08],[74.7812,34.0791],[74.7794,34.0781],[74.7779,34.0772],[74.7767,34.0765],[74.7757,34.076],[74.7743,34.0753],[74.7729,34.0745],[74.7715,34.0737],[74.7703,34.0731],[74.7687,34.0724],[74.7682,34.0722],[74.7673,34.0718],[74.7663,34.0715],[74.763,34.0706],[74.7623,34.0705],[74.7615,34.0703],[74.7606,34.07],[74.7593,34.0695],[74.7589,34.0692],[74.7587,34.0688],[74.7585,34.0682],[74.7584,34.0678],[74.7584,34.0673],[74.7585,34.0668],[74.7587,34.0663],[74.7586,34.0659],[74.7585,34.0652],[74.7584,34.0645],[74.7581,34.064],[74.7579,34.0636],[74.7576,34.0632],[74.7573,34.0624],[74.7572,34.0622],[74.7568,34.0619],[74.7559,34.0612],[74.7551,34.0604],[74.7546,34.06],[74.7532,34.0592],[74.7523,34.0586],[74.7508,34.0578],[74.7498,34.0573],[74.7494,34.0569],[74.7488,34.0565],[74.7481,34.056],[74.7474,34.0555],[74.7468,34.0551],[74.7459,34.0545],[74.7445,34.0536],[74.7439,34.0532],[74.743,34.0526],[74.7421,34.052],[74.7413,34.0515],[74.741,34.0513],[74.7401,34.0508],[74.7391,34.0502],[74.7386,34.0499],[74.738,34.0496],[74.7373,34.0491],[74.7366,34.0486],[74.736,34.0481],[74.7351,34.0475],[74.7343,34.0469],[74.7339,34.0465],[74.7333,34.0456],[74.7331,34.0454],[74.7322,34.045],[74.7318,34.0448],[74.7315,34.0443],[74.7311,34.0439],[74.7306,34.0435],[74.7301,34.0431],[74.7297,34.0428],[74.7274,34.0419],[74.726,34.0411],[74.725,34.0405],[74.7245,34.0401],[74.7238,34.0398],[74.7229,34.0395],[74.7206,34.0385],[74.7198,34.038],[74.7187,34.0372],[74.7195,34.0362],[74.7201,34.0354],[74.7214,34.0338],[74.722,34.0331],[74.7225,34.0327],[74.7228,34.0324],[74.7232,34.0315],[74.7232,34.0311],[74.7231,34.0306],[74.7223,34.0281],[74.7221,34.0273],[74.7222,34.0265],[74.7224,34.0257],[74.7225,34.0252],[74.7223,34.0247],[74.7221,34.0242],[74.7215,34.0237],[74.7212,34.0231],[74.721,34.0224],[74.7208,34.0215],[74.7206,34.0211],[74.7199,34.0196],[74.7198,34.0181],[74.7201,34.0174],[74.7208,34.0162],[74.7206,34.0154],[74.7198,34.0149],[74.719,34.015],[74.7179,34.0151],[74.7167,34.0143],[74.7132,34.016]]}},{"type":"Feature","properties":{"id":"FDR-320","name":"Parimpora to Pampore","obs":1.0,"drv":36,"runs":486},"geometry":{"type":"LineString","coordinates":[[74.7475,34.1112],[74.7477,34.1107],[74.7477,34.1104],[74.7474,34.1099],[74.7472,34.1094],[74.7468,34.1087],[74.7485,34.1082],[74.7532,34.1067],[74.7548,34.1063],[74.7551,34.1061],[74.7569,34.1056],[74.76,34.1045],[74.7611,34.1041],[74.7619,34.1038],[74.7628,34.1035],[74.7638,34.1031],[74.7644,34.1028],[74.765,34.1024],[74.7662,34.1016],[74.7674,34.1008],[74.7691,34.0997],[74.7707,34.0986],[74.7722,34.0975],[74.7739,34.0962],[74.7748,34.095],[74.7762,34.093],[74.7771,34.0917],[74.7777,34.0909],[74.7803,34.0871],[74.782,34.0847],[74.7841,34.0818],[74.7847,34.0817],[74.7884,34.0816],[74.7915,34.0817],[74.7928,34.0817],[74.7933,34.0814],[74.7944,34.0804],[74.7947,34.0773],[74.7949,34.0756],[74.7957,34.0752],[74.797,34.0746],[74.7996,34.0735],[74.8035,34.0717],[74.805,34.0716],[74.8073,34.0717],[74.8093,34.0718],[74.8109,34.0722],[74.8113,34.0723],[74.8158,34.0735],[74.8184,34.074],[74.8213,34.0748],[74.8278,34.0763],[74.8292,34.0766],[74.8297,34.0772],[74.8295,34.0784],[74.8293,34.0794],[74.8292,34.0799],[74.8289,34.0802],[74.8263,34.0821],[74.8255,34.0827],[74.827,34.0817],[74.8292,34.0802],[74.8293,34.0799],[74.8294,34.0794],[74.8297,34.0777],[74.8298,34.0767],[74.8299,34.0765],[74.8303,34.076],[74.8311,34.0755],[74.8327,34.0751],[74.8339,34.0747],[74.8347,34.0743],[74.8358,34.0736],[74.837,34.0728],[74.8374,34.0725],[74.8391,34.0714],[74.8409,34.0705],[74.8419,34.0699],[74.8429,34.0693],[74.8433,34.0689],[74.8436,34.0685],[74.845,34.0673],[74.8472,34.0652],[74.8496,34.0629],[74.8511,34.0618],[74.8529,34.0607],[74.8546,34.0595],[74.857,34.0577],[74.8589,34.0565],[74.8603,34.0555],[74.8607,34.0551],[74.8618,34.0532],[74.8626,34.0522],[74.8635,34.0506],[74.8637,34.0503],[74.8652,34.0493],[74.8666,34.0484],[74.8676,34.0477],[74.8685,34.0473],[74.8697,34.0465],[74.8705,34.0459],[74.871,34.0454],[74.8717,34.0443],[74.8721,34.0437],[74.8725,34.043],[74.873,34.0427],[74.8748,34.0417],[74.8757,34.0412],[74.8769,34.0406],[74.8781,34.0401],[74.8801,34.0394],[74.8806,34.0394],[74.8819,34.0391],[74.8828,34.039],[74.8842,34.0391],[74.886,34.0391],[74.8875,34.0387],[74.8904,34.0376],[74.8931,34.0368],[74.8963,34.036],[74.8978,34.0357],[74.8989,34.0352],[74.901,34.0344],[74.9022,34.0341],[74.9049,34.032],[74.9061,34.031],[74.9081,34.0295],[74.9092,34.0287],[74.9101,34.028],[74.9113,34.0266],[74.9123,34.0254],[74.9131,34.0248],[74.9144,34.0244],[74.9161,34.0236],[74.9173,34.0225],[74.9176,34.0216],[74.9176,34.0201],[74.9156,34.0196],[74.9151,34.0194],[74.9139,34.0185],[74.913,34.018],[74.9123,34.0167],[74.9125,34.0123],[74.9129,34.0109]]}},{"type":"Feature","properties":{"id":"FDR-105","name":"Rangpora to Dalgate","obs":1.0,"drv":36,"runs":695},"geometry":{"type":"LineString","coordinates":[[74.8176,34.1616],[74.8174,34.1612],[74.8169,34.1601],[74.8156,34.1568],[74.8153,34.1557],[74.8152,34.1546],[74.8153,34.1528],[74.8154,34.1503],[74.8134,34.151],[74.8124,34.1515],[74.8112,34.1516],[74.8101,34.1517],[74.8091,34.1518],[74.8084,34.152],[74.8086,34.1516],[74.8086,34.151],[74.8087,34.1496],[74.8087,34.1482],[74.8087,34.1476],[74.8086,34.1464],[74.8085,34.1454],[74.8084,34.1437],[74.8084,34.143],[74.8085,34.1416],[74.8086,34.139],[74.8088,34.1367],[74.8081,34.1368],[74.8077,34.137],[74.807,34.1368],[74.8058,34.1364],[74.8038,34.1358],[74.8034,34.1355],[74.8037,34.1348],[74.8038,34.1341],[74.8041,34.1336],[74.8043,34.1332],[74.8045,34.1323],[74.8047,34.1316],[74.8049,34.1309],[74.8052,34.1302],[74.8053,34.1298],[74.8056,34.129],[74.8062,34.1276],[74.8063,34.1268],[74.8063,34.1258],[74.8064,34.125],[74.8065,34.1233],[74.8066,34.1226],[74.8068,34.1217],[74.8068,34.1213],[74.8068,34.1208],[74.8067,34.1198],[74.8065,34.1191],[74.8064,34.117],[74.8064,34.1154],[74.8066,34.1145],[74.8068,34.1142],[74.8076,34.1134],[74.8082,34.1128],[74.809,34.1118],[74.8094,34.1112],[74.8095,34.1104],[74.8095,34.1099],[74.8094,34.1094],[74.8092,34.1082],[74.809,34.1064],[74.809,34.1051],[74.8089,34.104],[74.8089,34.1031],[74.809,34.1025],[74.8094,34.1013],[74.8098,34.1001],[74.8101,34.0998],[74.8106,34.0992],[74.8107,34.0988],[74.8109,34.0984],[74.8114,34.0984],[74.8115,34.0984],[74.8117,34.0981],[74.8123,34.0974],[74.8126,34.097],[74.8135,34.0955],[74.8137,34.0951],[74.8148,34.0943],[74.8156,34.0938],[74.8166,34.0933],[74.8171,34.0929],[74.8173,34.0925],[74.8167,34.0915],[74.816,34.0909],[74.816,34.0892],[74.8174,34.0878],[74.8188,34.0859],[74.819,34.0855],[74.8193,34.0849],[74.8195,34.0838],[74.8194,34.0827],[74.8194,34.082],[74.82,34.0798],[74.8201,34.0796],[74.82,34.0796],[74.82,34.0787],[74.8207,34.0767],[74.8214,34.0747],[74.8199,34.0743],[74.8157,34.0733],[74.811,34.0722],[74.8106,34.0713],[74.8107,34.0713],[74.8107,34.0712],[74.8106,34.0712],[74.8105,34.0713],[74.8106,34.0713],[74.8107,34.0713],[74.8123,34.0719],[74.8158,34.0728],[74.8158,34.0735],[74.8186,34.0741],[74.8214,34.0748],[74.828,34.0763],[74.8296,34.0767],[74.8297,34.0774],[74.8295,34.0785],[74.8293,34.0797],[74.8292,34.0799],[74.8283,34.0806],[74.8269,34.0816]]}},{"type":"Feature","properties":{"id":"FDR-088","name":"Rangpora to Lalchowk","obs":1.0,"drv":38,"runs":770},"geometry":{"type":"LineString","coordinates":[[74.8176,34.1616],[74.8174,34.1612],[74.8169,34.1601],[74.8156,34.1568],[74.8153,34.1557],[74.8152,34.1546],[74.8153,34.1528],[74.8154,34.1503],[74.8134,34.151],[74.8124,34.1515],[74.8112,34.1516],[74.8101,34.1517],[74.8091,34.1518],[74.8084,34.152],[74.8086,34.1516],[74.8086,34.151],[74.8087,34.1496],[74.8087,34.1482],[74.8087,34.1476],[74.8086,34.1464],[74.8085,34.1454],[74.8084,34.1437],[74.8084,34.143],[74.8085,34.1416],[74.8086,34.139],[74.8088,34.1367],[74.8081,34.1368],[74.8077,34.137],[74.807,34.1368],[74.8058,34.1364],[74.8038,34.1358],[74.8034,34.1355],[74.8037,34.1348],[74.8038,34.1341],[74.8041,34.1336],[74.8043,34.1332],[74.8045,34.1323],[74.8047,34.1316],[74.8049,34.1309],[74.8052,34.1302],[74.8053,34.1298],[74.8056,34.129],[74.8062,34.1276],[74.8063,34.1268],[74.8063,34.1258],[74.8064,34.125],[74.8065,34.1233],[74.8066,34.1226],[74.8068,34.1217],[74.8068,34.1213],[74.8068,34.1208],[74.8067,34.1198],[74.8065,34.1191],[74.8064,34.117],[74.8064,34.1154],[74.8066,34.1145],[74.8068,34.1142],[74.8076,34.1134],[74.8082,34.1128],[74.809,34.1118],[74.8094,34.1112],[74.8095,34.1104],[74.8095,34.1099],[74.8094,34.1094],[74.8092,34.1082],[74.809,34.1064],[74.809,34.1051],[74.8089,34.104],[74.8089,34.1031],[74.809,34.1025],[74.8094,34.1013],[74.8098,34.1001],[74.8101,34.0998],[74.8106,34.0992],[74.8107,34.0988],[74.8109,34.0984],[74.8114,34.0984],[74.8115,34.0984],[74.8117,34.0981],[74.8123,34.0974],[74.8126,34.097],[74.8135,34.0955],[74.8137,34.0951],[74.8148,34.0943],[74.8156,34.0938],[74.8166,34.0933],[74.8171,34.0929],[74.8175,34.0926],[74.8179,34.0923],[74.8186,34.0921],[74.819,34.092],[74.8194,34.0916],[74.8199,34.0912],[74.8206,34.0905],[74.8215,34.0895],[74.8219,34.0891],[74.8224,34.0882],[74.8228,34.0873],[74.823,34.087],[74.8233,34.0866],[74.8235,34.0864],[74.8235,34.0862],[74.8232,34.0858],[74.8228,34.0853],[74.8227,34.0849],[74.823,34.0846],[74.824,34.0839],[74.8247,34.0833],[74.8255,34.0827],[74.827,34.0817],[74.8263,34.0821],[74.8244,34.0829],[74.8219,34.0807],[74.8207,34.0797],[74.8204,34.0796],[74.82,34.0795],[74.82,34.0785],[74.821,34.076],[74.8213,34.0747],[74.8161,34.0734],[74.8113,34.0722],[74.8105,34.072],[74.8106,34.0713],[74.8107,34.0713],[74.8106,34.0712],[74.8105,34.0712],[74.8105,34.0713]]}},{"type":"Feature","properties":{"id":"FDR-406","name":"Qamarwari to Parimpora","obs":0.88,"drv":13,"runs":48},"geometry":{"type":"LineString","coordinates":[[74.7661,34.0948],[74.7661,34.0948],[74.7661,34.0948],[74.7661,34.0948],[74.766,34.0949],[74.7658,34.0949],[74.7659,34.0956],[74.7664,34.0956],[74.7672,34.0955],[74.7672,34.0955],[74.7673,34.0955],[74.7673,34.0955],[74.7673,34.0957],[74.7675,34.0962],[74.7674,34.0962],[74.7673,34.0963],[74.7672,34.0963],[74.7672,34.0965],[74.7672,34.0965],[74.7672,34.0966],[74.7672,34.0966],[74.7673,34.0967],[74.7674,34.0968],[74.7674,34.0968],[74.7674,34.0968],[74.768,34.0971],[74.7676,34.0976],[74.7676,34.0976],[74.7677,34.0976],[74.7677,34.0976],[74.7682,34.0979],[74.7684,34.0981],[74.7686,34.0982],[74.7688,34.0983],[74.7686,34.0985],[74.7686,34.0985],[74.7686,34.0986],[74.7687,34.0986],[74.7687,34.0987],[74.7687,34.0987],[74.7686,34.0987],[74.7684,34.0987],[74.7682,34.0988],[74.7679,34.0989],[74.7677,34.099],[74.7676,34.0991],[74.7676,34.0991],[74.7676,34.0991],[74.7676,34.0991],[74.7676,34.0992],[74.7676,34.0992],[74.7677,34.0992],[74.7678,34.0993],[74.7678,34.0993],[74.7678,34.0993],[74.7678,34.0993],[74.7679,34.0995],[74.7681,34.0998],[74.7681,34.0998],[74.7683,34.1001],[74.7679,34.1004],[74.7677,34.1005],[74.7676,34.1006],[74.7675,34.1007],[74.7665,34.1013],[74.7646,34.1026],[74.7644,34.1027],[74.7643,34.1028],[74.7641,34.1029],[74.7638,34.103],[74.7634,34.1032],[74.7627,34.1034],[74.7613,34.104],[74.7601,34.1044],[74.76,34.1045],[74.7587,34.105],[74.7576,34.1054],[74.7572,34.1055],[74.7569,34.1056],[74.7567,34.1057],[74.756,34.1059],[74.7553,34.1061],[74.7551,34.1061],[74.755,34.1061],[74.7547,34.1062],[74.7546,34.1062],[74.7544,34.1063],[74.7543,34.1063],[74.7542,34.1063],[74.7539,34.1064],[74.7538,34.1064],[74.7532,34.1066],[74.7526,34.1068],[74.7523,34.1069],[74.7517,34.1071],[74.7514,34.1072],[74.751,34.1073],[74.7505,34.1075],[74.7503,34.1075],[74.7502,34.1076],[74.7499,34.1077],[74.7485,34.1081],[74.7485,34.1081],[74.748,34.1082],[74.7467,34.1087],[74.746,34.1089],[74.7454,34.1091],[74.7455,34.1092],[74.7459,34.109],[74.7466,34.1088],[74.7468,34.1087],[74.7468,34.1088],[74.7469,34.1088],[74.747,34.109],[74.7472,34.1094],[74.7473,34.1096],[74.7473,34.1097],[74.7473,34.1098],[74.7474,34.1099],[74.7473,34.1102],[74.7477,34.1102],[74.7477,34.1104],[74.7477,34.1104],[74.7477,34.1105],[74.7477,34.1106],[74.7477,34.1106],[74.7477,34.1107],[74.7476,34.1108],[74.7476,34.1109],[74.7475,34.1111],[74.7475,34.1112]]}},{"type":"Feature","properties":{"id":"FDR-190","name":"Ma Road to Safakadal","obs":1.0,"drv":42,"runs":657},"geometry":{"type":"LineString","coordinates":[[74.878,34.04],[74.877,34.0405],[74.8763,34.0409],[74.8754,34.0414],[74.8748,34.0417],[74.8734,34.0425],[74.8726,34.0429],[74.8724,34.0431],[74.8721,34.0437],[74.8717,34.0442],[74.8715,34.0446],[74.8709,34.0456],[74.8705,34.0459],[74.87,34.0463],[74.869,34.0469],[74.868,34.0475],[74.8676,34.0477],[74.8668,34.0482],[74.866,34.0487],[74.8652,34.0493],[74.8641,34.0499],[74.8637,34.0503],[74.8634,34.0506],[74.863,34.0513],[74.8626,34.052],[74.8621,34.0527],[74.8617,34.0533],[74.8607,34.055],[74.8604,34.0554],[74.8599,34.0557],[74.8591,34.0563],[74.8583,34.0568],[74.8573,34.0575],[74.8568,34.0578],[74.855,34.0591],[74.8537,34.06],[74.852,34.0611],[74.8505,34.0621],[74.8494,34.063],[74.8479,34.0644],[74.8467,34.0655],[74.846,34.0663],[74.8457,34.0665],[74.8443,34.0678],[74.8436,34.0685],[74.8434,34.0687],[74.8431,34.0691],[74.8428,34.0694],[74.8419,34.0699],[74.841,34.0704],[74.8398,34.0709],[74.8391,34.0714],[74.8369,34.0728],[74.8341,34.0733],[74.8324,34.0734],[74.8313,34.0733],[74.8308,34.0732],[74.8293,34.0731],[74.829,34.0732],[74.8287,34.074],[74.8284,34.0748],[74.8282,34.0751],[74.8276,34.0761],[74.8214,34.0747],[74.82,34.0744],[74.8159,34.0734],[74.8113,34.0722],[74.811,34.0722],[74.8103,34.072],[74.8093,34.0717],[74.8073,34.0716],[74.8059,34.0715],[74.8047,34.0716],[74.8045,34.0738],[74.8045,34.0741],[74.8046,34.0738],[74.8048,34.0717],[74.8059,34.0717],[74.8073,34.0717],[74.8089,34.0717],[74.8103,34.072],[74.811,34.0723],[74.8113,34.0722],[74.811,34.0722],[74.8103,34.072],[74.8093,34.0717],[74.8073,34.0716],[74.8059,34.0715],[74.8047,34.0716],[74.8045,34.0738],[74.8045,34.0741],[74.8042,34.0747],[74.804,34.0752],[74.8038,34.0754],[74.8037,34.0757],[74.8032,34.0761],[74.8028,34.0763],[74.8011,34.0781],[74.8006,34.0786],[74.7999,34.0794],[74.7998,34.0795],[74.7997,34.0796],[74.7997,34.0797],[74.7988,34.081],[74.7983,34.0818],[74.7978,34.0826],[74.7975,34.0831],[74.7969,34.0837],[74.7966,34.0839],[74.7967,34.0842],[74.7966,34.0846],[74.796,34.0859],[74.7958,34.0863],[74.7952,34.0872],[74.7943,34.0885],[74.7938,34.0889],[74.7933,34.0894],[74.7931,34.0898],[74.7929,34.0903],[74.7927,34.0907],[74.792,34.0918],[74.7919,34.0921],[74.7918,34.0924],[74.7917,34.093],[74.7917,34.0932]]}},{"type":"Feature","properties":{"id":"FDR-158","name":"Rangpora to LD","obs":0.99,"drv":28,"runs":676},"geometry":{"type":"LineString","coordinates":[[74.8176,34.1616],[74.8176,34.1613],[74.8172,34.1608],[74.8165,34.159],[74.8156,34.1568],[74.8154,34.156],[74.8152,34.1552],[74.8152,34.1538],[74.8153,34.1528],[74.8154,34.1511],[74.8139,34.1508],[74.8132,34.1511],[74.8124,34.1515],[74.812,34.1516],[74.8104,34.1517],[74.81,34.1517],[74.8091,34.1518],[74.8085,34.152],[74.8085,34.152],[74.8086,34.1514],[74.8086,34.151],[74.8087,34.1504],[74.8087,34.1489],[74.8087,34.148],[74.8087,34.1476],[74.8086,34.1466],[74.8086,34.1458],[74.8085,34.1451],[74.8084,34.1437],[74.8084,34.1432],[74.8085,34.1422],[74.8085,34.141],[74.8086,34.139],[74.8088,34.1367],[74.8087,34.1367],[74.808,34.1369],[74.8077,34.137],[74.8074,34.1369],[74.8063,34.1366],[74.8054,34.1363],[74.8038,34.1358],[74.8033,34.1356],[74.8035,34.1353],[74.8037,34.1347],[74.8038,34.1341],[74.804,34.1337],[74.8042,34.1334],[74.8043,34.1331],[74.8045,34.1323],[74.8047,34.1318],[74.8048,34.1312],[74.805,34.1307],[74.8052,34.1302],[74.8053,34.13],[74.8054,34.1297],[74.8058,34.1286],[74.8062,34.1276],[74.8062,34.1272],[74.8063,34.1262],[74.8063,34.1254],[74.8064,34.125],[74.8065,34.1237],[74.8065,34.1231],[74.8067,34.1221],[74.8068,34.1217],[74.8068,34.1214],[74.8068,34.1211],[74.8068,34.1205],[74.8067,34.1198],[74.8065,34.1192],[74.8064,34.1181],[74.8064,34.1167],[74.8064,34.1154],[74.8065,34.1147],[74.8066,34.1145],[74.8068,34.1141],[74.8076,34.1134],[74.808,34.113],[74.8086,34.1122],[74.8092,34.1114],[74.8094,34.1112],[74.8095,34.1106],[74.8095,34.1101],[74.8095,34.1098],[74.8094,34.1094],[74.8093,34.1089],[74.8091,34.1075],[74.809,34.1058],[74.809,34.1051],[74.8089,34.1042],[74.8089,34.1036],[74.8089,34.1029],[74.809,34.1025],[74.8093,34.1015],[74.8094,34.101],[74.808,34.1006],[74.8063,34.0999],[74.8057,34.0996],[74.8057,34.0992],[74.8062,34.0986],[74.8069,34.0977],[74.807,34.0971],[74.807,34.0959],[74.807,34.0956],[74.8072,34.0954],[74.8078,34.095],[74.8082,34.0947],[74.8085,34.0945],[74.8088,34.0945],[74.8088,34.0944],[74.8085,34.0945],[74.8083,34.0941],[74.8083,34.0935],[74.8082,34.093],[74.8083,34.0923],[74.8083,34.0919],[74.8084,34.0916],[74.8083,34.0909],[74.8082,34.0907],[74.8081,34.0905],[74.808,34.089],[74.8079,34.0879],[74.8078,34.0877],[74.8075,34.0874],[74.8073,34.0869],[74.8071,34.0864],[74.8069,34.0862],[74.8069,34.0857],[74.807,34.0842],[74.8069,34.0831],[74.8067,34.0825],[74.8068,34.082],[74.8059,34.082]]}},{"type":"Feature","properties":{"id":"FDR-050","name":"Soura to Lalchowk","obs":1.0,"drv":32,"runs":685},"geometry":{"type":"LineString","coordinates":[[74.8021,34.1377],[74.8021,34.1377],[74.8023,34.1372],[74.8023,34.1371],[74.8018,34.1371],[74.8014,34.1365],[74.8023,34.1359],[74.8025,34.1359],[74.8031,34.1361],[74.8033,34.1356],[74.8035,34.1353],[74.8037,34.1347],[74.8038,34.1341],[74.804,34.1337],[74.8042,34.1334],[74.8043,34.1331],[74.8045,34.1323],[74.8047,34.1318],[74.8048,34.1312],[74.805,34.1307],[74.8052,34.1302],[74.8053,34.13],[74.8054,34.1297],[74.8058,34.1286],[74.8062,34.1276],[74.8062,34.1272],[74.8063,34.1262],[74.8063,34.1254],[74.8064,34.125],[74.8065,34.1237],[74.8065,34.1231],[74.8067,34.1221],[74.8068,34.1217],[74.8068,34.1214],[74.8068,34.1211],[74.8068,34.1205],[74.8067,34.1198],[74.8065,34.1192],[74.8064,34.1181],[74.8064,34.1167],[74.8064,34.1154],[74.8065,34.1147],[74.8066,34.1145],[74.8068,34.1141],[74.8076,34.1134],[74.808,34.113],[74.8086,34.1122],[74.8092,34.1114],[74.8094,34.1112],[74.8095,34.1106],[74.8095,34.1101],[74.8095,34.1098],[74.8094,34.1094],[74.8093,34.1089],[74.8091,34.1075],[74.809,34.1058],[74.809,34.1051],[74.8089,34.1042],[74.8089,34.1036],[74.8089,34.1029],[74.809,34.1025],[74.8093,34.1015],[74.8097,34.1006],[74.8099,34.1],[74.8101,34.0998],[74.8105,34.0993],[74.8106,34.099],[74.8107,34.0987],[74.8109,34.0984],[74.8111,34.0983],[74.8114,34.0984],[74.8118,34.0987],[74.8122,34.0988],[74.8123,34.0985],[74.8124,34.0985],[74.8123,34.0985],[74.812,34.0988],[74.8115,34.0985],[74.8116,34.0984],[74.8117,34.0981],[74.8122,34.0975],[74.8125,34.0972],[74.8129,34.0966],[74.8135,34.0955],[74.8137,34.0951],[74.814,34.0948],[74.8151,34.0941],[74.8156,34.0938],[74.8163,34.0935],[74.8169,34.0931],[74.8172,34.0929],[74.8173,34.0925],[74.8168,34.0916],[74.8165,34.0913],[74.8155,34.0906],[74.816,34.0892],[74.8173,34.0879],[74.8176,34.0876],[74.8188,34.0858],[74.819,34.0855],[74.8192,34.0852],[74.8195,34.084],[74.8195,34.0836],[74.8194,34.0827],[74.8194,34.0822],[74.8197,34.081],[74.82,34.0797],[74.8201,34.0796],[74.8201,34.0796],[74.82,34.0792],[74.82,34.0785],[74.8207,34.0767],[74.8214,34.0748],[74.8202,34.0744],[74.8161,34.0734],[74.8157,34.0733],[74.8111,34.0722],[74.8104,34.072],[74.8106,34.0713],[74.8107,34.0713],[74.8107,34.0712],[74.8106,34.0712],[74.8105,34.0712],[74.8105,34.0713]]}},{"type":"Feature","properties":{"id":"FDR-325","name":"Ma Road to Parimpora","obs":0.94,"drv":28,"runs":438},"geometry":{"type":"LineString","coordinates":[[74.878,34.04],[74.8769,34.0406],[74.8757,34.0412],[74.8748,34.0417],[74.873,34.0427],[74.8725,34.043],[74.8721,34.0437],[74.8717,34.0443],[74.871,34.0454],[74.8705,34.0459],[74.8697,34.0465],[74.8685,34.0473],[74.8676,34.0477],[74.8666,34.0484],[74.8656,34.0489],[74.8641,34.0499],[74.8636,34.0504],[74.8632,34.051],[74.8626,34.052],[74.8619,34.053],[74.8607,34.055],[74.8604,34.0554],[74.8597,34.0559],[74.8585,34.0567],[74.8573,34.0575],[74.856,34.0584],[74.8542,34.0596],[74.852,34.0611],[74.8502,34.0623],[74.8483,34.064],[74.8467,34.0655],[74.8459,34.0663],[74.8448,34.0673],[74.8436,34.0685],[74.8433,34.0689],[74.8429,34.0693],[74.8419,34.0699],[74.8409,34.0705],[74.8395,34.0711],[74.8369,34.0728],[74.8327,34.0734],[74.832,34.0734],[74.8308,34.0732],[74.8292,34.0731],[74.8289,34.0736],[74.8284,34.0748],[74.8282,34.0751],[74.8229,34.075],[74.82,34.0744],[74.8158,34.0733],[74.8111,34.0722],[74.8103,34.072],[74.8092,34.0717],[74.806,34.0716],[74.8039,34.0715],[74.802,34.0723],[74.7992,34.0735],[74.7987,34.0732],[74.797,34.0726],[74.7963,34.0725],[74.7957,34.0724],[74.7944,34.0721],[74.7942,34.0719],[74.7938,34.0714],[74.7934,34.0708],[74.7931,34.0703],[74.7921,34.0692],[74.7913,34.0697],[74.7913,34.0697],[74.7921,34.0691],[74.7916,34.0683],[74.791,34.0677],[74.7904,34.0667],[74.7902,34.0665],[74.7895,34.066],[74.7888,34.0654],[74.7884,34.065],[74.7878,34.0644],[74.7872,34.0641],[74.7864,34.0637],[74.7848,34.0628],[74.7846,34.0625],[74.7839,34.0631],[74.783,34.0637],[74.7817,34.0643],[74.7805,34.0647],[74.7794,34.0651],[74.7788,34.0654],[74.7759,34.0667],[74.7737,34.0678],[74.7707,34.0691],[74.7701,34.0694],[74.7693,34.0699],[74.7686,34.0705],[74.7682,34.0711],[74.7677,34.0722],[74.7671,34.0736],[74.7664,34.0756],[74.7642,34.0815],[74.7627,34.0862],[74.7616,34.089],[74.7611,34.0903],[74.7602,34.0926],[74.7596,34.0941],[74.7581,34.098],[74.7576,34.0993],[74.7572,34.0997],[74.7569,34.1001],[74.7569,34.1008],[74.7568,34.1016],[74.7561,34.1033],[74.7554,34.105],[74.7547,34.1062],[74.7542,34.1063],[74.7526,34.1068],[74.751,34.1073],[74.7499,34.1077],[74.7467,34.1087],[74.7459,34.109],[74.7469,34.1088],[74.7473,34.1097],[74.7477,34.1102],[74.7477,34.1106],[74.7476,34.1109],[74.7475,34.1112]]}},{"type":"Feature","properties":{"id":"FDR-510","name":"Srinagar to Shanglipora","obs":0.54,"drv":16,"runs":58},"geometry":{"type":"LineString","coordinates":[[74.8205,34.0746],[74.8199,34.0743],[74.8111,34.0722],[74.8093,34.0717],[74.8044,34.0715],[74.8018,34.0724],[74.7961,34.0749],[74.7946,34.0757],[74.7944,34.0792],[74.794,34.0807],[74.7906,34.0815],[74.7843,34.0816],[74.7812,34.0855],[74.7775,34.0911],[74.7749,34.0947],[74.7726,34.0971],[74.7677,34.1005],[74.7641,34.1029],[74.7587,34.105],[74.7551,34.1061],[74.7539,34.1064],[74.751,34.1073],[74.748,34.1082],[74.7437,34.1094],[74.7391,34.1099],[74.7348,34.1104],[74.7269,34.1114],[74.7241,34.1117],[74.7218,34.112],[74.7194,34.1122],[74.7147,34.1128],[74.7106,34.1137],[74.7048,34.1152],[74.6991,34.1166],[74.6951,34.1176],[74.689,34.1192],[74.686,34.1198],[74.6835,34.1203],[74.6799,34.1209],[74.6786,34.1211],[74.6754,34.1187],[74.672,34.1169],[74.6641,34.1152],[74.6583,34.1134],[74.6531,34.1116],[74.6423,34.1078],[74.6268,34.1026],[74.6222,34.101],[74.6191,34.1007],[74.6121,34.0988],[74.5983,34.095],[74.5914,34.0931],[74.5899,34.0919],[74.5918,34.0877],[74.5917,34.0842],[74.5902,34.0812],[74.5881,34.0799],[74.5861,34.0785],[74.5848,34.0758],[74.5839,34.0737],[74.5824,34.0717],[74.5794,34.0692],[74.5771,34.0661],[74.5764,34.0629],[74.5755,34.0632],[74.571,34.0622],[74.5685,34.061],[74.5674,34.0598],[74.5654,34.0571],[74.5646,34.0548],[74.5645,34.0538],[74.5633,34.054],[74.5622,34.0532],[74.5622,34.0525],[74.5602,34.0507],[74.5579,34.0496],[74.5533,34.0481],[74.5491,34.047],[74.5473,34.0441],[74.5489,34.043],[74.5474,34.0407],[74.5462,34.0371],[74.5456,34.035],[74.5448,34.0323],[74.5437,34.03],[74.5442,34.028],[74.5447,34.0258],[74.5438,34.0238],[74.5427,34.0215],[74.5399,34.0189],[74.5384,34.0167],[74.5363,34.0147],[74.5349,34.0141],[74.5327,34.011],[74.5309,34.008],[74.53,34.005],[74.529,34.0027],[74.5298,34.0015],[74.5298,33.9999],[74.5291,33.9986],[74.5283,33.9981],[74.5274,33.9969],[74.5264,33.9966],[74.5262,33.9963],[74.5272,33.9958],[74.5276,33.995],[74.5282,33.9933],[74.5283,33.9917],[74.5291,33.9899],[74.5305,33.9865],[74.5305,33.9848],[74.5312,33.9825],[74.5324,33.9787],[74.5345,33.9765],[74.5353,33.9753],[74.5354,33.9742],[74.5342,33.9742],[74.5341,33.9736],[74.5344,33.9727],[74.5345,33.9716],[74.5335,33.9715],[74.5327,33.9719],[74.5321,33.9719],[74.5313,33.9716],[74.5308,33.9716]]}},{"type":"Feature","properties":{"id":"FDR-466","name":"Srinagar to Isganderpora","obs":0.45,"drv":14,"runs":35},"geometry":{"type":"LineString","coordinates":[[74.8111,34.0744],[74.8093,34.072],[74.8113,34.0723],[74.8094,34.0717],[74.8059,34.0716],[74.8018,34.0724],[74.7958,34.075],[74.7946,34.0765],[74.7943,34.0802],[74.7926,34.0816],[74.786,34.0816],[74.7826,34.0801],[74.78,34.0784],[74.7771,34.0767],[74.7747,34.0755],[74.7719,34.074],[74.7689,34.0725],[74.7674,34.0718],[74.763,34.0706],[74.7617,34.0704],[74.7595,34.0695],[74.7587,34.0689],[74.7584,34.0679],[74.7584,34.0669],[74.7586,34.066],[74.7584,34.0647],[74.758,34.0638],[74.7574,34.0626],[74.7568,34.0619],[74.7554,34.0607],[74.7534,34.0593],[74.7511,34.058],[74.7495,34.057],[74.7483,34.0562],[74.747,34.0552],[74.7449,34.0538],[74.7434,34.0528],[74.7414,34.0516],[74.7403,34.051],[74.7387,34.05],[74.7376,34.0493],[74.7361,34.0483],[74.7345,34.0471],[74.7335,34.046],[74.7323,34.0451],[74.7316,34.0444],[74.7308,34.0436],[74.7298,34.0428],[74.7265,34.0414],[74.7245,34.0401],[74.7232,34.0396],[74.7201,34.0381],[74.7181,34.038],[74.7163,34.0392],[74.713,34.0414],[74.7093,34.0419],[74.7066,34.0425],[74.7038,34.0417],[74.7014,34.0423],[74.6965,34.041],[74.6947,34.0401],[74.6917,34.0377],[74.6853,34.0367],[74.6787,34.0361],[74.6707,34.0377],[74.6695,34.0421],[74.6684,34.0402],[74.6677,34.0365],[74.663,34.0344],[74.663,34.032],[74.6605,34.0347],[74.6594,34.0341],[74.6584,34.0319],[74.6563,34.0338],[74.6562,34.0324],[74.6562,34.0318],[74.6537,34.0308],[74.6508,34.0292],[74.6491,34.0287],[74.6483,34.0274],[74.6471,34.0273],[74.6453,34.0268],[74.6413,34.0257],[74.6387,34.0254],[74.6375,34.0244],[74.6345,34.0211],[74.6333,34.0196],[74.633,34.0189],[74.6327,34.0204],[74.6307,34.0201],[74.6302,34.019],[74.6295,34.02],[74.6274,34.0208],[74.626,34.0196],[74.6236,34.0181],[74.6207,34.018],[74.6178,34.0182],[74.6159,34.0179],[74.6139,34.0179],[74.6119,34.0187],[74.6107,34.0182],[74.6095,34.0175],[74.609,34.0159],[74.6082,34.0138],[74.6054,34.0122],[74.6047,34.0105],[74.6037,34.0095],[74.6029,34.0087],[74.6017,34.008],[74.6003,34.0073],[74.5993,34.0069],[74.5982,34.0068],[74.5971,34.0065],[74.597,34.006],[74.5965,34.0056],[74.5957,34.0058],[74.5949,34.0049],[74.5941,34.0037],[74.5933,34.0021],[74.5922,34.0009],[74.5911,34.0001],[74.5896,33.999],[74.5877,33.998],[74.5861,33.997],[74.5849,33.9961],[74.5846,33.9949],[74.5847,33.9937],[74.5845,33.9928],[74.5838,33.9925],[74.583,33.9912],[74.5828,33.9903]]}},{"type":"Feature","properties":{"id":"FDR-454","name":"Srinagar to Aboora","obs":0.84,"drv":19,"runs":68},"geometry":{"type":"LineString","coordinates":[[74.8205,34.0746],[74.8213,34.0747],[74.8161,34.0734],[74.8113,34.0722],[74.8105,34.072],[74.8093,34.0717],[74.8073,34.0716],[74.8044,34.0715],[74.8037,34.0716],[74.8016,34.0724],[74.7971,34.0745],[74.7956,34.0751],[74.7947,34.0756],[74.7946,34.0773],[74.7944,34.0792],[74.7943,34.0803],[74.7937,34.0809],[74.7924,34.0816],[74.7891,34.0815],[74.7846,34.0816],[74.7837,34.082],[74.7812,34.0855],[74.7786,34.0893],[74.7774,34.0912],[74.7756,34.0938],[74.7741,34.0959],[74.7728,34.097],[74.77,34.0989],[74.7677,34.1005],[74.7646,34.1026],[74.7638,34.103],[74.7601,34.1044],[74.7572,34.1055],[74.7553,34.1061],[74.7546,34.1062],[74.7539,34.1064],[74.7523,34.1069],[74.7505,34.1075],[74.7485,34.1081],[74.746,34.1089],[74.7438,34.1093],[74.7416,34.1096],[74.7391,34.1099],[74.7361,34.1103],[74.7345,34.1105],[74.7298,34.111],[74.7263,34.1114],[74.7241,34.1117],[74.7226,34.1119],[74.7218,34.112],[74.7208,34.1121],[74.7186,34.1123],[74.7164,34.1126],[74.7138,34.1129],[74.7117,34.1134],[74.7079,34.1143],[74.7048,34.1152],[74.7013,34.1161],[74.6987,34.1167],[74.6956,34.1175],[74.6915,34.1185],[74.6896,34.119],[74.6877,34.1195],[74.686,34.1198],[74.685,34.12],[74.6829,34.1204],[74.6811,34.1207],[74.679,34.1211],[74.6786,34.1211],[74.6774,34.1201],[74.6754,34.1187],[74.6728,34.117],[74.6719,34.1169],[74.6669,34.1158],[74.6622,34.1146],[74.6592,34.1137],[74.655,34.1122],[74.6531,34.1116],[74.6457,34.109],[74.6409,34.1074],[74.6313,34.1041],[74.6236,34.1014],[74.6224,34.1011],[74.6205,34.1008],[74.6191,34.1007],[74.6156,34.0998],[74.6114,34.0986],[74.6006,34.0956],[74.5967,34.0945],[74.5916,34.0931],[74.5901,34.0929],[74.5848,34.0919],[74.5792,34.0911],[74.5713,34.0927],[74.5672,34.0924],[74.561,34.0914],[74.5532,34.0902],[74.5473,34.0893],[74.5436,34.0886],[74.5432,34.0876],[74.5428,34.0865],[74.5424,34.0853],[74.5418,34.0844],[74.5417,34.0835],[74.5419,34.0822],[74.5423,34.0814],[74.5423,34.0807],[74.5421,34.0799],[74.542,34.079],[74.5416,34.0783],[74.5417,34.0776],[74.5418,34.076],[74.5423,34.0752],[74.5422,34.0741],[74.5422,34.0727],[74.5425,34.0712],[74.5427,34.0707],[74.5421,34.0694],[74.5413,34.0684],[74.5399,34.067],[74.5393,34.0656],[74.5386,34.064],[74.5379,34.0628],[74.5375,34.062],[74.5367,34.0609],[74.5351,34.0597],[74.5343,34.0589],[74.5347,34.058],[74.5354,34.0574],[74.5365,34.0574],[74.5368,34.0569]]}},{"type":"Feature","properties":{"id":"FDR-536","name":"Srinagar to Arizal","obs":0.35,"drv":5,"runs":17},"geometry":{"type":"LineString","coordinates":[[74.8205,34.0746],[74.8157,34.0733],[74.8092,34.0717],[74.8035,34.0716],[74.7956,34.0751],[74.7944,34.0792],[74.7929,34.0816],[74.7843,34.0816],[74.7812,34.0791],[74.7771,34.0767],[74.7734,34.0748],[74.7697,34.0729],[74.7673,34.0718],[74.7625,34.0705],[74.7598,34.0696],[74.7586,34.0687],[74.7584,34.0673],[74.7586,34.066],[74.7583,34.0644],[74.7576,34.063],[74.7568,34.0619],[74.7547,34.0601],[74.7515,34.0582],[74.7493,34.0569],[74.7474,34.0555],[74.7449,34.0538],[74.7425,34.0523],[74.7407,34.0511],[74.7386,34.0499],[74.7367,34.0487],[74.7346,34.0472],[74.7333,34.0456],[74.7318,34.0448],[74.7308,34.0436],[74.7277,34.0421],[74.7249,34.0404],[74.7229,34.0395],[74.719,34.0374],[74.7207,34.0347],[74.7226,34.0326],[74.7232,34.0311],[74.7221,34.0274],[74.7225,34.0254],[74.722,34.0241],[74.721,34.0224],[74.72,34.0197],[74.7205,34.0169],[74.7195,34.0148],[74.7167,34.0126],[74.7139,34.0104],[74.7094,34.0091],[74.7062,34.0063],[74.7036,34.0038],[74.7019,34.0028],[74.7011,34.0017],[74.7001,34.0021],[74.6969,34.0002],[74.6913,33.9982],[74.6896,33.996],[74.6891,33.9957],[74.687,33.9924],[74.6853,33.9912],[74.6822,33.9893],[74.6792,33.9872],[74.6766,33.983],[74.6759,33.985],[74.6739,33.9824],[74.6715,33.9815],[74.667,33.9773],[74.6636,33.9741],[74.6605,33.9696],[74.6599,33.9663],[74.6557,33.9631],[74.6538,33.9614],[74.6482,33.96],[74.6481,33.9588],[74.6488,33.9568],[74.6449,33.9534],[74.6428,33.9499],[74.6428,33.9474],[74.6423,33.9448],[74.642,33.942],[74.6414,33.9395],[74.6405,33.938],[74.6407,33.9361],[74.6402,33.9339],[74.6395,33.9321],[74.6386,33.93],[74.6341,33.9286],[74.6269,33.9265],[74.6233,33.9241],[74.6211,33.9226],[74.6168,33.9193],[74.6164,33.9169],[74.6147,33.9177],[74.6113,33.9139],[74.6084,33.9106],[74.607,33.906],[74.6058,33.9032],[74.6033,33.9016],[74.5999,33.9008],[74.5966,33.899],[74.5931,33.8977],[74.5915,33.8979],[74.5915,33.8962],[74.5913,33.8947],[74.5892,33.8916],[74.5869,33.8879],[74.5873,33.8861],[74.5883,33.8834],[74.5881,33.88],[74.5857,33.8772],[74.5834,33.8769],[74.5793,33.8756],[74.5783,33.8724],[74.5773,33.871],[74.5766,33.8699],[74.5752,33.8694],[74.5753,33.8675],[74.5744,33.8667],[74.5708,33.8643],[74.5684,33.8619],[74.5667,33.8574],[74.5646,33.851],[74.5646,33.8503]]}},{"type":"Feature","properties":{"id":"FDR-453","name":"Srinagar to Baderkote","obs":0.83,"drv":16,"runs":59},"geometry":{"type":"LineString","coordinates":[[74.8205,34.0746],[74.8202,34.0744],[74.8158,34.0733],[74.811,34.0722],[74.8093,34.0717],[74.8061,34.0715],[74.8039,34.0715],[74.8018,34.0724],[74.7971,34.0745],[74.795,34.0753],[74.7946,34.0761],[74.7944,34.0792],[74.7943,34.0803],[74.7931,34.0814],[74.7906,34.0815],[74.786,34.0816],[74.7837,34.082],[74.7802,34.087],[74.7778,34.0905],[74.7757,34.0935],[74.7741,34.0959],[74.7726,34.0971],[74.7683,34.1001],[74.7665,34.1013],[74.7638,34.103],[74.76,34.1045],[74.7567,34.1057],[74.7547,34.1062],[74.7539,34.1064],[74.7517,34.1071],[74.7502,34.1076],[74.7467,34.1087],[74.7438,34.1093],[74.7407,34.1097],[74.7376,34.1101],[74.7348,34.1104],[74.7298,34.111],[74.7261,34.1114],[74.7235,34.1117],[74.722,34.1119],[74.7208,34.1121],[74.7177,34.1124],[74.7147,34.1128],[74.7127,34.1131],[74.7079,34.1143],[74.7036,34.1155],[74.6994,34.1165],[74.696,34.1174],[74.6915,34.1185],[74.689,34.1192],[74.6868,34.1197],[74.6854,34.1199],[74.6829,34.1204],[74.6807,34.1208],[74.6788,34.1211],[74.6783,34.1209],[74.6754,34.1187],[74.6726,34.1169],[74.6704,34.1166],[74.6634,34.115],[74.6592,34.1137],[74.6548,34.1121],[74.6512,34.1109],[74.6423,34.1078],[74.6313,34.1041],[74.6236,34.1014],[74.6214,34.1009],[74.6191,34.1007],[74.6156,34.0998],[74.6098,34.0981],[74.5983,34.095],[74.5923,34.0933],[74.5901,34.0929],[74.581,34.0913],[74.5747,34.0919],[74.5677,34.0924],[74.561,34.0914],[74.5516,34.09],[74.5439,34.0888],[74.5353,34.0874],[74.5305,34.0872],[74.5249,34.0883],[74.5147,34.0878],[74.5106,34.086],[74.5079,34.0852],[74.5054,34.0852],[74.5033,34.0843],[74.4943,34.0799],[74.4877,34.0773],[74.4812,34.0761],[74.4739,34.0732],[74.4694,34.0728],[74.4669,34.0722],[74.4656,34.0705],[74.4645,34.0694],[74.4642,34.0682],[74.4639,34.0674],[74.4641,34.0666],[74.4644,34.0647],[74.4651,34.0633],[74.4667,34.0626],[74.4691,34.0607],[74.4709,34.0607],[74.4724,34.0602],[74.4735,34.0593],[74.4738,34.058],[74.4738,34.0569],[74.4729,34.0552],[74.4718,34.0545],[74.4727,34.0542],[74.4732,34.0531],[74.4748,34.0527],[74.4772,34.0513],[74.4772,34.05],[74.4761,34.0482],[74.4768,34.0481],[74.4779,34.0485],[74.4797,34.0495],[74.4801,34.049],[74.4808,34.0487],[74.4796,34.0484],[74.4787,34.0476],[74.4782,34.0473],[74.4773,34.0468],[74.4763,34.0462],[74.4752,34.0458],[74.4736,34.0451],[74.4723,34.0446],[74.4711,34.0443],[74.4703,34.0443],[74.4694,34.044],[74.4682,34.0437],[74.4675,34.0435],[74.4666,34.043],[74.4651,34.0425],[74.4639,34.0423],[74.4614,34.0426],[74.4603,34.0424],[74.4593,34.0419],[74.459,34.0418]]}},{"type":"Feature","properties":{"id":"FDR-514","name":"Srinagar to Loolpora","obs":0.21,"drv":2,"runs":6},"geometry":{"type":"LineString","coordinates":[[74.8205,34.0746],[74.8159,34.0734],[74.8103,34.072],[74.8059,34.0715],[74.8037,34.07],[74.8037,34.0679],[74.8035,34.0648],[74.8028,34.0628],[74.8028,34.0588],[74.8044,34.0548],[74.8049,34.0525],[74.8062,34.0503],[74.8093,34.0461],[74.8101,34.0422],[74.8096,34.039],[74.8093,34.0357],[74.8087,34.0322],[74.8086,34.0293],[74.8091,34.0266],[74.8093,34.0212],[74.8098,34.0172],[74.8115,34.0127],[74.8113,34.0093],[74.8132,34.0066],[74.814,34.0032],[74.8141,34.0009],[74.815,33.9975],[74.8147,33.9946],[74.8142,33.9905],[74.8134,33.9866],[74.8118,33.9829],[74.8118,33.9793],[74.8124,33.9765],[74.8111,33.9733],[74.8114,33.9697],[74.8108,33.9678],[74.8103,33.9632],[74.8097,33.9613],[74.809,33.9595],[74.8081,33.9569],[74.8048,33.9531],[74.802,33.9497],[74.801,33.9468],[74.7981,33.9452],[74.7959,33.9441],[74.7928,33.9432],[74.7887,33.942],[74.7787,33.9349],[74.7752,33.9325],[74.7723,33.9317],[74.7699,33.9306],[74.7675,33.9295],[74.7652,33.9287],[74.7617,33.927],[74.7576,33.9259],[74.7547,33.9252],[74.7523,33.9253],[74.7487,33.9244],[74.7466,33.9236],[74.7443,33.9245],[74.742,33.9229],[74.7386,33.921],[74.7345,33.9192],[74.7313,33.9162],[74.7286,33.9131],[74.7267,33.9102],[74.7242,33.9079],[74.7194,33.9038],[74.7174,33.9017],[74.715,33.8995],[74.7118,33.8967],[74.7104,33.895],[74.7075,33.8945],[74.7091,33.8931],[74.7071,33.8916],[74.7052,33.8903],[74.7035,33.8897],[74.7023,33.8888],[74.7002,33.8882],[74.6987,33.8874],[74.697,33.8873],[74.6964,33.8857],[74.6952,33.8854],[74.6936,33.8848],[74.693,33.8832],[74.6916,33.8825],[74.6901,33.8828],[74.6883,33.883],[74.6869,33.8825],[74.6853,33.8805],[74.6852,33.8797],[74.6853,33.8791],[74.6845,33.8783],[74.6843,33.878],[74.684,33.8773],[74.685,33.8775],[74.6848,33.8767],[74.686,33.8772],[74.6877,33.8774],[74.6881,33.8782],[74.6896,33.8776],[74.6907,33.8751],[74.6897,33.8741],[74.6875,33.8741],[74.6851,33.8742],[74.6826,33.8711],[74.6827,33.8695],[74.685,33.8673],[74.6857,33.8643],[74.6846,33.8631],[74.6871,33.8638],[74.6893,33.8627],[74.6864,33.8623],[74.6857,33.8612],[74.6888,33.8599],[74.6912,33.8608],[74.6928,33.8593],[74.6936,33.8583],[74.693,33.8575],[74.691,33.857],[74.6895,33.8565]]}},{"type":"Feature","properties":{"id":"FDR-384","name":"Srinagar to Beeru","obs":0.98,"drv":29,"runs":362},"geometry":{"type":"LineString","coordinates":[[74.917,34.023],[74.9158,34.0238],[74.9141,34.0245],[74.9129,34.0249],[74.9121,34.0257],[74.911,34.0269],[74.9099,34.0282],[74.9089,34.0289],[74.9073,34.0301],[74.9058,34.0313],[74.903,34.0334],[74.9021,34.0341],[74.9006,34.0345],[74.898,34.0355],[74.8977,34.0356],[74.8953,34.0362],[74.8927,34.0369],[74.8913,34.0372],[74.8898,34.0378],[74.8871,34.0388],[74.886,34.039],[74.8848,34.0391],[74.8828,34.039],[74.8819,34.039],[74.8813,34.0391],[74.8802,34.0394],[74.8796,34.0395],[74.8793,34.0396],[74.8778,34.0398],[74.8775,34.0397],[74.8765,34.0395],[74.8734,34.0386],[74.8701,34.0379],[74.8684,34.0376],[74.8675,34.0373],[74.8642,34.0365],[74.8614,34.0358],[74.859,34.0352],[74.856,34.0344],[74.8535,34.0338],[74.8477,34.0324],[74.8458,34.032],[74.8408,34.0307],[74.8387,34.0302],[74.8366,34.0296],[74.8348,34.0292],[74.8313,34.0284],[74.8302,34.0281],[74.8282,34.0277],[74.8262,34.0271],[74.8247,34.0268],[74.8224,34.0262],[74.8208,34.0258],[74.8179,34.025],[74.8159,34.0245],[74.8143,34.0241],[74.8136,34.024],[74.8122,34.024],[74.811,34.0241],[74.81,34.0245],[74.8086,34.0251],[74.8055,34.0262],[74.8039,34.0268],[74.8026,34.0273],[74.8011,34.0279],[74.7991,34.0287],[74.7977,34.0292],[74.7963,34.0298],[74.7941,34.0308],[74.7934,34.0313],[74.7926,34.0319],[74.7918,34.0328],[74.7913,34.0337],[74.7907,34.035],[74.7903,34.0371],[74.7888,34.0387],[74.7882,34.0389],[74.7876,34.0386],[74.7867,34.0378],[74.7859,34.0372],[74.7851,34.0364],[74.784,34.0344],[74.7833,34.0335],[74.7819,34.0321],[74.7812,34.0314],[74.7797,34.0297],[74.7782,34.0278],[74.7773,34.027],[74.7755,34.0248],[74.7744,34.0237],[74.7733,34.0229],[74.7712,34.0217],[74.7703,34.0213],[74.7699,34.0217],[74.7693,34.0219],[74.7679,34.0224],[74.7672,34.0227],[74.7653,34.0233],[74.7627,34.0243],[74.7618,34.0247],[74.7579,34.0259],[74.7546,34.0276],[74.7522,34.029],[74.7514,34.0297],[74.7496,34.0294],[74.7487,34.0287],[74.7481,34.0276],[74.7477,34.0274],[74.7468,34.0273],[74.7459,34.0275],[74.7454,34.0268],[74.7449,34.0265],[74.7437,34.0265],[74.7428,34.0266],[74.7417,34.0268],[74.7405,34.0284],[74.7397,34.029],[74.7388,34.0294],[74.7383,34.0298],[74.7376,34.0303],[74.7364,34.0295],[74.7357,34.0286],[74.7352,34.0276],[74.7342,34.0264],[74.7339,34.026],[74.7339,34.0251],[74.7335,34.0249],[74.7322,34.0246],[74.7317,34.0245],[74.7306,34.024],[74.7301,34.0237],[74.7299,34.0233],[74.7296,34.023],[74.7288,34.0226],[74.7277,34.0213],[74.7268,34.0213],[74.7263,34.0211],[74.7255,34.0206],[74.7254,34.0201],[74.723,34.017],[74.7224,34.0164],[74.721,34.0161],[74.7206,34.0153],[74.7195,34.0148],[74.7187,34.0142]]}},{"type":"Feature","properties":{"id":"FDR-565","name":"Srinagar to Dardpora","obs":0.62,"drv":5,"runs":25},"geometry":{"type":"LineString","coordinates":[[74.8205,34.0746],[74.811,34.0722],[74.8039,34.0715],[74.795,34.0753],[74.7943,34.0803],[74.786,34.0816],[74.7778,34.0905],[74.7726,34.0971],[74.7638,34.103],[74.7547,34.1062],[74.7502,34.1076],[74.7407,34.1097],[74.7298,34.111],[74.722,34.1119],[74.7147,34.1128],[74.7036,34.1155],[74.6915,34.1185],[74.6854,34.1199],[74.6788,34.1211],[74.6745,34.1234],[74.6708,34.1284],[74.6675,34.134],[74.6616,34.1369],[74.6474,34.1412],[74.624,34.1513],[74.6176,34.1508],[74.6081,34.149],[74.5909,34.1419],[74.5729,34.1453],[74.5659,34.1512],[74.555,34.1601],[74.5503,34.1667],[74.5461,34.1709],[74.5423,34.18],[74.5288,34.1863],[74.5211,34.1924],[74.5104,34.2032],[74.5087,34.2161],[74.4963,34.2302],[74.4831,34.2325],[74.4688,34.2311],[74.4571,34.2382],[74.4492,34.2451],[74.4593,34.2597],[74.4543,34.275],[74.4489,34.2807],[74.4475,34.292],[74.4458,34.3023],[74.4321,34.3162],[74.4206,34.3295],[74.4093,34.3482],[74.3821,34.3679],[74.3729,34.3867],[74.3559,34.3964],[74.3345,34.4015],[74.3148,34.4077],[74.2993,34.4146],[74.2971,34.4162],[74.2951,34.4178],[74.2924,34.42],[74.2895,34.4218],[74.2866,34.4242],[74.2838,34.4273],[74.2818,34.43],[74.2805,34.4327],[74.2817,34.4349],[74.2841,34.4366],[74.2861,34.4382],[74.2893,34.4391],[74.2929,34.4399],[74.2958,34.442],[74.2989,34.4433],[74.3006,34.4453],[74.2999,34.4485],[74.2991,34.4519],[74.2964,34.4535],[74.2944,34.4555],[74.2923,34.4578],[74.2908,34.4606],[74.2891,34.4641],[74.2865,34.4694],[74.2814,34.4801],[74.2786,34.4868],[74.2797,34.4925],[74.2774,34.4959],[74.2757,34.499],[74.273,34.5032],[74.2713,34.5066],[74.2678,34.5094],[74.2645,34.5109],[74.2611,34.5132],[74.2535,34.5069],[74.2485,34.5081],[74.2398,34.511],[74.2343,34.5151],[74.2288,34.5195],[74.2227,34.5259],[74.2191,34.5311],[74.2135,34.5286],[74.2072,34.5274],[74.1995,34.5263],[74.1918,34.5234],[74.1834,34.5217],[74.1758,34.5175],[74.1699,34.5126],[74.1684,34.51],[74.1607,34.5079],[74.1552,34.5022],[74.1481,34.5053],[74.1405,34.5029],[74.1351,34.5002],[74.1289,34.4985],[74.1239,34.4981],[74.1219,34.4984],[74.1179,34.4996],[74.113,34.5026],[74.1076,34.5051],[74.1044,34.5062],[74.1012,34.5059],[74.098,34.5077],[74.0939,34.5094],[74.0916,34.5101],[74.0889,34.5095],[74.0868,34.5087],[74.0844,34.5087],[74.0837,34.5093]]}},{"type":"Feature","properties":{"id":"FDR-038","name":"Srinagar to Ratnipora","obs":0.92,"drv":24,"runs":380},"geometry":{"type":"LineString","coordinates":[[74.8205,34.0746],[74.8229,34.0751],[74.828,34.0763],[74.8292,34.0766],[74.8298,34.0767],[74.8298,34.0766],[74.8301,34.0763],[74.8305,34.0759],[74.8311,34.0755],[74.8323,34.0752],[74.8332,34.075],[74.8343,34.0745],[74.8347,34.0743],[74.8356,34.0738],[74.8362,34.0734],[74.8371,34.0728],[74.8374,34.0725],[74.8389,34.0716],[74.8398,34.071],[74.841,34.0704],[74.8419,34.0699],[74.8428,34.0694],[74.8431,34.0691],[74.8434,34.0687],[74.8436,34.0685],[74.8445,34.0677],[74.846,34.0664],[74.848,34.0645],[74.8496,34.0629],[74.8507,34.0621],[74.8521,34.0612],[74.853,34.0606],[74.8546,34.0595],[74.8563,34.0582],[74.8575,34.0574],[74.8594,34.0562],[74.8603,34.0555],[74.8606,34.0552],[74.8611,34.0544],[74.8619,34.0531],[74.8626,34.0522],[74.8633,34.0509],[74.8636,34.0504],[74.8639,34.0502],[74.8652,34.0493],[74.866,34.0487],[74.8671,34.048],[74.8679,34.0476],[74.8685,34.0473],[74.8695,34.0466],[74.8702,34.0462],[74.8706,34.0458],[74.871,34.0454],[74.8716,34.0444],[74.8719,34.044],[74.8722,34.0435],[74.8725,34.043],[74.8727,34.0428],[74.8739,34.0422],[74.8749,34.0417],[74.8757,34.0412],[74.8765,34.0408],[74.8777,34.0402],[74.878,34.04],[74.8778,34.0398],[74.8777,34.0398],[74.8772,34.0396],[74.876,34.0393],[74.8734,34.0386],[74.8705,34.0379],[74.8691,34.0377],[74.8682,34.0375],[74.8675,34.0373],[74.8647,34.0366],[74.8638,34.0363],[74.8615,34.0357],[74.8613,34.0354],[74.861,34.0346],[74.861,34.0342],[74.8612,34.0335],[74.8616,34.0326],[74.8622,34.0317],[74.863,34.0307],[74.8638,34.03],[74.8647,34.0293],[74.8662,34.0285],[74.8721,34.0252],[74.8733,34.0246],[74.8748,34.0239],[74.8771,34.0232],[74.8826,34.0217],[74.8864,34.0207],[74.8887,34.0201],[74.8897,34.0196],[74.8908,34.0189],[74.8925,34.017],[74.895,34.0122],[74.8975,34.0073],[74.8999,34.0026],[74.9017,33.9993],[74.9029,33.9977],[74.9039,33.997],[74.9038,33.9963],[74.9033,33.9943],[74.9045,33.9862],[74.9045,33.9819],[74.9039,33.9772],[74.9039,33.9762],[74.9043,33.9752],[74.9047,33.9742],[74.9062,33.971],[74.9084,33.9695],[74.9127,33.9668],[74.9147,33.9644],[74.9179,33.9607],[74.9195,33.9591],[74.9205,33.9575],[74.9215,33.9555],[74.9226,33.9535],[74.9228,33.9526],[74.9248,33.9508],[74.9262,33.949],[74.9274,33.9477],[74.9274,33.947],[74.9269,33.9394],[74.9266,33.9336],[74.9263,33.9287],[74.9264,33.9275],[74.9264,33.9269],[74.9279,33.9272],[74.9304,33.926],[74.9338,33.9263],[74.9374,33.924],[74.9399,33.9228],[74.9409,33.9224],[74.9426,33.9214],[74.943,33.9214],[74.9437,33.9209],[74.9441,33.9201],[74.9441,33.9197],[74.9438,33.9194],[74.9436,33.9193]]}},{"type":"Feature","properties":{"id":"FDR-437","name":"Srinagar to Ratsun","obs":0.84,"drv":20,"runs":72},"geometry":{"type":"LineString","coordinates":[[74.8205,34.0746],[74.8213,34.0747],[74.8161,34.0734],[74.8113,34.0722],[74.8105,34.072],[74.8093,34.0717],[74.8073,34.0716],[74.8044,34.0715],[74.8037,34.0716],[74.8016,34.0724],[74.7971,34.0745],[74.7956,34.0751],[74.7947,34.0756],[74.7946,34.0773],[74.7944,34.0792],[74.7943,34.0803],[74.7937,34.0809],[74.7924,34.0816],[74.7891,34.0815],[74.7846,34.0816],[74.7837,34.082],[74.7812,34.0855],[74.7786,34.0893],[74.7774,34.0912],[74.7756,34.0938],[74.7741,34.0959],[74.7728,34.097],[74.77,34.0989],[74.7677,34.1005],[74.7646,34.1026],[74.7638,34.103],[74.7601,34.1044],[74.7572,34.1055],[74.7553,34.1061],[74.7546,34.1062],[74.7539,34.1064],[74.7523,34.1069],[74.7505,34.1075],[74.7485,34.1081],[74.746,34.1089],[74.7438,34.1093],[74.7416,34.1096],[74.7391,34.1099],[74.7361,34.1103],[74.7345,34.1105],[74.7298,34.111],[74.7263,34.1114],[74.7241,34.1117],[74.7226,34.1119],[74.7218,34.112],[74.7208,34.1121],[74.7186,34.1123],[74.7164,34.1126],[74.7138,34.1129],[74.7117,34.1134],[74.7079,34.1143],[74.7048,34.1152],[74.7013,34.1161],[74.6987,34.1167],[74.6956,34.1175],[74.6915,34.1185],[74.6896,34.119],[74.6877,34.1195],[74.686,34.1198],[74.685,34.12],[74.6829,34.1204],[74.6811,34.1207],[74.679,34.1211],[74.6786,34.1211],[74.6774,34.1201],[74.6754,34.1187],[74.6728,34.117],[74.6719,34.1169],[74.6669,34.1158],[74.6622,34.1146],[74.6592,34.1137],[74.655,34.1122],[74.6531,34.1116],[74.6457,34.109],[74.6409,34.1074],[74.6313,34.1041],[74.6236,34.1014],[74.6224,34.1011],[74.6205,34.1008],[74.6191,34.1007],[74.6156,34.0998],[74.6114,34.0986],[74.6006,34.0956],[74.5967,34.0945],[74.5916,34.0931],[74.5901,34.0927],[74.5899,34.0919],[74.5914,34.0891],[74.5918,34.0874],[74.5917,34.085],[74.5914,34.0836],[74.5925,34.083],[74.5932,34.0818],[74.5937,34.0806],[74.5941,34.0792],[74.5934,34.0788],[74.5927,34.0781],[74.5931,34.0773],[74.5936,34.0761],[74.5938,34.0751],[74.5943,34.0743],[74.5944,34.0736],[74.5941,34.0727],[74.5935,34.0714],[74.594,34.0709],[74.5936,34.0703],[74.5942,34.0694],[74.5944,34.068],[74.5944,34.0669],[74.5946,34.0661],[74.5945,34.065],[74.5945,34.0631],[74.5939,34.0622],[74.5938,34.0616],[74.5941,34.0608],[74.5945,34.0599],[74.5944,34.059],[74.5944,34.0589]]}},{"type":"Feature","properties":{"id":"FDR-487","name":"Srinagar to Khag","obs":0.61,"drv":18,"runs":64},"geometry":{"type":"LineString","coordinates":[[74.8205,34.0746],[74.8202,34.0744],[74.8158,34.0733],[74.811,34.0722],[74.8093,34.0717],[74.8061,34.0715],[74.8039,34.0715],[74.8018,34.0724],[74.7971,34.0745],[74.795,34.0753],[74.7946,34.0761],[74.7944,34.0792],[74.7943,34.0803],[74.7931,34.0814],[74.7906,34.0815],[74.786,34.0816],[74.7837,34.082],[74.7802,34.087],[74.7778,34.0905],[74.7757,34.0935],[74.7741,34.0959],[74.7726,34.0971],[74.7683,34.1001],[74.7665,34.1013],[74.7638,34.103],[74.76,34.1045],[74.7567,34.1057],[74.7547,34.1062],[74.7539,34.1064],[74.7517,34.1071],[74.7502,34.1076],[74.7467,34.1087],[74.7438,34.1093],[74.7407,34.1097],[74.7376,34.1101],[74.7348,34.1104],[74.7298,34.111],[74.7261,34.1114],[74.7235,34.1117],[74.722,34.1119],[74.7208,34.1121],[74.7177,34.1124],[74.7147,34.1128],[74.7127,34.1131],[74.7079,34.1143],[74.7036,34.1155],[74.6994,34.1165],[74.696,34.1174],[74.6915,34.1185],[74.689,34.1192],[74.6868,34.1197],[74.6854,34.1199],[74.6829,34.1204],[74.6807,34.1208],[74.6788,34.1211],[74.6783,34.1209],[74.6754,34.1187],[74.6726,34.1169],[74.6704,34.1166],[74.6634,34.115],[74.6592,34.1137],[74.6548,34.1121],[74.6512,34.1109],[74.6423,34.1078],[74.6313,34.1041],[74.6236,34.1014],[74.6214,34.1009],[74.6191,34.1007],[74.6156,34.0998],[74.6098,34.0981],[74.5983,34.095],[74.5923,34.0933],[74.5901,34.0927],[74.59,34.0915],[74.5918,34.0883],[74.5917,34.0861],[74.5914,34.0836],[74.5902,34.0812],[74.5888,34.0804],[74.5868,34.0791],[74.5859,34.0777],[74.585,34.0761],[74.5841,34.0749],[74.5835,34.073],[74.5824,34.0717],[74.5799,34.0701],[74.5784,34.0679],[74.5771,34.0657],[74.5765,34.0634],[74.5759,34.0631],[74.5739,34.0627],[74.571,34.0622],[74.5692,34.0613],[74.568,34.0608],[74.5672,34.0595],[74.5655,34.0572],[74.5646,34.0556],[74.5647,34.0545],[74.5645,34.0538],[74.5633,34.0537],[74.563,34.054],[74.562,34.0531],[74.5623,34.0526],[74.5613,34.0516],[74.5598,34.0505],[74.5579,34.0496],[74.5548,34.0484],[74.5512,34.0477],[74.5488,34.0467],[74.5473,34.0442],[74.5481,34.0435],[74.549,34.0427],[74.5474,34.0407],[74.5465,34.0385],[74.5459,34.0363],[74.5457,34.0343],[74.5449,34.0328],[74.5441,34.0306],[74.544,34.0295],[74.5442,34.028],[74.5446,34.0265],[74.5445,34.0248],[74.5433,34.0233],[74.5427,34.0216],[74.5414,34.02],[74.5398,34.0184],[74.5384,34.0167],[74.5369,34.015],[74.5359,34.0142],[74.5347,34.0141],[74.533,34.0114],[74.531,34.0092],[74.5304,34.0063],[74.53,34.005],[74.5292,34.0032],[74.5291,34.0023],[74.5299,34.0014],[74.5299,34.0],[74.5298,33.9992]]}},{"type":"Feature","properties":{"id":"FDR-463","name":"Srinagar to Karhama","obs":0.88,"drv":20,"runs":71},"geometry":{"type":"LineString","coordinates":[[74.8205,34.0746],[74.8213,34.0747],[74.8161,34.0734],[74.8113,34.0722],[74.8105,34.072],[74.8093,34.0717],[74.8073,34.0716],[74.8044,34.0715],[74.8037,34.0716],[74.8016,34.0724],[74.7971,34.0745],[74.7956,34.0751],[74.7947,34.0756],[74.7946,34.0773],[74.7944,34.0792],[74.7943,34.0803],[74.7937,34.0809],[74.7924,34.0816],[74.7891,34.0815],[74.7846,34.0816],[74.7837,34.082],[74.7812,34.0855],[74.7786,34.0893],[74.7774,34.0912],[74.7756,34.0938],[74.7741,34.0959],[74.7728,34.097],[74.77,34.0989],[74.7677,34.1005],[74.7646,34.1026],[74.7638,34.103],[74.7601,34.1044],[74.7572,34.1055],[74.7553,34.1061],[74.7546,34.1062],[74.7539,34.1064],[74.7523,34.1069],[74.7505,34.1075],[74.7485,34.1081],[74.746,34.1089],[74.7438,34.1093],[74.7416,34.1096],[74.7391,34.1099],[74.7361,34.1103],[74.7345,34.1105],[74.7298,34.111],[74.7263,34.1114],[74.7241,34.1117],[74.7226,34.1119],[74.7218,34.112],[74.7208,34.1121],[74.7186,34.1123],[74.7164,34.1126],[74.7138,34.1129],[74.7117,34.1134],[74.7079,34.1143],[74.7048,34.1152],[74.7013,34.1161],[74.6987,34.1167],[74.6956,34.1175],[74.6915,34.1185],[74.6896,34.119],[74.6877,34.1195],[74.686,34.1198],[74.685,34.12],[74.6829,34.1204],[74.6811,34.1207],[74.679,34.1211],[74.6786,34.1211],[74.6774,34.1201],[74.6754,34.1187],[74.6728,34.117],[74.6719,34.1169],[74.6669,34.1158],[74.6622,34.1146],[74.6592,34.1137],[74.655,34.1122],[74.6531,34.1116],[74.6457,34.109],[74.6409,34.1074],[74.6313,34.1041],[74.6236,34.1014],[74.6224,34.1011],[74.6205,34.1008],[74.6191,34.1007],[74.6156,34.0998],[74.6114,34.0986],[74.6006,34.0956],[74.5967,34.0945],[74.5916,34.0931],[74.5901,34.0929],[74.5848,34.0919],[74.5792,34.0911],[74.5713,34.0927],[74.5672,34.0924],[74.561,34.0914],[74.5532,34.0902],[74.5473,34.0893],[74.542,34.0884],[74.5352,34.0872],[74.5342,34.0853],[74.5327,34.0842],[74.532,34.0834],[74.5316,34.0821],[74.5314,34.0809],[74.531,34.0807],[74.5305,34.0804],[74.5296,34.0792],[74.5294,34.0785],[74.5282,34.0776],[74.5276,34.0767],[74.5261,34.0742],[74.5254,34.0731],[74.5246,34.0723],[74.5241,34.0717],[74.5232,34.0709],[74.5217,34.0692],[74.5208,34.0672],[74.5204,34.0662],[74.5197,34.0645],[74.5191,34.0632],[74.5192,34.0621],[74.5188,34.062],[74.5184,34.0619]]}},{"type":"Feature","properties":{"id":"FDR-508","name":"Srinagar to Chewdara","obs":0.52,"drv":14,"runs":38},"geometry":{"type":"LineString","coordinates":[[74.8205,34.0746],[74.82,34.0744],[74.8113,34.0722],[74.8103,34.072],[74.8073,34.0716],[74.8039,34.0715],[74.8016,34.0724],[74.7961,34.0749],[74.7947,34.0756],[74.7945,34.0785],[74.7943,34.0803],[74.7929,34.0816],[74.7891,34.0815],[74.784,34.0813],[74.7825,34.08],[74.7805,34.0787],[74.7779,34.0771],[74.7761,34.0762],[74.7743,34.0753],[74.772,34.0741],[74.7703,34.0731],[74.7684,34.0723],[74.7673,34.0718],[74.7658,34.0714],[74.7623,34.0705],[74.7611,34.0702],[74.7593,34.0695],[74.7587,34.069],[74.7585,34.0682],[74.7585,34.0676],[74.7585,34.0668],[74.7587,34.0661],[74.7585,34.0652],[74.7583,34.0644],[74.7579,34.0636],[74.7575,34.0628],[74.7572,34.0622],[74.7566,34.0618],[74.7551,34.0604],[74.7541,34.0597],[74.7523,34.0586],[74.7503,34.0575],[74.7494,34.0569],[74.7485,34.0563],[74.7474,34.0555],[74.7464,34.0548],[74.7445,34.0536],[74.7436,34.053],[74.7421,34.052],[74.7411,34.0515],[74.7401,34.0508],[74.7389,34.05],[74.738,34.0496],[74.7368,34.0488],[74.736,34.0481],[74.7346,34.0472],[74.7339,34.0465],[74.7332,34.0455],[74.7322,34.045],[74.7317,34.0446],[74.7311,34.0439],[74.7303,34.0433],[74.7297,34.0428],[74.727,34.0417],[74.725,34.0405],[74.7243,34.04],[74.7229,34.0395],[74.7202,34.0382],[74.7187,34.0372],[74.7177,34.0384],[74.7156,34.0395],[74.7134,34.0412],[74.7107,34.042],[74.7081,34.0419],[74.7063,34.0425],[74.7039,34.0418],[74.7025,34.0419],[74.7001,34.0419],[74.6961,34.041],[74.6945,34.0405],[74.6938,34.0383],[74.689,34.0373],[74.6841,34.0365],[74.6791,34.0361],[74.6716,34.0366],[74.6698,34.0403],[74.6694,34.0421],[74.6685,34.0405],[74.6682,34.0378],[74.6657,34.0361],[74.6628,34.0341],[74.6632,34.0319],[74.6615,34.0339],[74.6595,34.0355],[74.6596,34.0338],[74.6584,34.0319],[74.6571,34.0329],[74.6557,34.0339],[74.6563,34.0322],[74.6567,34.0315],[74.6549,34.0317],[74.6525,34.0303],[74.6503,34.0289],[74.6492,34.0288],[74.6484,34.0279],[74.6473,34.0268],[74.647,34.0275],[74.6458,34.027],[74.6427,34.0258],[74.6404,34.0253],[74.6385,34.0253],[74.6375,34.0245],[74.6356,34.022],[74.6337,34.0204],[74.6333,34.0195],[74.6331,34.0188],[74.6328,34.02],[74.6321,34.0205],[74.6306,34.02],[74.6302,34.0192],[74.6297,34.0193],[74.6292,34.0206],[74.6269,34.0207],[74.6263,34.0198],[74.6244,34.0184],[74.6226,34.0178],[74.6205,34.018],[74.6196,34.0192],[74.616,34.0216],[74.6134,34.022],[74.6117,34.0238],[74.6103,34.0254],[74.6101,34.0252],[74.609,34.0261],[74.6073,34.0267],[74.6063,34.0271],[74.6058,34.028],[74.6054,34.0273],[74.6055,34.0268]]}},{"type":"Feature","properties":{"id":"FDR-464","name":"Srinagar to Badrun","obs":0.87,"drv":21,"runs":77},"geometry":{"type":"LineString","coordinates":[[74.8111,34.0744],[74.8107,34.0742],[74.8098,34.073],[74.8093,34.0719],[74.8105,34.0721],[74.8111,34.0723],[74.8112,34.0722],[74.8105,34.072],[74.8094,34.0717],[74.8092,34.0717],[74.8061,34.0715],[74.8044,34.0715],[74.8038,34.0715],[74.802,34.0723],[74.8013,34.0726],[74.7971,34.0745],[74.7958,34.075],[74.7948,34.0755],[74.7947,34.0757],[74.7946,34.0773],[74.7944,34.0792],[74.7944,34.0797],[74.7942,34.0805],[74.7937,34.0809],[74.7926,34.0816],[74.7906,34.0815],[74.7884,34.0815],[74.7846,34.0816],[74.7839,34.0818],[74.7821,34.0842],[74.7802,34.087],[74.7786,34.0893],[74.7775,34.0911],[74.7763,34.0928],[74.7754,34.0941],[74.7741,34.096],[74.7734,34.0965],[74.7715,34.0979],[74.7684,34.1],[74.7677,34.1005],[74.7665,34.1013],[74.7643,34.1028],[74.7634,34.1032],[74.7601,34.1044],[74.7576,34.1054],[74.7567,34.1057],[74.7551,34.1061],[74.7546,34.1062],[74.7542,34.1063],[74.7532,34.1066],[74.7517,34.1071],[74.7505,34.1075],[74.7499,34.1077],[74.748,34.1082],[74.7454,34.1091],[74.7438,34.1093],[74.7422,34.1095],[74.7403,34.1098],[74.7388,34.1099],[74.7361,34.1103],[74.7348,34.1104],[74.7322,34.1107],[74.7284,34.1112],[74.7263,34.1114],[74.7248,34.1116],[74.7235,34.1118],[74.7226,34.1119],[74.7218,34.112],[74.7209,34.1121],[74.7195,34.1122],[74.7177,34.1124],[74.7164,34.1126],[74.7142,34.1129],[74.7131,34.113],[74.7106,34.1137],[74.7079,34.1143],[74.706,34.1148],[74.7026,34.1157],[74.7007,34.1162],[74.6987,34.1167],[74.696,34.1174],[74.6951,34.1176],[74.6913,34.1186],[74.6896,34.119],[74.6879,34.1195],[74.6868,34.1197],[74.6857,34.1199],[74.685,34.12],[74.6835,34.1202],[74.6821,34.1205],[74.6807,34.1208],[74.679,34.1211],[74.6787,34.1212],[74.6785,34.121],[74.6767,34.1197],[74.6754,34.1187],[74.6732,34.1171],[74.6725,34.1169],[74.6715,34.1168],[74.6669,34.1158],[74.6634,34.115],[74.6605,34.1141],[74.6583,34.1134],[74.655,34.1122],[74.6536,34.1117],[74.6512,34.1109],[74.6431,34.1081],[74.6409,34.1074],[74.6315,34.1042],[74.6268,34.1026],[74.6236,34.1014],[74.6224,34.1011],[74.6211,34.1009],[74.6198,34.1007],[74.619,34.1007],[74.6156,34.0998],[74.6121,34.0988],[74.607,34.0974],[74.6,34.0955],[74.5967,34.0945],[74.5923,34.0933],[74.5909,34.093],[74.5901,34.0926],[74.5899,34.0919],[74.5908,34.0901],[74.5918,34.0883],[74.5917,34.0867],[74.5917,34.085],[74.5916,34.0839],[74.5912,34.083],[74.5902,34.0812],[74.5895,34.0807],[74.5885,34.0802],[74.5874,34.0795],[74.5862,34.0787],[74.5859,34.0785],[74.5855,34.0783],[74.585,34.0784],[74.5842,34.0783],[74.5835,34.0783],[74.5831,34.0783],[74.5824,34.0783],[74.5813,34.078],[74.5806,34.0771],[74.5801,34.0769],[74.5793,34.0769],[74.5781,34.0766],[74.5776,34.0763],[74.5772,34.0764],[74.5766,34.0763],[74.5758,34.0759],[74.5752,34.0757],[74.5752,34.0754],[74.5763,34.0753]]}},{"type":"Feature","properties":{"id":"FDR-439","name":"Srinagar to Tangmarg","obs":0.99,"drv":17,"runs":63},"geometry":{"type":"LineString","coordinates":[[74.8205,34.0746],[74.8213,34.0747],[74.8161,34.0734],[74.8113,34.0722],[74.8105,34.072],[74.8093,34.0717],[74.8073,34.0716],[74.8044,34.0715],[74.8037,34.0716],[74.8016,34.0724],[74.7971,34.0745],[74.7956,34.0751],[74.7947,34.0756],[74.7946,34.0773],[74.7944,34.0792],[74.7943,34.0803],[74.7937,34.0809],[74.7924,34.0816],[74.7891,34.0815],[74.7846,34.0816],[74.7837,34.082],[74.7812,34.0855],[74.7786,34.0893],[74.7774,34.0912],[74.7756,34.0938],[74.7741,34.0959],[74.7728,34.097],[74.77,34.0989],[74.7677,34.1005],[74.7646,34.1026],[74.7638,34.103],[74.7601,34.1044],[74.7572,34.1055],[74.7553,34.1061],[74.7546,34.1062],[74.7539,34.1064],[74.7523,34.1069],[74.7505,34.1075],[74.7485,34.1081],[74.746,34.1089],[74.7438,34.1093],[74.7416,34.1096],[74.7391,34.1099],[74.7361,34.1103],[74.7345,34.1105],[74.7298,34.111],[74.7263,34.1114],[74.7241,34.1117],[74.7226,34.1119],[74.7218,34.112],[74.7208,34.1121],[74.7186,34.1123],[74.7164,34.1126],[74.7138,34.1129],[74.7117,34.1134],[74.7079,34.1143],[74.7048,34.1152],[74.7013,34.1161],[74.6987,34.1167],[74.6956,34.1175],[74.6915,34.1185],[74.6896,34.119],[74.6877,34.1195],[74.686,34.1198],[74.685,34.12],[74.6829,34.1204],[74.6811,34.1207],[74.679,34.1211],[74.6786,34.1211],[74.6774,34.1201],[74.6754,34.1187],[74.6728,34.117],[74.6719,34.1169],[74.6669,34.1158],[74.6622,34.1146],[74.6592,34.1137],[74.655,34.1122],[74.6531,34.1116],[74.6457,34.109],[74.6409,34.1074],[74.6313,34.1041],[74.6236,34.1014],[74.6224,34.1011],[74.6205,34.1008],[74.6191,34.1007],[74.6156,34.0998],[74.6114,34.0986],[74.6006,34.0956],[74.5967,34.0945],[74.5916,34.0931],[74.5901,34.0929],[74.5848,34.0919],[74.5792,34.0911],[74.5713,34.0927],[74.5672,34.0924],[74.561,34.0914],[74.5532,34.0902],[74.5473,34.0893],[74.542,34.0884],[74.5334,34.0871],[74.5305,34.0872],[74.5251,34.0883],[74.5166,34.0879],[74.5142,34.0877],[74.509,34.0853],[74.5079,34.0852],[74.5057,34.0852],[74.5044,34.0848],[74.5004,34.0828],[74.4932,34.0794],[74.4877,34.0773],[74.4818,34.0762],[74.4763,34.0742],[74.472,34.0732],[74.4686,34.0726],[74.4658,34.0721],[74.462,34.0711],[74.4588,34.0708],[74.4564,34.0703],[74.4538,34.0697],[74.4512,34.0691],[74.4469,34.068],[74.4435,34.0667],[74.4366,34.0633],[74.4314,34.0608],[74.4284,34.0598],[74.4257,34.0592],[74.4236,34.0587],[74.4227,34.0583]]}},{"type":"Feature","properties":{"id":"FDR-570","name":"Srinagar to Khoor","obs":0.62,"drv":5,"runs":25},"geometry":{"type":"LineString","coordinates":[[74.8205,34.0746],[74.8094,34.0717],[74.7992,34.0735],[74.7944,34.0796],[74.7846,34.0816],[74.7757,34.0935],[74.7675,34.1007],[74.7551,34.1061],[74.7485,34.1081],[74.7363,34.1102],[74.7235,34.1117],[74.7154,34.1127],[74.7013,34.1161],[74.6879,34.1195],[74.6799,34.1209],[74.6745,34.1234],[74.6705,34.1294],[74.6656,34.1354],[74.6536,34.1392],[74.6234,34.1513],[74.616,34.1499],[74.5965,34.1437],[74.5754,34.1445],[74.564,34.1515],[74.5541,34.1618],[74.5478,34.1708],[74.5424,34.1797],[74.5281,34.1867],[74.5145,34.1971],[74.5084,34.2122],[74.4963,34.2302],[74.4769,34.2325],[74.4643,34.2327],[74.4483,34.2434],[74.4586,34.2604],[74.4546,34.2783],[74.447,34.2888],[74.4469,34.3013],[74.4309,34.3177],[74.4184,34.3338],[74.3875,34.3629],[74.3731,34.3861],[74.351,34.3984],[74.3274,34.4036],[74.3006,34.4139],[74.2971,34.4162],[74.2945,34.4183],[74.2908,34.4209],[74.2872,34.4237],[74.2837,34.4275],[74.2812,34.4309],[74.2807,34.434],[74.2838,34.4365],[74.2866,34.4384],[74.2908,34.4395],[74.295,34.4411],[74.2986,34.4432],[74.3004,34.4459],[74.2998,34.4502],[74.297,34.4527],[74.2944,34.4555],[74.2919,34.4586],[74.2898,34.4627],[74.2873,34.4678],[74.2813,34.4803],[74.2792,34.4904],[74.279,34.494],[74.2761,34.4986],[74.2728,34.5035],[74.27,34.508],[74.2655,34.5108],[74.2614,34.513],[74.2534,34.5065],[74.2442,34.5091],[74.2356,34.514],[74.2288,34.5195],[74.2226,34.5264],[74.2166,34.5296],[74.2095,34.5279],[74.1986,34.5261],[74.1925,34.5298],[74.188,34.5342],[74.1832,34.5397],[74.1779,34.5446],[74.1715,34.5491],[74.1663,34.5523],[74.1621,34.5564],[74.1586,34.5602],[74.1577,34.5632],[74.1566,34.5653],[74.1549,34.5646],[74.1552,34.5686],[74.1555,34.5719],[74.1555,34.5731],[74.155,34.5744],[74.1536,34.5777],[74.1509,34.5809],[74.1505,34.5822],[74.1488,34.5831],[74.1482,34.5844],[74.1477,34.5843],[74.1472,34.5849],[74.1466,34.5848],[74.1461,34.5853],[74.1475,34.588],[74.1468,34.5872],[74.1456,34.5871],[74.1469,34.5894],[74.1465,34.5897],[74.1483,34.5914],[74.1515,34.5897],[74.1487,34.5922],[74.1471,34.5921],[74.149,34.5926],[74.1456,34.5918],[74.1451,34.5921],[74.1431,34.5912],[74.1422,34.5909],[74.1416,34.5931],[74.1411,34.5939],[74.1402,34.5939],[74.1366,34.5933],[74.1362,34.5929]]}},{"type":"Feature","properties":{"id":"FDR-551","name":"Srinagar to Handwara","obs":0.62,"drv":8,"runs":29},"geometry":{"type":"LineString","coordinates":[[74.8205,34.0746],[74.8161,34.0734],[74.8105,34.072],[74.8073,34.0716],[74.8037,34.0716],[74.7971,34.0745],[74.7947,34.0756],[74.7944,34.0792],[74.7937,34.0809],[74.7891,34.0815],[74.7837,34.082],[74.7786,34.0893],[74.7756,34.0938],[74.7728,34.097],[74.7677,34.1005],[74.7638,34.103],[74.7572,34.1055],[74.7546,34.1062],[74.7523,34.1069],[74.7485,34.1081],[74.7438,34.1093],[74.7391,34.1099],[74.7345,34.1105],[74.7263,34.1114],[74.7226,34.1119],[74.7208,34.1121],[74.7164,34.1126],[74.7117,34.1134],[74.7048,34.1152],[74.6987,34.1167],[74.6915,34.1185],[74.6877,34.1195],[74.685,34.12],[74.6811,34.1207],[74.6786,34.1212],[74.6751,34.1228],[74.6733,34.1247],[74.6713,34.1269],[74.6705,34.1294],[74.6688,34.1327],[74.6664,34.1351],[74.6625,34.1366],[74.6576,34.1381],[74.6496,34.1404],[74.6321,34.1443],[74.624,34.1513],[74.6202,34.1513],[74.617,34.1504],[74.6131,34.1494],[74.6063,34.1487],[74.5955,34.1431],[74.5897,34.1419],[74.5813,34.1426],[74.5712,34.1471],[74.5666,34.151],[74.5583,34.1557],[74.5553,34.1591],[74.5541,34.1618],[74.5509,34.166],[74.5485,34.1698],[74.5461,34.1709],[74.5431,34.1739],[74.5422,34.1803],[74.5332,34.1838],[74.5284,34.1865],[74.5253,34.1903],[74.5173,34.1954],[74.5127,34.1994],[74.5088,34.2056],[74.5088,34.2146],[74.5062,34.219],[74.4966,34.2299],[74.4907,34.2334],[74.4838,34.2325],[74.4732,34.2311],[74.4688,34.2311],[74.4643,34.2327],[74.4569,34.2384],[74.4503,34.243],[74.4434,34.2437],[74.4378,34.242],[74.4283,34.2402],[74.4244,34.2379],[74.4213,34.2381],[74.4189,34.2378],[74.4094,34.2328],[74.4065,34.2305],[74.405,34.2311],[74.4033,34.233],[74.4019,34.2341],[74.3999,34.2377],[74.3968,34.2447],[74.396,34.2474],[74.3928,34.2508],[74.3909,34.2537],[74.3914,34.2553],[74.3906,34.2587],[74.3876,34.2692],[74.3858,34.2763],[74.3823,34.2853],[74.3814,34.2897],[74.3793,34.3054],[74.3725,34.3165],[74.3715,34.3194],[74.3667,34.3242],[74.3587,34.3391],[74.3569,34.3448],[74.3555,34.3499],[74.3501,34.3553],[74.3419,34.3622],[74.328,34.3699],[74.3168,34.3723],[74.3142,34.3726],[74.3093,34.3743],[74.3069,34.3754],[74.3093,34.3786],[74.3067,34.3811],[74.2969,34.3868],[74.2934,34.3896],[74.2919,34.3919],[74.2882,34.3966],[74.2841,34.3978],[74.2842,34.3985],[74.2836,34.3993],[74.283,34.3994]]}},{"type":"Feature","properties":{"id":"FDR-563","name":"Srinagar to Trehgam KUP","obs":0.7,"drv":5,"runs":25},"geometry":{"type":"LineString","coordinates":[[74.8205,34.0746],[74.8113,34.0722],[74.8073,34.0716],[74.8016,34.0724],[74.7947,34.0756],[74.7943,34.0803],[74.7891,34.0815],[74.7812,34.0855],[74.7756,34.0938],[74.77,34.0989],[74.7638,34.103],[74.7553,34.1061],[74.7523,34.1069],[74.746,34.1089],[74.7391,34.1099],[74.7298,34.111],[74.7226,34.1119],[74.7186,34.1123],[74.7117,34.1134],[74.7013,34.1161],[74.6915,34.1185],[74.686,34.1198],[74.6811,34.1207],[74.6771,34.1219],[74.6733,34.1247],[74.6708,34.1284],[74.6688,34.1327],[74.665,34.1356],[74.6576,34.1381],[74.6397,34.1432],[74.624,34.1513],[74.6181,34.1511],[74.6131,34.1494],[74.6033,34.1477],[74.5897,34.1419],[74.5729,34.1453],[74.5666,34.151],[74.5566,34.1573],[74.5541,34.1618],[74.5491,34.1681],[74.5461,34.1709],[74.5425,34.1786],[74.5332,34.1838],[74.5274,34.1873],[74.5173,34.1954],[74.5104,34.2032],[74.5088,34.2146],[74.5035,34.2221],[74.4907,34.2334],[74.4779,34.2325],[74.4688,34.2311],[74.4605,34.2359],[74.4503,34.243],[74.4544,34.2523],[74.4559,34.2655],[74.4543,34.275],[74.4507,34.2796],[74.447,34.2888],[74.4486,34.2946],[74.445,34.303],[74.4321,34.3162],[74.4223,34.3267],[74.4164,34.3425],[74.3986,34.354],[74.3783,34.3731],[74.3729,34.3867],[74.3612,34.394],[74.346,34.4004],[74.329,34.4033],[74.3129,34.4085],[74.2993,34.4146],[74.2975,34.4159],[74.2959,34.4171],[74.294,34.4186],[74.2917,34.4204],[74.2895,34.4218],[74.2872,34.4237],[74.2848,34.4259],[74.283,34.4284],[74.2815,34.4305],[74.2805,34.4327],[74.2811,34.4344],[74.283,34.436],[74.2849,34.4374],[74.2869,34.4384],[74.2893,34.4391],[74.2925,34.4397],[74.2948,34.441],[74.2968,34.4427],[74.2994,34.4436],[74.3006,34.4453],[74.2999,34.4479],[74.2997,34.4508],[74.2979,34.452],[74.2961,34.4539],[74.2944,34.4555],[74.2926,34.4574],[74.2913,34.4595],[74.29,34.4621],[74.2888,34.4648],[74.2865,34.4694],[74.2819,34.479],[74.2789,34.4851],[74.2793,34.4907],[74.2798,34.4927],[74.2774,34.4959],[74.2762,34.4985],[74.2743,34.5016],[74.2724,34.5044],[74.2708,34.5074],[74.2678,34.5094],[74.2652,34.5109],[74.2623,34.5123],[74.2575,34.5129],[74.2534,34.5065],[74.2485,34.5081],[74.2406,34.5101],[74.2361,34.5133],[74.233,34.5166],[74.2282,34.5194],[74.2227,34.5259],[74.2198,34.5299],[74.2163,34.5294],[74.2117,34.528],[74.206,34.5272],[74.1995,34.5263],[74.193,34.5244],[74.1872,34.5228],[74.1811,34.5216],[74.1747,34.5174],[74.1743,34.5175]]}},{"type":"Feature","properties":{"id":"FDR-562","name":"Srinagar to Chowkibal","obs":0.71,"drv":5,"runs":25},"geometry":{"type":"LineString","coordinates":[[74.8205,34.0746],[74.8113,34.0722],[74.8073,34.0716],[74.8016,34.0724],[74.7947,34.0756],[74.7943,34.0803],[74.7891,34.0815],[74.7812,34.0855],[74.7756,34.0938],[74.77,34.0989],[74.7638,34.103],[74.7553,34.1061],[74.7523,34.1069],[74.746,34.1089],[74.7391,34.1099],[74.7298,34.111],[74.7226,34.1119],[74.7186,34.1123],[74.7117,34.1134],[74.7013,34.1161],[74.6915,34.1185],[74.686,34.1198],[74.6811,34.1207],[74.6771,34.1219],[74.6733,34.1247],[74.6708,34.1284],[74.6688,34.1327],[74.665,34.1356],[74.6576,34.1381],[74.6397,34.1432],[74.624,34.1513],[74.6181,34.1511],[74.6131,34.1494],[74.6033,34.1477],[74.5897,34.1419],[74.5729,34.1453],[74.5666,34.151],[74.5566,34.1573],[74.5541,34.1618],[74.5491,34.1681],[74.5461,34.1709],[74.5425,34.1786],[74.5332,34.1838],[74.5274,34.1873],[74.5173,34.1954],[74.5104,34.2032],[74.5088,34.2146],[74.5035,34.2221],[74.4907,34.2334],[74.4779,34.2325],[74.4688,34.2311],[74.4605,34.2359],[74.4503,34.243],[74.4544,34.2523],[74.4559,34.2655],[74.4543,34.275],[74.4507,34.2796],[74.447,34.2888],[74.4486,34.2946],[74.445,34.303],[74.4321,34.3162],[74.4223,34.3267],[74.4164,34.3425],[74.3986,34.354],[74.3783,34.3731],[74.3729,34.3867],[74.3612,34.394],[74.346,34.4004],[74.329,34.4033],[74.3129,34.4085],[74.2993,34.4146],[74.2975,34.4159],[74.2959,34.4171],[74.294,34.4186],[74.2917,34.4204],[74.2895,34.4218],[74.2872,34.4237],[74.2848,34.4259],[74.283,34.4284],[74.2815,34.4305],[74.2805,34.4327],[74.2811,34.4344],[74.283,34.436],[74.2849,34.4374],[74.2869,34.4384],[74.2893,34.4391],[74.2925,34.4397],[74.2948,34.441],[74.2968,34.4427],[74.2994,34.4436],[74.3006,34.4453],[74.2999,34.4479],[74.2997,34.4508],[74.2979,34.452],[74.2961,34.4539],[74.2944,34.4555],[74.2926,34.4574],[74.2913,34.4595],[74.29,34.4621],[74.2888,34.4648],[74.2865,34.4694],[74.2819,34.479],[74.2789,34.4851],[74.2793,34.4907],[74.2798,34.4927],[74.2774,34.4959],[74.2762,34.4985],[74.2743,34.5016],[74.2724,34.5044],[74.2708,34.5074],[74.2678,34.5094],[74.2652,34.5109],[74.2623,34.5123],[74.2575,34.5129],[74.2534,34.5065],[74.2485,34.5081],[74.2406,34.5101],[74.2361,34.5133],[74.233,34.5166],[74.2282,34.5194],[74.2227,34.5259],[74.2198,34.5299],[74.2163,34.5294],[74.2117,34.528],[74.206,34.5272],[74.1995,34.5263],[74.193,34.5244],[74.1872,34.5228],[74.185,34.5221]]}},{"type":"Feature","properties":{"id":"FDR-509","name":"Srinagar to Hajin","obs":0.89,"drv":18,"runs":65},"geometry":{"type":"LineString","coordinates":[[74.8205,34.0746],[74.8213,34.0747],[74.8161,34.0734],[74.8113,34.0722],[74.8105,34.072],[74.8093,34.0717],[74.8073,34.0716],[74.8044,34.0715],[74.8037,34.0716],[74.8016,34.0724],[74.7971,34.0745],[74.7956,34.0751],[74.7947,34.0756],[74.7946,34.0773],[74.7944,34.0792],[74.7943,34.0803],[74.7937,34.0809],[74.7924,34.0816],[74.7891,34.0815],[74.7846,34.0816],[74.7837,34.082],[74.7812,34.0855],[74.7786,34.0893],[74.7774,34.0912],[74.7756,34.0938],[74.7741,34.0959],[74.7728,34.097],[74.77,34.0989],[74.7677,34.1005],[74.7646,34.1026],[74.7638,34.103],[74.7601,34.1044],[74.7572,34.1055],[74.7553,34.1061],[74.7546,34.1062],[74.7539,34.1064],[74.7523,34.1069],[74.7505,34.1075],[74.7485,34.1081],[74.746,34.1089],[74.7452,34.1095],[74.7424,34.1124],[74.7409,34.114],[74.7401,34.1148],[74.7386,34.1164],[74.7377,34.1174],[74.7368,34.1183],[74.7358,34.1195],[74.7341,34.1217],[74.7333,34.1227],[74.7321,34.1241],[74.7298,34.1254],[74.7279,34.1262],[74.7272,34.1263],[74.7254,34.1265],[74.7227,34.1267],[74.7177,34.1272],[74.7166,34.1274],[74.7152,34.1281],[74.7127,34.1295],[74.7092,34.1315],[74.7065,34.133],[74.7061,34.1334],[74.7058,34.1362],[74.7055,34.138],[74.7051,34.14],[74.7048,34.1412],[74.7044,34.1426],[74.7029,34.1468],[74.7021,34.1491],[74.7016,34.1506],[74.7008,34.1527],[74.7003,34.1534],[74.698,34.1555],[74.6961,34.1572],[74.6942,34.1592],[74.693,34.1605],[74.6908,34.1628],[74.6882,34.1656],[74.6855,34.1684],[74.6839,34.1702],[74.6836,34.1705],[74.6815,34.1729],[74.6808,34.174],[74.6801,34.1748],[74.6779,34.1778],[74.6771,34.1787],[74.6762,34.1792],[74.6743,34.1798],[74.6737,34.18],[74.6733,34.1804],[74.673,34.1815],[74.6719,34.1854],[74.6714,34.1873],[74.6707,34.1887],[74.6684,34.1925],[74.6659,34.1968],[74.6636,34.2011],[74.6635,34.2017],[74.6635,34.2032],[74.6613,34.2055],[74.6592,34.2071],[74.6569,34.2091],[74.6509,34.2147],[74.6497,34.2176],[74.6496,34.2205],[74.6503,34.2233],[74.6513,34.2262],[74.6511,34.2268],[74.6501,34.229],[74.6477,34.2303],[74.6472,34.2307],[74.6457,34.2336],[74.6445,34.2347],[74.6422,34.2357],[74.6385,34.2377],[74.6366,34.2387],[74.6281,34.2431],[74.6239,34.2458],[74.623,34.2465],[74.6218,34.2468],[74.6148,34.2498],[74.6138,34.2502],[74.6101,34.2515],[74.6076,34.2522],[74.6068,34.254],[74.6062,34.2588],[74.6065,34.2595],[74.6094,34.2624],[74.6138,34.2645],[74.6156,34.2665],[74.6166,34.2679],[74.6175,34.2713],[74.6172,34.2752],[74.6179,34.2785],[74.6196,34.2831],[74.6202,34.2844],[74.6208,34.2872]]}},{"type":"Feature","properties":{"id":"FDR-486","name":"Srinagar to Safapora Sumbal","obs":0.85,"drv":19,"runs":68},"geometry":{"type":"LineString","coordinates":[[74.8205,34.0746],[74.8213,34.0747],[74.8161,34.0734],[74.8113,34.0722],[74.8105,34.072],[74.8093,34.0717],[74.8073,34.0716],[74.8044,34.0715],[74.8037,34.0716],[74.8016,34.0724],[74.7971,34.0745],[74.7956,34.0751],[74.7947,34.0756],[74.7946,34.0773],[74.7944,34.0792],[74.7943,34.0803],[74.7937,34.0809],[74.7924,34.0816],[74.7891,34.0815],[74.7846,34.0816],[74.7837,34.082],[74.7812,34.0855],[74.7786,34.0893],[74.7774,34.0912],[74.7756,34.0938],[74.7741,34.0959],[74.7728,34.097],[74.77,34.0989],[74.7677,34.1005],[74.7646,34.1026],[74.7638,34.103],[74.7601,34.1044],[74.7572,34.1055],[74.7553,34.1061],[74.7546,34.1062],[74.7539,34.1064],[74.7523,34.1069],[74.7505,34.1075],[74.7485,34.1081],[74.746,34.1089],[74.7452,34.1095],[74.7424,34.1124],[74.7409,34.114],[74.7401,34.1148],[74.7386,34.1164],[74.7377,34.1174],[74.7368,34.1183],[74.7358,34.1195],[74.7341,34.1217],[74.7333,34.1227],[74.7321,34.1241],[74.7298,34.1254],[74.7279,34.1262],[74.7272,34.1263],[74.7254,34.1265],[74.7227,34.1267],[74.7177,34.1272],[74.7166,34.1274],[74.7152,34.1281],[74.7127,34.1295],[74.7092,34.1315],[74.7065,34.133],[74.7061,34.1334],[74.7058,34.1362],[74.7055,34.138],[74.7051,34.14],[74.7048,34.1412],[74.7044,34.1426],[74.7029,34.1468],[74.7021,34.1491],[74.7016,34.1506],[74.7008,34.1527],[74.7003,34.1534],[74.698,34.1555],[74.6961,34.1572],[74.6942,34.1592],[74.693,34.1605],[74.6908,34.1628],[74.6882,34.1656],[74.6855,34.1684],[74.6839,34.1702],[74.6836,34.1705],[74.6815,34.1729],[74.6808,34.174],[74.6801,34.1748],[74.6779,34.1778],[74.6771,34.1787],[74.6762,34.1792],[74.6743,34.1798],[74.6737,34.18],[74.6733,34.1804],[74.673,34.1815],[74.6719,34.1854],[74.6714,34.1873],[74.6707,34.1887],[74.6684,34.1925],[74.6659,34.1968],[74.6636,34.2011],[74.6635,34.2017],[74.6635,34.2032],[74.6613,34.2055],[74.6592,34.2071],[74.6569,34.2091],[74.6509,34.2147],[74.6497,34.2176],[74.6496,34.2205],[74.6503,34.2233],[74.6513,34.2262],[74.6509,34.2279],[74.6513,34.2284],[74.6534,34.2296],[74.6533,34.23],[74.653,34.231],[74.6527,34.2317],[74.6519,34.2328],[74.6511,34.2337],[74.6501,34.2342],[74.6492,34.2346],[74.6487,34.2348],[74.6482,34.2351],[74.6478,34.2355],[74.6476,34.2362],[74.6475,34.2368],[74.6476,34.2375],[74.6477,34.2382],[74.6479,34.2399],[74.6479,34.2405],[74.6479,34.241],[74.6484,34.242],[74.6489,34.2428],[74.6499,34.2436],[74.6504,34.2443],[74.6505,34.2451],[74.6508,34.2457],[74.6511,34.2467],[74.6513,34.2473],[74.6516,34.2484],[74.652,34.2489],[74.6525,34.2502],[74.6528,34.2511],[74.6536,34.2521],[74.6554,34.253],[74.6563,34.2535],[74.6573,34.254],[74.6583,34.2542],[74.6596,34.2547],[74.6611,34.2554],[74.6619,34.2558],[74.6636,34.2552],[74.664,34.2549]]}},{"type":"Feature","properties":{"id":"FDR-504","name":"Srinagar to Safapora GBL","obs":0.78,"drv":18,"runs":64},"geometry":{"type":"LineString","coordinates":[[74.8205,34.0746],[74.82,34.0744],[74.8113,34.0722],[74.8103,34.072],[74.8073,34.0716],[74.8039,34.0715],[74.8016,34.0724],[74.7961,34.0749],[74.7947,34.0756],[74.7945,34.0785],[74.7943,34.0803],[74.7929,34.0816],[74.7891,34.0815],[74.7841,34.0817],[74.7812,34.0855],[74.7778,34.0905],[74.7756,34.0938],[74.7737,34.0962],[74.77,34.0989],[74.7675,34.1007],[74.7638,34.103],[74.7587,34.105],[74.7553,34.1061],[74.7543,34.1063],[74.7523,34.1069],[74.7502,34.1076],[74.746,34.1089],[74.7444,34.1103],[74.7409,34.114],[74.7391,34.1159],[74.7377,34.1174],[74.7365,34.1187],[74.7341,34.1217],[74.7326,34.1236],[74.7298,34.1254],[74.7273,34.1263],[74.7254,34.1265],[74.72,34.127],[74.7166,34.1274],[74.7145,34.1285],[74.7092,34.1315],[74.7062,34.1332],[74.7058,34.1362],[74.7053,34.1389],[74.7048,34.1412],[74.704,34.1435],[74.7021,34.1491],[74.7013,34.1515],[74.7003,34.1534],[74.6974,34.156],[74.6942,34.1592],[74.6921,34.1615],[74.6882,34.1656],[74.6849,34.1691],[74.6836,34.1705],[74.681,34.1736],[74.6801,34.1748],[74.6775,34.1784],[74.6762,34.1792],[74.6739,34.1799],[74.6733,34.1804],[74.6729,34.1819],[74.6714,34.1873],[74.6702,34.1895],[74.6659,34.1968],[74.6635,34.2013],[74.6635,34.2032],[74.6599,34.2066],[74.6569,34.2091],[74.6502,34.2164],[74.6496,34.2205],[74.6509,34.2252],[74.6509,34.2279],[74.6532,34.2289],[74.6533,34.23],[74.6528,34.2315],[74.6519,34.2328],[74.6506,34.234],[74.6492,34.2346],[74.6484,34.2349],[74.6478,34.2355],[74.6476,34.2365],[74.6476,34.2375],[74.6478,34.239],[74.6479,34.2405],[74.6481,34.2414],[74.6489,34.2428],[74.6501,34.2438],[74.6505,34.2451],[74.6509,34.2462],[74.6513,34.2473],[74.6517,34.2486],[74.6525,34.2502],[74.6531,34.2517],[74.6554,34.253],[74.6569,34.2538],[74.6583,34.2542],[74.6606,34.2551],[74.6619,34.2558],[74.6625,34.2563],[74.6635,34.257],[74.6639,34.258],[74.6645,34.2588],[74.6651,34.2593],[74.666,34.2596],[74.6663,34.2599],[74.6662,34.2608],[74.6662,34.2614],[74.6665,34.2625],[74.6671,34.2641],[74.6678,34.2652],[74.6687,34.2664],[74.6693,34.2671],[74.6707,34.268],[74.6723,34.269],[74.6726,34.2682],[74.6729,34.2677],[74.6735,34.2671],[74.6742,34.2662],[74.6746,34.2656],[74.6751,34.2655],[74.6753,34.2654],[74.6759,34.2647],[74.6768,34.2642],[74.677,34.264]]}},{"type":"Feature","properties":{"id":"FDR-513","name":"Srinagar to Narwara Budgam","obs":0.51,"drv":14,"runs":38},"geometry":{"type":"LineString","coordinates":[[74.8205,34.0746],[74.8199,34.0743],[74.8111,34.0722],[74.8093,34.0717],[74.8044,34.0715],[74.8018,34.0724],[74.7961,34.0749],[74.7946,34.0757],[74.7944,34.0792],[74.794,34.0807],[74.7906,34.0815],[74.7843,34.0816],[74.7825,34.08],[74.78,34.0784],[74.7775,34.0769],[74.7753,34.0758],[74.7729,34.0745],[74.7709,34.0733],[74.7684,34.0723],[74.7671,34.0717],[74.7629,34.0706],[74.7617,34.0704],[74.7598,34.0696],[74.7588,34.0691],[74.7585,34.0682],[74.7585,34.0675],[74.7586,34.0665],[74.7586,34.0657],[74.7584,34.0645],[74.758,34.0638],[74.7575,34.0628],[74.7569,34.062],[74.7559,34.0612],[74.7547,34.0601],[74.7528,34.0589],[74.7505,34.0576],[74.7494,34.0569],[74.7483,34.0562],[74.747,34.0553],[74.7453,34.0541],[74.7439,34.0532],[74.7423,34.0522],[74.7411,34.0515],[74.7398,34.0506],[74.7386,34.0499],[74.7376,34.0493],[74.7365,34.0485],[74.7349,34.0474],[74.7339,34.0465],[74.7332,34.0455],[74.732,34.0449],[74.7314,34.0442],[74.7306,34.0435],[74.7298,34.0428],[74.727,34.0417],[74.7249,34.0404],[74.7238,34.0398],[74.7207,34.0385],[74.7195,34.0378],[74.7178,34.0383],[74.7156,34.0395],[74.7131,34.0414],[74.71,34.0419],[74.7073,34.0422],[74.7048,34.0423],[74.703,34.0419],[74.7001,34.0419],[74.6958,34.0411],[74.6947,34.0397],[74.6917,34.0377],[74.6859,34.0369],[74.6801,34.0364],[74.6716,34.0366],[74.6698,34.0407],[74.6692,34.0419],[74.6682,34.0397],[74.6672,34.0363],[74.663,34.0344],[74.6632,34.0319],[74.6611,34.0342],[74.659,34.0348],[74.6588,34.0322],[74.6576,34.0324],[74.6558,34.034],[74.6563,34.0322],[74.6562,34.0318],[74.6542,34.0311],[74.6511,34.0296],[74.6496,34.0289],[74.6484,34.028],[74.6473,34.0268],[74.6469,34.0275],[74.6446,34.0266],[74.6413,34.0257],[74.639,34.0254],[74.6374,34.0247],[74.6356,34.022],[74.6333,34.0203],[74.6334,34.0192],[74.6329,34.0191],[74.6325,34.0205],[74.6307,34.0201],[74.6302,34.0192],[74.6296,34.0194],[74.6285,34.0209],[74.6264,34.0204],[74.625,34.019],[74.6228,34.0178],[74.6217,34.0196],[74.6232,34.0213],[74.6227,34.0225],[74.6236,34.0239],[74.6239,34.0252],[74.624,34.0265],[74.6243,34.0275],[74.6255,34.0291],[74.627,34.031],[74.6263,34.0317],[74.6256,34.0335],[74.6243,34.0354],[74.624,34.0364],[74.6243,34.0373]]}},{"type":"Feature","properties":{"id":"FDR-465","name":"Srinagar to Charishreef","obs":0.27,"drv":5,"runs":53},"geometry":{"type":"LineString","coordinates":[[74.8205,34.0746],[74.82,34.0744],[74.8113,34.0722],[74.8103,34.072],[74.8073,34.0716],[74.8042,34.0715],[74.8037,34.07],[74.8037,34.0688],[74.8038,34.0668],[74.8035,34.0648],[74.803,34.0638],[74.8026,34.0615],[74.8028,34.0588],[74.804,34.0558],[74.8047,34.0538],[74.8049,34.0525],[74.8054,34.0514],[74.8073,34.0489],[74.8093,34.0461],[74.8101,34.0427],[74.8098,34.041],[74.8096,34.039],[74.8094,34.0368],[74.8092,34.0352],[74.8087,34.0322],[74.8086,34.0308],[74.8086,34.0284],[74.8091,34.0266],[74.8092,34.0238],[74.8097,34.019],[74.8098,34.0172],[74.8109,34.0141],[74.8115,34.0115],[74.8113,34.0093],[74.8127,34.0075],[74.8134,34.0059],[74.814,34.0032],[74.8138,34.002],[74.8143,34.0001],[74.815,33.9975],[74.8149,33.9956],[74.8141,33.9936],[74.8142,33.9905],[74.8137,33.9874],[74.8124,33.9852],[74.8118,33.9829],[74.8116,33.9809],[74.812,33.9782],[74.8124,33.9765],[74.8118,33.9748],[74.811,33.9719],[74.8114,33.9697],[74.8109,33.9682],[74.8106,33.9664],[74.8103,33.9632],[74.8103,33.9619],[74.809,33.9606],[74.809,33.9595],[74.8093,33.9581],[74.8073,33.9553],[74.8048,33.9531],[74.8023,33.9503],[74.8019,33.949],[74.801,33.9468],[74.7999,33.9444],[74.7996,33.9436],[74.7962,33.9427],[74.7956,33.9412],[74.7949,33.9395],[74.7931,33.9381],[74.7918,33.9367],[74.791,33.9355],[74.7905,33.9339],[74.7911,33.9315],[74.7917,33.93],[74.7923,33.9283],[74.7919,33.9267],[74.7922,33.9258],[74.7931,33.9247],[74.7953,33.9253],[74.7966,33.9262],[74.7965,33.9254],[74.7968,33.9251],[74.7971,33.9251],[74.796,33.9245],[74.795,33.9222],[74.7971,33.9206],[74.8,33.9186],[74.8007,33.9188],[74.8022,33.918],[74.8054,33.9155],[74.8069,33.9142],[74.8057,33.9146],[74.8052,33.9134],[74.8049,33.9117],[74.8028,33.9114],[74.803,33.9106],[74.8056,33.9103],[74.8068,33.9108],[74.8059,33.91],[74.8035,33.9096],[74.8025,33.9094],[74.803,33.9092],[74.805,33.909],[74.8046,33.9079],[74.8034,33.907],[74.8026,33.9059],[74.8024,33.905],[74.8019,33.903],[74.8013,33.9008],[74.7992,33.8987],[74.7962,33.8967],[74.7936,33.8951],[74.7898,33.8923],[74.787,33.8897],[74.7859,33.888],[74.7865,33.887],[74.786,33.8862],[74.7849,33.8853],[74.7853,33.8866],[74.7837,33.887],[74.7832,33.8856],[74.7824,33.8843],[74.7808,33.8835],[74.7782,33.8821],[74.7769,33.8812],[74.7755,33.879],[74.7744,33.8768],[74.7738,33.8749],[74.7735,33.8734],[74.7731,33.8717],[74.773,33.8704],[74.7717,33.8689],[74.7709,33.8681],[74.7713,33.8659],[74.7703,33.8651],[74.7707,33.8634],[74.7697,33.8624]]}},{"type":"Feature","properties":{"id":"FDR-519","name":"Srinagar to Pakherpora","obs":0.2,"drv":1,"runs":1},"geometry":{"type":"LineString","coordinates":[[74.8205,34.0746],[74.8159,34.0734],[74.8103,34.072],[74.8059,34.0715],[74.8037,34.07],[74.8037,34.0679],[74.8035,34.0648],[74.8028,34.0628],[74.8028,34.0588],[74.8044,34.0548],[74.8049,34.0525],[74.8062,34.0503],[74.8093,34.0461],[74.8101,34.0422],[74.8096,34.039],[74.8093,34.0357],[74.8087,34.0322],[74.8086,34.0293],[74.8091,34.0266],[74.8093,34.0212],[74.8098,34.0172],[74.8115,34.0127],[74.8113,34.0093],[74.8132,34.0066],[74.814,34.0032],[74.8141,34.0009],[74.815,33.9975],[74.8147,33.9946],[74.8142,33.9905],[74.8134,33.9866],[74.8118,33.9829],[74.8118,33.9793],[74.8124,33.9765],[74.8111,33.9733],[74.8114,33.9697],[74.8108,33.9678],[74.8103,33.9632],[74.8097,33.9613],[74.809,33.9595],[74.8081,33.9569],[74.8048,33.9531],[74.802,33.9497],[74.801,33.9468],[74.7998,33.944],[74.7962,33.9427],[74.7956,33.9403],[74.7931,33.9381],[74.7914,33.9359],[74.7905,33.9339],[74.7913,33.9306],[74.7923,33.9283],[74.7919,33.9262],[74.7931,33.9247],[74.7961,33.926],[74.7965,33.9254],[74.7972,33.9253],[74.796,33.9245],[74.7955,33.9215],[74.8,33.9186],[74.8011,33.9191],[74.8054,33.9155],[74.8062,33.9142],[74.8052,33.9134],[74.804,33.9116],[74.803,33.9106],[74.8066,33.9107],[74.8059,33.91],[74.803,33.9097],[74.803,33.9092],[74.805,33.9087],[74.8034,33.907],[74.8029,33.9056],[74.8019,33.903],[74.8005,33.9],[74.7962,33.8967],[74.7918,33.894],[74.787,33.8897],[74.7862,33.8877],[74.786,33.8862],[74.7853,33.8861],[74.7837,33.887],[74.7829,33.8845],[74.7808,33.8835],[74.7777,33.8819],[74.7755,33.879],[74.774,33.8758],[74.7735,33.8734],[74.7731,33.8712],[74.7717,33.8689],[74.771,33.8664],[74.7703,33.8651],[74.77,33.8625],[74.7711,33.8617],[74.769,33.8611],[74.7693,33.8607],[74.7669,33.8602],[74.7657,33.86],[74.7652,33.8606],[74.7638,33.8594],[74.7631,33.858],[74.7617,33.8568],[74.7603,33.8568],[74.7585,33.8565],[74.7571,33.8572],[74.7572,33.8594],[74.7569,33.8588],[74.7557,33.8572],[74.7536,33.8554],[74.7533,33.852],[74.7526,33.8484],[74.7517,33.8469],[74.7517,33.8449],[74.7509,33.8449],[74.7506,33.8428],[74.7496,33.8381],[74.7474,33.8343],[74.7453,33.8277],[74.7437,33.823],[74.7417,33.8199],[74.742,33.8183],[74.7474,33.8208],[74.7525,33.8186],[74.7551,33.8186],[74.7553,33.8162],[74.7547,33.8159],[74.7595,33.8153],[74.7621,33.8147],[74.7642,33.8152]]}},{"type":"Feature","properties":{"id":"FDR-555","name":"Srinagar to Pasthoon","obs":0.63,"drv":24,"runs":366},"geometry":{"type":"LineString","coordinates":[[74.8205,34.0746],[74.828,34.0763],[74.8298,34.0767],[74.8301,34.0763],[74.8311,34.0755],[74.8332,34.075],[74.8347,34.0743],[74.8362,34.0734],[74.8374,34.0725],[74.8398,34.071],[74.8419,34.0699],[74.8431,34.0691],[74.8436,34.0685],[74.846,34.0664],[74.8496,34.0629],[74.8521,34.0612],[74.8546,34.0595],[74.8575,34.0574],[74.8603,34.0555],[74.8611,34.0544],[74.8626,34.0522],[74.8636,34.0504],[74.8652,34.0493],[74.8671,34.048],[74.8685,34.0473],[74.8702,34.0462],[74.871,34.0454],[74.8719,34.044],[74.8725,34.043],[74.8739,34.0422],[74.8757,34.0412],[74.8777,34.0402],[74.8778,34.0398],[74.8772,34.0396],[74.8734,34.0386],[74.8691,34.0377],[74.8675,34.0373],[74.8638,34.0363],[74.8613,34.0354],[74.861,34.0342],[74.8616,34.0326],[74.863,34.0307],[74.8647,34.0293],[74.8721,34.0252],[74.8748,34.0239],[74.8826,34.0217],[74.8887,34.0201],[74.8908,34.0189],[74.895,34.0122],[74.8999,34.0026],[74.9031,33.9975],[74.9059,33.9953],[74.9127,33.9922],[74.9159,33.9921],[74.9213,33.9937],[74.9249,33.9942],[74.9278,33.9929],[74.931,33.9888],[74.9349,33.9848],[74.94,33.9794],[74.9435,33.9769],[74.9506,33.9729],[74.9573,33.9688],[74.9614,33.9658],[74.9641,33.965],[74.9666,33.9629],[74.9692,33.9607],[74.9741,33.9579],[74.9791,33.9556],[74.9834,33.953],[74.9872,33.9484],[74.9883,33.9471],[75.0015,33.9311],[75.0036,33.928],[75.0078,33.9261],[75.0116,33.9236],[75.0138,33.9218],[75.0143,33.921],[75.015,33.9192],[75.0163,33.9175],[75.0198,33.915],[75.0244,33.9138],[75.026,33.9132],[75.0273,33.9104],[75.0304,33.9096],[75.0332,33.9118],[75.0353,33.9126],[75.0339,33.9119],[75.0335,33.911],[75.0349,33.9111],[75.0373,33.9118],[75.0417,33.9123],[75.0447,33.9132],[75.0485,33.913],[75.0529,33.9121],[75.057,33.9124],[75.0587,33.912],[75.0617,33.9125],[75.0666,33.9135],[75.0712,33.9158],[75.0775,33.9185],[75.0786,33.9183],[75.0802,33.9188],[75.0841,33.9201],[75.0887,33.9221],[75.092,33.9233],[75.0966,33.9229],[75.0989,33.9232],[75.1021,33.9237],[75.1055,33.9252],[75.1066,33.9279],[75.1075,33.9292],[75.1096,33.9302],[75.1124,33.9305],[75.114,33.9326],[75.1139,33.9362],[75.1142,33.9384],[75.1103,33.9443],[75.1051,33.948],[75.1026,33.9494],[75.0995,33.9554],[75.0995,33.9574],[75.0961,33.9633],[75.0941,33.9679],[75.091,33.9722],[75.0894,33.9748],[75.0881,33.9779],[75.0878,33.9801],[75.0857,33.9843],[75.0844,33.9886],[75.0835,33.9924],[75.0813,33.9942],[75.0793,33.9971],[75.0775,33.9989],[75.0777,33.9974],[75.0782,33.9959],[75.0777,33.9947],[75.077,33.9934],[75.0751,33.9926],[75.0752,33.9921]]}},{"type":"Feature","properties":{"id":"FDR-546","name":"Srinagar to Pinglish","obs":0.71,"drv":24,"runs":368},"geometry":{"type":"LineString","coordinates":[[74.8205,34.0746],[74.828,34.0763],[74.8298,34.0767],[74.8301,34.0763],[74.8311,34.0755],[74.8332,34.075],[74.8347,34.0743],[74.8362,34.0734],[74.8374,34.0725],[74.8398,34.071],[74.8419,34.0699],[74.8431,34.0691],[74.8436,34.0685],[74.846,34.0664],[74.8496,34.0629],[74.8521,34.0612],[74.8546,34.0595],[74.8575,34.0574],[74.8603,34.0555],[74.8611,34.0544],[74.8626,34.0522],[74.8636,34.0504],[74.8652,34.0493],[74.8671,34.048],[74.8685,34.0473],[74.8702,34.0462],[74.871,34.0454],[74.8719,34.044],[74.8725,34.043],[74.8739,34.0422],[74.8757,34.0412],[74.8777,34.0402],[74.8778,34.0398],[74.8772,34.0396],[74.8734,34.0386],[74.8691,34.0377],[74.8675,34.0373],[74.8638,34.0363],[74.8613,34.0354],[74.861,34.0342],[74.8616,34.0326],[74.863,34.0307],[74.8647,34.0293],[74.8721,34.0252],[74.8748,34.0239],[74.8826,34.0217],[74.8887,34.0201],[74.8908,34.0189],[74.895,34.0122],[74.8999,34.0026],[74.9031,33.9975],[74.9059,33.9953],[74.9127,33.9922],[74.9159,33.9921],[74.9213,33.9937],[74.9249,33.9942],[74.9278,33.9929],[74.931,33.9888],[74.9349,33.9848],[74.94,33.9794],[74.9435,33.9769],[74.9506,33.9729],[74.9573,33.9688],[74.9614,33.9658],[74.9641,33.965],[74.9666,33.9629],[74.9692,33.9607],[74.9741,33.9579],[74.9791,33.9556],[74.9834,33.953],[74.9872,33.9484],[74.9883,33.9471],[75.0015,33.9311],[75.0036,33.928],[75.0078,33.9261],[75.0116,33.9236],[75.0138,33.9218],[75.0143,33.921],[75.015,33.9192],[75.0163,33.9175],[75.0198,33.915],[75.0244,33.9138],[75.026,33.9132],[75.0273,33.9104],[75.0304,33.9096],[75.0332,33.9118],[75.0353,33.9126],[75.0339,33.9119],[75.0335,33.911],[75.0349,33.9111],[75.0373,33.9118],[75.0417,33.9123],[75.0447,33.9132],[75.0485,33.913],[75.0529,33.9121],[75.057,33.9124],[75.0587,33.912],[75.0617,33.9125],[75.0666,33.9135],[75.0712,33.9158],[75.0775,33.9185],[75.0786,33.9183],[75.0802,33.9188],[75.0841,33.9201],[75.0887,33.9221],[75.092,33.9233],[75.0966,33.9229],[75.0989,33.9232],[75.1021,33.9237],[75.1055,33.9252],[75.1066,33.9279],[75.1075,33.9292],[75.1096,33.9302],[75.1124,33.9305],[75.1179,33.9311],[75.1225,33.9265],[75.1297,33.9209],[75.1334,33.9156],[75.1332,33.9134],[75.1329,33.9117],[75.1322,33.912],[75.131,33.9129],[75.1312,33.9138],[75.1322,33.9137]]}},{"type":"Feature","properties":{"id":"FDR-552","name":"Srinagar to Tral Nowdal","obs":0.79,"drv":24,"runs":370},"geometry":{"type":"LineString","coordinates":[[74.8205,34.0746],[74.8278,34.0763],[74.8296,34.0767],[74.8298,34.0766],[74.8303,34.076],[74.8314,34.0754],[74.8332,34.075],[74.8346,34.0744],[74.8358,34.0736],[74.8371,34.0728],[74.838,34.0722],[74.8406,34.0706],[74.8419,34.0699],[74.843,34.0692],[74.8435,34.0687],[74.8445,34.0677],[74.8472,34.0652],[74.8499,34.0626],[74.8521,34.0612],[74.854,34.0599],[74.857,34.0577],[74.8594,34.0562],[74.8605,34.0553],[74.8617,34.0533],[74.8626,34.0522],[74.8635,34.0505],[74.864,34.0501],[74.866,34.0487],[74.8676,34.0477],[74.8686,34.0472],[74.8702,34.0462],[74.8709,34.0456],[74.8717,34.0443],[74.8722,34.0435],[74.8726,34.0429],[74.8742,34.0421],[74.8757,34.0412],[74.877,34.0406],[74.878,34.04],[74.8777,34.0398],[74.8765,34.0395],[74.8712,34.0381],[74.8691,34.0377],[74.8675,34.0373],[74.8642,34.0365],[74.8615,34.0357],[74.861,34.0348],[74.861,34.0339],[74.8616,34.0326],[74.8628,34.031],[74.8641,34.0298],[74.8662,34.0285],[74.873,34.0247],[74.8753,34.0238],[74.8826,34.0217],[74.8884,34.0202],[74.8901,34.0194],[74.8925,34.017],[74.8967,34.009],[74.9008,34.0008],[74.9031,33.9975],[74.9053,33.9956],[74.9114,33.9925],[74.9145,33.992],[74.9169,33.9923],[74.922,33.994],[74.9249,33.9942],[74.9273,33.9933],[74.9296,33.9906],[74.9323,33.9874],[74.937,33.9827],[74.9405,33.9789],[74.9435,33.9769],[74.9491,33.9738],[74.9561,33.9697],[74.9594,33.9672],[74.9623,33.9655],[74.9644,33.9648],[74.9666,33.9629],[74.9688,33.9609],[74.9732,33.9585],[74.9775,33.9561],[74.9816,33.9547],[74.9839,33.9523],[74.9872,33.9484],[74.9882,33.9472],[74.9992,33.9344],[75.0026,33.9295],[75.0039,33.9277],[75.0098,33.9253],[75.0116,33.9236],[75.0133,33.9221],[75.0142,33.9214],[75.0147,33.9203],[75.0156,33.9186],[75.0167,33.9162],[75.0198,33.915],[75.0241,33.9139],[75.0259,33.9133],[75.0267,33.9119],[75.0283,33.91],[75.0309,33.9097],[75.0332,33.9118],[75.0352,33.9126],[75.0345,33.9122],[75.0334,33.9115],[75.0339,33.9108],[75.0355,33.9112],[75.0373,33.9118],[75.0412,33.9123],[75.0433,33.9128],[75.0455,33.9133],[75.0503,33.9126],[75.0536,33.9122],[75.057,33.9124],[75.0586,33.9119],[75.0612,33.9125],[75.064,33.9127],[75.0681,33.9148],[75.074,33.9164],[75.0775,33.9185],[75.0786,33.9183],[75.0796,33.9184],[75.083,33.9196],[75.0855,33.9208],[75.09,33.9222],[75.092,33.9233],[75.0956,33.9232],[75.0981,33.9232],[75.1007,33.9237],[75.1027,33.924],[75.1062,33.9261],[75.1066,33.9279],[75.1068,33.9281]]}},{"type":"Feature","properties":{"id":"FDR-007","name":"Srinagar to Qazigund","obs":0.97,"drv":25,"runs":352},"geometry":{"type":"LineString","coordinates":[[74.8205,34.0746],[74.8291,34.0765],[74.8298,34.0766],[74.8305,34.0759],[74.8327,34.0751],[74.8346,34.0744],[74.8362,34.0734],[74.8377,34.0724],[74.8409,34.0705],[74.8428,34.0694],[74.8435,34.0687],[74.8455,34.0668],[74.8496,34.0629],[74.8526,34.0608],[74.8555,34.0588],[74.8594,34.0562],[74.8607,34.0551],[74.8623,34.0526],[74.8636,34.0504],[74.8657,34.049],[74.8676,34.0477],[74.8695,34.0466],[74.8708,34.0457],[74.8717,34.0442],[74.8725,34.043],[74.8742,34.0421],[74.8763,34.0409],[74.878,34.04],[74.8775,34.0397],[74.874,34.0388],[74.8691,34.0377],[74.8671,34.0372],[74.8619,34.0358],[74.861,34.0346],[74.8613,34.0332],[74.8628,34.031],[74.8647,34.0293],[74.8727,34.0249],[74.8759,34.0235],[74.8864,34.0207],[74.8901,34.0194],[74.8937,34.0147],[74.8999,34.0026],[74.9036,33.9969],[74.9101,33.993],[74.9145,33.992],[74.918,33.9926],[74.9244,33.9942],[74.9278,33.9929],[74.931,33.9888],[74.937,33.9827],[74.9413,33.9782],[74.9485,33.9742],[74.957,33.9691],[74.9614,33.9658],[74.9644,33.9648],[74.9674,33.9622],[74.972,33.9591],[74.9782,33.9559],[74.9831,33.9534],[74.9872,33.9484],[74.9882,33.9465],[74.9863,33.9405],[74.9865,33.937],[74.9917,33.9312],[74.9939,33.9272],[74.9987,33.9197],[75.0061,33.914],[75.0138,33.9099],[75.0206,33.903],[75.0239,33.8972],[75.026,33.8911],[75.0274,33.8885],[75.0312,33.8858],[75.0368,33.8807],[75.0423,33.8753],[75.0446,33.8734],[75.0468,33.8677],[75.0486,33.861],[75.0494,33.8546],[75.0523,33.8496],[75.0581,33.8439],[75.0647,33.8372],[75.0699,33.8335],[75.071,33.829],[75.0716,33.8268],[75.0802,33.8128],[75.0812,33.8064],[75.0978,33.768],[75.1048,33.7526],[75.1027,33.7495],[75.0962,33.745],[75.0964,33.7328],[75.099,33.7192],[75.1068,33.7127],[75.1084,33.7067],[75.1112,33.6961],[75.1136,33.6912],[75.1186,33.6817],[75.1208,33.675],[75.1208,33.6724],[75.1222,33.6697],[75.1241,33.6674],[75.1241,33.664],[75.1257,33.6591],[75.1283,33.653],[75.1284,33.6506],[75.1308,33.6468],[75.1313,33.6444],[75.1308,33.6411],[75.1326,33.6351],[75.1358,33.6304],[75.1415,33.6218],[75.1474,33.6145],[75.1487,33.611],[75.1525,33.6059],[75.1563,33.6018],[75.1574,33.5993],[75.1558,33.6],[75.1557,33.5972],[75.1538,33.5964],[75.1522,33.5944],[75.1584,33.5892],[75.1582,33.5888]]}},{"type":"Feature","properties":{"id":"FDR-529","name":"Srinagar to Mirpora Budgam","obs":0.47,"drv":8,"runs":24},"geometry":{"type":"LineString","coordinates":[[74.8205,34.0746],[74.8199,34.0743],[74.8111,34.0722],[74.8093,34.0717],[74.8044,34.0715],[74.8018,34.0724],[74.7961,34.0749],[74.7946,34.0757],[74.7944,34.0792],[74.794,34.0807],[74.7906,34.0815],[74.7843,34.0816],[74.7825,34.08],[74.78,34.0784],[74.7775,34.0769],[74.7753,34.0758],[74.7729,34.0745],[74.7709,34.0733],[74.7684,34.0723],[74.7671,34.0717],[74.7629,34.0706],[74.7617,34.0704],[74.7598,34.0696],[74.7588,34.0691],[74.7585,34.0682],[74.7585,34.0675],[74.7586,34.0665],[74.7586,34.0657],[74.7584,34.0645],[74.758,34.0638],[74.7575,34.0628],[74.7569,34.062],[74.7559,34.0612],[74.7547,34.0601],[74.7528,34.0589],[74.7505,34.0576],[74.7494,34.0569],[74.7483,34.0562],[74.747,34.0553],[74.7453,34.0541],[74.7439,34.0532],[74.7423,34.0522],[74.7411,34.0515],[74.7398,34.0506],[74.7386,34.0499],[74.7376,34.0493],[74.7365,34.0485],[74.7349,34.0474],[74.7339,34.0465],[74.7332,34.0455],[74.732,34.0449],[74.7314,34.0442],[74.7306,34.0435],[74.7298,34.0428],[74.727,34.0417],[74.7249,34.0404],[74.7238,34.0398],[74.7207,34.0385],[74.7195,34.0378],[74.7178,34.0383],[74.7156,34.0395],[74.7131,34.0414],[74.71,34.0419],[74.7073,34.0422],[74.7048,34.0423],[74.703,34.0419],[74.7001,34.0419],[74.6958,34.0411],[74.6947,34.0397],[74.6917,34.0377],[74.6859,34.0369],[74.6801,34.0364],[74.6716,34.0366],[74.6698,34.0407],[74.6692,34.0419],[74.6682,34.0397],[74.6672,34.0363],[74.663,34.0344],[74.6632,34.0319],[74.6611,34.0342],[74.659,34.0348],[74.6588,34.0322],[74.6576,34.0324],[74.6558,34.034],[74.6563,34.0322],[74.6562,34.0318],[74.6542,34.0311],[74.6511,34.0296],[74.6496,34.0289],[74.6484,34.028],[74.6473,34.0268],[74.6469,34.0275],[74.6446,34.0266],[74.6413,34.0257],[74.639,34.0254],[74.6374,34.0247],[74.6356,34.022],[74.6333,34.0203],[74.6334,34.0192],[74.6329,34.0191],[74.6325,34.0205],[74.6307,34.0201],[74.6302,34.0192],[74.6296,34.0194],[74.6285,34.0209],[74.6264,34.0204],[74.625,34.019],[74.6228,34.0178],[74.6205,34.018],[74.6194,34.0195],[74.615,34.0219],[74.6121,34.0229],[74.6105,34.0251],[74.6101,34.0254],[74.609,34.0261],[74.607,34.0267],[74.606,34.0277],[74.6058,34.0282],[74.6055,34.0289],[74.6054,34.03],[74.6058,34.0314],[74.6063,34.0326],[74.6069,34.0336],[74.6075,34.0349],[74.6079,34.036],[74.6088,34.0373],[74.6095,34.0388],[74.6106,34.0408],[74.6098,34.043],[74.6107,34.0424],[74.611,34.0434],[74.6121,34.0414],[74.6134,34.0399],[74.6156,34.0398],[74.6181,34.0405],[74.6205,34.0413]]}},{"type":"Feature","properties":{"id":"FDR-507","name":"Srinagar to Vijipopra","obs":0.91,"drv":18,"runs":67},"geometry":{"type":"LineString","coordinates":[[74.8205,34.0746],[74.8213,34.0747],[74.8161,34.0734],[74.8113,34.0722],[74.8105,34.072],[74.8093,34.0717],[74.8073,34.0716],[74.8044,34.0715],[74.8037,34.0716],[74.8016,34.0724],[74.7971,34.0745],[74.7956,34.0751],[74.7947,34.0756],[74.7946,34.0773],[74.7944,34.0792],[74.7943,34.0803],[74.7937,34.0809],[74.7924,34.0816],[74.7891,34.0815],[74.7846,34.0816],[74.7837,34.082],[74.7812,34.0855],[74.7786,34.0893],[74.7774,34.0912],[74.7756,34.0938],[74.7741,34.0959],[74.7728,34.097],[74.77,34.0989],[74.7677,34.1005],[74.7646,34.1026],[74.7638,34.103],[74.7601,34.1044],[74.7572,34.1055],[74.7553,34.1061],[74.7546,34.1062],[74.7539,34.1064],[74.7523,34.1069],[74.7505,34.1075],[74.7485,34.1081],[74.746,34.1089],[74.7452,34.1095],[74.7424,34.1124],[74.7409,34.114],[74.7401,34.1148],[74.7386,34.1164],[74.7377,34.1174],[74.7368,34.1183],[74.7358,34.1195],[74.7341,34.1217],[74.7333,34.1227],[74.7321,34.1241],[74.7298,34.1254],[74.7279,34.1262],[74.7272,34.1263],[74.7254,34.1265],[74.7227,34.1267],[74.7177,34.1272],[74.7166,34.1274],[74.7152,34.1281],[74.7127,34.1295],[74.7092,34.1315],[74.7065,34.133],[74.7061,34.1334],[74.7058,34.1362],[74.7055,34.138],[74.7051,34.14],[74.7048,34.1412],[74.7044,34.1426],[74.7029,34.1468],[74.7021,34.1491],[74.7016,34.1506],[74.7008,34.1527],[74.7003,34.1534],[74.698,34.1555],[74.6961,34.1572],[74.6942,34.1592],[74.693,34.1605],[74.6908,34.1628],[74.6882,34.1656],[74.6855,34.1684],[74.6839,34.1702],[74.6836,34.1705],[74.6815,34.1729],[74.6808,34.174],[74.6801,34.1748],[74.6779,34.1778],[74.6771,34.1787],[74.6762,34.1792],[74.6743,34.1798],[74.6737,34.18],[74.6733,34.1804],[74.673,34.1815],[74.6719,34.1854],[74.6714,34.1873],[74.6707,34.1887],[74.6684,34.1925],[74.6659,34.1968],[74.6636,34.2011],[74.6635,34.2017],[74.6635,34.2032],[74.6613,34.2055],[74.6592,34.2071],[74.6569,34.2091],[74.6509,34.2147],[74.6497,34.2176],[74.6496,34.2205],[74.6503,34.2233],[74.6513,34.2262],[74.6511,34.2268],[74.6501,34.229],[74.6477,34.2303],[74.6472,34.2307],[74.6457,34.2336],[74.6445,34.2347],[74.6422,34.2357],[74.6385,34.2377],[74.6366,34.2387],[74.6281,34.2431],[74.6239,34.2458],[74.623,34.2465],[74.6218,34.2468],[74.6148,34.2498],[74.6138,34.2502],[74.6101,34.2515],[74.6076,34.2522],[74.6068,34.254],[74.6062,34.2588],[74.6065,34.2595],[74.6094,34.2624],[74.6138,34.2645],[74.6156,34.2665],[74.6166,34.2679],[74.6175,34.2713],[74.6172,34.2752],[74.617,34.278],[74.617,34.2783],[74.6171,34.2787]]}},{"type":"Feature","properties":{"id":"FDR-553","name":"Srinagar to Kupwara DAY","obs":0.77,"drv":6,"runs":26},"geometry":{"type":"LineString","coordinates":[[74.8205,34.0746],[74.8157,34.0733],[74.8092,34.0717],[74.8035,34.0716],[74.7956,34.0751],[74.7944,34.0792],[74.7929,34.0816],[74.7843,34.0816],[74.7786,34.0893],[74.7742,34.0958],[74.7683,34.1001],[74.7634,34.1032],[74.7553,34.1061],[74.7526,34.1068],[74.748,34.1082],[74.7407,34.1097],[74.7345,34.1105],[74.7248,34.1116],[74.721,34.1121],[74.7154,34.1127],[74.7079,34.1143],[74.6991,34.1166],[74.6905,34.1188],[74.6857,34.1199],[74.6811,34.1207],[74.678,34.1215],[74.6741,34.1238],[74.6712,34.1272],[74.6695,34.1314],[74.6665,34.135],[74.6616,34.1369],[74.6543,34.1391],[74.6321,34.1443],[74.6227,34.1513],[74.6177,34.1509],[74.6117,34.1492],[74.6033,34.1477],[74.5901,34.1419],[74.5754,34.1445],[74.568,34.1502],[74.5583,34.1557],[74.555,34.1601],[74.5522,34.1645],[74.5483,34.1702],[74.5448,34.1713],[74.5423,34.18],[74.5311,34.1845],[74.5268,34.1885],[74.5173,34.1954],[74.5112,34.2017],[74.508,34.2094],[74.5061,34.2192],[74.4935,34.2318],[74.4842,34.2325],[74.4722,34.2308],[74.4658,34.2321],[74.4569,34.2384],[74.4483,34.2434],[74.4555,34.2534],[74.4548,34.2679],[74.4543,34.275],[74.4511,34.2795],[74.4466,34.2863],[74.4477,34.2933],[74.4464,34.3018],[74.4414,34.3063],[74.4274,34.3219],[74.4195,34.3316],[74.4127,34.3458],[74.3887,34.3618],[74.3765,34.3758],[74.3726,34.3872],[74.3612,34.394],[74.3478,34.3996],[74.3309,34.4024],[74.3148,34.4077],[74.3006,34.4139],[74.2984,34.4153],[74.2966,34.4165],[74.2953,34.4176],[74.2934,34.4193],[74.2911,34.4208],[74.289,34.4221],[74.2871,34.4238],[74.2848,34.4259],[74.2832,34.4282],[74.2817,34.4301],[74.2806,34.4322],[74.2806,34.4338],[74.2824,34.4355],[74.2841,34.4366],[74.2854,34.4379],[74.2878,34.4386],[74.2901,34.4393],[74.2928,34.4399],[74.295,34.4411],[74.2968,34.4427],[74.2992,34.4434],[74.3007,34.445],[74.3,34.4471],[74.2998,34.4497],[74.2988,34.4519],[74.2968,34.453],[74.2956,34.4545],[74.2936,34.4562],[74.2923,34.4578],[74.2911,34.4599],[74.2899,34.4624],[74.2888,34.4648],[74.2867,34.469],[74.2824,34.4779],[74.2796,34.4838],[74.2789,34.4881],[74.2796,34.4923],[74.279,34.494],[74.2763,34.4972],[74.2756,34.4992],[74.2736,34.5024],[74.2722,34.5048],[74.2703,34.5078],[74.2678,34.5094],[74.2653,34.5109],[74.2627,34.5119],[74.2599,34.5141],[74.2541,34.5184],[74.248,34.5234],[74.2526,34.5251],[74.2549,34.5261]]}},{"type":"Feature","properties":{"id":"FDR-541","name":"Srinagar to URI Baramulla","obs":0.57,"drv":6,"runs":25},"geometry":{"type":"LineString","coordinates":[[74.8205,34.0746],[74.8158,34.0733],[74.8093,34.0717],[74.8039,34.0715],[74.7971,34.0745],[74.7946,34.0761],[74.7943,34.0803],[74.7906,34.0815],[74.7837,34.082],[74.7778,34.0905],[74.7741,34.0959],[74.7683,34.1001],[74.7638,34.103],[74.7567,34.1057],[74.7539,34.1064],[74.7502,34.1076],[74.7438,34.1093],[74.7376,34.1101],[74.7298,34.111],[74.7235,34.1117],[74.7208,34.1121],[74.7147,34.1128],[74.7079,34.1143],[74.6994,34.1165],[74.6915,34.1185],[74.6868,34.1197],[74.6829,34.1204],[74.6788,34.1211],[74.6751,34.1228],[74.6726,34.1254],[74.6708,34.1284],[74.6691,34.1322],[74.6664,34.1351],[74.6616,34.1369],[74.655,34.1388],[74.6329,34.144],[74.624,34.1513],[74.6191,34.1512],[74.616,34.1499],[74.6081,34.149],[74.5955,34.1431],[74.5894,34.1419],[74.5729,34.1453],[74.5674,34.1506],[74.5583,34.1557],[74.555,34.1601],[74.5533,34.1633],[74.5488,34.1691],[74.5461,34.1709],[74.5428,34.1763],[74.5381,34.1819],[74.5288,34.1863],[74.5253,34.1903],[74.516,34.196],[74.5104,34.2032],[74.508,34.2094],[74.5062,34.219],[74.4963,34.2302],[74.489,34.2333],[74.4767,34.2325],[74.4688,34.2311],[74.4633,34.2337],[74.4514,34.2421],[74.4453,34.2438],[74.4378,34.242],[74.4278,34.24],[74.4233,34.2378],[74.4198,34.2382],[74.4094,34.2328],[74.4064,34.2301],[74.4047,34.2248],[74.4037,34.2213],[74.4006,34.2185],[74.3947,34.2168],[74.3855,34.2172],[74.3788,34.2162],[74.372,34.2123],[74.364,34.2071],[74.3569,34.2045],[74.3447,34.2056],[74.3395,34.2068],[74.3355,34.2077],[74.3298,34.2081],[74.3229,34.2092],[74.3178,34.208],[74.3139,34.206],[74.3109,34.1994],[74.3062,34.1977],[74.3009,34.1964],[74.2982,34.196],[74.3013,34.1939],[74.305,34.1922],[74.3097,34.1885],[74.3091,34.1842],[74.305,34.182],[74.2985,34.1809],[74.2919,34.1783],[74.2882,34.1784],[74.2828,34.1791],[74.2756,34.1808],[74.2721,34.1803],[74.2694,34.1763],[74.2646,34.1764],[74.2605,34.1766],[74.2566,34.1757],[74.2527,34.176],[74.2509,34.1773],[74.2483,34.1747],[74.2469,34.172],[74.2438,34.1707],[74.2406,34.1694],[74.2361,34.1658],[74.2348,34.1639],[74.2339,34.1618],[74.2306,34.1589],[74.2265,34.1565],[74.2247,34.1549],[74.2202,34.1534],[74.217,34.1538],[74.2081,34.1508],[74.2021,34.1497],[74.1994,34.1508],[74.1973,34.1508],[74.1948,34.1523],[74.1911,34.1511],[74.1885,34.1499],[74.1864,34.1487],[74.1856,34.1472],[74.184,34.1461],[74.1839,34.1451]]}},{"type":"Feature","properties":{"id":"FDR-571","name":"Srinagar to Tangdar","obs":0.57,"drv":5,"runs":24},"geometry":{"type":"LineString","coordinates":[[74.8205,34.0746],[74.8092,34.0717],[74.7956,34.0751],[74.7929,34.0816],[74.7786,34.0893],[74.7683,34.1001],[74.7553,34.1061],[74.748,34.1082],[74.7345,34.1105],[74.721,34.1121],[74.7079,34.1143],[74.6905,34.1188],[74.6811,34.1207],[74.6741,34.1238],[74.6695,34.1314],[74.6616,34.1369],[74.6321,34.1443],[74.6177,34.1509],[74.6033,34.1477],[74.5754,34.1445],[74.5583,34.1557],[74.5522,34.1645],[74.5448,34.1713],[74.5311,34.1845],[74.5173,34.1954],[74.508,34.2094],[74.4935,34.2318],[74.4722,34.2308],[74.4569,34.2384],[74.4555,34.2534],[74.4543,34.275],[74.4466,34.2863],[74.4464,34.3018],[74.4274,34.3219],[74.4127,34.3458],[74.3765,34.3758],[74.3612,34.394],[74.3309,34.4024],[74.3006,34.4139],[74.2966,34.4165],[74.2934,34.4193],[74.289,34.4221],[74.2848,34.4259],[74.2817,34.4301],[74.2806,34.4338],[74.2841,34.4366],[74.2878,34.4386],[74.2928,34.4399],[74.2968,34.4427],[74.3007,34.445],[74.2998,34.4497],[74.2968,34.453],[74.2936,34.4562],[74.2911,34.4599],[74.2888,34.4648],[74.2824,34.4779],[74.2789,34.4881],[74.279,34.494],[74.2756,34.4992],[74.2722,34.5048],[74.2678,34.5094],[74.2627,34.5119],[74.2533,34.5073],[74.2447,34.5091],[74.2351,34.5146],[74.2273,34.5199],[74.2198,34.5299],[74.2118,34.528],[74.2024,34.5269],[74.1928,34.5295],[74.1876,34.5343],[74.1819,34.5412],[74.176,34.5459],[74.1681,34.551],[74.1635,34.555],[74.1593,34.5597],[74.1577,34.5632],[74.1562,34.565],[74.1552,34.5656],[74.1555,34.5701],[74.1546,34.5725],[74.1553,34.5738],[74.1537,34.5776],[74.1508,34.5812],[74.1501,34.5828],[74.1486,34.5847],[74.1482,34.585],[74.1478,34.5857],[74.1467,34.5852],[74.1462,34.5855],[74.1479,34.5885],[74.1458,34.587],[74.1464,34.5881],[74.1477,34.5902],[74.1479,34.5912],[74.1515,34.5897],[74.1479,34.5922],[74.1478,34.5925],[74.1472,34.5926],[74.1446,34.5912],[74.1433,34.5919],[74.1422,34.5908],[74.1416,34.5935],[74.1423,34.5943],[74.145,34.5946],[74.148,34.596],[74.1462,34.597],[74.1446,34.6],[74.1452,34.6014],[74.1473,34.6019],[74.1472,34.6025],[74.1523,34.6037],[74.1519,34.6065],[74.1541,34.6098],[74.1535,34.6115],[74.1522,34.6131],[74.1528,34.6155],[74.1515,34.6172],[74.1528,34.6212],[74.153,34.6255],[74.1538,34.63],[74.1535,34.6372],[74.1522,34.6399],[74.15,34.6431]]}},{"type":"Feature","properties":{"id":"FDR-543","name":"Bandipora to Srinagar","obs":0.86,"drv":9,"runs":32},"geometry":{"type":"LineString","coordinates":[[74.636,34.4231],[74.6389,34.4199],[74.6422,34.4168],[74.6432,34.4136],[74.6408,34.4096],[74.6415,34.4074],[74.6455,34.4086],[74.6487,34.4088],[74.6524,34.4088],[74.6551,34.4087],[74.6533,34.4066],[74.6547,34.4025],[74.6559,34.3996],[74.6563,34.3959],[74.6572,34.3943],[74.6619,34.3917],[74.6658,34.3895],[74.6698,34.386],[74.6716,34.3833],[74.6726,34.3799],[74.6731,34.3768],[74.6731,34.3732],[74.671,34.37],[74.6687,34.3678],[74.6661,34.3657],[74.6638,34.3641],[74.6601,34.3634],[74.6574,34.3634],[74.6604,34.3618],[74.6635,34.3598],[74.665,34.3572],[74.6637,34.3541],[74.6614,34.3522],[74.66,34.3511],[74.6583,34.3498],[74.6609,34.3481],[74.6635,34.3457],[74.6643,34.3424],[74.6628,34.3386],[74.6657,34.3363],[74.6692,34.3366],[74.6723,34.3339],[74.674,34.3304],[74.677,34.3283],[74.6802,34.3264],[74.6829,34.3248],[74.6817,34.322],[74.681,34.3196],[74.6793,34.3181],[74.6753,34.3163],[74.6743,34.3134],[74.6732,34.3106],[74.6714,34.3072],[74.6689,34.3054],[74.6649,34.3059],[74.6635,34.3041],[74.6612,34.3027],[74.6574,34.3036],[74.6549,34.3038],[74.6533,34.3025],[74.6562,34.3019],[74.6568,34.2997],[74.6559,34.2971],[74.6603,34.2947],[74.6632,34.2933],[74.6661,34.2907],[74.6687,34.2889],[74.6691,34.2857],[74.6714,34.2839],[74.6744,34.2813],[74.6741,34.2779],[74.6767,34.2743],[74.6767,34.2718],[74.6713,34.2684],[74.6687,34.2664],[74.6668,34.2635],[74.6662,34.261],[74.666,34.2596],[74.6644,34.2585],[74.6629,34.2564],[74.6606,34.2551],[74.6563,34.2535],[74.6527,34.251],[74.6513,34.2473],[74.6505,34.2447],[74.6484,34.242],[74.6478,34.239],[74.6476,34.2362],[74.649,34.2347],[74.6519,34.2328],[74.6534,34.2298],[74.6513,34.2262],[74.6502,34.2164],[74.6613,34.2055],[74.6646,34.1992],[74.6714,34.1873],[74.6735,34.1802],[74.6771,34.1787],[74.681,34.1736],[74.6855,34.1684],[74.6937,34.1597],[74.7003,34.1534],[74.7026,34.1477],[74.7051,34.14],[74.7062,34.1332],[74.7152,34.1281],[74.7251,34.1265],[74.7298,34.1254],[74.7345,34.1212],[74.7386,34.1164],[74.7444,34.1103],[74.7525,34.107],[74.7572,34.1055],[74.7625,34.1036],[74.7654,34.1022],[74.7701,34.099],[74.7752,34.0944],[74.7799,34.0877],[74.786,34.0817],[74.7931,34.0815],[74.7949,34.0755],[74.802,34.0724],[74.8095,34.0719],[74.8164,34.0736],[74.8205,34.0746]]}},{"type":"Feature","properties":{"id":"FDR-003","name":"Bandipora to Soura","obs":0.97,"drv":5,"runs":12},"geometry":{"type":"LineString","coordinates":[[74.636,34.4231],[74.6382,34.4206],[74.6419,34.417],[74.6433,34.4146],[74.6416,34.4104],[74.6405,34.4075],[74.6437,34.4082],[74.6471,34.4086],[74.6497,34.409],[74.6537,34.4091],[74.6544,34.408],[74.6539,34.4055],[74.6548,34.4021],[74.656,34.3994],[74.6563,34.3959],[74.6571,34.3944],[74.6615,34.392],[74.6652,34.3898],[74.6689,34.387],[74.6709,34.3846],[74.673,34.3814],[74.6722,34.3778],[74.673,34.3751],[74.6727,34.3719],[74.6702,34.3696],[74.6681,34.3674],[74.6659,34.3655],[74.6637,34.364],[74.6601,34.3634],[74.6573,34.3636],[74.6598,34.362],[74.6631,34.3606],[74.6647,34.3578],[74.664,34.3552],[74.6626,34.3535],[74.6605,34.3519],[74.6593,34.3503],[74.6584,34.349],[74.6617,34.3478],[74.6637,34.3446],[74.664,34.3417],[74.663,34.3384],[74.6657,34.3363],[74.669,34.3366],[74.6711,34.3348],[74.6738,34.3311],[74.6759,34.3293],[74.6791,34.3272],[74.6824,34.3256],[74.6822,34.3232],[74.6813,34.3211],[74.6812,34.3186],[74.6785,34.3181],[74.6748,34.3159],[74.6741,34.3129],[74.6732,34.3102],[74.6714,34.3072],[74.669,34.3054],[74.6652,34.3064],[74.6639,34.3045],[74.6618,34.3028],[74.6591,34.3027],[74.6556,34.3045],[74.6538,34.303],[74.6545,34.3024],[74.6568,34.3014],[74.6562,34.2983],[74.6567,34.2967],[74.6607,34.2945],[74.6633,34.2931],[74.6661,34.2907],[74.6686,34.2891],[74.6693,34.2867],[74.6702,34.2841],[74.6736,34.2823],[74.6737,34.2785],[74.6759,34.2761],[74.6774,34.2726],[74.6797,34.2652],[74.6801,34.2591],[74.684,34.257],[74.6898,34.2545],[74.6903,34.2546],[74.691,34.2521],[74.6929,34.2524],[74.704,34.2497],[74.7178,34.2405],[74.7222,34.2404],[74.7285,34.2419],[74.7406,34.2377],[74.7511,34.2317],[74.7524,34.2257],[74.7549,34.2214],[74.7611,34.2191],[74.7665,34.2138],[74.7737,34.2152],[74.7795,34.2175],[74.7818,34.2148],[74.7858,34.2121],[74.7878,34.2097],[74.7922,34.2087],[74.7963,34.2067],[74.7998,34.204],[74.8015,34.2019],[74.8047,34.2005],[74.8068,34.1974],[74.8071,34.1953],[74.8078,34.1887],[74.8077,34.1828],[74.808,34.177],[74.8085,34.1707],[74.8085,34.1666],[74.8084,34.1618],[74.8085,34.1524],[74.8087,34.1489],[74.8086,34.1458],[74.8085,34.1416],[74.808,34.1369],[74.8047,34.1361],[74.8014,34.1359],[74.8023,34.1373],[74.8021,34.1377]]}},{"type":"Feature","properties":{"id":"FDR-549","name":"Bankoot to Srinagar via Bandipora","obs":0.85,"drv":9,"runs":31},"geometry":{"type":"LineString","coordinates":[[74.6429,34.4179],[74.6434,34.4189],[74.6402,34.4195],[74.6381,34.4207],[74.6349,34.4231],[74.636,34.4231],[74.6382,34.4206],[74.6421,34.4168],[74.6433,34.4138],[74.6409,34.4098],[74.6409,34.4074],[74.6451,34.4085],[74.6486,34.4088],[74.6517,34.4088],[74.6551,34.4087],[74.6532,34.4068],[74.6546,34.4027],[74.6559,34.3998],[74.6562,34.3962],[74.6571,34.3944],[74.6618,34.3918],[74.6656,34.3896],[74.6694,34.3864],[74.6714,34.3837],[74.6728,34.3804],[74.673,34.3769],[74.6731,34.3734],[74.6714,34.3702],[74.6689,34.3679],[74.6663,34.366],[74.6639,34.3642],[74.6603,34.3633],[74.6573,34.3636],[74.6599,34.362],[74.6633,34.3602],[74.665,34.3574],[74.6638,34.3543],[74.6616,34.3525],[74.6601,34.3511],[74.6584,34.3499],[74.6608,34.3481],[74.6634,34.3459],[74.6644,34.3426],[74.6628,34.3388],[74.6656,34.3363],[74.669,34.3366],[74.6719,34.3342],[74.6739,34.3305],[74.6768,34.3284],[74.68,34.3265],[74.6828,34.3249],[74.6818,34.3221],[74.6809,34.3198],[74.6796,34.3181],[74.6753,34.3164],[74.6743,34.3136],[74.6732,34.3109],[74.6716,34.3073],[74.669,34.3054],[74.665,34.3062],[74.6636,34.3042],[74.6612,34.3027],[74.6577,34.3034],[74.6551,34.3039],[74.6532,34.3025],[74.656,34.302],[74.6568,34.2998],[74.6559,34.2972],[74.6601,34.2948],[74.6631,34.2935],[74.6658,34.2909],[74.6686,34.2891],[74.6693,34.2865],[74.6711,34.2839],[74.6743,34.2814],[74.6739,34.2781],[74.6766,34.2745],[74.677,34.2718],[74.6716,34.2686],[74.6688,34.2666],[74.6669,34.2637],[74.6662,34.2611],[74.6661,34.2596],[74.6644,34.2586],[74.663,34.2565],[74.6608,34.2552],[74.6566,34.2536],[74.6527,34.251],[74.6515,34.2475],[74.6505,34.2449],[74.6484,34.2422],[74.6479,34.2395],[74.6476,34.2364],[74.6489,34.2347],[74.6515,34.2331],[74.6533,34.2299],[74.6512,34.2265],[74.6497,34.2173],[74.6605,34.2061],[74.6642,34.1999],[74.6713,34.1876],[74.6734,34.1803],[74.6768,34.1789],[74.6809,34.1737],[74.6852,34.1688],[74.6935,34.16],[74.7,34.1537],[74.7024,34.1483],[74.7051,34.14],[74.7062,34.1333],[74.7148,34.1284],[74.7247,34.1265],[74.7292,34.1258],[74.7344,34.1213],[74.7385,34.1165],[74.7431,34.1117],[74.7514,34.1073],[74.7569,34.1056],[74.7624,34.1037],[74.765,34.1024],[74.7695,34.0994],[74.7748,34.095],[74.7789,34.0892],[74.7847,34.0817],[74.793,34.0816],[74.7949,34.0756],[74.8019,34.0724],[74.8093,34.0718],[74.8161,34.0735],[74.8205,34.0746]]}},{"type":"Feature","properties":{"id":"FDR-004","name":"Bandipora to Baramulla","obs":0.14,"drv":1,"runs":3},"geometry":{"type":"LineString","coordinates":[[74.636,34.4231],[74.6321,34.4242],[74.6285,34.4257],[74.6259,34.4261],[74.6237,34.4267],[74.6229,34.4262],[74.621,34.4247],[74.6166,34.4241],[74.6134,34.4228],[74.609,34.4206],[74.6066,34.4199],[74.6045,34.4191],[74.6021,34.4192],[74.5978,34.4188],[74.595,34.4179],[74.5939,34.4182],[74.592,34.4209],[74.5899,34.4221],[74.5884,34.4228],[74.5873,34.4239],[74.5845,34.4257],[74.583,34.4265],[74.5813,34.4262],[74.5756,34.4268],[74.5724,34.4271],[74.5697,34.4271],[74.5665,34.4276],[74.5661,34.427],[74.5654,34.4261],[74.5642,34.4248],[74.5617,34.4235],[74.5599,34.4233],[74.558,34.4233],[74.5517,34.4217],[74.5479,34.4199],[74.5456,34.4181],[74.5428,34.415],[74.54,34.4119],[74.5395,34.4108],[74.5398,34.4089],[74.5393,34.4071],[74.5367,34.4057],[74.535,34.4041],[74.5339,34.4025],[74.5332,34.4011],[74.5302,34.399],[74.5293,34.3973],[74.5291,34.3958],[74.5278,34.3939],[74.5263,34.3923],[74.5249,34.3911],[74.5237,34.3891],[74.5221,34.387],[74.5209,34.3849],[74.5192,34.3837],[74.5168,34.3838],[74.5154,34.383],[74.5155,34.3804],[74.5163,34.3794],[74.5167,34.3783],[74.5164,34.3769],[74.5179,34.3761],[74.5193,34.3752],[74.5179,34.3742],[74.5151,34.3724],[74.5137,34.3722],[74.513,34.3717],[74.5121,34.3713],[74.5145,34.3716],[74.5161,34.3704],[74.5179,34.369],[74.5169,34.3692],[74.5152,34.3705],[74.5121,34.37],[74.5115,34.3696],[74.5101,34.3688],[74.5085,34.364],[74.5074,34.3613],[74.5049,34.3584],[74.5029,34.3566],[74.5017,34.3533],[74.4999,34.3504],[74.4977,34.3464],[74.4948,34.3441],[74.4896,34.3409],[74.4878,34.3397],[74.4868,34.3371],[74.4869,34.3335],[74.4853,34.3258],[74.4844,34.3212],[74.4837,34.317],[74.4814,34.3072],[74.4808,34.3033],[74.4776,34.2969],[74.475,34.2917],[74.473,34.2888],[74.4715,34.2873],[74.4703,34.286],[74.468,34.2849],[74.4668,34.2838],[74.4626,34.2811],[74.4632,34.2772],[74.4641,34.2734],[74.463,34.2694],[74.4593,34.2598],[74.4555,34.2535],[74.4499,34.2461],[74.4463,34.2438],[74.4416,34.2433],[74.4347,34.2411],[74.4278,34.24],[74.4241,34.2379],[74.4213,34.2381],[74.4195,34.2381],[74.4126,34.2344],[74.4073,34.2314],[74.406,34.2283],[74.4046,34.2252],[74.4042,34.2223],[74.4032,34.2205],[74.4006,34.2185],[74.3962,34.2171],[74.3927,34.2166],[74.3853,34.2173],[74.3804,34.2167],[74.376,34.2149],[74.3691,34.2102],[74.3648,34.2075],[74.3602,34.2055],[74.3552,34.2042],[74.3447,34.2056],[74.3426,34.2081],[74.3426,34.2087]]}},{"type":"Feature","properties":{"id":"FDR-511","name":"Sopore to Srinagar","obs":1.0,"drv":13,"runs":44},"geometry":{"type":"LineString","coordinates":[[74.4627,34.287],[74.4626,34.2866],[74.4649,34.2843],[74.4626,34.2832],[74.4629,34.2785],[74.4644,34.275],[74.4641,34.2734],[74.4633,34.2701],[74.4615,34.2656],[74.4593,34.2597],[74.457,34.255],[74.4536,34.2514],[74.4492,34.2451],[74.45,34.2431],[74.4514,34.2421],[74.4571,34.2382],[74.4633,34.2337],[74.4658,34.2321],[74.4688,34.2311],[74.4714,34.2307],[74.4767,34.2325],[74.4831,34.2325],[74.489,34.2333],[74.491,34.2333],[74.4963,34.2302],[74.5028,34.2229],[74.5062,34.219],[74.5087,34.2161],[74.508,34.2094],[74.5085,34.2062],[74.5104,34.2032],[74.5131,34.1986],[74.516,34.196],[74.5211,34.1924],[74.5253,34.1903],[74.5275,34.1871],[74.5288,34.1863],[74.532,34.1842],[74.5381,34.1819],[74.5423,34.18],[74.5428,34.1763],[74.5442,34.1721],[74.5461,34.1709],[74.5478,34.1708],[74.5488,34.1691],[74.5503,34.1667],[74.5533,34.1633],[74.5542,34.1616],[74.555,34.1601],[74.5564,34.1575],[74.5583,34.1557],[74.5659,34.1512],[74.5674,34.1506],[74.5699,34.1485],[74.5729,34.1453],[74.5829,34.1421],[74.5894,34.1419],[74.5909,34.1419],[74.5955,34.1431],[74.6039,34.148],[74.6081,34.149],[74.6117,34.1492],[74.616,34.1499],[74.6176,34.1508],[74.6191,34.1512],[74.6218,34.1513],[74.624,34.1513],[74.6267,34.1489],[74.6329,34.144],[74.6474,34.1412],[74.655,34.1388],[74.6587,34.1377],[74.6616,34.1369],[74.6645,34.1358],[74.6664,34.1351],[74.6675,34.134],[74.6691,34.1322],[74.6703,34.1298],[74.6708,34.1284],[74.6714,34.1267],[74.6726,34.1254],[74.6745,34.1234],[74.6751,34.1228],[74.678,34.1215],[74.6791,34.1212],[74.6834,34.1204],[74.6863,34.1199],[74.6881,34.1195],[74.6922,34.1185],[74.6988,34.1168],[74.7016,34.1161],[74.706,34.115],[74.7113,34.1136],[74.7142,34.113],[74.7175,34.1126],[74.7195,34.1124],[74.7225,34.112],[74.7253,34.1117],[74.7287,34.1113],[74.7323,34.1108],[74.7361,34.1104],[74.7399,34.1099],[74.745,34.1093],[74.7468,34.1087],[74.7502,34.1077],[74.7542,34.1064],[74.755,34.1062],[74.7569,34.1056],[74.7602,34.1045],[74.7616,34.1039],[74.7625,34.1036],[74.7638,34.1031],[74.7645,34.1027],[74.7658,34.1019],[74.7673,34.1009],[74.7691,34.0997],[74.771,34.0984],[74.7733,34.0966],[74.7744,34.0956],[74.7762,34.093],[74.7773,34.0915],[74.7789,34.0892],[74.7817,34.0851],[74.7841,34.0818],[74.786,34.0817],[74.7898,34.0816],[74.7926,34.0817],[74.7933,34.0814],[74.7945,34.0792],[74.7948,34.0758],[74.7954,34.0753],[74.797,34.0746],[74.8014,34.0727],[74.8039,34.0716],[74.8061,34.0716],[74.8093,34.0718],[74.811,34.0723],[74.8131,34.0728],[74.8164,34.0736],[74.8205,34.0746]]}},{"type":"Feature","properties":{"id":"FDR-539","name":"Zaloora to Srinagar","obs":0.99,"drv":10,"runs":36},"geometry":{"type":"LineString","coordinates":[[74.3749,34.3803],[74.377,34.375],[74.3828,34.3671],[74.3961,34.3555],[74.4086,34.3486],[74.4162,34.3427],[74.4186,34.333],[74.4218,34.3274],[74.426,34.3233],[74.4316,34.3168],[74.4414,34.3063],[74.4446,34.3034],[74.4469,34.3013],[74.4488,34.2948],[74.4475,34.2928],[74.4471,34.2894],[74.4464,34.2843],[74.4504,34.2798],[74.4539,34.2787],[74.4547,34.2773],[74.4541,34.2717],[74.4548,34.2679],[74.4586,34.2577],[74.4549,34.2528],[74.4499,34.246],[74.45,34.2431],[74.4521,34.2416],[74.4592,34.2368],[74.4647,34.2325],[74.4686,34.2311],[74.4714,34.2307],[74.4769,34.2325],[74.4842,34.2325],[74.4905,34.2335],[74.495,34.231],[74.5028,34.2229],[74.5068,34.2184],[74.5088,34.2151],[74.5081,34.2069],[74.5099,34.2039],[74.5131,34.1986],[74.5164,34.1958],[74.523,34.1913],[74.5268,34.1885],[74.5286,34.1864],[74.532,34.1842],[74.5397,34.1813],[74.5424,34.1796],[74.5433,34.1734],[74.5458,34.1709],[74.5478,34.1708],[74.549,34.1686],[74.5512,34.1656],[74.5537,34.1626],[74.555,34.1601],[74.5564,34.1575],[74.5608,34.1539],[74.5665,34.151],[74.5687,34.1498],[74.5727,34.1455],[74.5829,34.1421],[74.5896,34.1419],[74.5919,34.142],[74.5993,34.146],[74.6078,34.149],[74.6117,34.1492],[74.6162,34.15],[74.6178,34.1509],[74.6209,34.1513],[74.6234,34.1513],[74.6267,34.1489],[74.6334,34.1439],[74.6525,34.1396],[74.6574,34.1381],[74.6611,34.137],[74.6645,34.1358],[74.6665,34.135],[74.6687,34.1328],[74.6698,34.1308],[74.6707,34.1287],[74.6714,34.1267],[74.6729,34.1251],[74.6747,34.1231],[74.6767,34.1221],[74.6787,34.1213],[74.6834,34.1204],[74.687,34.1198],[74.6893,34.1192],[74.6975,34.1171],[74.7013,34.1162],[74.706,34.115],[74.7119,34.1134],[74.7151,34.1129],[74.7186,34.1125],[74.722,34.112],[74.7253,34.1117],[74.7299,34.1111],[74.7343,34.1106],[74.7371,34.1103],[74.7437,34.1095],[74.7468,34.1087],[74.7514,34.1073],[74.7548,34.1063],[74.756,34.1059],[74.76,34.1045],[74.7616,34.1039],[74.7628,34.1035],[74.7642,34.1029],[74.765,34.1024],[74.767,34.1011],[74.7691,34.0997],[74.7713,34.0981],[74.7739,34.0962],[74.7753,34.0943],[74.7771,34.0917],[74.7789,34.0892],[74.782,34.0847],[74.7843,34.0817],[74.7884,34.0816],[74.7924,34.0817],[74.7933,34.0814],[74.7946,34.0782],[74.7949,34.0756],[74.7964,34.0749],[74.7996,34.0735],[74.8039,34.0716],[74.8073,34.0717],[74.8103,34.072],[74.8113,34.0723],[74.8161,34.0735],[74.8205,34.0746]]}},{"type":"Feature","properties":{"id":"FDR-530","name":"Botingue to Srinagar","obs":0.79,"drv":10,"runs":35},"geometry":{"type":"LineString","coordinates":[[74.4893,34.3718],[74.4902,34.3727],[74.4918,34.3739],[74.4943,34.3744],[74.496,34.3741],[74.4978,34.3729],[74.4993,34.3712],[74.501,34.3688],[74.5023,34.3668],[74.5024,34.365],[74.5016,34.3636],[74.5028,34.3616],[74.5044,34.36],[74.5039,34.3576],[74.5024,34.3553],[74.5007,34.3518],[74.4992,34.3492],[74.4967,34.3454],[74.492,34.3425],[74.4884,34.34],[74.4875,34.339],[74.4862,34.3351],[74.4875,34.3316],[74.4853,34.324],[74.484,34.3185],[74.4829,34.312],[74.481,34.3054],[74.4802,34.3016],[74.4757,34.2931],[74.4739,34.2897],[74.4723,34.2882],[74.4705,34.2867],[74.4696,34.2857],[74.4673,34.2845],[74.4643,34.2834],[74.4627,34.2799],[74.4645,34.2747],[74.4637,34.2714],[74.4615,34.2656],[74.4586,34.2577],[74.4544,34.2523],[74.4492,34.245],[74.4508,34.2426],[74.4571,34.2382],[74.4643,34.2327],[74.4686,34.2311],[74.4722,34.2308],[74.4795,34.2326],[74.489,34.2333],[74.4928,34.2322],[74.4996,34.2265],[74.5068,34.2184],[74.5088,34.2146],[74.5085,34.2062],[74.5117,34.201],[74.5158,34.1961],[74.5221,34.1918],[74.5268,34.1885],[74.5288,34.1863],[74.5332,34.1837],[74.5422,34.1803],[74.5429,34.1751],[74.5455,34.1709],[74.5478,34.1708],[74.5491,34.1681],[74.5528,34.1638],[74.5544,34.1613],[74.5554,34.1589],[74.5583,34.1557],[74.5665,34.151],[74.5689,34.1495],[74.5733,34.1451],[74.5842,34.1419],[74.5909,34.1419],[74.598,34.145],[74.6078,34.149],[74.6131,34.1494],[74.6169,34.1503],[74.6191,34.1512],[74.6227,34.1513],[74.6253,34.1505],[74.6334,34.1439],[74.6536,34.1392],[74.6587,34.1377],[74.6625,34.1366],[74.6662,34.1352],[74.6682,34.1333],[74.6698,34.1308],[74.6708,34.1284],[74.6717,34.1263],[74.6741,34.1238],[74.6753,34.1227],[74.6786,34.1213],[74.6834,34.1204],[74.6874,34.1197],[74.6916,34.1186],[74.6994,34.1166],[74.7039,34.1155],[74.7113,34.1136],[74.7151,34.1129],[74.7194,34.1124],[74.7227,34.112],[74.727,34.1115],[74.7323,34.1108],[74.7363,34.1104],[74.7437,34.1095],[74.7472,34.1086],[74.7532,34.1067],[74.755,34.1062],[74.7576,34.1054],[74.7614,34.104],[74.7628,34.1035],[74.7644,34.1028],[74.7658,34.1019],[74.7677,34.1007],[74.7707,34.0986],[74.7737,34.0964],[74.7753,34.0943],[74.7773,34.0915],[74.7803,34.0871],[74.7839,34.0819],[74.7864,34.0817],[74.7918,34.0817],[74.7933,34.0814],[74.7946,34.0779],[74.7954,34.0753],[74.7971,34.0746],[74.8035,34.0717],[74.8061,34.0716],[74.8103,34.072],[74.8131,34.0728],[74.8184,34.074],[74.8205,34.0746]]}},{"type":"Feature","properties":{"id":"FDR-515","name":"Baramulla to Srinagar","obs":0.8,"drv":12,"runs":38},"geometry":{"type":"LineString","coordinates":[[74.3426,34.2087],[74.3432,34.206],[74.3499,34.2048],[74.3567,34.2044],[74.3607,34.2057],[74.3648,34.2075],[74.3675,34.2091],[74.3744,34.214],[74.3779,34.2158],[74.3832,34.2171],[74.386,34.2172],[74.3931,34.2166],[74.3962,34.2171],[74.4,34.2182],[74.4026,34.22],[74.4037,34.2213],[74.4048,34.224],[74.4047,34.2258],[74.4062,34.2294],[74.4073,34.2314],[74.4111,34.2337],[74.4188,34.2377],[74.4204,34.2383],[74.4227,34.2379],[74.4252,34.2383],[74.4279,34.24],[74.4347,34.2411],[74.4409,34.2431],[74.4438,34.2438],[74.45,34.2431],[74.4521,34.2416],[74.4592,34.2368],[74.4647,34.2325],[74.4686,34.2311],[74.4714,34.2307],[74.4769,34.2325],[74.4842,34.2325],[74.4905,34.2335],[74.495,34.231],[74.5028,34.2229],[74.5068,34.2184],[74.5088,34.2151],[74.5081,34.2069],[74.5099,34.2039],[74.5131,34.1986],[74.5164,34.1958],[74.523,34.1913],[74.5268,34.1885],[74.5286,34.1864],[74.532,34.1842],[74.5397,34.1813],[74.5424,34.1796],[74.5433,34.1734],[74.5458,34.1709],[74.5478,34.1708],[74.549,34.1686],[74.5512,34.1656],[74.5537,34.1626],[74.555,34.1601],[74.5564,34.1575],[74.5608,34.1539],[74.5665,34.151],[74.5687,34.1498],[74.5727,34.1455],[74.5829,34.1421],[74.5896,34.1419],[74.5919,34.142],[74.5993,34.146],[74.6078,34.149],[74.6117,34.1492],[74.6162,34.15],[74.6178,34.1509],[74.6209,34.1513],[74.6234,34.1513],[74.6267,34.1489],[74.6334,34.1439],[74.6525,34.1396],[74.6574,34.1381],[74.6611,34.137],[74.6645,34.1358],[74.6665,34.135],[74.6687,34.1328],[74.6698,34.1308],[74.6707,34.1287],[74.6714,34.1267],[74.6729,34.1251],[74.6747,34.1231],[74.6767,34.1221],[74.6787,34.1213],[74.6834,34.1204],[74.687,34.1198],[74.6893,34.1192],[74.6975,34.1171],[74.7013,34.1162],[74.706,34.115],[74.7119,34.1134],[74.7151,34.1129],[74.7186,34.1125],[74.722,34.112],[74.7253,34.1117],[74.7299,34.1111],[74.7343,34.1106],[74.7371,34.1103],[74.7437,34.1095],[74.7468,34.1087],[74.7514,34.1073],[74.7548,34.1063],[74.756,34.1059],[74.76,34.1045],[74.7616,34.1039],[74.7628,34.1035],[74.7642,34.1029],[74.765,34.1024],[74.767,34.1011],[74.7691,34.0997],[74.7713,34.0981],[74.7739,34.0962],[74.7753,34.0943],[74.7771,34.0917],[74.7789,34.0892],[74.782,34.0847],[74.7843,34.0817],[74.7884,34.0816],[74.7924,34.0817],[74.7933,34.0814],[74.7946,34.0782],[74.7949,34.0756],[74.7964,34.0749],[74.7996,34.0735],[74.8039,34.0716],[74.8073,34.0717],[74.8103,34.072],[74.8113,34.0723],[74.8161,34.0735],[74.8205,34.0746]]}},{"type":"Feature","properties":{"id":"FDR-592","name":"Kamalkote to Baramulla","obs":0.0,"drv":0,"runs":0},"geometry":{"type":"LineString","coordinates":[[74.0454,34.0855],[74.0469,34.0865],[74.051,34.0841],[74.0515,34.0817],[74.0523,34.0794],[74.0549,34.0791],[74.0572,34.0785],[74.061,34.0768],[74.0632,34.0772],[74.064,34.0762],[74.0652,34.0742],[74.0667,34.0729],[74.0656,34.0724],[74.0662,34.0718],[74.0674,34.0723],[74.067,34.0752],[74.0658,34.0769],[74.0647,34.0787],[74.0622,34.079],[74.0606,34.0799],[74.0594,34.0814],[74.0577,34.0828],[74.0564,34.0845],[74.0568,34.0858],[74.0579,34.087],[74.0575,34.088],[74.0564,34.0907],[74.0565,34.0918],[74.0575,34.0922],[74.0557,34.0925],[74.0546,34.0942],[74.0549,34.0951],[74.0539,34.0966],[74.0527,34.0979],[74.0515,34.0993],[74.051,34.1008],[74.0506,34.1035],[74.0509,34.1048],[74.0535,34.1048],[74.0561,34.1044],[74.0582,34.1052],[74.0607,34.1061],[74.063,34.1104],[74.0656,34.1135],[74.0688,34.1148],[74.0737,34.1171],[74.0767,34.1209],[74.0786,34.1224],[74.0819,34.1242],[74.0842,34.1263],[74.0877,34.1254],[74.0933,34.1244],[74.0964,34.1254],[74.0994,34.1262],[74.1035,34.1275],[74.1063,34.1284],[74.1112,34.1299],[74.1159,34.1319],[74.1187,34.1365],[74.1183,34.1405],[74.1194,34.1459],[74.1231,34.1469],[74.1295,34.1501],[74.1358,34.1498],[74.1416,34.1488],[74.1459,34.1478],[74.1514,34.1454],[74.1553,34.1456],[74.1583,34.1448],[74.16,34.1467],[74.1645,34.1456],[74.1671,34.1436],[74.1687,34.1422],[74.1706,34.1399],[74.1726,34.1379],[74.176,34.1372],[74.1795,34.1361],[74.1826,34.1389],[74.1873,34.1433],[74.1947,34.1482],[74.1987,34.1482],[74.2064,34.1499],[74.2145,34.1537],[74.2192,34.1535],[74.2238,34.1543],[74.2257,34.1557],[74.2297,34.158],[74.2329,34.1609],[74.2346,34.1634],[74.2358,34.1651],[74.2392,34.1685],[74.2429,34.1704],[74.2463,34.1716],[74.2488,34.1741],[74.2497,34.1771],[74.252,34.1765],[74.2555,34.1757],[74.2591,34.1765],[74.2634,34.1766],[74.2684,34.176],[74.2712,34.1788],[74.2742,34.181],[74.2803,34.1793],[74.2869,34.1787],[74.2905,34.178],[74.2955,34.1799],[74.3035,34.1819],[74.3082,34.1834],[74.3101,34.1878],[74.3059,34.1915],[74.3026,34.1936],[74.298,34.1956],[74.3005,34.1963],[74.3047,34.1974],[74.3097,34.1982],[74.3131,34.205],[74.3165,34.2072],[74.3216,34.2096],[74.3284,34.2081],[74.3347,34.208],[74.3377,34.2072],[74.3426,34.2081],[74.3426,34.2087]]}},{"type":"Feature","properties":{"id":"FDR-593","name":"Garkote to Baramulla","obs":0.0,"drv":0,"runs":0},"geometry":{"type":"LineString","coordinates":[[74.3647,34.1981],[74.3647,34.1981],[74.3648,34.198],[74.3649,34.1978],[74.365,34.1976],[74.365,34.1975],[74.365,34.1973],[74.3648,34.197],[74.3645,34.1967],[74.3644,34.1967],[74.3637,34.1966],[74.3628,34.1965],[74.3627,34.1966],[74.3625,34.1966],[74.362,34.1966],[74.3615,34.197],[74.3612,34.1971],[74.3608,34.1974],[74.3607,34.1975],[74.3605,34.1978],[74.3602,34.1981],[74.3597,34.1989],[74.3594,34.1992],[74.3589,34.1999],[74.3578,34.201],[74.3575,34.2014],[74.357,34.2019],[74.3566,34.2022],[74.3551,34.2027],[74.3546,34.203],[74.3541,34.2034],[74.3541,34.2039],[74.3541,34.2042],[74.3525,34.2044],[74.3499,34.2048],[74.3481,34.205],[74.3477,34.2051],[74.3447,34.2056],[74.3446,34.2056],[74.3441,34.2058],[74.3432,34.206],[74.3429,34.206],[74.3424,34.2062],[74.3424,34.2064],[74.3426,34.2081],[74.3426,34.2086],[74.3426,34.2087]]}},{"type":"Feature","properties":{"id":"FDR-521","name":"Fathgath to Srinagar","obs":0.8,"drv":12,"runs":38},"geometry":{"type":"LineString","coordinates":[[74.3647,34.1981],[74.365,34.1973],[74.3627,34.1966],[74.3607,34.1975],[74.3578,34.201],[74.3541,34.2034],[74.3567,34.2044],[74.3607,34.2057],[74.3648,34.2075],[74.3675,34.2091],[74.3744,34.214],[74.3779,34.2158],[74.3832,34.2171],[74.386,34.2172],[74.3931,34.2166],[74.3962,34.2171],[74.4,34.2182],[74.4026,34.22],[74.4037,34.2213],[74.4048,34.224],[74.4047,34.2258],[74.4062,34.2294],[74.4073,34.2314],[74.4111,34.2337],[74.4188,34.2377],[74.4204,34.2383],[74.4227,34.2379],[74.4252,34.2383],[74.4279,34.24],[74.4347,34.2411],[74.4409,34.2431],[74.4438,34.2438],[74.45,34.2431],[74.4521,34.2416],[74.4592,34.2368],[74.4647,34.2325],[74.4686,34.2311],[74.4714,34.2307],[74.4769,34.2325],[74.4842,34.2325],[74.4905,34.2335],[74.495,34.231],[74.5028,34.2229],[74.5068,34.2184],[74.5088,34.2151],[74.5081,34.2069],[74.5099,34.2039],[74.5131,34.1986],[74.5164,34.1958],[74.523,34.1913],[74.5268,34.1885],[74.5286,34.1864],[74.532,34.1842],[74.5397,34.1813],[74.5424,34.1796],[74.5433,34.1734],[74.5458,34.1709],[74.5478,34.1708],[74.549,34.1686],[74.5512,34.1656],[74.5537,34.1626],[74.555,34.1601],[74.5564,34.1575],[74.5608,34.1539],[74.5665,34.151],[74.5687,34.1498],[74.5727,34.1455],[74.5829,34.1421],[74.5896,34.1419],[74.5919,34.142],[74.5993,34.146],[74.6078,34.149],[74.6117,34.1492],[74.6162,34.15],[74.6178,34.1509],[74.6209,34.1513],[74.6234,34.1513],[74.6267,34.1489],[74.6334,34.1439],[74.6525,34.1396],[74.6574,34.1381],[74.6611,34.137],[74.6645,34.1358],[74.6665,34.135],[74.6687,34.1328],[74.6698,34.1308],[74.6707,34.1287],[74.6714,34.1267],[74.6729,34.1251],[74.6747,34.1231],[74.6767,34.1221],[74.6787,34.1213],[74.6834,34.1204],[74.687,34.1198],[74.6893,34.1192],[74.6975,34.1171],[74.7013,34.1162],[74.706,34.115],[74.7119,34.1134],[74.7151,34.1129],[74.7186,34.1125],[74.722,34.112],[74.7253,34.1117],[74.7299,34.1111],[74.7343,34.1106],[74.7371,34.1103],[74.7437,34.1095],[74.7468,34.1087],[74.7514,34.1073],[74.7548,34.1063],[74.756,34.1059],[74.76,34.1045],[74.7616,34.1039],[74.7628,34.1035],[74.7642,34.1029],[74.765,34.1024],[74.767,34.1011],[74.7691,34.0997],[74.7713,34.0981],[74.7739,34.0962],[74.7753,34.0943],[74.7771,34.0917],[74.7789,34.0892],[74.782,34.0847],[74.7843,34.0817],[74.7884,34.0816],[74.7924,34.0817],[74.7933,34.0814],[74.7946,34.0782],[74.7949,34.0756],[74.7964,34.0749],[74.7996,34.0735],[74.8039,34.0716],[74.8073,34.0717],[74.8103,34.072],[74.8113,34.0723],[74.8161,34.0735],[74.8205,34.0746]]}},{"type":"Feature","properties":{"id":"FDR-574","name":"Pehilpora to URI via Baramulla","obs":0.0,"drv":0,"runs":0},"geometry":{"type":"LineString","coordinates":[[74.3647,34.1981],[74.365,34.1976],[74.3645,34.1967],[74.3627,34.1966],[74.3612,34.1971],[74.3602,34.1981],[74.3578,34.201],[74.3551,34.2027],[74.3541,34.2042],[74.3477,34.2051],[74.3432,34.206],[74.3426,34.2081],[74.3426,34.2105],[74.3428,34.211],[74.3439,34.2114],[74.3428,34.211],[74.3426,34.2105],[74.3426,34.2086],[74.3412,34.2064],[74.3395,34.2068],[74.3376,34.2073],[74.336,34.2077],[74.3349,34.2079],[74.3337,34.2084],[74.3298,34.2081],[74.328,34.2081],[74.3238,34.2087],[74.322,34.2095],[74.3204,34.2097],[74.3178,34.208],[74.3161,34.207],[74.3147,34.2063],[74.3137,34.2058],[74.312,34.203],[74.3109,34.1994],[74.3092,34.198],[74.3077,34.1978],[74.3054,34.1976],[74.3024,34.1968],[74.3009,34.1964],[74.3003,34.1963],[74.2987,34.1962],[74.298,34.1958],[74.2993,34.195],[74.3013,34.1939],[74.303,34.1935],[74.3043,34.1926],[74.3055,34.1917],[74.3072,34.1904],[74.3097,34.1885],[74.3102,34.1875],[74.3099,34.1853],[74.3083,34.1835],[74.307,34.183],[74.305,34.182],[74.3031,34.1818],[74.3001,34.1813],[74.2967,34.1803],[74.2944,34.1793],[74.2919,34.1783],[74.29,34.1779],[74.2889,34.178],[74.2872,34.1786],[74.2847,34.179],[74.2828,34.1791],[74.2798,34.1794],[74.2771,34.1803],[74.2748,34.1809],[74.2731,34.1809],[74.2721,34.1803],[74.2709,34.1783],[74.2698,34.177],[74.2688,34.1761],[74.2672,34.1763],[74.2646,34.1764],[74.2629,34.1766],[74.261,34.1764],[74.2598,34.1765],[74.2573,34.1762],[74.2566,34.1757],[74.2548,34.1759],[74.2537,34.1759],[74.2522,34.1763],[74.2516,34.1774],[74.2509,34.1773],[74.2493,34.1768],[74.2484,34.1755],[74.2486,34.1742],[74.2493,34.1733],[74.2469,34.172],[74.2459,34.1712],[74.2443,34.1707],[74.2431,34.1705],[74.2418,34.1699],[74.2406,34.1694],[74.239,34.1685],[74.2373,34.1669],[74.2358,34.1653],[74.2355,34.1646],[74.2348,34.1639],[74.2346,34.1629],[74.2342,34.1622],[74.2333,34.1612],[74.2322,34.1601],[74.2306,34.1589],[74.2294,34.1578],[74.2274,34.157],[74.2259,34.156],[74.2253,34.1553],[74.2247,34.1549],[74.2232,34.1539],[74.2213,34.1534],[74.2195,34.1534],[74.2181,34.1536],[74.217,34.1538],[74.213,34.1535],[74.2094,34.1513],[74.2068,34.1503],[74.2052,34.1501],[74.2021,34.1497],[74.2003,34.1495],[74.1999,34.1508],[74.1991,34.1505],[74.1976,34.1503],[74.1973,34.1508],[74.1977,34.1517],[74.196,34.1525],[74.1933,34.1521],[74.1916,34.1512],[74.1911,34.1511],[74.19,34.1506],[74.1891,34.1502],[74.1882,34.1498],[74.1871,34.1491],[74.1864,34.1487],[74.1857,34.1484],[74.1855,34.1476],[74.1853,34.147],[74.1845,34.1465],[74.184,34.1461],[74.1839,34.1453],[74.1839,34.1451]]}},{"type":"Feature","properties":{"id":"FDR-005","name":"Baramula to Kupwra","obs":0.04,"drv":0,"runs":0},"geometry":{"type":"LineString","coordinates":[[74.3426,34.2087],[74.3428,34.211],[74.3456,34.2114],[74.3484,34.2123],[74.3551,34.2137],[74.3617,34.2176],[74.3637,34.2209],[74.364,34.2241],[74.3684,34.233],[74.3733,34.2407],[74.3788,34.244],[74.3851,34.2527],[74.3886,34.2578],[74.39,34.2608],[74.3877,34.2718],[74.3857,34.2767],[74.3823,34.2853],[74.3815,34.2893],[74.3798,34.3047],[74.3754,34.3123],[74.372,34.3182],[74.3693,34.3202],[74.3632,34.3294],[74.3584,34.3395],[74.3569,34.3448],[74.3555,34.3498],[74.3518,34.3534],[74.3465,34.3576],[74.3348,34.3668],[74.3245,34.3707],[74.3156,34.3727],[74.3139,34.3725],[74.3093,34.3743],[74.3071,34.3745],[74.3097,34.3777],[74.3067,34.3805],[74.3062,34.3823],[74.2952,34.3883],[74.2927,34.39],[74.2916,34.3929],[74.2917,34.4023],[74.2945,34.4123],[74.2997,34.4144],[74.2988,34.415],[74.2975,34.4159],[74.2965,34.4166],[74.2957,34.4173],[74.2947,34.4181],[74.2934,34.4193],[74.2919,34.4203],[74.2906,34.4211],[74.2893,34.4219],[74.2879,34.4231],[74.2866,34.4242],[74.2852,34.4255],[74.284,34.427],[74.283,34.4284],[74.2821,34.4296],[74.2812,34.4309],[74.2806,34.4322],[74.2804,34.4331],[74.281,34.4343],[74.2823,34.4353],[74.2832,34.4361],[74.2844,34.4369],[74.2851,34.4377],[74.2864,34.4383],[74.2881,34.4387],[74.2893,34.4391],[74.2911,34.4396],[74.2928,34.4399],[74.2943,34.4407],[74.2955,34.4416],[74.2967,34.4427],[74.2982,34.4431],[74.2996,34.4436],[74.3007,34.4447],[74.3004,34.4459],[74.3,34.4474],[74.2999,34.4491],[74.2997,34.4508],[74.2988,34.4519],[74.2974,34.4524],[74.2964,34.4535],[74.2957,34.4544],[74.2946,34.4553],[74.2933,34.4564],[74.2925,34.4576],[74.2918,34.4587],[74.291,34.46],[74.2902,34.4618],[74.2895,34.4633],[74.2888,34.4648],[74.2879,34.4666],[74.2856,34.4715],[74.2826,34.4775],[74.2813,34.4803],[74.2791,34.4847],[74.2786,34.4868],[74.2793,34.4909],[74.2797,34.4924],[74.2796,34.4931],[74.278,34.4947],[74.2763,34.4972],[74.2762,34.4985],[74.2752,34.5002],[74.2738,34.5022],[74.2726,34.5037],[74.2721,34.5053],[74.2709,34.5072],[74.2692,34.5086],[74.2675,34.5095],[74.2659,34.5105],[74.2645,34.5109],[74.2627,34.5119],[74.2614,34.513],[74.259,34.5148],[74.2563,34.517],[74.2487,34.5225],[74.2481,34.5236],[74.2509,34.5246],[74.254,34.5253],[74.2549,34.5261]]}},{"type":"Feature","properties":{"id":"FDR-567","name":"Kupwara to Srinagar","obs":0.66,"drv":5,"runs":25},"geometry":{"type":"LineString","coordinates":[[74.2303,34.6038],[74.2297,34.6016],[74.2278,34.6001],[74.2292,34.5997],[74.2322,34.5991],[74.2323,34.5983],[74.2322,34.5967],[74.232,34.5949],[74.2322,34.5931],[74.2325,34.5929],[74.2333,34.5946],[74.2339,34.5932],[74.2345,34.5922],[74.2349,34.591],[74.2339,34.5897],[74.2332,34.5876],[74.2328,34.5858],[74.2356,34.5841],[74.2392,34.5815],[74.2383,34.5745],[74.2363,34.5704],[74.2356,34.5669],[74.2355,34.5638],[74.2346,34.5594],[74.2359,34.5552],[74.2349,34.552],[74.2327,34.5485],[74.2288,34.5458],[74.2236,34.5427],[74.2199,34.539],[74.2173,34.5349],[74.2188,34.531],[74.2227,34.5259],[74.2293,34.519],[74.2351,34.5146],[74.2406,34.5101],[74.2506,34.507],[74.2534,34.5084],[74.2623,34.5123],[74.2659,34.5105],[74.2696,34.5083],[74.2724,34.5044],[74.2751,34.5005],[74.2766,34.497],[74.2798,34.4927],[74.2789,34.4881],[74.2813,34.4803],[74.2865,34.4694],[74.2892,34.4639],[74.291,34.4601],[74.2926,34.4574],[74.295,34.455],[74.2971,34.4526],[74.2997,34.4508],[74.3001,34.4469],[74.3001,34.444],[74.2968,34.4427],[74.2942,34.4406],[74.2902,34.4394],[74.2869,34.4384],[74.2844,34.4369],[74.2819,34.435],[74.2805,34.4327],[74.2819,34.4299],[74.2841,34.4268],[74.2872,34.4237],[74.2902,34.4213],[74.2934,34.4193],[74.2959,34.4171],[74.2982,34.4154],[74.3053,34.4114],[74.329,34.4033],[74.3498,34.3988],[74.3706,34.3896],[74.3783,34.3731],[74.4077,34.3492],[74.4202,34.3303],[74.4321,34.3162],[74.4464,34.3018],[74.4474,34.2917],[74.4507,34.2796],[74.4541,34.2721],[74.457,34.255],[74.4503,34.243],[74.4643,34.2327],[74.4732,34.2311],[74.4907,34.2334],[74.5062,34.219],[74.5088,34.2056],[74.5173,34.1954],[74.5284,34.1865],[74.5422,34.1803],[74.5461,34.1709],[74.5509,34.166],[74.5553,34.1591],[74.5666,34.151],[74.5813,34.1426],[74.5955,34.1431],[74.6131,34.1494],[74.6202,34.1513],[74.6321,34.1443],[74.6576,34.1381],[74.6664,34.1351],[74.6705,34.1294],[74.6733,34.1247],[74.6786,34.1213],[74.6878,34.1196],[74.7016,34.1161],[74.7147,34.1129],[74.7232,34.1119],[74.7345,34.1106],[74.7466,34.1088],[74.755,34.1062],[74.7618,34.1039],[74.7647,34.1027],[74.7701,34.099],[74.7758,34.0936],[74.7817,34.0851],[74.7906,34.0816],[74.7946,34.0779],[74.7993,34.0736],[74.8089,34.0717],[74.8164,34.0736],[74.8205,34.0746]]}},{"type":"Feature","properties":{"id":"FDR-564","name":"Sogam to Srinagar","obs":0.63,"drv":5,"runs":25},"geometry":{"type":"LineString","coordinates":[[74.3775,34.497],[74.379,34.5005],[74.3828,34.5063],[74.3836,34.5129],[74.3832,34.5184],[74.3836,34.523],[74.3826,34.5264],[74.3803,34.5293],[74.3756,34.532],[74.3722,34.5354],[74.3654,34.5383],[74.3563,34.5384],[74.3477,34.5407],[74.3406,34.5427],[74.3309,34.5426],[74.3243,34.5445],[74.3181,34.5439],[74.3126,34.5434],[74.305,34.541],[74.2954,34.5381],[74.2837,34.5386],[74.2752,34.537],[74.2685,34.5353],[74.2624,34.5305],[74.2601,34.5282],[74.256,34.5266],[74.2547,34.5259],[74.2485,34.524],[74.2533,34.519],[74.2603,34.5138],[74.2636,34.5111],[74.2669,34.5099],[74.2702,34.5078],[74.2724,34.5044],[74.2748,34.5009],[74.2761,34.4977],[74.279,34.494],[74.2795,34.4921],[74.2786,34.4859],[74.2819,34.479],[74.2871,34.4683],[74.2892,34.4639],[74.2908,34.4606],[74.2922,34.458],[74.2939,34.4558],[74.2961,34.4539],[74.2983,34.4519],[74.2998,34.4497],[74.3002,34.4465],[74.3001,34.444],[74.2974,34.4428],[74.2948,34.441],[74.2921,34.4397],[74.2886,34.4388],[74.2856,34.438],[74.2838,34.4365],[74.2814,34.4347],[74.2805,34.4327],[74.2817,34.4301],[74.2836,34.4277],[74.2861,34.4247],[74.2886,34.4224],[74.2912,34.4207],[74.294,34.4186],[74.2962,34.4168],[74.2982,34.4154],[74.3027,34.4127],[74.3178,34.4067],[74.3422,34.4014],[74.3612,34.394],[74.3734,34.3854],[74.3824,34.3675],[74.4093,34.3482],[74.4202,34.3303],[74.4309,34.3177],[74.445,34.303],[74.4483,34.2941],[74.4463,34.2847],[74.4543,34.2786],[74.454,34.27],[74.4555,34.2534],[74.4503,34.243],[74.4633,34.2337],[74.4709,34.2307],[74.4847,34.2326],[74.4966,34.2299],[74.5088,34.2157],[74.5104,34.2032],[74.5186,34.1947],[74.5284,34.1865],[74.5412,34.1807],[74.5448,34.1713],[74.5488,34.1691],[74.5541,34.1618],[74.5579,34.1561],[74.5684,34.1501],[74.5834,34.142],[74.5955,34.1431],[74.6107,34.149],[74.6181,34.1511],[74.6245,34.1513],[74.6496,34.1404],[74.6616,34.1369],[74.6673,34.1343],[74.6707,34.129],[74.6733,34.1247],[74.6784,34.1214],[74.6863,34.1199],[74.6982,34.117],[74.71,34.114],[74.718,34.1125],[74.7253,34.1117],[74.7361,34.1104],[74.7466,34.1088],[74.7549,34.1062],[74.7608,34.1043],[74.764,34.103],[74.7673,34.1009],[74.7729,34.097],[74.7768,34.0922],[74.7827,34.0836],[74.7906,34.0816],[74.7945,34.0792],[74.7969,34.0747],[74.8059,34.0716],[74.8113,34.0723],[74.8205,34.0746]]}},{"type":"Feature","properties":{"id":"FDR-516","name":"Shopian to Srinagar","obs":0.96,"drv":3,"runs":7},"geometry":{"type":"LineString","coordinates":[[74.8333,33.7192],[74.8303,33.7196],[74.8288,33.7208],[74.8285,33.723],[74.8305,33.7256],[74.8324,33.7274],[74.8344,33.7291],[74.8357,33.7336],[74.8406,33.7416],[74.8454,33.749],[74.8445,33.7554],[74.8452,33.7573],[74.8471,33.7617],[74.8475,33.7648],[74.8517,33.7736],[74.8553,33.7803],[74.8586,33.784],[74.8611,33.7876],[74.8623,33.7938],[74.8613,33.7975],[74.8621,33.8018],[74.8627,33.8048],[74.863,33.8079],[74.8676,33.8118],[74.877,33.8169],[74.8813,33.8201],[74.882,33.824],[74.8822,33.8261],[74.8849,33.8308],[74.8891,33.835],[74.8901,33.8382],[74.8914,33.8432],[74.8904,33.8475],[74.8934,33.8528],[74.898,33.8611],[74.8998,33.865],[74.9009,33.8686],[74.8997,33.8723],[74.8997,33.8734],[74.8997,33.8754],[74.8998,33.8774],[74.8992,33.8796],[74.8985,33.8848],[74.8976,33.8886],[74.8958,33.8923],[74.8939,33.8942],[74.8915,33.8975],[74.8905,33.8998],[74.89,33.9022],[74.8895,33.9038],[74.8915,33.9068],[74.8922,33.9085],[74.8898,33.9086],[74.8876,33.9103],[74.885,33.9137],[74.8833,33.9149],[74.8828,33.9156],[74.8843,33.9173],[74.885,33.9206],[74.8854,33.9243],[74.8852,33.9269],[74.8853,33.9301],[74.8854,33.9335],[74.8846,33.9371],[74.8824,33.9408],[74.8807,33.943],[74.8788,33.9447],[74.8775,33.9462],[74.8751,33.9479],[74.8734,33.9495],[74.8712,33.9526],[74.8717,33.9555],[74.8713,33.9591],[74.8714,33.9612],[74.87,33.9637],[74.8698,33.9668],[74.8691,33.9701],[74.8659,33.9739],[74.8636,33.9796],[74.8615,33.9821],[74.8584,33.9837],[74.8529,33.9833],[74.8498,33.9844],[74.8457,33.985],[74.8434,33.986],[74.8416,33.9895],[74.841,33.9918],[74.8408,33.9938],[74.8402,33.9953],[74.8384,33.9978],[74.837,34.0012],[74.8356,34.0037],[74.8352,34.0062],[74.835,34.0083],[74.8343,34.0096],[74.8334,34.0109],[74.8322,34.0131],[74.8299,34.016],[74.829,34.0187],[74.8289,34.0201],[74.8288,34.0221],[74.828,34.0232],[74.8268,34.0246],[74.8251,34.0263],[74.8239,34.0279],[74.8214,34.0314],[74.82,34.0335],[74.8186,34.036],[74.8186,34.0372],[74.8188,34.0393],[74.8185,34.0422],[74.8168,34.0447],[74.8147,34.046],[74.8127,34.0463],[74.8114,34.0472],[74.8099,34.0475],[74.8068,34.0496],[74.805,34.0517],[74.8046,34.0528],[74.8043,34.0545],[74.8041,34.0556],[74.8029,34.0584],[74.8025,34.0614],[74.8029,34.0634],[74.8035,34.0652],[74.8037,34.0666],[74.8035,34.069],[74.8036,34.0707],[74.8043,34.0716],[74.8061,34.0716],[74.8103,34.072],[74.8131,34.0728],[74.8184,34.074],[74.8205,34.0746]]}},{"type":"Feature","properties":{"id":"FDR-538","name":"Sedow to Srinagar","obs":0.72,"drv":3,"runs":19},"geometry":{"type":"LineString","coordinates":[[74.7849,33.6642],[74.7849,33.665],[74.7848,33.6661],[74.7837,33.6666],[74.7853,33.6677],[74.79,33.6713],[74.7965,33.675],[74.7959,33.676],[74.7958,33.6767],[74.7992,33.6806],[74.7976,33.6809],[74.7987,33.6835],[74.7962,33.6846],[74.7989,33.6854],[74.8022,33.6875],[74.8092,33.6919],[74.813,33.6945],[74.8178,33.6971],[74.8165,33.697],[74.8164,33.7003],[74.8198,33.7048],[74.8235,33.709],[74.8271,33.7136],[74.8271,33.715],[74.8306,33.7179],[74.8296,33.7198],[74.8278,33.721],[74.8288,33.7236],[74.8308,33.726],[74.8333,33.7276],[74.8349,33.7301],[74.8363,33.7352],[74.8426,33.7441],[74.8465,33.7522],[74.8443,33.7557],[74.8463,33.759],[74.8477,33.7631],[74.8483,33.7675],[74.8521,33.7743],[74.8567,33.7823],[74.8598,33.7857],[74.8628,33.7899],[74.8617,33.7955],[74.8615,33.799],[74.8621,33.8025],[74.8625,33.8056],[74.8635,33.8085],[74.8707,33.8137],[74.8785,33.8175],[74.8821,33.8215],[74.8818,33.825],[74.8832,33.8274],[74.8876,33.8334],[74.8882,33.8362],[74.8914,33.839],[74.891,33.8455],[74.8906,33.8485],[74.8948,33.855],[74.8983,33.8626],[74.9003,33.8665],[74.9008,33.8692],[74.8996,33.8727],[74.8999,33.8738],[74.8997,33.876],[74.8997,33.8781],[74.8994,33.8813],[74.8984,33.8851],[74.897,33.8896],[74.8955,33.8928],[74.8928,33.8952],[74.8911,33.8987],[74.8905,33.9004],[74.8901,33.903],[74.8893,33.904],[74.8926,33.9081],[74.8914,33.9088],[74.8894,33.9086],[74.8872,33.9113],[74.8845,33.914],[74.8831,33.915],[74.8831,33.9161],[74.885,33.9183],[74.8851,33.9215],[74.8853,33.925],[74.8852,33.9284],[74.8852,33.9311],[74.8856,33.9341],[74.8842,33.9381],[74.8818,33.9417],[74.88,33.9436],[74.8785,33.9451],[74.8766,33.9469],[74.8749,33.9483],[74.8728,33.9504],[74.8711,33.953],[74.8716,33.9567],[74.8709,33.96],[74.8719,33.9615],[74.8698,33.9641],[74.8748,33.9675],[74.8773,33.9683],[74.8805,33.97],[74.8846,33.9724],[74.8882,33.9731],[74.8913,33.9726],[74.8966,33.9726],[74.9008,33.9738],[74.903,33.975],[74.9039,33.9767],[74.9046,33.9862],[74.9038,33.9965],[74.9044,34.0002],[74.9074,34.0067],[74.9085,34.0104],[74.91,34.0119],[74.9119,34.0121],[74.9125,34.017],[74.9139,34.0185],[74.9154,34.0196],[74.9176,34.0205],[74.9172,34.0226],[74.917,34.023]]}},{"type":"Feature","properties":{"id":"FDR-520","name":"Harman to Srinagar","obs":0.97,"drv":3,"runs":7},"geometry":{"type":"LineString","coordinates":[[74.8313,33.7172],[74.8298,33.7165],[74.8309,33.7191],[74.8291,33.7202],[74.8274,33.7213],[74.8296,33.7244],[74.8312,33.7264],[74.8337,33.7283],[74.8351,33.7313],[74.838,33.7381],[74.8444,33.7465],[74.8463,33.7526],[74.8444,33.7559],[74.8467,33.7598],[74.8476,33.7638],[74.8501,33.7708],[74.8533,33.7758],[74.8579,33.7831],[74.8604,33.7867],[74.8628,33.7902],[74.8611,33.7967],[74.8616,33.8],[74.8622,33.8035],[74.863,33.807],[74.8646,33.8095],[74.8722,33.8147],[74.8793,33.818],[74.8824,33.8221],[74.8818,33.8252],[74.8842,33.8293],[74.8892,33.8347],[74.8881,33.8367],[74.8916,33.8398],[74.8908,33.8466],[74.8915,33.85],[74.8963,33.8575],[74.8985,33.863],[74.9008,33.8679],[74.9006,33.8698],[74.8996,33.8731],[74.8998,33.8746],[74.8997,33.8764],[74.8994,33.8788],[74.899,33.8822],[74.8985,33.8861],[74.8966,33.8903],[74.8948,33.8933],[74.8922,33.8962],[74.8907,33.8992],[74.8902,33.9014],[74.8901,33.9035],[74.8894,33.9042],[74.8926,33.9083],[74.8909,33.9088],[74.8886,33.9087],[74.8862,33.9124],[74.884,33.9145],[74.8828,33.9152],[74.884,33.9169],[74.8851,33.9186],[74.8855,33.9231],[74.8853,33.9259],[74.8852,33.9292],[74.8851,33.9321],[74.8852,33.9349],[74.8831,33.9395],[74.881,33.9426],[74.8796,33.944],[74.8783,33.9455],[74.8761,33.9472],[74.8746,33.9487],[74.8717,33.9516],[74.8712,33.9537],[74.8716,33.9574],[74.8708,33.9606],[74.8714,33.9621],[74.8698,33.9648],[74.8694,33.9696],[74.8674,33.9724],[74.8648,33.978],[74.8624,33.9812],[74.8598,33.9838],[74.8547,33.9833],[74.8511,33.9839],[74.8471,33.9848],[74.8445,33.9854],[74.8422,33.9875],[74.841,33.9913],[74.8406,33.9933],[74.8405,33.9946],[74.8395,33.996],[74.838,33.9992],[74.836,34.003],[74.8352,34.0057],[74.8352,34.0075],[74.8345,34.0093],[74.8336,34.0101],[74.8326,34.0122],[74.8312,34.0143],[74.8293,34.0177],[74.8289,34.0198],[74.8291,34.0208],[74.8283,34.0227],[74.8272,34.0242],[74.8256,34.0258],[74.8243,34.0273],[74.8228,34.0295],[74.8206,34.0323],[74.8192,34.0349],[74.8185,34.0366],[74.8188,34.0383],[74.8187,34.0413],[74.8178,34.0433],[74.8158,34.0456],[74.8135,34.0463],[74.8117,34.0467],[74.8108,34.0475],[74.8086,34.0471],[74.8054,34.0511],[74.8046,34.0521],[74.8044,34.054],[74.8042,34.0551],[74.8032,34.0576],[74.8027,34.0597],[74.8026,34.0622],[74.8033,34.0645],[74.8036,34.0662],[74.8036,34.0672],[74.8035,34.0701],[74.804,34.0716],[74.8054,34.0717],[74.8089,34.0717],[74.8111,34.0723],[74.8158,34.0735],[74.8205,34.0746]]}},{"type":"Feature","properties":{"id":"FDR-535","name":"Kaprin to Srinagar","obs":0.8,"drv":3,"runs":7},"geometry":{"type":"LineString","coordinates":[[74.9044,33.6697],[74.8969,33.6741],[74.8938,33.6768],[74.8898,33.6769],[74.886,33.6768],[74.8836,33.6788],[74.8755,33.6818],[74.8658,33.6852],[74.8626,33.6897],[74.8552,33.6969],[74.8488,33.6991],[74.8422,33.705],[74.8408,33.7089],[74.8425,33.7111],[74.8381,33.7093],[74.8363,33.7122],[74.8356,33.716],[74.8346,33.7169],[74.8325,33.718],[74.8309,33.7195],[74.8284,33.7208],[74.8291,33.7241],[74.8314,33.727],[74.8344,33.7291],[74.8363,33.7352],[74.8444,33.7465],[74.8449,33.7548],[74.8455,33.7576],[74.8476,33.7634],[74.8509,33.7721],[74.8553,33.7803],[74.8598,33.7857],[74.8628,33.7902],[74.8613,33.7972],[74.8621,33.802],[74.8626,33.8059],[74.8654,33.8101],[74.877,33.8169],[74.8821,33.8215],[74.8818,33.8252],[74.8847,33.8305],[74.8889,33.8352],[74.8916,33.8392],[74.8907,33.8468],[74.8934,33.8528],[74.8983,33.8626],[74.9008,33.8679],[74.8997,33.8721],[74.8998,33.8735],[74.8997,33.8762],[74.8993,33.8789],[74.8985,33.8848],[74.897,33.8896],[74.8948,33.8933],[74.8917,33.897],[74.8905,33.9],[74.8901,33.9034],[74.8896,33.9045],[74.8922,33.9085],[74.8894,33.9086],[74.8862,33.9124],[74.8834,33.9149],[74.8829,33.9159],[74.8851,33.9185],[74.8856,33.9235],[74.8852,33.9269],[74.8852,33.9311],[74.8852,33.9349],[74.8826,33.9405],[74.8806,33.9431],[74.8784,33.9453],[74.8758,33.9474],[74.8734,33.9495],[74.8711,33.953],[74.8716,33.9574],[74.8709,33.9608],[74.8698,33.9639],[74.8696,33.9687],[74.8666,33.9733],[74.8636,33.9796],[74.8604,33.9834],[74.8547,33.9833],[74.8501,33.9843],[74.8451,33.9852],[74.8425,33.987],[74.841,33.9914],[74.8408,33.9938],[74.8398,33.9956],[74.838,33.9992],[74.8358,34.0033],[74.8352,34.0064],[74.8347,34.0089],[74.8336,34.0103],[74.8322,34.0131],[74.8295,34.017],[74.8289,34.0198],[74.8288,34.022],[74.828,34.0233],[74.8258,34.0256],[74.8242,34.0274],[74.8214,34.0314],[74.8198,34.034],[74.8185,34.0366],[74.8188,34.0389],[74.8183,34.0426],[74.8159,34.0455],[74.8134,34.0463],[74.8114,34.0472],[74.8093,34.0474],[74.8054,34.0511],[74.8046,34.0526],[74.8042,34.0546],[74.8036,34.0566],[74.8026,34.06],[74.8029,34.0634],[74.8036,34.0658],[74.8036,34.0672],[74.8036,34.0706],[74.8047,34.0716],[74.8088,34.0717],[74.8113,34.0723],[74.8184,34.074],[74.8205,34.0746]]}},{"type":"Feature","properties":{"id":"FDR-540","name":"Nehama to Srinagar","obs":0.76,"drv":3,"runs":6},"geometry":{"type":"LineString","coordinates":[[74.8953,33.6344],[74.8914,33.6372],[74.8901,33.6424],[74.8882,33.6469],[74.884,33.652],[74.8774,33.6514],[74.8781,33.6544],[74.877,33.6598],[74.8754,33.6616],[74.8721,33.6694],[74.8699,33.6709],[74.8689,33.6728],[74.8668,33.6777],[74.862,33.6812],[74.8626,33.6854],[74.8626,33.6897],[74.8552,33.6969],[74.8488,33.6991],[74.8422,33.705],[74.8408,33.7089],[74.8425,33.7111],[74.8381,33.7093],[74.8363,33.7122],[74.8356,33.716],[74.8346,33.7169],[74.8325,33.718],[74.8309,33.7195],[74.8284,33.7208],[74.8291,33.7241],[74.8314,33.727],[74.8344,33.7291],[74.8363,33.7352],[74.8444,33.7465],[74.8449,33.7548],[74.8455,33.7576],[74.8476,33.7634],[74.8509,33.7721],[74.8553,33.7803],[74.8598,33.7857],[74.8628,33.7902],[74.8613,33.7972],[74.8621,33.802],[74.8626,33.8059],[74.8654,33.8101],[74.877,33.8169],[74.8821,33.8215],[74.8818,33.8252],[74.8847,33.8305],[74.8889,33.8352],[74.8916,33.8392],[74.8907,33.8468],[74.8934,33.8528],[74.8983,33.8626],[74.9008,33.8679],[74.8997,33.8721],[74.8998,33.8735],[74.8997,33.8762],[74.8993,33.8789],[74.8985,33.8848],[74.897,33.8896],[74.8948,33.8933],[74.8917,33.897],[74.8905,33.9],[74.8901,33.9034],[74.8896,33.9045],[74.8922,33.9085],[74.8894,33.9086],[74.8862,33.9124],[74.8834,33.9149],[74.8829,33.9159],[74.8851,33.9185],[74.8856,33.9235],[74.8852,33.9269],[74.8852,33.9311],[74.8852,33.9349],[74.8826,33.9405],[74.8806,33.9431],[74.8784,33.9453],[74.8758,33.9474],[74.8734,33.9495],[74.8711,33.953],[74.8716,33.9574],[74.8709,33.9608],[74.8698,33.9639],[74.8696,33.9687],[74.8666,33.9733],[74.8636,33.9796],[74.8604,33.9834],[74.8547,33.9833],[74.8501,33.9843],[74.8451,33.9852],[74.8425,33.987],[74.841,33.9914],[74.8408,33.9938],[74.8398,33.9956],[74.838,33.9992],[74.8358,34.0033],[74.8352,34.0064],[74.8347,34.0089],[74.8336,34.0103],[74.8322,34.0131],[74.8295,34.017],[74.8289,34.0198],[74.8288,34.022],[74.828,34.0233],[74.8258,34.0256],[74.8242,34.0274],[74.8214,34.0314],[74.8198,34.034],[74.8185,34.0366],[74.8188,34.0389],[74.8183,34.0426],[74.8159,34.0455],[74.8134,34.0463],[74.8114,34.0472],[74.8093,34.0474],[74.8054,34.0511],[74.8046,34.0526],[74.8042,34.0546],[74.8036,34.0566],[74.8026,34.06],[74.8029,34.0634],[74.8036,34.0658],[74.8036,34.0672],[74.8036,34.0706],[74.8047,34.0716],[74.8088,34.0717],[74.8113,34.0723],[74.8184,34.074],[74.8205,34.0746]]}},{"type":"Feature","properties":{"id":"FDR-008","name":"Khull Ahmadabad to Srinagar","obs":0.82,"drv":24,"runs":324},"geometry":{"type":"LineString","coordinates":[[75.0189,33.6452],[75.0228,33.6488],[75.0249,33.6531],[75.0263,33.6571],[75.0299,33.6605],[75.0377,33.6663],[75.04,33.6708],[75.0428,33.6748],[75.0496,33.6809],[75.0526,33.6852],[75.0538,33.6877],[75.0554,33.69],[75.0626,33.6968],[75.0714,33.7047],[75.073,33.7064],[75.0762,33.709],[75.0779,33.7105],[75.08,33.713],[75.081,33.7152],[75.0822,33.7173],[75.0823,33.7192],[75.0839,33.7206],[75.0867,33.7219],[75.0867,33.7233],[75.0879,33.7236],[75.0898,33.7233],[75.0918,33.7237],[75.0963,33.7243],[75.0973,33.7275],[75.0962,33.7326],[75.0959,33.7445],[75.1018,33.7492],[75.1044,33.7517],[75.1043,33.7546],[75.0819,33.8042],[75.0804,33.8095],[75.0799,33.8135],[75.0712,33.8271],[75.0707,33.831],[75.0699,33.8332],[75.0667,33.835],[75.0613,33.8407],[75.0566,33.8448],[75.0504,33.8516],[75.0491,33.8554],[75.048,33.8623],[75.0464,33.8685],[75.0449,33.8728],[75.0428,33.8747],[75.0344,33.8827],[75.0278,33.888],[75.0261,33.8902],[75.0252,33.8931],[75.0227,33.8992],[75.0195,33.9041],[75.0125,33.9108],[75.0049,33.9145],[74.9967,33.9218],[74.9917,33.9309],[74.9885,33.9347],[74.9857,33.9384],[74.9873,33.9431],[74.988,33.9468],[74.9848,33.951],[74.9822,33.9541],[74.9764,33.9565],[74.9724,33.9588],[74.9673,33.9621],[74.964,33.9648],[74.9624,33.9653],[74.9594,33.967],[74.9557,33.9698],[74.9459,33.9754],[74.9407,33.9784],[74.9375,33.9819],[74.9314,33.9882],[74.9278,33.9927],[74.9256,33.9938],[74.9219,33.9937],[74.9165,33.992],[74.9127,33.992],[74.9059,33.9952],[74.9026,33.9978],[74.894,34.0138],[74.8904,34.0191],[74.8886,34.02],[74.8868,34.0205],[74.8776,34.0229],[74.8745,34.0239],[74.8722,34.025],[74.8652,34.0289],[74.8634,34.0301],[74.862,34.0316],[74.861,34.0333],[74.8603,34.0354],[74.8599,34.0368],[74.8614,34.0382],[74.8663,34.0376],[74.8684,34.0377],[74.8712,34.0383],[74.8771,34.0397],[74.8773,34.0403],[74.8761,34.0411],[74.8742,34.0421],[74.8725,34.043],[74.872,34.0438],[74.8711,34.0452],[74.8704,34.046],[74.8686,34.0472],[74.8674,34.0479],[74.8658,34.0488],[74.8639,34.0501],[74.8633,34.0508],[74.8625,34.0522],[74.8611,34.0544],[74.8602,34.0555],[74.8588,34.0565],[74.857,34.0577],[74.8548,34.0593],[74.8514,34.0615],[74.849,34.0634],[74.8465,34.0658],[74.8449,34.0673],[74.8436,34.0686],[74.843,34.0692],[74.8414,34.0702],[74.8397,34.071],[74.8368,34.0728],[74.8323,34.0734],[74.8307,34.0732],[74.8277,34.0731],[74.8258,34.0732],[74.8207,34.0725],[74.8187,34.0728],[74.816,34.0728],[74.8161,34.0735],[74.8205,34.0746]]}},{"type":"Feature","properties":{"id":"FDR-537","name":"Pariwan to Srinagar","obs":0.77,"drv":3,"runs":7},"geometry":{"type":"LineString","coordinates":[[74.9242,33.663],[74.9219,33.6642],[74.9172,33.6656],[74.9113,33.6674],[74.9059,33.669],[74.8969,33.6741],[74.8938,33.6768],[74.8898,33.6769],[74.886,33.6768],[74.8836,33.6788],[74.8755,33.6818],[74.8658,33.6852],[74.8626,33.6897],[74.8552,33.6969],[74.8488,33.6991],[74.8422,33.705],[74.8408,33.7089],[74.8425,33.7111],[74.8381,33.7093],[74.8363,33.7122],[74.8356,33.716],[74.8346,33.7169],[74.8325,33.718],[74.8309,33.7195],[74.8284,33.7208],[74.8291,33.7241],[74.8314,33.727],[74.8344,33.7291],[74.8363,33.7352],[74.8444,33.7465],[74.8449,33.7548],[74.8455,33.7576],[74.8476,33.7634],[74.8509,33.7721],[74.8553,33.7803],[74.8598,33.7857],[74.8628,33.7902],[74.8613,33.7972],[74.8621,33.802],[74.8626,33.8059],[74.8654,33.8101],[74.877,33.8169],[74.8821,33.8215],[74.8818,33.8252],[74.8847,33.8305],[74.8889,33.8352],[74.8916,33.8392],[74.8907,33.8468],[74.8934,33.8528],[74.8983,33.8626],[74.9008,33.8679],[74.8997,33.8721],[74.8998,33.8735],[74.8997,33.8762],[74.8993,33.8789],[74.8985,33.8848],[74.897,33.8896],[74.8948,33.8933],[74.8917,33.897],[74.8905,33.9],[74.8901,33.9034],[74.8896,33.9045],[74.8922,33.9085],[74.8894,33.9086],[74.8862,33.9124],[74.8834,33.9149],[74.8829,33.9159],[74.8851,33.9185],[74.8856,33.9235],[74.8852,33.9269],[74.8852,33.9311],[74.8852,33.9349],[74.8826,33.9405],[74.8806,33.9431],[74.8784,33.9453],[74.8758,33.9474],[74.8734,33.9495],[74.8711,33.953],[74.8716,33.9574],[74.8709,33.9608],[74.8698,33.9639],[74.8696,33.9687],[74.8666,33.9733],[74.8636,33.9796],[74.8604,33.9834],[74.8547,33.9833],[74.8501,33.9843],[74.8451,33.9852],[74.8425,33.987],[74.841,33.9914],[74.8408,33.9938],[74.8398,33.9956],[74.838,33.9992],[74.8358,34.0033],[74.8352,34.0064],[74.8347,34.0089],[74.8336,34.0103],[74.8322,34.0131],[74.8295,34.017],[74.8289,34.0198],[74.8288,34.022],[74.828,34.0233],[74.8258,34.0256],[74.8242,34.0274],[74.8214,34.0314],[74.8198,34.034],[74.8185,34.0366],[74.8188,34.0389],[74.8183,34.0426],[74.8159,34.0455],[74.8134,34.0463],[74.8114,34.0472],[74.8093,34.0474],[74.8054,34.0511],[74.8046,34.0526],[74.8042,34.0546],[74.8036,34.0566],[74.8026,34.06],[74.8029,34.0634],[74.8036,34.0658],[74.8036,34.0672],[74.8036,34.0706],[74.8047,34.0716],[74.8088,34.0717],[74.8113,34.0723],[74.8184,34.074],[74.8205,34.0746]]}},{"type":"Feature","properties":{"id":"FDR-010","name":"Kulgam to Srinagar","obs":0.82,"drv":24,"runs":324},"geometry":{"type":"LineString","coordinates":[[75.0187,33.6446],[75.0194,33.6453],[75.023,33.6491],[75.0251,33.6538],[75.0267,33.6576],[75.0311,33.6614],[75.0379,33.6667],[75.0405,33.6715],[75.0432,33.6751],[75.0497,33.681],[75.0531,33.6859],[75.0539,33.688],[75.0561,33.6909],[75.0634,33.6975],[75.0717,33.7049],[75.0731,33.7065],[75.0765,33.7091],[75.0781,33.7108],[75.0801,33.7133],[75.0811,33.7154],[75.0822,33.7174],[75.0824,33.7197],[75.0843,33.7208],[75.0868,33.722],[75.0868,33.7235],[75.0882,33.7236],[75.0902,33.7234],[75.0946,33.7238],[75.0974,33.7249],[75.0972,33.7277],[75.0961,33.734],[75.0962,33.7451],[75.1026,33.7497],[75.1046,33.7522],[75.1041,33.7552],[75.0814,33.8055],[75.0804,33.8097],[75.0797,33.814],[75.0711,33.8273],[75.0707,33.8312],[75.0695,33.8335],[75.0649,33.8367],[75.0604,33.8418],[75.0561,33.8453],[75.0501,33.8521],[75.0489,33.8565],[75.048,33.8624],[75.0456,33.8714],[75.0448,33.873],[75.0424,33.875],[75.0342,33.8828],[75.0272,33.8885],[75.0259,33.8907],[75.025,33.894],[75.0225,33.8996],[75.0185,33.9052],[75.0119,33.9112],[75.0039,33.9153],[74.9957,33.9231],[74.9915,33.9311],[74.9878,33.9354],[74.9857,33.9392],[74.9875,33.9436],[74.9877,33.9472],[74.9848,33.951],[74.9819,33.9543],[74.9758,33.9568],[74.9709,33.9596],[74.9671,33.9623],[74.9638,33.9649],[74.9617,33.9656],[74.9583,33.9679],[74.9552,33.9701],[74.9435,33.9768],[74.9406,33.9785],[74.9351,33.9843],[74.931,33.9886],[74.9275,33.9929],[74.9249,33.994],[74.9214,33.9935],[74.916,33.9919],[74.912,33.9922],[74.9052,33.9956],[74.9021,33.9983],[74.8928,34.0162],[74.8901,34.0192],[74.8884,34.0201],[74.8858,34.0208],[74.8771,34.023],[74.8741,34.0241],[74.8719,34.0252],[74.8649,34.0291],[74.8632,34.0304],[74.8619,34.0318],[74.8608,34.0339],[74.8601,34.0357],[74.8599,34.037],[74.8621,34.0383],[74.8665,34.0376],[74.8687,34.0377],[74.8733,34.0388],[74.8772,34.0399],[74.8772,34.0404],[74.8757,34.0412],[74.8739,34.0422],[74.8725,34.043],[74.8719,34.044],[74.871,34.0454],[74.8702,34.0462],[74.8685,34.0473],[74.8671,34.048],[74.8656,34.0489],[74.8638,34.0502],[74.8632,34.051],[74.8623,34.0525],[74.8607,34.055],[74.8601,34.0556],[74.8585,34.0567],[74.857,34.0577],[74.8542,34.0596],[74.8509,34.0619],[74.8483,34.064],[74.8462,34.066],[74.8448,34.0673],[74.8435,34.0687],[74.8429,34.0693],[74.8412,34.0703],[74.8395,34.0711],[74.8363,34.0729],[74.832,34.0734],[74.8299,34.0731],[74.827,34.0732],[74.8257,34.0732],[74.8205,34.0725],[74.8184,34.0729],[74.8158,34.0728],[74.8164,34.0736],[74.8205,34.0746]]}},{"type":"Feature","properties":{"id":"FDR-011","name":"Katrosoo to Srinagar","obs":0.78,"drv":24,"runs":305},"geometry":{"type":"LineString","coordinates":[[74.9948,33.6867],[74.994,33.6872],[74.9917,33.6874],[74.9895,33.6874],[74.9882,33.6876],[74.9861,33.6876],[74.984,33.6869],[74.9826,33.6865],[74.9808,33.6869],[74.9802,33.689],[74.9801,33.691],[74.9806,33.6936],[74.9812,33.6948],[74.9844,33.6968],[74.9869,33.6981],[74.9892,33.6993],[74.9925,33.7002],[74.9946,33.7001],[74.998,33.6999],[75.0015,33.6992],[75.0034,33.6992],[75.0052,33.6981],[75.0093,33.6985],[75.0119,33.6992],[75.0148,33.6995],[75.0191,33.7002],[75.0213,33.7008],[75.0244,33.7017],[75.0285,33.7033],[75.0341,33.7068],[75.0359,33.7071],[75.0399,33.7088],[75.0448,33.7115],[75.0477,33.7123],[75.0511,33.7132],[75.0533,33.7133],[75.0545,33.7135],[75.0648,33.714],[75.0682,33.7149],[75.0743,33.7174],[75.0805,33.7193],[75.0831,33.7202],[75.0867,33.7219],[75.087,33.7237],[75.0895,33.7232],[75.0918,33.7237],[75.0977,33.7251],[75.0967,33.7295],[75.0959,33.7445],[75.1031,33.75],[75.1046,33.7536],[75.0819,33.8042],[75.0801,33.8121],[75.0783,33.8162],[75.0707,33.831],[75.0689,33.8338],[75.0627,33.8392],[75.0566,33.8448],[75.0498,33.8526],[75.0484,33.8611],[75.0464,33.8685],[75.0438,33.8738],[75.0373,33.8799],[75.0278,33.888],[75.0258,33.8911],[75.0237,33.8973],[75.0195,33.9041],[75.0103,33.9119],[74.9983,33.9199],[74.9917,33.9309],[74.9869,33.9361],[74.986,33.9405],[74.988,33.9468],[74.984,33.952],[74.9779,33.9558],[74.9724,33.9588],[74.9668,33.9626],[74.9633,33.9651],[74.9594,33.967],[74.9545,33.9706],[74.9414,33.9779],[74.9375,33.9819],[74.9307,33.989],[74.9263,33.9936],[74.9219,33.9937],[74.9149,33.9919],[74.91,33.9929],[74.9026,33.9978],[74.8924,34.0169],[74.8891,34.0198],[74.8868,34.0205],[74.8766,34.0232],[74.8729,34.0247],[74.8652,34.0289],[74.863,34.0306],[74.8614,34.0326],[74.8603,34.0354],[74.8601,34.0373],[74.8647,34.0382],[74.8684,34.0377],[74.8738,34.0389],[74.8773,34.0401],[74.8761,34.0411],[74.8734,34.0425],[74.8722,34.0435],[74.8711,34.0452],[74.87,34.0463],[74.8679,34.0476],[74.8658,34.0488],[74.8637,34.0503],[74.8627,34.0518],[74.8611,34.0544],[74.8599,34.0557],[74.8577,34.0572],[74.8548,34.0593],[74.8505,34.0621],[74.8469,34.0654],[74.8449,34.0673],[74.8434,34.0687],[74.8422,34.0697],[74.8397,34.071],[74.8341,34.0733],[74.831,34.0732],[74.8277,34.0731],[74.8243,34.0728],[74.8196,34.0727],[74.816,34.0728],[74.8184,34.074],[74.8205,34.0746]]}},{"type":"Feature","properties":{"id":"FDR-012","name":"Yaripora to Srinagar","obs":0.84,"drv":24,"runs":342},"geometry":{"type":"LineString","coordinates":[[75.0162,33.7222],[75.0163,33.7214],[75.0171,33.7199],[75.017,33.7178],[75.0173,33.7159],[75.0177,33.7145],[75.0174,33.7122],[75.0185,33.7093],[75.0195,33.7066],[75.0211,33.7047],[75.0219,33.7037],[75.0234,33.7026],[75.0264,33.7024],[75.0318,33.705],[75.0344,33.707],[75.036,33.7072],[75.0399,33.7088],[75.0443,33.7113],[75.0473,33.7122],[75.0505,33.7129],[75.0522,33.7134],[75.0537,33.7135],[75.057,33.7138],[75.0649,33.714],[75.0682,33.7149],[75.0737,33.7173],[75.0787,33.7188],[75.082,33.7196],[75.0844,33.7209],[75.0867,33.7228],[75.0871,33.7237],[75.0896,33.7232],[75.0918,33.7237],[75.0974,33.7249],[75.0971,33.7278],[75.0955,33.7426],[75.0979,33.7469],[75.1042,33.7512],[75.1043,33.7546],[75.0814,33.8055],[75.0801,33.8121],[75.0791,33.8151],[75.0708,33.8285],[75.0702,33.8329],[75.0667,33.835],[75.0604,33.8418],[75.0555,33.846],[75.0497,33.853],[75.0484,33.8611],[75.0471,33.8659],[75.0449,33.8728],[75.0424,33.875],[75.0333,33.8836],[75.0265,33.8894],[75.0255,33.8922],[75.0229,33.8989],[75.0195,33.9041],[75.0119,33.9112],[75.0022,33.9166],[74.9947,33.9251],[74.9901,33.933],[74.9858,33.9378],[74.9873,33.9431],[74.9877,33.9472],[74.984,33.952],[74.9799,33.9552],[74.974,33.9578],[74.9678,33.9616],[74.964,33.9648],[74.9617,33.9656],[74.9575,33.9685],[74.9536,33.9712],[74.9414,33.9779],[74.9386,33.9808],[74.9314,33.9882],[74.9275,33.9929],[74.9243,33.9941],[74.9182,33.9924],[74.9139,33.9919],[74.9094,33.9931],[74.9026,33.9978],[74.8928,34.0162],[74.8898,34.0194],[74.8879,34.0202],[74.8787,34.0226],[74.8749,34.0238],[74.8722,34.025],[74.8649,34.0291],[74.863,34.0306],[74.8616,34.0323],[74.8606,34.0345],[74.8599,34.0366],[74.8614,34.0382],[74.8665,34.0376],[74.8691,34.0378],[74.8755,34.0393],[74.8773,34.0401],[74.8763,34.0409],[74.8742,34.0421],[74.8725,34.043],[74.8717,34.0442],[74.8708,34.0457],[74.8695,34.0466],[74.8676,34.0477],[74.8658,34.0488],[74.8638,34.0502],[74.863,34.0513],[74.8619,34.053],[74.8605,34.0553],[74.8591,34.0563],[74.857,34.0577],[74.8542,34.0596],[74.8505,34.0621],[74.8472,34.065],[74.8459,34.0664],[74.8436,34.0685],[74.843,34.0692],[74.8412,34.0703],[74.8391,34.0714],[74.8327,34.0734],[74.831,34.0732],[74.8282,34.0731],[74.8258,34.0732],[74.8205,34.0725],[74.8175,34.0728],[74.8157,34.0734],[74.8199,34.0744],[74.8205,34.0746]]}},{"type":"Feature","properties":{"id":"FDR-444","name":"Pulwama to Srinagar","obs":1.0,"drv":6,"runs":65},"geometry":{"type":"LineString","coordinates":[[74.9005,33.8756],[74.8998,33.8757],[74.8997,33.8769],[74.8994,33.8788],[74.8994,33.8813],[74.8985,33.8848],[74.8984,33.8867],[74.8967,33.89],[74.8956,33.8926],[74.8943,33.8938],[74.8922,33.8962],[74.8911,33.8987],[74.8905,33.8998],[74.8902,33.9015],[74.8901,33.9034],[74.8894,33.9039],[74.8907,33.9058],[74.8926,33.9083],[74.8914,33.9088],[74.8898,33.9086],[74.8882,33.9089],[74.8866,33.912],[74.8847,33.9139],[74.8834,33.9149],[74.8828,33.9152],[74.8831,33.9161],[74.8843,33.9173],[74.885,33.919],[74.8853,33.9222],[74.8853,33.9246],[74.8852,33.9266],[74.8852,33.9292],[74.8852,33.9311],[74.8854,33.9335],[74.8851,33.9352],[74.8839,33.9386],[74.8823,33.9411],[74.8808,33.9429],[74.8796,33.944],[74.8785,33.9451],[74.8775,33.9462],[74.8758,33.9474],[74.8748,33.9485],[74.8731,33.9499],[74.8714,33.952],[74.8712,33.9537],[74.8716,33.9566],[74.8713,33.9591],[74.8708,33.9607],[74.8718,33.9616],[74.8698,33.9639],[74.8698,33.9667],[74.8694,33.9696],[74.868,33.9717],[74.8659,33.9739],[74.8644,33.9786],[74.8625,33.9811],[74.8613,33.9824],[74.859,33.9838],[74.8547,33.9833],[74.8527,33.9834],[74.8498,33.9844],[74.8469,33.9848],[74.8446,33.9853],[74.8431,33.9862],[74.8418,33.9888],[74.841,33.9913],[74.8409,33.9922],[74.8408,33.9938],[74.8404,33.9946],[74.8396,33.9958],[74.8383,33.998],[74.8375,34.0002],[74.836,34.003],[74.8353,34.0044],[74.8352,34.0062],[74.8351,34.0079],[74.8347,34.0089],[74.8342,34.0097],[74.8335,34.0107],[74.8326,34.0122],[74.8315,34.0139],[74.8299,34.016],[74.8292,34.0181],[74.8289,34.0196],[74.829,34.0202],[74.8288,34.022],[74.8283,34.0227],[74.8277,34.0236],[74.8268,34.0246],[74.8254,34.026],[74.8244,34.0272],[74.8236,34.0283],[74.8218,34.0309],[74.8206,34.0323],[74.8198,34.034],[74.8186,34.036],[74.8186,34.0369],[74.8187,34.0382],[74.8188,34.0399],[74.8187,34.0418],[74.8178,34.0433],[74.8161,34.0453],[74.8147,34.046],[74.8134,34.0463],[74.8119,34.0466],[74.8113,34.0473],[74.8102,34.0475],[74.8086,34.0471],[74.8062,34.0501],[74.805,34.0517],[74.8046,34.0523],[74.8044,34.0538],[74.8042,34.0546],[74.8042,34.0554],[74.8032,34.0576],[74.8027,34.059],[74.8025,34.0614],[74.8026,34.0625],[74.8031,34.0642],[74.8035,34.0656],[74.8037,34.0665],[74.8036,34.0672],[74.8035,34.0695],[74.8036,34.0707],[74.8041,34.0716],[74.8048,34.0716],[74.8073,34.0717],[74.8095,34.0719],[74.8111,34.0723],[74.8157,34.0734],[74.8184,34.074],[74.8205,34.0746]]}},{"type":"Feature","properties":{"id":"FDR-039","name":"Koil to Srinagar","obs":0.58,"drv":10,"runs":78},"geometry":{"type":"LineString","coordinates":[[74.9494,33.8755],[74.9497,33.8758],[74.95,33.876],[74.951,33.8763],[74.9514,33.8766],[74.9511,33.8767],[74.9507,33.877],[74.9508,33.8786],[74.9512,33.8787],[74.9511,33.879],[74.9509,33.8793],[74.9508,33.8796],[74.951,33.8809],[74.9516,33.8821],[74.9526,33.8833],[74.953,33.8846],[74.9535,33.8854],[74.9538,33.888],[74.9536,33.889],[74.9539,33.8906],[74.9544,33.8915],[74.9555,33.8935],[74.9567,33.8949],[74.9572,33.8957],[74.958,33.8968],[74.9584,33.8978],[74.9589,33.8989],[74.9592,33.9003],[74.9599,33.9029],[74.9602,33.9055],[74.9609,33.9069],[74.9604,33.907],[74.9595,33.9079],[74.9576,33.9089],[74.9555,33.9094],[74.9545,33.91],[74.9529,33.9103],[74.9525,33.9107],[74.9514,33.913],[74.95,33.9153],[74.9493,33.9159],[74.9493,33.9164],[74.9486,33.9172],[74.9478,33.9176],[74.9475,33.9178],[74.9467,33.9179],[74.9459,33.919],[74.9453,33.9195],[74.9447,33.9199],[74.9442,33.9201],[74.944,33.9205],[74.9437,33.9209],[74.9432,33.9213],[74.9429,33.9214],[74.9426,33.9214],[74.9414,33.922],[74.9408,33.9225],[74.9399,33.9228],[74.9381,33.9235],[74.9363,33.9247],[74.9338,33.9263],[74.9316,33.9263],[74.93,33.9261],[74.9279,33.9272],[74.9268,33.9271],[74.9264,33.927],[74.9264,33.9275],[74.9263,33.9287],[74.9264,33.9291],[74.9266,33.9337],[74.9267,33.9371],[74.9271,33.9422],[74.9274,33.947],[74.9274,33.9476],[74.9274,33.9477],[74.9272,33.9481],[74.9273,33.9491],[74.927,33.9507],[74.9271,33.9511],[74.9274,33.9533],[74.9275,33.9539],[74.9273,33.9544],[74.9268,33.9554],[74.9259,33.9574],[74.9253,33.9584],[74.9249,33.9596],[74.9248,33.96],[74.9245,33.9605],[74.9238,33.9621],[74.9233,33.9639],[74.9232,33.9646],[74.9223,33.9658],[74.9214,33.9667],[74.9206,33.9683],[74.9197,33.9703],[74.9191,33.9712],[74.9188,33.9719],[74.9192,33.9729],[74.9195,33.9734],[74.9201,33.974],[74.9215,33.977],[74.9215,33.9779],[74.9216,33.9798],[74.9217,33.9807],[74.9224,33.9822],[74.9225,33.983],[74.9225,33.9842],[74.9226,33.985],[74.9228,33.9865],[74.923,33.9868],[74.9235,33.9874],[74.924,33.9879],[74.9245,33.9886],[74.9251,33.99],[74.9245,33.9905],[74.9228,33.992],[74.9206,33.9939],[74.9201,33.9947],[74.9198,33.9954],[74.9194,33.9963],[74.9177,33.9986],[74.9166,34.0001],[74.9136,34.0069],[74.9133,34.0076],[74.9133,34.0079],[74.9135,34.0086],[74.9134,34.0099],[74.9132,34.0103],[74.9131,34.0106],[74.9126,34.0118],[74.9124,34.0137],[74.9123,34.0164],[74.9125,34.017],[74.9128,34.0178],[74.9131,34.0181],[74.9137,34.0184],[74.9139,34.0185],[74.9149,34.0192],[74.9152,34.0195],[74.9154,34.0196],[74.9163,34.0198],[74.9175,34.0201],[74.9176,34.0202],[74.9176,34.0211],[74.9175,34.0219],[74.9174,34.0222],[74.9172,34.0226],[74.917,34.023]]}},{"type":"Feature","properties":{"id":"FDR-505","name":"Wasoora to Srinagar","obs":0.71,"drv":2,"runs":6},"geometry":{"type":"LineString","coordinates":[[74.972,33.8262],[74.9731,33.8287],[74.9763,33.8323],[74.9785,33.8338],[74.9791,33.835],[74.9785,33.835],[74.9743,33.8367],[74.9705,33.8386],[74.9663,33.8396],[74.964,33.8406],[74.9616,33.8411],[74.959,33.841],[74.9562,33.8415],[74.9528,33.8413],[74.9499,33.8409],[74.9465,33.8403],[74.9426,33.8399],[74.9393,33.84],[74.9362,33.8391],[74.9336,33.8384],[74.9281,33.8367],[74.9265,33.838],[74.9253,33.8394],[74.9241,33.8402],[74.923,33.8417],[74.9222,33.844],[74.9198,33.8459],[74.9177,33.8473],[74.9162,33.8488],[74.9144,33.851],[74.9138,33.8528],[74.9132,33.8557],[74.9126,33.8573],[74.9116,33.8586],[74.9097,33.8605],[74.9076,33.8638],[74.9057,33.8667],[74.9046,33.8688],[74.9032,33.8703],[74.9018,33.8716],[74.8996,33.8731],[74.8998,33.8746],[74.8997,33.8764],[74.8994,33.8788],[74.899,33.8822],[74.8985,33.8861],[74.8966,33.8903],[74.8948,33.8933],[74.8922,33.8962],[74.8907,33.8992],[74.8902,33.9014],[74.8901,33.9035],[74.8894,33.9042],[74.8926,33.9083],[74.8909,33.9088],[74.8886,33.9087],[74.8862,33.9124],[74.884,33.9145],[74.8828,33.9152],[74.884,33.9169],[74.8851,33.9186],[74.8855,33.9231],[74.8853,33.9259],[74.8852,33.9292],[74.8851,33.9321],[74.8852,33.9349],[74.8831,33.9395],[74.881,33.9426],[74.8796,33.944],[74.8783,33.9455],[74.8761,33.9472],[74.8746,33.9487],[74.8717,33.9516],[74.8712,33.9537],[74.8716,33.9574],[74.8708,33.9606],[74.8714,33.9621],[74.8698,33.9648],[74.8694,33.9696],[74.8674,33.9724],[74.8648,33.978],[74.8624,33.9812],[74.8598,33.9838],[74.8547,33.9833],[74.8511,33.9839],[74.8471,33.9848],[74.8445,33.9854],[74.8422,33.9875],[74.841,33.9913],[74.8406,33.9933],[74.8405,33.9946],[74.8395,33.996],[74.838,33.9992],[74.836,34.003],[74.8352,34.0057],[74.8352,34.0075],[74.8345,34.0093],[74.8336,34.0101],[74.8326,34.0122],[74.8312,34.0143],[74.8293,34.0177],[74.8289,34.0198],[74.8291,34.0208],[74.8283,34.0227],[74.8272,34.0242],[74.8256,34.0258],[74.8243,34.0273],[74.8228,34.0295],[74.8206,34.0323],[74.8192,34.0349],[74.8185,34.0366],[74.8188,34.0383],[74.8187,34.0413],[74.8178,34.0433],[74.8158,34.0456],[74.8135,34.0463],[74.8117,34.0467],[74.8108,34.0475],[74.8086,34.0471],[74.8054,34.0511],[74.8046,34.0521],[74.8044,34.054],[74.8042,34.0551],[74.8032,34.0576],[74.8027,34.0597],[74.8026,34.0622],[74.8033,34.0645],[74.8036,34.0662],[74.8036,34.0672],[74.8035,34.0701],[74.804,34.0716],[74.8054,34.0717],[74.8089,34.0717],[74.8111,34.0723],[74.8158,34.0735],[74.8205,34.0746]]}},{"type":"Feature","properties":{"id":"FDR-440","name":"Srinagar to Lettar","obs":1.0,"drv":4,"runs":57},"geometry":{"type":"LineString","coordinates":[[74.8205,34.0746],[74.8202,34.0744],[74.8158,34.0733],[74.811,34.0722],[74.8093,34.0717],[74.8061,34.0715],[74.8042,34.0715],[74.8037,34.0703],[74.8037,34.0691],[74.8037,34.0679],[74.8038,34.0661],[74.8033,34.0643],[74.803,34.0638],[74.8026,34.0619],[74.8027,34.0599],[74.8033,34.0576],[74.8044,34.055],[74.8047,34.0535],[74.8049,34.0525],[74.8054,34.0515],[74.8066,34.0499],[74.8087,34.0472],[74.8105,34.0475],[74.8114,34.0472],[74.8122,34.0465],[74.8135,34.0463],[74.8152,34.0459],[74.8164,34.045],[74.8179,34.0432],[74.8187,34.0417],[74.8188,34.0393],[74.8186,34.0378],[74.8185,34.0366],[74.8189,34.0354],[74.8198,34.0339],[74.8208,34.032],[74.8222,34.0302],[74.8239,34.0279],[74.8247,34.0269],[74.8251,34.0264],[74.826,34.0254],[74.8272,34.0242],[74.8281,34.023],[74.8288,34.0221],[74.8291,34.0206],[74.8289,34.0198],[74.829,34.0187],[74.8295,34.017],[74.8312,34.0143],[74.8324,34.0129],[74.8332,34.0112],[74.8338,34.0099],[74.8344,34.0095],[74.835,34.0083],[74.8353,34.0066],[74.8352,34.0057],[74.8358,34.0033],[74.8368,34.0018],[74.8381,33.9989],[74.8391,33.9966],[74.8402,33.9953],[74.8407,33.994],[74.8406,33.9933],[74.841,33.9917],[74.8413,33.9901],[74.8425,33.987],[74.8441,33.9856],[74.8457,33.985],[74.8482,33.9846],[74.8511,33.9839],[74.8531,33.9833],[74.8575,33.9835],[74.86,33.9838],[74.862,33.9813],[74.8636,33.9796],[74.8653,33.9759],[74.8674,33.9724],[74.8693,33.9698],[74.8698,33.9671],[74.8697,33.9644],[74.8709,33.9628],[74.8714,33.9612],[74.8709,33.96],[74.8716,33.9574],[74.8717,33.9552],[74.8711,33.9529],[74.8723,33.951],[74.874,33.9492],[74.8751,33.9479],[74.8766,33.9469],[74.8783,33.9455],[74.8792,33.9444],[74.8806,33.9431],[74.8813,33.9424],[74.8828,33.9402],[74.8846,33.9371],[74.8856,33.9341],[74.8851,33.9321],[74.8853,33.9298],[74.8853,33.9279],[74.8853,33.9256],[74.8856,33.9235],[74.885,33.9206],[74.885,33.9183],[74.884,33.9169],[74.8828,33.9154],[74.8832,33.915],[74.8842,33.9144],[74.8859,33.9128],[74.8876,33.9103],[74.8894,33.9086],[74.8909,33.9088],[74.8925,33.9085],[74.8919,33.9073],[74.8893,33.9041],[74.89,33.9035],[74.89,33.9022],[74.8905,33.9004],[74.8907,33.8992],[74.8917,33.897],[74.8933,33.8948],[74.8953,33.8929],[74.8964,33.8909],[74.8976,33.8886],[74.8985,33.8851],[74.899,33.8822],[74.8993,33.8791],[74.8998,33.8777],[74.8997,33.8762],[74.8998,33.8748],[74.8989,33.8747],[74.8983,33.8745],[74.8983,33.8741]]}},{"type":"Feature","properties":{"id":"FDR-506","name":"Heff to Srinagar","obs":0.69,"drv":2,"runs":5},"geometry":{"type":"LineString","coordinates":[[74.9733,33.7959],[74.9726,33.7963],[74.9725,33.797],[74.9718,33.8],[74.9708,33.8018],[74.968,33.8031],[74.9655,33.804],[74.9661,33.8054],[74.9625,33.8052],[74.9587,33.8043],[74.9529,33.8037],[74.945,33.8109],[74.9424,33.8135],[74.941,33.8152],[74.939,33.8196],[74.9375,33.8216],[74.9361,33.8237],[74.9347,33.8259],[74.9327,33.8286],[74.9314,33.8312],[74.9301,33.8333],[74.9283,33.8346],[74.9275,33.8365],[74.9264,33.8381],[74.9253,33.8395],[74.924,33.8404],[74.9228,33.8421],[74.9222,33.8442],[74.9195,33.8461],[74.9173,33.8475],[74.9158,33.8494],[74.9143,33.8513],[74.9134,33.8538],[74.9132,33.8558],[74.9124,33.8575],[74.9112,33.8589],[74.9093,33.8613],[74.9074,33.8642],[74.9056,33.8669],[74.9045,33.8689],[74.903,33.8705],[74.9017,33.872],[74.8997,33.8732],[74.8998,33.8748],[74.8997,33.8767],[74.8993,33.8789],[74.8987,33.8832],[74.8984,33.8867],[74.8964,33.8909],[74.8946,33.8935],[74.892,33.8967],[74.8906,33.8994],[74.8902,33.9015],[74.89,33.9035],[74.8896,33.9045],[74.8926,33.9084],[74.8903,33.9086],[74.8882,33.9089],[74.8859,33.9128],[74.8838,33.9147],[74.8828,33.9154],[74.8841,33.917],[74.885,33.919],[74.8856,33.9235],[74.8853,33.9261],[74.8852,33.9295],[74.8852,33.9329],[74.8851,33.9352],[74.8828,33.9402],[74.8809,33.9428],[74.8795,33.9441],[74.8781,33.9457],[74.8758,33.9474],[74.874,33.9492],[74.8715,33.9518],[74.8715,33.9547],[74.8715,33.9582],[74.8708,33.9607],[74.8709,33.9628],[74.8698,33.9652],[74.8693,33.9698],[74.8666,33.9733],[74.8644,33.9786],[74.862,33.9813],[74.8593,33.9838],[74.8539,33.9833],[74.8505,33.9841],[74.8469,33.9848],[74.8441,33.9856],[74.8421,33.9879],[74.841,33.9914],[74.8406,33.9934],[74.8404,33.9946],[74.8391,33.9966],[74.8379,33.9995],[74.8359,34.0032],[74.8352,34.0059],[74.8351,34.0079],[74.8344,34.0095],[74.8336,34.0103],[74.8325,34.0127],[74.8309,34.0146],[74.8292,34.0181],[74.8289,34.0198],[74.829,34.0214],[74.8283,34.0228],[74.8271,34.0244],[74.8254,34.026],[74.8242,34.0274],[74.8222,34.0302],[74.8204,34.0326],[74.8191,34.0351],[74.8186,34.0369],[74.8188,34.0385],[74.8187,34.0417],[74.8173,34.0442],[74.8156,34.0457],[74.8134,34.0463],[74.8116,34.0468],[74.8105,34.0475],[74.8077,34.0484],[74.8052,34.0514],[74.8046,34.0523],[74.8044,34.0541],[74.8042,34.0553],[74.8031,34.0579],[74.8026,34.06],[74.8026,34.0625],[74.8033,34.0647],[74.8037,34.0664],[74.8036,34.0675],[74.8035,34.0705],[74.8041,34.0716],[74.8059,34.0717],[74.8093,34.0718],[74.8113,34.0723],[74.8161,34.0735],[74.8205,34.0746]]}},{"type":"Feature","properties":{"id":"FDR-531","name":"Srinagar to Keller","obs":0.79,"drv":3,"runs":7},"geometry":{"type":"LineString","coordinates":[[74.8205,34.0746],[74.8159,34.0734],[74.8103,34.072],[74.8059,34.0715],[74.8037,34.07],[74.8037,34.0679],[74.8035,34.0648],[74.8028,34.0628],[74.8028,34.0588],[74.8044,34.0548],[74.8049,34.0525],[74.8062,34.0503],[74.8099,34.0475],[74.8116,34.0468],[74.8138,34.0463],[74.8164,34.045],[74.8187,34.0418],[74.8188,34.0383],[74.8185,34.0362],[74.82,34.0335],[74.8222,34.0302],[74.8247,34.0269],[74.8256,34.0258],[74.8277,34.0236],[74.8288,34.0221],[74.8289,34.0198],[74.8295,34.0171],[74.8319,34.0135],[74.8335,34.0107],[74.8345,34.0093],[74.8353,34.0066],[74.8356,34.0037],[74.8379,33.9995],[74.8396,33.9958],[74.8408,33.9939],[74.841,33.9917],[74.8422,33.9875],[74.8447,33.9853],[74.8498,33.9844],[74.8539,33.9833],[74.86,33.9838],[74.8631,33.9803],[74.8661,33.9738],[74.8694,33.9696],[74.8698,33.9641],[74.8714,33.9612],[74.8715,33.9582],[74.8711,33.9531],[74.8731,33.9499],[74.8753,33.9478],[74.8783,33.9455],[74.88,33.9436],[74.8824,33.9408],[74.8851,33.9352],[74.8852,33.9315],[74.8853,33.9279],[74.8855,33.924],[74.8851,33.9186],[74.8831,33.9161],[74.8833,33.9149],[74.8859,33.9128],[74.8891,33.9086],[74.8917,33.9087],[74.8907,33.9058],[74.8901,33.9035],[74.8905,33.9004],[74.8915,33.8975],[74.8946,33.8935],[74.8967,33.89],[74.8985,33.885],[74.8993,33.8791],[74.8997,33.8764],[74.8999,33.8738],[74.8997,33.8723],[74.9008,33.8681],[74.8984,33.8629],[74.8939,33.8536],[74.8905,33.8472],[74.8916,33.8398],[74.8882,33.8362],[74.8849,33.8308],[74.8819,33.8256],[74.8823,33.8219],[74.8784,33.8175],[74.8666,33.811],[74.863,33.807],[74.8621,33.8024],[74.8613,33.7975],[74.8626,33.7922],[74.8602,33.7864],[74.856,33.7818],[74.8532,33.7822],[74.8488,33.7809],[74.8453,33.7812],[74.841,33.7824],[74.8382,33.7812],[74.8364,33.7794],[74.8348,33.7787],[74.833,33.7769],[74.8315,33.7755],[74.8287,33.7745],[74.8257,33.7742],[74.824,33.7743],[74.8223,33.7748],[74.8209,33.7743],[74.8197,33.7728],[74.8174,33.7749],[74.8159,33.7759],[74.8121,33.7739],[74.8093,33.7735],[74.8072,33.7709],[74.7973,33.7674],[74.7935,33.7665],[74.7905,33.7652],[74.7887,33.7658],[74.7879,33.7647],[74.785,33.7639],[74.7817,33.7639],[74.7797,33.7641],[74.7774,33.7641],[74.7743,33.7638],[74.7716,33.7632],[74.7681,33.7631],[74.7667,33.7628],[74.7659,33.7627]]}},{"type":"Feature","properties":{"id":"FDR-532","name":"Sangerwani to Srinagar","obs":0.18,"drv":1,"runs":1},"geometry":{"type":"LineString","coordinates":[[74.7274,33.7976],[74.7218,33.7968],[74.7222,33.7998],[74.7243,33.8028],[74.7224,33.8035],[74.7229,33.8053],[74.724,33.8058],[74.7241,33.8063],[74.7286,33.807],[74.7301,33.8075],[74.732,33.8078],[74.7351,33.8097],[74.7336,33.8106],[74.7359,33.8117],[74.7389,33.8131],[74.74,33.8184],[74.7423,33.8205],[74.7444,33.8236],[74.7458,33.8301],[74.7486,33.8368],[74.7506,33.842],[74.7505,33.8443],[74.7515,33.845],[74.7517,33.8469],[74.7527,33.8486],[74.7532,33.853],[74.7549,33.8563],[74.7562,33.8579],[74.7573,33.8601],[74.7576,33.8578],[74.758,33.8567],[74.76,33.8569],[74.7617,33.8568],[74.7632,33.8581],[74.7643,33.8599],[74.7657,33.8607],[74.766,33.8598],[74.7685,33.8605],[74.7691,33.8609],[74.77,33.8613],[74.7702,33.8622],[74.7703,33.8651],[74.771,33.8665],[74.7721,33.8697],[74.7731,33.8717],[74.774,33.8743],[74.7749,33.8776],[74.7769,33.8812],[74.7799,33.8829],[74.7828,33.8844],[74.7837,33.887],[74.7852,33.8858],[74.7864,33.8866],[74.7859,33.888],[74.7881,33.8911],[74.794,33.8953],[74.7992,33.8987],[74.802,33.9023],[74.8028,33.9055],[74.8034,33.907],[74.805,33.9089],[74.8023,33.9091],[74.8035,33.9096],[74.8069,33.9107],[74.8048,33.9102],[74.8028,33.9114],[74.8052,33.9132],[74.806,33.9145],[74.8054,33.9155],[74.801,33.919],[74.7999,33.9192],[74.795,33.9222],[74.7967,33.9249],[74.7965,33.925],[74.7966,33.9262],[74.7938,33.925],[74.792,33.9261],[74.7923,33.9283],[74.7913,33.9308],[74.7908,33.9343],[74.7918,33.9367],[74.7943,33.9388],[74.7956,33.9418],[74.7996,33.9436],[74.8002,33.946],[74.8019,33.9496],[74.8048,33.9531],[74.8085,33.9574],[74.8087,33.9597],[74.8103,33.9619],[74.8103,33.9656],[74.811,33.9686],[74.811,33.9719],[74.8122,33.976],[74.8119,33.9791],[74.8118,33.9829],[74.8136,33.987],[74.8142,33.9918],[74.8149,33.9956],[74.8147,33.9994],[74.8138,34.0024],[74.8134,34.0059],[74.8119,34.0086],[74.8116,34.0122],[74.8098,34.0172],[74.8093,34.0214],[74.809,34.0267],[74.8086,34.0308],[74.8091,34.0345],[74.8094,34.0374],[74.8098,34.041],[74.8097,34.0454],[74.8066,34.0499],[74.8046,34.0521],[74.8043,34.0545],[74.8036,34.0566],[74.8026,34.0609],[74.803,34.0639],[74.8037,34.0664],[74.8035,34.0692],[74.804,34.0716],[74.8061,34.0716],[74.811,34.0723],[74.8164,34.0736],[74.8205,34.0746]]}},{"type":"Feature","properties":{"id":"FDR-013","name":"Anantnagh to Srinagar","obs":1.0,"drv":24,"runs":367},"geometry":{"type":"LineString","coordinates":[[75.1861,33.7454],[75.1744,33.739],[75.169,33.7368],[75.163,33.7363],[75.1576,33.7363],[75.1513,33.7373],[75.1465,33.7379],[75.1426,33.7384],[75.1383,33.7389],[75.1362,33.7389],[75.1359,33.739],[75.1355,33.7395],[75.1335,33.7393],[75.1321,33.7397],[75.1279,33.7429],[75.1243,33.7457],[75.1215,33.7486],[75.1202,33.7529],[75.1166,33.7608],[75.1094,33.7736],[75.1057,33.7808],[75.1043,33.7839],[75.104,33.7869],[75.1041,33.7888],[75.1042,33.791],[75.1039,33.7925],[75.1012,33.7946],[75.0876,33.805],[75.0819,33.8109],[75.08,33.8132],[75.0716,33.8265],[75.0708,33.8297],[75.0702,33.8329],[75.0675,33.8345],[75.062,33.84],[75.0573,33.8443],[75.0509,33.8509],[75.0493,33.8546],[75.048,33.8622],[75.0471,33.8659],[75.0451,33.8725],[75.043,33.8744],[75.0368,33.8804],[75.0285,33.8876],[75.0262,33.89],[75.0254,33.8926],[75.0229,33.8989],[75.0202,33.9032],[75.0131,33.9103],[75.0058,33.914],[74.9974,33.9209],[74.9923,33.9298],[74.9892,33.9341],[74.9858,33.9378],[74.9861,33.9407],[74.9881,33.9462],[74.9852,33.9505],[74.9826,33.9538],[74.9773,33.9561],[74.9733,33.9582],[74.9678,33.9616],[74.9646,33.9645],[74.9629,33.9652],[74.96,33.9665],[74.9567,33.969],[74.9483,33.9741],[74.9411,33.9781],[74.9386,33.9808],[74.9318,33.9877],[74.9282,33.9923],[74.926,33.9937],[74.9225,33.9939],[74.9169,33.9921],[74.9134,33.992],[74.9094,33.9931],[74.9027,33.9977],[74.8953,34.0114],[74.8907,34.0188],[74.8888,34.0199],[74.8874,34.0204],[74.8781,34.0228],[74.8749,34.0238],[74.8725,34.0249],[74.8692,34.0267],[74.8638,34.0299],[74.8622,34.0314],[74.8613,34.0328],[74.8604,34.0351],[74.8599,34.0366],[74.861,34.0381],[74.8653,34.038],[74.8679,34.0375],[74.8706,34.0382],[74.8767,34.0396],[74.8773,34.0402],[74.8763,34.0409],[74.8748,34.0417],[74.8726,34.0429],[74.8721,34.0437],[74.8715,34.0446],[74.8705,34.0459],[74.869,34.0469],[74.8676,34.0477],[74.866,34.0487],[74.8641,34.0499],[74.8634,34.0506],[74.8626,34.052],[74.8617,34.0533],[74.8604,34.0554],[74.8591,34.0563],[74.8573,34.0575],[74.855,34.0591],[74.852,34.0611],[74.8494,34.063],[74.8467,34.0655],[74.8457,34.0665],[74.8436,34.0685],[74.8431,34.0691],[74.8419,34.0699],[74.8398,34.0709],[74.8369,34.0728],[74.8324,34.0734],[74.8308,34.0732],[74.8282,34.0731],[74.8259,34.0733],[74.8217,34.0724],[74.8192,34.0727],[74.8165,34.0728],[74.8158,34.0735],[74.82,34.0745],[74.8205,34.0746]]}},{"type":"Feature","properties":{"id":"FDR-006","name":"Phalgam to Anantnagh","obs":0.94,"drv":6,"runs":18},"geometry":{"type":"LineString","coordinates":[[75.3271,34.0156],[75.3264,34.016],[75.3254,34.0171],[75.3261,34.0181],[75.3263,34.0187],[75.3252,34.0192],[75.3249,34.0203],[75.325,34.0212],[75.3252,34.0225],[75.325,34.0238],[75.3252,34.0245],[75.3255,34.0254],[75.3252,34.0264],[75.325,34.0289],[75.3246,34.0291],[75.3245,34.0299],[75.3235,34.03],[75.322,34.0296],[75.3216,34.0277],[75.3205,34.025],[75.3201,34.0221],[75.3185,34.0187],[75.3182,34.0146],[75.3183,34.012],[75.3179,34.0108],[75.3175,34.009],[75.3165,34.0041],[75.3169,33.9994],[75.3169,33.9969],[75.3172,33.9929],[75.3163,33.9913],[75.3158,33.9896],[75.3183,33.9861],[75.3185,33.9849],[75.3192,33.9842],[75.3192,33.9834],[75.32,33.9811],[75.3156,33.9754],[75.313,33.9696],[75.3102,33.9678],[75.3082,33.9625],[75.3075,33.9586],[75.3072,33.9576],[75.3053,33.9565],[75.303,33.9547],[75.3001,33.952],[75.2998,33.9492],[75.2976,33.9453],[75.2972,33.9432],[75.2972,33.9428],[75.2968,33.9421],[75.2956,33.9392],[75.2935,33.9349],[75.2915,33.9314],[75.2907,33.9296],[75.2878,33.9268],[75.2882,33.9213],[75.2867,33.9149],[75.2859,33.911],[75.2817,33.9018],[75.2815,33.899],[75.2822,33.8933],[75.2797,33.8829],[75.2809,33.8797],[75.2785,33.8739],[75.2777,33.8717],[75.278,33.8697],[75.2788,33.8683],[75.2791,33.8664],[75.2781,33.8643],[75.277,33.8633],[75.2781,33.8616],[75.2784,33.8612],[75.2778,33.8597],[75.2758,33.8582],[75.2716,33.8546],[75.2689,33.8507],[75.2677,33.8481],[75.2653,33.8456],[75.2637,33.8434],[75.2616,33.8381],[75.2609,33.8358],[75.2591,33.8318],[75.2557,33.8256],[75.2543,33.8224],[75.2524,33.82],[75.2512,33.817],[75.2506,33.8146],[75.2504,33.8125],[75.2506,33.809],[75.2496,33.8071],[75.25,33.8058],[75.2497,33.8047],[75.2481,33.8019],[75.2471,33.7994],[75.2463,33.7974],[75.2447,33.7934],[75.2448,33.7911],[75.2433,33.7891],[75.243,33.7876],[75.2423,33.7861],[75.2405,33.7835],[75.2384,33.7813],[75.2365,33.7757],[75.2333,33.7729],[75.2318,33.7725],[75.23,33.772],[75.2259,33.771],[75.224,33.7705],[75.2196,33.7718],[75.2168,33.7727],[75.2153,33.7729],[75.2126,33.7722],[75.2098,33.7696],[75.2053,33.7601],[75.2043,33.7582],[75.2001,33.7534],[75.2001,33.7532],[75.1999,33.7532],[75.1946,33.7501],[75.1861,33.7454]]}},{"type":"Feature","properties":{"id":"FDR-023","name":"Mawan to Srinagar","obs":1.0,"drv":24,"runs":369},"geometry":{"type":"LineString","coordinates":[[75.1486,33.7302],[75.1491,33.7316],[75.1463,33.7333],[75.1449,33.7346],[75.1401,33.737],[75.1368,33.7379],[75.1359,33.739],[75.1355,33.7395],[75.1335,33.7393],[75.1321,33.7397],[75.1279,33.7429],[75.1243,33.7457],[75.1215,33.7486],[75.1202,33.7529],[75.1166,33.7608],[75.1094,33.7736],[75.1057,33.7808],[75.1043,33.7839],[75.104,33.7869],[75.1041,33.7888],[75.1042,33.791],[75.1039,33.7925],[75.1012,33.7946],[75.0876,33.805],[75.0819,33.8109],[75.08,33.8132],[75.0716,33.8265],[75.0708,33.8297],[75.0702,33.8329],[75.0675,33.8345],[75.062,33.84],[75.0573,33.8443],[75.0509,33.8509],[75.0493,33.8546],[75.048,33.8622],[75.0471,33.8659],[75.0451,33.8725],[75.043,33.8744],[75.0368,33.8804],[75.0285,33.8876],[75.0262,33.89],[75.0254,33.8926],[75.0229,33.8989],[75.0202,33.9032],[75.0131,33.9103],[75.0058,33.914],[74.9974,33.9209],[74.9923,33.9298],[74.9892,33.9341],[74.9858,33.9378],[74.9861,33.9407],[74.9881,33.9462],[74.9852,33.9505],[74.9826,33.9538],[74.9773,33.9561],[74.9733,33.9582],[74.9678,33.9616],[74.9646,33.9645],[74.9629,33.9652],[74.96,33.9665],[74.9567,33.969],[74.9483,33.9741],[74.9411,33.9781],[74.9386,33.9808],[74.9318,33.9877],[74.9282,33.9923],[74.926,33.9937],[74.9225,33.9939],[74.9169,33.9921],[74.9134,33.992],[74.9094,33.9931],[74.9027,33.9977],[74.8953,34.0114],[74.8907,34.0188],[74.8888,34.0199],[74.8874,34.0204],[74.8781,34.0228],[74.8749,34.0238],[74.8725,34.0249],[74.8692,34.0267],[74.8638,34.0299],[74.8622,34.0314],[74.8613,34.0328],[74.8604,34.0351],[74.8599,34.0366],[74.861,34.0381],[74.8653,34.038],[74.8679,34.0375],[74.8706,34.0382],[74.8767,34.0396],[74.8773,34.0402],[74.8763,34.0409],[74.8748,34.0417],[74.8726,34.0429],[74.8721,34.0437],[74.8715,34.0446],[74.8705,34.0459],[74.869,34.0469],[74.8676,34.0477],[74.866,34.0487],[74.8641,34.0499],[74.8634,34.0506],[74.8626,34.052],[74.8617,34.0533],[74.8604,34.0554],[74.8591,34.0563],[74.8573,34.0575],[74.855,34.0591],[74.852,34.0611],[74.8494,34.063],[74.8467,34.0655],[74.8457,34.0665],[74.8436,34.0685],[74.8431,34.0691],[74.8419,34.0699],[74.8398,34.0709],[74.8369,34.0728],[74.8324,34.0734],[74.8308,34.0732],[74.8282,34.0731],[74.8259,34.0733],[74.8217,34.0724],[74.8192,34.0727],[74.8165,34.0728],[74.8158,34.0735],[74.82,34.0745],[74.8205,34.0746]]}},{"type":"Feature","properties":{"id":"FDR-024","name":"Devsur to Srinagar","obs":0.92,"drv":24,"runs":342},"geometry":{"type":"LineString","coordinates":[[75.0941,33.6394],[75.0952,33.6409],[75.0956,33.6432],[75.0965,33.6447],[75.0972,33.6464],[75.0975,33.6478],[75.0977,33.6501],[75.0983,33.6518],[75.1,33.6549],[75.1006,33.6557],[75.1005,33.6568],[75.1009,33.6576],[75.1025,33.6594],[75.1036,33.6603],[75.1043,33.6634],[75.1048,33.6655],[75.1049,33.6679],[75.1066,33.6753],[75.1064,33.6774],[75.1083,33.6786],[75.1091,33.6819],[75.1098,33.6874],[75.112,33.6901],[75.1122,33.6928],[75.1101,33.6997],[75.1082,33.7067],[75.1067,33.7125],[75.0985,33.7198],[75.0964,33.7314],[75.0957,33.744],[75.1006,33.7485],[75.1042,33.7512],[75.1045,33.7541],[75.0822,33.8034],[75.0805,33.8085],[75.08,33.8132],[75.0716,33.8265],[75.0708,33.8297],[75.0702,33.8329],[75.0675,33.8345],[75.062,33.84],[75.0573,33.8443],[75.0509,33.8509],[75.0493,33.8546],[75.048,33.8622],[75.0471,33.8659],[75.0451,33.8725],[75.043,33.8744],[75.0368,33.8804],[75.0285,33.8876],[75.0262,33.89],[75.0254,33.8926],[75.0229,33.8989],[75.0202,33.9032],[75.0131,33.9103],[75.0058,33.914],[74.9974,33.9209],[74.9923,33.9298],[74.9892,33.9341],[74.9858,33.9378],[74.9861,33.9407],[74.9881,33.9462],[74.9852,33.9505],[74.9826,33.9538],[74.9773,33.9561],[74.9733,33.9582],[74.9678,33.9616],[74.9646,33.9645],[74.9629,33.9652],[74.96,33.9665],[74.9567,33.969],[74.9483,33.9741],[74.9411,33.9781],[74.9386,33.9808],[74.9318,33.9877],[74.9282,33.9923],[74.926,33.9937],[74.9225,33.9939],[74.9169,33.9921],[74.9134,33.992],[74.9094,33.9931],[74.9027,33.9977],[74.8953,34.0114],[74.8907,34.0188],[74.8888,34.0199],[74.8874,34.0204],[74.8781,34.0228],[74.8749,34.0238],[74.8725,34.0249],[74.8692,34.0267],[74.8638,34.0299],[74.8622,34.0314],[74.8613,34.0328],[74.8604,34.0351],[74.8599,34.0366],[74.861,34.0381],[74.8653,34.038],[74.8679,34.0375],[74.8706,34.0382],[74.8767,34.0396],[74.8773,34.0402],[74.8763,34.0409],[74.8748,34.0417],[74.8726,34.0429],[74.8721,34.0437],[74.8715,34.0446],[74.8705,34.0459],[74.869,34.0469],[74.8676,34.0477],[74.866,34.0487],[74.8641,34.0499],[74.8634,34.0506],[74.8626,34.052],[74.8617,34.0533],[74.8604,34.0554],[74.8591,34.0563],[74.8573,34.0575],[74.855,34.0591],[74.852,34.0611],[74.8494,34.063],[74.8467,34.0655],[74.8457,34.0665],[74.8436,34.0685],[74.8431,34.0691],[74.8419,34.0699],[74.8398,34.0709],[74.8369,34.0728],[74.8324,34.0734],[74.8308,34.0732],[74.8282,34.0731],[74.8259,34.0733],[74.8217,34.0724],[74.8192,34.0727],[74.8165,34.0728],[74.8158,34.0735],[74.82,34.0745],[74.8205,34.0746]]}},{"type":"Feature","properties":{"id":"FDR-025","name":"Lammer to Anantnagh","obs":0.66,"drv":6,"runs":9},"geometry":{"type":"LineString","coordinates":[[75.1486,33.7302],[75.1485,33.7304],[75.1484,33.7307],[75.1487,33.7307],[75.1488,33.7309],[75.1494,33.7314],[75.1495,33.7314],[75.1496,33.7313],[75.1496,33.7313],[75.1497,33.7314],[75.1497,33.7314],[75.1498,33.7313],[75.1498,33.7313],[75.1498,33.7313],[75.1498,33.7313],[75.1499,33.7312],[75.1507,33.7313],[75.1509,33.7313],[75.1512,33.7313],[75.1515,33.7314],[75.1515,33.7314],[75.1516,33.7315],[75.1519,33.7315],[75.1521,33.7315],[75.1521,33.7315],[75.1528,33.7314],[75.1529,33.7322],[75.1528,33.7326],[75.1527,33.7329],[75.1532,33.733],[75.1534,33.7331],[75.1538,33.7332],[75.154,33.7333],[75.1542,33.7334],[75.1545,33.7334],[75.1555,33.7333],[75.1561,33.7333],[75.1573,33.7334],[75.1573,33.7337],[75.157,33.7341],[75.157,33.7342],[75.1573,33.7348],[75.1573,33.7351],[75.1573,33.7352],[75.1578,33.7355],[75.1579,33.7356],[75.158,33.7358],[75.1582,33.7362],[75.1583,33.7362],[75.1584,33.7363],[75.159,33.7362],[75.1601,33.7362],[75.1609,33.7363],[75.1624,33.7363],[75.1629,33.7364],[75.1635,33.7364],[75.165,33.7365],[75.1661,33.7366],[75.1679,33.7368],[75.1689,33.7368],[75.1693,33.7369],[75.1695,33.7368],[75.1698,33.7369],[75.1704,33.7372],[75.1721,33.738],[75.1744,33.739],[75.175,33.7392],[75.1758,33.7396],[75.1771,33.7403],[75.1784,33.7411],[75.1851,33.7448],[75.1861,33.7454]]}},{"type":"Feature","properties":{"id":"FDR-028","name":"Shangus to Srinagar","obs":0.82,"drv":12,"runs":69},"geometry":{"type":"LineString","coordinates":[[75.3467,33.7449],[75.3429,33.7394],[75.342,33.7365],[75.3403,33.7368],[75.3404,33.7356],[75.3384,33.7328],[75.3327,33.7288],[75.3301,33.7244],[75.3227,33.7206],[75.3205,33.7163],[75.3135,33.711],[75.3066,33.7085],[75.3023,33.7077],[75.2981,33.7077],[75.2914,33.7059],[75.2883,33.7029],[75.286,33.6985],[75.2795,33.6953],[75.2705,33.6918],[75.2616,33.6911],[75.2575,33.6915],[75.2524,33.6918],[75.2442,33.691],[75.2418,33.6902],[75.239,33.6895],[75.234,33.6886],[75.2238,33.6843],[75.2193,33.6835],[75.2143,33.6894],[75.2083,33.6984],[75.2049,33.7028],[75.2021,33.7056],[75.1976,33.7061],[75.1926,33.7085],[75.1878,33.7112],[75.1816,33.7134],[75.1755,33.7164],[75.1699,33.7196],[75.1651,33.7229],[75.1548,33.7255],[75.1504,33.7283],[75.1496,33.7313],[75.1467,33.7331],[75.1443,33.735],[75.1379,33.7376],[75.1359,33.739],[75.135,33.7398],[75.1306,33.7408],[75.1268,33.7438],[75.1214,33.7488],[75.1187,33.7571],[75.1085,33.7753],[75.1044,33.7835],[75.104,33.7873],[75.1041,33.7905],[75.1036,33.7928],[75.0947,33.7996],[75.0813,33.8117],[75.0791,33.8151],[75.0707,33.831],[75.0681,33.8342],[75.0613,33.8407],[75.054,33.8476],[75.0491,33.8554],[75.0477,33.8636],[75.0449,33.8728],[75.0389,33.8784],[75.0278,33.888],[75.0257,33.8916],[75.0227,33.8992],[75.0147,33.9088],[75.0049,33.9145],[74.9947,33.9251],[74.9885,33.9347],[74.9859,33.94],[74.988,33.9468],[74.9832,33.9529],[74.9764,33.9565],[74.9687,33.9609],[74.964,33.9648],[74.961,33.9659],[74.9557,33.9698],[74.9421,33.9775],[74.9375,33.9819],[74.9302,33.9896],[74.9256,33.9938],[74.9182,33.9924],[74.9127,33.992],[74.9039,33.9965],[74.894,34.0138],[74.8895,34.0196],[74.8868,34.0205],[74.8762,34.0233],[74.8722,34.025],[74.8642,34.0296],[74.862,34.0316],[74.8607,34.0343],[74.8599,34.0368],[74.8636,34.0384],[74.8684,34.0377],[74.8755,34.0393],[74.8773,34.0403],[74.8751,34.0416],[74.8725,34.043],[74.8717,34.0443],[74.8704,34.046],[74.868,34.0475],[74.8658,34.0488],[74.8636,34.0504],[74.8625,34.0522],[74.8605,34.0552],[74.8588,34.0565],[74.856,34.0584],[74.8514,34.0615],[74.8472,34.065],[74.8449,34.0673],[74.8433,34.0689],[74.8414,34.0702],[74.8379,34.0721],[74.8323,34.0734],[74.8292,34.0731],[74.8258,34.0732],[74.8202,34.0726],[74.816,34.0728],[74.8186,34.0741],[74.8205,34.0746]]}},{"type":"Feature","properties":{"id":"FDR-029","name":"Uttersoo to Srinagar","obs":0.89,"drv":24,"runs":211},"geometry":{"type":"LineString","coordinates":[[75.3021,33.7077],[75.2987,33.708],[75.2936,33.7063],[75.2901,33.7048],[75.2877,33.7015],[75.2828,33.6961],[75.2766,33.6948],[75.2695,33.6918],[75.2611,33.6911],[75.2575,33.6915],[75.2527,33.6918],[75.2456,33.6914],[75.2426,33.6904],[75.2404,33.6901],[75.2369,33.6889],[75.2294,33.6871],[75.2221,33.6844],[75.2191,33.6836],[75.2143,33.6894],[75.2087,33.6971],[75.2062,33.7013],[75.2034,33.7044],[75.1994,33.7054],[75.1955,33.7072],[75.1916,33.7089],[75.1872,33.7111],[75.181,33.7138],[75.1755,33.7164],[75.1708,33.7187],[75.1661,33.7224],[75.1591,33.7249],[75.1516,33.7269],[75.1497,33.7311],[75.1495,33.7314],[75.1463,33.7333],[75.1434,33.7355],[75.1379,33.7376],[75.1359,33.739],[75.1353,33.7397],[75.1327,33.7393],[75.1279,33.7429],[75.1231,33.7467],[75.1208,33.7509],[75.1166,33.7608],[75.1078,33.7767],[75.1044,33.7835],[75.104,33.7869],[75.1042,33.7899],[75.1041,33.7921],[75.1012,33.7946],[75.0843,33.8075],[75.0802,33.8132],[75.0716,33.8265],[75.0707,33.8312],[75.0681,33.8342],[75.062,33.84],[75.0561,33.8453],[75.0497,33.853],[75.048,33.8622],[75.0456,33.8714],[75.0437,33.8739],[75.0368,33.8804],[75.0272,33.8885],[75.0257,33.8916],[75.0229,33.8989],[75.0185,33.9052],[75.008,33.9129],[74.9974,33.9209],[74.9915,33.9311],[74.9863,33.9368],[74.9861,33.9407],[74.9877,33.9472],[74.9832,33.9529],[74.9773,33.9561],[74.9709,33.9596],[74.9658,33.9635],[74.9629,33.9652],[74.9583,33.9679],[74.9536,33.9712],[74.9411,33.9781],[74.9351,33.9843],[74.9302,33.9896],[74.926,33.9937],[74.9214,33.9935],[74.9144,33.9919],[74.9094,33.9931],[74.9021,33.9983],[74.8918,34.0177],[74.8888,34.0199],[74.8858,34.0208],[74.8762,34.0233],[74.8725,34.0249],[74.8649,34.0291],[74.8627,34.0308],[74.8613,34.0328],[74.8601,34.0357],[74.8603,34.0377],[74.8653,34.038],[74.8687,34.0377],[74.8755,34.0393],[74.8773,34.0402],[74.8757,34.0412],[74.873,34.0427],[74.8721,34.0437],[74.871,34.0454],[74.8697,34.0465],[74.8676,34.0477],[74.8656,34.0489],[74.8636,34.0504],[74.8626,34.052],[74.8607,34.055],[74.8597,34.0559],[74.8573,34.0575],[74.8542,34.0596],[74.8502,34.0623],[74.8467,34.0655],[74.8448,34.0673],[74.8433,34.0689],[74.8419,34.0699],[74.8395,34.0711],[74.8327,34.0734],[74.8308,34.0732],[74.827,34.0732],[74.8227,34.0724],[74.8192,34.0727],[74.8158,34.0728],[74.8186,34.0741],[74.8205,34.0746]]}},{"type":"Feature","properties":{"id":"FDR-035","name":"Anantnagh to Shopian","obs":0.22,"drv":6,"runs":9},"geometry":{"type":"LineString","coordinates":[[75.1861,33.7454],[75.175,33.7392],[75.1695,33.7368],[75.1653,33.7365],[75.1607,33.7361],[75.1571,33.7364],[75.1513,33.7373],[75.1469,33.7378],[75.143,33.7383],[75.14,33.7387],[75.1374,33.7391],[75.136,33.7389],[75.1359,33.739],[75.1357,33.7392],[75.135,33.7398],[75.1328,33.7392],[75.1306,33.7409],[75.1275,33.7428],[75.125,33.7415],[75.1234,33.7389],[75.1205,33.7371],[75.1181,33.7353],[75.1158,33.7333],[75.1106,33.7307],[75.1083,33.7296],[75.1069,33.7282],[75.1055,33.7271],[75.1013,33.727],[75.0984,33.7256],[75.0963,33.7243],[75.0946,33.7238],[75.0903,33.7234],[75.0893,33.7232],[75.0871,33.7237],[75.0867,33.723],[75.0867,33.7219],[75.0843,33.7208],[75.0824,33.7198],[75.0824,33.7186],[75.0819,33.7171],[75.0809,33.7151],[75.08,33.713],[75.0781,33.7108],[75.0766,33.7092],[75.0738,33.7069],[75.0725,33.7058],[75.0711,33.7045],[75.0626,33.6968],[75.0561,33.6909],[75.054,33.6883],[75.0536,33.6869],[75.0509,33.6827],[75.0492,33.6806],[75.0428,33.6748],[75.0405,33.6715],[75.0384,33.6682],[75.0361,33.6649],[75.0287,33.6596],[75.026,33.6565],[75.0249,33.6531],[75.023,33.6491],[75.0197,33.6455],[75.0178,33.645],[75.0161,33.6457],[75.0121,33.6461],[75.0085,33.6465],[75.0039,33.6466],[75.0003,33.647],[74.9968,33.6467],[74.9932,33.6484],[74.9924,33.6499],[74.9909,33.6515],[74.9894,33.6517],[74.9887,33.6538],[74.9868,33.6556],[74.9856,33.6576],[74.9843,33.6582],[74.9829,33.6588],[74.9787,33.6591],[74.9752,33.6593],[74.9729,33.6598],[74.969,33.6592],[74.9647,33.6587],[74.9616,33.6589],[74.9599,33.6598],[74.9568,33.6613],[74.9536,33.6621],[74.9512,33.6625],[74.9485,33.663],[74.9451,33.6635],[74.9399,33.6632],[74.9354,33.6624],[74.9316,33.6622],[74.9286,33.6628],[74.9242,33.6634],[74.922,33.664],[74.9197,33.6649],[74.9172,33.6656],[74.9141,33.6672],[74.9111,33.6679],[74.9093,33.6684],[74.903,33.6705],[74.8982,33.6732],[74.8954,33.6753],[74.8939,33.6766],[74.893,33.677],[74.8898,33.6769],[74.8878,33.6766],[74.8855,33.6771],[74.8844,33.6778],[74.8823,33.6797],[74.8783,33.6811],[74.8726,33.6827],[74.8675,33.6846],[74.8643,33.6866],[74.8626,33.6897],[74.8616,33.6911],[74.8549,33.6972],[74.8504,33.6988],[74.8478,33.6992],[74.8433,33.7038],[74.8409,33.7067],[74.8404,33.7086],[74.8436,33.7108],[74.8425,33.7111],[74.8394,33.7096],[74.8379,33.7095],[74.8376,33.7106],[74.8359,33.713],[74.8356,33.7156],[74.8355,33.7161],[74.8348,33.7167],[74.8342,33.7175],[74.8325,33.718],[74.8324,33.7187],[74.8333,33.7192]]}},{"type":"Feature","properties":{"id":"FDR-435","name":"Srinagar to NEW Khanda","obs":1.0,"drv":10,"runs":119},"geometry":{"type":"LineString","coordinates":[[74.8205,34.0746],[74.8213,34.0747],[74.8161,34.0734],[74.8113,34.0722],[74.8105,34.072],[74.8093,34.0717],[74.8073,34.0716],[74.8048,34.0715],[74.804,34.0712],[74.8037,34.07],[74.8037,34.0691],[74.8037,34.0682],[74.8038,34.0668],[74.8036,34.0655],[74.8033,34.0642],[74.803,34.0638],[74.8027,34.0624],[74.8026,34.0613],[74.8028,34.0588],[74.8036,34.0567],[74.8044,34.055],[74.8047,34.0538],[74.8048,34.0531],[74.8051,34.052],[74.8054,34.0514],[74.8066,34.0499],[74.8086,34.0471],[74.8099,34.0475],[74.8111,34.0475],[74.8115,34.0469],[74.8122,34.0465],[74.8134,34.0463],[74.8142,34.0463],[74.8158,34.0456],[74.8168,34.0447],[74.8179,34.0432],[74.8187,34.0418],[74.8188,34.0404],[74.8188,34.0385],[74.8186,34.0377],[74.8185,34.0366],[74.8186,34.036],[74.8195,34.0344],[74.8203,34.0329],[74.8211,34.0316],[74.8222,34.0302],[74.8236,34.0283],[74.8245,34.0272],[74.8248,34.0268],[74.8254,34.0261],[74.826,34.0254],[74.8271,34.0244],[74.828,34.0233],[74.8283,34.0227],[74.8288,34.0221],[74.8291,34.0206],[74.8289,34.02],[74.8289,34.0191],[74.8292,34.0181],[74.8299,34.0162],[74.8312,34.0143],[74.8322,34.0131],[74.8328,34.012],[74.8335,34.0107],[74.8339,34.0098],[74.8344,34.0095],[74.8349,34.0085],[74.8352,34.0075],[74.8352,34.0062],[74.8352,34.0048],[74.8358,34.0033],[74.8366,34.002],[74.8379,33.9995],[74.8383,33.998],[74.8395,33.996],[74.8402,33.9953],[74.8407,33.9941],[74.8407,33.9936],[74.8409,33.9922],[74.841,33.9914],[74.8413,33.9901],[74.8422,33.9875],[74.8434,33.986],[74.8446,33.9853],[74.8462,33.9849],[74.8482,33.9846],[74.8505,33.9841],[74.8528,33.9833],[74.8547,33.9833],[74.8584,33.9837],[74.86,33.9838],[74.8618,33.9814],[74.8627,33.9809],[74.8644,33.9786],[74.8658,33.9741],[74.8674,33.9724],[74.8691,33.9701],[74.8696,33.9687],[74.8698,33.9667],[74.8698,33.9641],[74.8709,33.9628],[74.8718,33.9615],[74.8708,33.9606],[74.8713,33.9591],[74.8716,33.9573],[74.8717,33.9552],[74.8711,33.953],[74.8715,33.9518],[74.8731,33.9499],[74.8746,33.9487],[74.8751,33.9479],[74.8764,33.9471],[74.878,33.9458],[74.8785,33.9451],[74.8795,33.9441],[74.8806,33.9431],[74.881,33.9426],[74.8824,33.9408],[74.8839,33.9386],[74.8848,33.9363],[74.8856,33.9341],[74.8852,33.9329],[74.8853,33.9305],[74.8852,33.9292],[74.8852,33.9269],[74.8853,33.9256],[74.8855,33.924],[74.8851,33.9215],[74.885,33.919],[74.8846,33.9178],[74.884,33.9169],[74.8828,33.9156],[74.8826,33.9155]]}},{"type":"Feature","properties":{"id":"FDR-596","name":"Srinagar to By Pass","obs":1.0,"drv":21,"runs":155},"geometry":{"type":"LineString","coordinates":[[74.8205,34.0746],[74.8213,34.0748],[74.8214,34.0748],[74.8214,34.0747],[74.8213,34.0747],[74.8202,34.0744],[74.82,34.0744],[74.8199,34.0743],[74.8161,34.0734],[74.8159,34.0734],[74.8158,34.0733],[74.8157,34.0733],[74.8113,34.0722],[74.8112,34.0722],[74.8111,34.0722],[74.811,34.0722],[74.8105,34.072],[74.8104,34.072],[74.8103,34.072],[74.8094,34.0717],[74.8093,34.0717],[74.8093,34.0717],[74.8092,34.0717],[74.8087,34.0716],[74.8073,34.0716],[74.8061,34.0715],[74.806,34.0716],[74.8059,34.0715],[74.8048,34.0715],[74.8047,34.0715],[74.8047,34.0716],[74.8046,34.0718],[74.8046,34.0719],[74.8045,34.0738],[74.8045,34.0739],[74.8045,34.074],[74.8045,34.0741],[74.8045,34.0742],[74.8043,34.0745],[74.8042,34.0747],[74.8041,34.0749],[74.8041,34.0751],[74.804,34.0752],[74.8039,34.0753],[74.8038,34.0753],[74.8038,34.0754],[74.8038,34.0755],[74.8037,34.0756],[74.8037,34.0757],[74.8037,34.0758],[74.8036,34.0759],[74.8032,34.0761],[74.803,34.0763],[74.8029,34.0763],[74.8028,34.0763],[74.8015,34.0776],[74.8014,34.0777],[74.8011,34.0781],[74.8008,34.0784],[74.8008,34.0785],[74.8006,34.0786],[74.8001,34.0793],[74.7999,34.0794],[74.7999,34.0794],[74.7998,34.0794],[74.7998,34.0795],[74.7998,34.0795],[74.7998,34.0795],[74.7997,34.0795],[74.7997,34.0796],[74.7997,34.0796],[74.7998,34.0796],[74.7997,34.0797],[74.7993,34.0803],[74.7989,34.0808],[74.7988,34.081],[74.7985,34.0813],[74.7984,34.0815],[74.7983,34.0818],[74.798,34.0822],[74.798,34.0823],[74.7978,34.0826],[74.7977,34.0827],[74.7976,34.0829],[74.797,34.0826],[74.7968,34.0829]]}},{"type":"Feature","properties":{"id":"FDR-476","name":"Srinagar to Khrew","obs":1.0,"drv":23,"runs":360},"geometry":{"type":"LineString","coordinates":[[74.8205,34.0746],[74.8277,34.0762],[74.8291,34.0766],[74.8298,34.0767],[74.8299,34.0765],[74.8303,34.076],[74.8311,34.0755],[74.8327,34.0751],[74.8339,34.0747],[74.8347,34.0743],[74.8358,34.0736],[74.837,34.0728],[74.8374,34.0725],[74.8391,34.0714],[74.8409,34.0705],[74.8419,34.0699],[74.8429,34.0693],[74.8433,34.0689],[74.8436,34.0685],[74.845,34.0673],[74.8472,34.0652],[74.8496,34.0629],[74.8511,34.0618],[74.8529,34.0607],[74.8546,34.0595],[74.857,34.0577],[74.8589,34.0565],[74.8603,34.0555],[74.8607,34.0551],[74.8618,34.0532],[74.8626,34.0522],[74.8635,34.0506],[74.8637,34.0503],[74.8652,34.0493],[74.8666,34.0484],[74.8676,34.0477],[74.8685,34.0473],[74.8697,34.0465],[74.8705,34.0459],[74.871,34.0454],[74.8717,34.0443],[74.8721,34.0437],[74.8725,34.043],[74.873,34.0427],[74.8748,34.0417],[74.8757,34.0412],[74.8769,34.0406],[74.8781,34.0401],[74.8801,34.0394],[74.8806,34.0394],[74.8819,34.0391],[74.8828,34.039],[74.8842,34.0391],[74.886,34.0391],[74.8875,34.0387],[74.8904,34.0376],[74.8931,34.0368],[74.8963,34.036],[74.8978,34.0357],[74.8989,34.0352],[74.8998,34.0353],[74.901,34.0355],[74.9019,34.0356],[74.9032,34.0365],[74.904,34.0367],[74.9048,34.037],[74.9052,34.037],[74.9072,34.0358],[74.9076,34.0357],[74.9093,34.0364],[74.9121,34.0374],[74.9139,34.0378],[74.9157,34.038],[74.918,34.0384],[74.9192,34.0386],[74.9198,34.0386],[74.9208,34.0385],[74.923,34.0385],[74.9239,34.0384],[74.9257,34.038],[74.9263,34.0376],[74.927,34.0373],[74.9284,34.0366],[74.9292,34.0363],[74.9305,34.0358],[74.9329,34.0352],[74.9349,34.0349],[74.9359,34.0348],[74.938,34.0345],[74.939,34.0343],[74.9396,34.034],[74.9406,34.0337],[74.9417,34.0339],[74.9428,34.0341],[74.9438,34.0339],[74.9451,34.0336],[74.9457,34.0334],[74.9463,34.033],[74.9472,34.0329],[74.9494,34.0325],[74.9511,34.0325],[74.9529,34.0321],[74.9535,34.032],[74.9539,34.0322],[74.955,34.0327],[74.9566,34.033],[74.957,34.0329],[74.9596,34.0317],[74.9602,34.0312],[74.9611,34.0304],[74.9621,34.0297],[74.9625,34.0292],[74.963,34.0287],[74.9633,34.028],[74.9641,34.027],[74.9655,34.0259],[74.9666,34.0256],[74.9672,34.0243],[74.9677,34.0236],[74.9682,34.0224],[74.9695,34.0221],[74.9719,34.0213],[74.9734,34.021],[74.9758,34.0213],[74.9772,34.0212],[74.9793,34.0213],[74.9829,34.0214],[74.9847,34.0213],[74.9869,34.0213],[74.9887,34.0211],[74.9896,34.0211],[74.9915,34.0207],[74.9929,34.0206],[74.9942,34.02],[74.995,34.0192],[74.9962,34.0191],[74.9969,34.0194],[74.9977,34.0195],[74.9981,34.0196],[74.9987,34.0197],[74.9992,34.0201],[74.9995,34.0204],[75.0001,34.0199],[74.9998,34.0196],[74.9997,34.0196]]}},{"type":"Feature","properties":{"id":"FDR-093","name":"Srinagar to Railway","obs":1.0,"drv":37,"runs":402},"geometry":{"type":"LineString","coordinates":[[74.8205,34.0746],[74.8213,34.0748],[74.8214,34.0748],[74.8214,34.0747],[74.8213,34.0747],[74.8202,34.0744],[74.82,34.0744],[74.8199,34.0743],[74.8161,34.0734],[74.8159,34.0734],[74.8158,34.0733],[74.8157,34.0733],[74.8113,34.0722],[74.8112,34.0722],[74.8111,34.0722],[74.811,34.0722],[74.8105,34.072],[74.8104,34.072],[74.8103,34.072],[74.8094,34.0717],[74.8093,34.0717],[74.8093,34.0717],[74.8092,34.0717],[74.8087,34.0716],[74.8073,34.0716],[74.8061,34.0715],[74.806,34.0716],[74.8059,34.0715],[74.8048,34.0715],[74.8047,34.0715],[74.8042,34.0715],[74.804,34.0713],[74.804,34.0712],[74.8039,34.071],[74.8038,34.0707],[74.8037,34.0703],[74.8037,34.07],[74.8037,34.0697],[74.8037,34.0693],[74.8037,34.0691],[74.8037,34.0691],[74.8037,34.069],[74.8037,34.0688],[74.8037,34.0683],[74.8037,34.0682],[74.8037,34.0679],[74.8038,34.067],[74.8038,34.067],[74.8038,34.0668],[74.8038,34.0665],[74.8038,34.0661],[74.8037,34.0659],[74.8036,34.0655],[74.8035,34.065],[74.8035,34.0648],[74.8033,34.0643],[74.8033,34.0642],[74.8033,34.0642],[74.8032,34.0641],[74.8031,34.064],[74.803,34.0638],[74.8029,34.0634],[74.8029,34.0632],[74.8028,34.0628],[74.8027,34.0624],[74.8026,34.0619],[74.8026,34.0615],[74.8026,34.0613],[74.8026,34.0613],[74.8026,34.0606],[74.8027,34.0599],[74.8027,34.0597],[74.8028,34.0588],[74.803,34.0584],[74.8032,34.0578],[74.8033,34.0576],[74.8036,34.0567],[74.8038,34.0563],[74.804,34.0558],[74.8043,34.0553],[74.8044,34.055],[74.8044,34.0548],[74.8045,34.0547],[74.8047,34.0539],[74.8047,34.0538],[74.8047,34.0535],[74.8047,34.0534],[74.8047,34.0533],[74.8048,34.0531],[74.8048,34.0528],[74.8049,34.0525],[74.805,34.0522],[74.8051,34.052],[74.8052,34.0517],[74.8053,34.0516],[74.8054,34.0515],[74.8054,34.0514],[74.8057,34.0511],[74.8061,34.0505],[74.8062,34.0503],[74.8066,34.0499],[74.8068,34.0496],[74.8073,34.0489],[74.8077,34.0484],[74.8086,34.0471],[74.8087,34.0472],[74.8093,34.0474],[74.8097,34.0475],[74.8099,34.0475],[74.8102,34.0475],[74.8105,34.0475],[74.8108,34.0475],[74.8111,34.0475],[74.8112,34.0474],[74.8113,34.0473],[74.8114,34.0472],[74.8115,34.0469],[74.8116,34.0468],[74.8117,34.0467],[74.8119,34.0466],[74.8122,34.0465],[74.8124,34.0465],[74.8127,34.0463],[74.8131,34.0463],[74.8134,34.0463],[74.8135,34.0463],[74.8138,34.0463],[74.8141,34.0463],[74.8142,34.0463],[74.8147,34.046],[74.8152,34.0459],[74.8156,34.0457],[74.8158,34.0456],[74.8159,34.0455],[74.8161,34.0453],[74.8164,34.045],[74.8168,34.0447],[74.8169,34.0445],[74.8173,34.0442],[74.8178,34.0433],[74.8179,34.0432],[74.8182,34.0427],[74.8183,34.0426],[74.8185,34.0422],[74.8187,34.0418],[74.8187,34.0417],[74.8187,34.0413],[74.8187,34.0409],[74.8188,34.0404],[74.8188,34.0399],[74.8188,34.0393],[74.8188,34.0389],[74.8188,34.0385],[74.8188,34.0383],[74.8187,34.0382],[74.8186,34.0378],[74.8186,34.0377],[74.8186,34.0372],[74.8186,34.037],[74.8186,34.0369],[74.8185,34.0366],[74.8185,34.0364],[74.8185,34.0362],[74.8186,34.0361],[74.8186,34.036],[74.8189,34.0354],[74.8191,34.0351],[74.8192,34.0349],[74.8195,34.0344],[74.8198,34.034],[74.8198,34.0339],[74.82,34.0335],[74.8203,34.0329],[74.8204,34.0326],[74.8206,34.0323],[74.8208,34.032],[74.8211,34.0316],[74.8212,34.0316],[74.8214,34.0314],[74.8218,34.0309],[74.8222,34.0302],[74.8228,34.0295],[74.823,34.0292],[74.8234,34.0286],[74.8236,34.0283],[74.8239,34.0279],[74.8241,34.0275],[74.8243,34.0275],[74.8245,34.0272],[74.8247,34.0269],[74.8247,34.0269],[74.8247,34.0269],[74.8248,34.0268],[74.8248,34.0268],[74.8251,34.0265],[74.8251,34.0264],[74.8254,34.0261],[74.8254,34.026],[74.8255,34.0259]]}},{"type":"Feature","properties":{"id":"FDR-123","name":"Srinagar to Bypass","obs":1.0,"drv":37,"runs":339},"geometry":{"type":"LineString","coordinates":[[74.8205,34.0746],[74.8213,34.0748],[74.8214,34.0748],[74.8214,34.0747],[74.8213,34.0747],[74.8202,34.0744],[74.82,34.0744],[74.8199,34.0743],[74.8161,34.0734],[74.8159,34.0734],[74.8158,34.0733],[74.8157,34.0733],[74.8113,34.0722],[74.8112,34.0722],[74.8111,34.0722],[74.811,34.0722],[74.8105,34.072],[74.8104,34.072],[74.8103,34.072],[74.8094,34.0717],[74.8093,34.0717],[74.8093,34.0717],[74.8092,34.0717],[74.8087,34.0716],[74.8073,34.0716],[74.8061,34.0715],[74.806,34.0716],[74.8059,34.0716],[74.8044,34.0715],[74.8041,34.0715],[74.8039,34.0715],[74.8038,34.0715],[74.8037,34.0716],[74.8035,34.0716],[74.802,34.0723],[74.8018,34.0724],[74.8016,34.0724],[74.8013,34.0726],[74.7992,34.0735],[74.7976,34.0742],[74.7971,34.0745],[74.797,34.0745],[74.7961,34.0749],[74.7958,34.075],[74.7956,34.0751],[74.795,34.0753],[74.7948,34.0755],[74.7947,34.0755],[74.7947,34.0756],[74.7946,34.0757],[74.7946,34.0761],[74.7946,34.0765],[74.7946,34.0773],[74.7945,34.0782],[74.7945,34.0785],[74.7944,34.0792],[74.7944,34.0792],[74.7944,34.0796],[74.7944,34.0797],[74.7943,34.0802],[74.7943,34.0803],[74.7942,34.0805],[74.7941,34.0806],[74.794,34.0807],[74.7937,34.0809],[74.7931,34.0814],[74.7929,34.0816],[74.7926,34.0816],[74.7924,34.0816],[74.7918,34.0816],[74.7906,34.0815],[74.7898,34.0815],[74.7891,34.0815],[74.7884,34.0815],[74.7864,34.0816],[74.786,34.0816],[74.7846,34.0816],[74.7843,34.0816],[74.784,34.0813],[74.7836,34.081],[74.7836,34.081],[74.7832,34.0806],[74.7829,34.0803],[74.7826,34.0801],[74.7825,34.08],[74.7822,34.0797],[74.7819,34.0795],[74.7813,34.0792],[74.7812,34.0791],[74.781,34.0791],[74.7805,34.0787],[74.78,34.0784],[74.7794,34.0781],[74.7787,34.0776],[74.7786,34.0776],[74.7782,34.0773],[74.7779,34.0771],[74.7777,34.077],[74.7775,34.0769],[74.7771,34.0767],[74.7767,34.0765],[74.7762,34.0763],[74.7761,34.0762],[74.7758,34.0761],[74.7757,34.076],[74.7753,34.0758],[74.775,34.0757],[74.7747,34.0755],[74.7743,34.0753],[74.7739,34.0752],[74.7734,34.0748],[74.7732,34.0747],[74.7729,34.0745],[74.7725,34.0743],[74.772,34.0741],[74.7719,34.074],[74.7715,34.0737],[74.7713,34.0736],[74.7712,34.0735],[74.7709,34.0733],[74.7703,34.0731],[74.7697,34.0729],[74.7694,34.0727],[74.7689,34.0725],[74.7687,34.0724],[74.7684,34.0723],[74.7684,34.0723],[74.7683,34.0722],[74.7682,34.0722],[74.7679,34.072],[74.7676,34.0719],[74.7676,34.0719],[74.7675,34.072],[74.7674,34.0722],[74.7674,34.0723],[74.7674,34.0725],[74.7673,34.0728],[74.7672,34.0731],[74.7671,34.0733],[74.767,34.0736],[74.767,34.0736],[74.7669,34.0738],[74.7669,34.0739],[74.7669,34.074],[74.7668,34.0741],[74.7667,34.0745],[74.7666,34.0748],[74.7665,34.0751],[74.7664,34.0753],[74.7664,34.0756],[74.7662,34.076],[74.7657,34.0775],[74.7651,34.0791],[74.7642,34.0815],[74.7641,34.0819],[74.7636,34.0833],[74.7631,34.0848],[74.7627,34.0862],[74.7627,34.0862],[74.7622,34.0874],[74.7618,34.0886],[74.7616,34.089],[74.7616,34.089],[74.7614,34.0896],[74.7613,34.0898],[74.7611,34.0903],[74.7609,34.0909]]}},{"type":"Feature","properties":{"id":"FDR-144","name":"Srinagar to Gulabagh","obs":0.94,"drv":30,"runs":695},"geometry":{"type":"LineString","coordinates":[[74.8205,34.0746],[74.8206,34.0767],[74.8198,34.0787],[74.8199,34.0796],[74.8199,34.0797],[74.8196,34.081],[74.8193,34.0821],[74.8194,34.0832],[74.8194,34.0838],[74.8191,34.0851],[74.819,34.0855],[74.8187,34.0859],[74.8172,34.0879],[74.815,34.0903],[74.8161,34.091],[74.8168,34.0916],[74.8174,34.0926],[74.817,34.093],[74.8163,34.0935],[74.8154,34.094],[74.8144,34.0946],[74.8137,34.0951],[74.8134,34.0956],[74.8125,34.0971],[74.812,34.0976],[74.8114,34.0983],[74.8111,34.0982],[74.8109,34.0985],[74.8107,34.0989],[74.8101,34.0996],[74.8098,34.1],[74.8093,34.1013],[74.8089,34.1025],[74.8088,34.103],[74.8088,34.1042],[74.8089,34.1051],[74.809,34.1062],[74.8091,34.1075],[74.8093,34.109],[74.8093,34.1094],[74.8094,34.1099],[74.8094,34.1111],[74.8092,34.1114],[74.8084,34.1125],[74.8079,34.1131],[74.8068,34.1141],[74.8065,34.1145],[74.8065,34.1146],[74.8063,34.1152],[74.8063,34.1162],[74.8064,34.1181],[74.8066,34.1195],[74.8068,34.1203],[74.8068,34.1211],[74.8068,34.1215],[74.8068,34.1219],[74.8064,34.123],[74.8064,34.1237],[74.8063,34.125],[74.8063,34.1258],[74.8063,34.1268],[74.8062,34.1276],[74.8056,34.129],[74.8053,34.1298],[74.8052,34.1302],[74.8049,34.1309],[74.8047,34.1316],[74.8045,34.1323],[74.8043,34.1332],[74.8041,34.1336],[74.8038,34.1341],[74.8037,34.1348],[74.8034,34.1355],[74.8031,34.1359],[74.8031,34.1361],[74.8038,34.1358],[74.8058,34.1364],[74.807,34.1368],[74.8077,34.137],[74.8081,34.1368],[74.8086,34.1374],[74.8085,34.1397],[74.8084,34.1416],[74.8083,34.1429],[74.8083,34.1437],[74.8084,34.1447],[74.8085,34.1462],[74.8086,34.1477],[74.8086,34.1488],[74.8086,34.1506],[74.8085,34.1513],[74.8084,34.1524],[74.8083,34.1549],[74.8083,34.157],[74.8083,34.1584],[74.8082,34.1598],[74.8083,34.1607],[74.8084,34.1632],[74.8084,34.1659],[74.8084,34.1669],[74.8084,34.1678],[74.8084,34.1697],[74.8084,34.1704],[74.8083,34.1717],[74.8082,34.1734],[74.8079,34.177],[74.8077,34.1788],[74.8077,34.1804],[74.8087,34.1798],[74.8095,34.1796],[74.8106,34.1798],[74.8108,34.1802],[74.812,34.1802],[74.8129,34.1801],[74.8131,34.1802],[74.8138,34.1802],[74.8142,34.1802],[74.8144,34.1801],[74.815,34.1798],[74.8155,34.1799],[74.8159,34.1802],[74.8164,34.1802],[74.8168,34.1801]]}},{"type":"Feature","properties":{"id":"FDR-040","name":"Srinagar to Ratnipura","obs":0.9,"drv":24,"runs":380},"geometry":{"type":"LineString","coordinates":[[74.8205,34.0746],[74.8229,34.0751],[74.828,34.0763],[74.8292,34.0766],[74.8298,34.0767],[74.8298,34.0766],[74.8301,34.0763],[74.8305,34.0759],[74.8311,34.0755],[74.8323,34.0752],[74.8332,34.075],[74.8343,34.0745],[74.8347,34.0743],[74.8356,34.0738],[74.8362,34.0734],[74.8371,34.0728],[74.8374,34.0725],[74.8389,34.0716],[74.8398,34.071],[74.841,34.0704],[74.8419,34.0699],[74.8428,34.0694],[74.8431,34.0691],[74.8434,34.0687],[74.8436,34.0685],[74.8445,34.0677],[74.846,34.0664],[74.848,34.0645],[74.8496,34.0629],[74.8507,34.0621],[74.8521,34.0612],[74.853,34.0606],[74.8546,34.0595],[74.8563,34.0582],[74.8575,34.0574],[74.8594,34.0562],[74.8603,34.0555],[74.8606,34.0552],[74.8611,34.0544],[74.8619,34.0531],[74.8626,34.0522],[74.8633,34.0509],[74.8636,34.0504],[74.8639,34.0502],[74.8652,34.0493],[74.866,34.0487],[74.8671,34.048],[74.8679,34.0476],[74.8685,34.0473],[74.8695,34.0466],[74.8702,34.0462],[74.8706,34.0458],[74.871,34.0454],[74.8716,34.0444],[74.8719,34.044],[74.8722,34.0435],[74.8725,34.043],[74.8727,34.0428],[74.8739,34.0422],[74.8749,34.0417],[74.8757,34.0412],[74.8765,34.0408],[74.8777,34.0402],[74.878,34.04],[74.8778,34.0398],[74.8777,34.0398],[74.8772,34.0396],[74.876,34.0393],[74.8734,34.0386],[74.8705,34.0379],[74.8691,34.0377],[74.8682,34.0375],[74.8675,34.0373],[74.8647,34.0366],[74.8638,34.0363],[74.8615,34.0357],[74.8613,34.0354],[74.861,34.0346],[74.861,34.0342],[74.8612,34.0335],[74.8616,34.0326],[74.8622,34.0317],[74.863,34.0307],[74.8638,34.03],[74.8647,34.0293],[74.8662,34.0285],[74.8721,34.0252],[74.8733,34.0246],[74.8748,34.0239],[74.8771,34.0232],[74.8826,34.0217],[74.8864,34.0207],[74.8887,34.0201],[74.8897,34.0196],[74.8908,34.0189],[74.8925,34.017],[74.895,34.0122],[74.8975,34.0073],[74.8999,34.0026],[74.9017,33.9993],[74.9029,33.9977],[74.9039,33.997],[74.9038,33.9963],[74.9033,33.9943],[74.9045,33.9862],[74.9045,33.9819],[74.9039,33.9772],[74.9039,33.9762],[74.9043,33.9752],[74.9047,33.9742],[74.9062,33.971],[74.9084,33.9695],[74.9127,33.9668],[74.9147,33.9644],[74.9179,33.9607],[74.9195,33.9591],[74.9205,33.9575],[74.9215,33.9555],[74.9226,33.9535],[74.9228,33.9526],[74.9248,33.9508],[74.9262,33.949],[74.9274,33.9477],[74.9274,33.947],[74.9269,33.9394],[74.9266,33.9336],[74.9263,33.9287],[74.9264,33.9275],[74.9264,33.9269],[74.9279,33.9272],[74.9304,33.926],[74.9338,33.9263],[74.9374,33.924],[74.9399,33.9228],[74.9409,33.9224],[74.9426,33.9214],[74.943,33.9214],[74.9437,33.9209],[74.9441,33.9201],[74.9447,33.9199],[74.9457,33.9192],[74.9467,33.9179],[74.9476,33.9178],[74.9485,33.9173]]}},{"type":"Feature","properties":{"id":"FDR-052","name":"Srinagar to Buchpora","obs":0.99,"drv":28,"runs":734},"geometry":{"type":"LineString","coordinates":[[74.8205,34.0746],[74.8213,34.0749],[74.8206,34.0767],[74.8199,34.0785],[74.8198,34.0787],[74.8199,34.0796],[74.8199,34.0796],[74.8199,34.0796],[74.8199,34.0797],[74.8197,34.0806],[74.8196,34.081],[74.8194,34.0818],[74.8193,34.0821],[74.8193,34.0824],[74.8194,34.0832],[74.8194,34.0835],[74.8194,34.0838],[74.8194,34.0842],[74.8191,34.0851],[74.8191,34.0853],[74.819,34.0855],[74.8188,34.0858],[74.8187,34.0859],[74.8175,34.0876],[74.8172,34.0879],[74.8161,34.089],[74.815,34.0903],[74.8155,34.0906],[74.8161,34.091],[74.8166,34.0914],[74.8168,34.0916],[74.8173,34.0924],[74.8174,34.0926],[74.8172,34.0929],[74.817,34.093],[74.8168,34.0932],[74.8163,34.0935],[74.8159,34.0937],[74.8154,34.094],[74.8151,34.0941],[74.8144,34.0946],[74.8138,34.095],[74.8137,34.0951],[74.8135,34.0954],[74.8134,34.0956],[74.8129,34.0966],[74.8125,34.0971],[74.8122,34.0973],[74.812,34.0976],[74.8116,34.0982],[74.8114,34.0983],[74.8111,34.0982],[74.8111,34.0982],[74.811,34.0983],[74.8109,34.0985],[74.8107,34.0987],[74.8107,34.0989],[74.8106,34.0991],[74.8101,34.0996],[74.8099,34.0999],[74.8098,34.1],[74.8096,34.1006],[74.8093,34.1013],[74.809,34.102],[74.8089,34.1025],[74.8089,34.1028],[74.8088,34.103],[74.8088,34.1036],[74.8088,34.1042],[74.8089,34.1048],[74.8089,34.1051],[74.809,34.1056],[74.809,34.1062],[74.809,34.1068],[74.8091,34.1075],[74.8092,34.1082],[74.8093,34.109],[74.8093,34.1091],[74.8093,34.1094],[74.8094,34.1098],[74.8094,34.1099],[74.8094,34.1101],[74.8094,34.1111],[74.8093,34.1112],[74.8092,34.1114],[74.8086,34.1121],[74.8084,34.1125],[74.808,34.113],[74.8079,34.1131],[74.8069,34.114],[74.8068,34.1141],[74.8066,34.1143],[74.8065,34.1145],[74.8065,34.1145],[74.8065,34.1146],[74.8064,34.1149],[74.8063,34.1152],[74.8063,34.1156],[74.8063,34.1162],[74.8063,34.117],[74.8064,34.1181],[74.8064,34.1191],[74.8066,34.1195],[74.8067,34.1198],[74.8068,34.1203],[74.8068,34.1208],[74.8068,34.1211],[74.8068,34.1213],[74.8068,34.1215],[74.8068,34.1217],[74.8068,34.1219],[74.8066,34.1226],[74.8064,34.123],[74.8064,34.1233],[74.8064,34.1237],[74.8063,34.1248],[74.8063,34.125],[74.8063,34.1252],[74.8063,34.1258],[74.8063,34.1262],[74.8063,34.1268],[74.8062,34.1272],[74.8062,34.1276],[74.8059,34.1281],[74.8056,34.129],[74.8054,34.1297],[74.8053,34.1298],[74.8053,34.13],[74.8052,34.1302],[74.8051,34.1305],[74.8049,34.1309],[74.8048,34.1312],[74.8047,34.1316],[74.8046,34.1319],[74.8045,34.1323],[74.8044,34.1327],[74.8043,34.1332],[74.8042,34.1334],[74.8041,34.1336],[74.8039,34.1338],[74.8038,34.1341],[74.8038,34.1345],[74.8037,34.1348],[74.8035,34.1353],[74.8034,34.1355],[74.8032,34.1356],[74.8031,34.1359],[74.803,34.1361],[74.8025,34.1374],[74.8023,34.1379],[74.8022,34.1385],[74.8021,34.1391],[74.802,34.1396],[74.8019,34.1406],[74.8018,34.1414],[74.8018,34.1422],[74.8019,34.1435],[74.8021,34.1445],[74.8023,34.1453],[74.8024,34.1457],[74.8025,34.146],[74.8028,34.1471],[74.8028,34.1477],[74.8027,34.148],[74.8027,34.1482],[74.8026,34.1486],[74.8024,34.1493],[74.8023,34.1499],[74.8022,34.1502],[74.8022,34.1507],[74.8031,34.1507]]}},{"type":"Feature","properties":{"id":"FDR-370","name":"Srinagar to Pampore","obs":1.0,"drv":23,"runs":372},"geometry":{"type":"LineString","coordinates":[[74.8205,34.0746],[74.8214,34.0748],[74.8277,34.0762],[74.828,34.0763],[74.8291,34.0766],[74.8296,34.0767],[74.8298,34.0767],[74.8298,34.0766],[74.8299,34.0765],[74.8301,34.0763],[74.8303,34.076],[74.8307,34.0757],[74.8311,34.0755],[74.8318,34.0753],[74.8327,34.0751],[74.8332,34.075],[74.8339,34.0747],[74.8345,34.0745],[74.8347,34.0743],[74.8355,34.0738],[74.8358,34.0736],[74.8362,34.0734],[74.837,34.0728],[74.8371,34.0728],[74.8374,34.0725],[74.838,34.0722],[74.8391,34.0714],[74.8398,34.071],[74.8409,34.0705],[74.8412,34.0703],[74.8419,34.0699],[74.8426,34.0695],[74.8429,34.0693],[74.8431,34.0691],[74.8433,34.0689],[74.8435,34.0687],[74.8436,34.0685],[74.844,34.0682],[74.845,34.0673],[74.846,34.0664],[74.8472,34.0652],[74.8487,34.0638],[74.8496,34.0629],[74.8503,34.0624],[74.8511,34.0618],[74.8521,34.0612],[74.8529,34.0607],[74.8534,34.0603],[74.8546,34.0595],[74.8555,34.0588],[74.857,34.0577],[74.8575,34.0574],[74.8589,34.0565],[74.8599,34.0558],[74.8603,34.0555],[74.8605,34.0553],[74.8607,34.0551],[74.8611,34.0544],[74.8618,34.0532],[74.8621,34.0529],[74.8626,34.0522],[74.8631,34.0514],[74.8635,34.0506],[74.8636,34.0504],[74.8637,34.0503],[74.864,34.0501],[74.8652,34.0493],[74.866,34.0488],[74.8666,34.0484],[74.8671,34.048],[74.8676,34.0477],[74.868,34.0475],[74.8685,34.0473],[74.869,34.0469],[74.8697,34.0465],[74.8702,34.0462],[74.8705,34.0459],[74.8708,34.0457],[74.871,34.0454],[74.8715,34.0446],[74.8717,34.0443],[74.8719,34.044],[74.8721,34.0437],[74.8723,34.0432],[74.8725,34.043],[74.8726,34.0429],[74.873,34.0427],[74.8739,34.0422],[74.8748,34.0417],[74.8751,34.0416],[74.8757,34.0412],[74.8763,34.0409],[74.8769,34.0406],[74.8777,34.0402],[74.8781,34.0401],[74.8796,34.0396],[74.8801,34.0394],[74.8804,34.0394],[74.8806,34.0394],[74.8815,34.0392],[74.8819,34.0391],[74.8824,34.039],[74.8828,34.039],[74.8832,34.0391],[74.8842,34.0391],[74.885,34.0391],[74.886,34.0391],[74.8867,34.039],[74.8875,34.0387],[74.889,34.0381],[74.8904,34.0376],[74.8915,34.0372],[74.8931,34.0368],[74.8956,34.0362],[74.8963,34.036],[74.8972,34.0358],[74.8978,34.0357],[74.8979,34.0356],[74.8989,34.0352],[74.9003,34.0347],[74.901,34.0344],[74.9019,34.0342],[74.9022,34.0341],[74.9027,34.0337],[74.9049,34.032],[74.9057,34.0314],[74.9061,34.031],[74.9072,34.0302],[74.9081,34.0295],[74.9088,34.029],[74.9092,34.0287],[74.9098,34.0283],[74.9101,34.028],[74.9107,34.0273],[74.9113,34.0266],[74.9118,34.0261],[74.9123,34.0254],[74.9128,34.025],[74.9131,34.0248],[74.9136,34.0247],[74.9144,34.0244],[74.9156,34.024],[74.9161,34.0236],[74.917,34.0229],[74.9173,34.0225],[74.9175,34.022],[74.9176,34.0216],[74.9177,34.0205],[74.9176,34.0201],[74.9169,34.0199],[74.9156,34.0196],[74.9152,34.0195],[74.9151,34.0194],[74.9147,34.019],[74.9139,34.0185],[74.9133,34.0183],[74.913,34.018],[74.9126,34.0173],[74.9123,34.0167],[74.9123,34.0153],[74.9125,34.0123],[74.9128,34.0112],[74.9129,34.0109]]}},{"type":"Feature","properties":{"id":"FDR-479","name":"Srinagar to Budgam","obs":0.93,"drv":24,"runs":103},"geometry":{"type":"LineString","coordinates":[[74.8205,34.0746],[74.8213,34.0747],[74.8161,34.0734],[74.8113,34.0722],[74.8105,34.072],[74.8093,34.0717],[74.8073,34.0716],[74.8044,34.0715],[74.8037,34.0716],[74.8016,34.0724],[74.7971,34.0745],[74.7956,34.0751],[74.7947,34.0756],[74.7946,34.0773],[74.7944,34.0792],[74.7943,34.0803],[74.7937,34.0809],[74.7924,34.0816],[74.7891,34.0815],[74.7846,34.0816],[74.7836,34.081],[74.7825,34.08],[74.7812,34.0791],[74.7794,34.0781],[74.7779,34.0771],[74.7767,34.0765],[74.7757,34.076],[74.7743,34.0753],[74.7729,34.0745],[74.7715,34.0737],[74.7703,34.0731],[74.7687,34.0724],[74.7682,34.0722],[74.7673,34.0718],[74.7663,34.0715],[74.7629,34.0706],[74.7623,34.0705],[74.7615,34.0704],[74.7606,34.07],[74.7593,34.0695],[74.7589,34.0692],[74.7587,34.0688],[74.7585,34.0682],[74.7585,34.0678],[74.7584,34.0673],[74.7585,34.0668],[74.7587,34.0663],[74.7586,34.0659],[74.7585,34.0652],[74.7584,34.0645],[74.7581,34.064],[74.7579,34.0636],[74.7576,34.0632],[74.7573,34.0624],[74.7572,34.0622],[74.7568,34.0619],[74.7559,34.0612],[74.7551,34.0604],[74.7546,34.06],[74.7532,34.0592],[74.7523,34.0586],[74.7508,34.0578],[74.7498,34.0572],[74.7494,34.0569],[74.7488,34.0565],[74.7481,34.056],[74.7474,34.0555],[74.7468,34.0551],[74.7459,34.0545],[74.7445,34.0536],[74.7439,34.0532],[74.743,34.0526],[74.7421,34.052],[74.7413,34.0515],[74.741,34.0513],[74.7401,34.0508],[74.7392,34.0502],[74.7386,34.0499],[74.738,34.0496],[74.7373,34.0491],[74.7366,34.0486],[74.736,34.0481],[74.7351,34.0475],[74.7343,34.0469],[74.7339,34.0465],[74.7333,34.0456],[74.7331,34.0454],[74.7322,34.045],[74.7318,34.0448],[74.7315,34.0443],[74.7311,34.0439],[74.7306,34.0435],[74.7301,34.0431],[74.7297,34.0428],[74.7274,34.042],[74.726,34.0411],[74.725,34.0405],[74.7244,34.0401],[74.7238,34.0398],[74.7229,34.0395],[74.7206,34.0385],[74.7198,34.038],[74.7187,34.0372],[74.7195,34.0362],[74.7201,34.0354],[74.7214,34.0338],[74.722,34.0331],[74.7225,34.0327],[74.7228,34.0324],[74.7232,34.0315],[74.7232,34.0311],[74.7231,34.0306],[74.7223,34.0281],[74.7221,34.0273],[74.7222,34.0265],[74.7224,34.0257],[74.7225,34.0252],[74.7223,34.0247],[74.7221,34.0242],[74.7215,34.0237],[74.7212,34.0231],[74.721,34.0224],[74.7208,34.0215],[74.7206,34.0211],[74.7199,34.0196],[74.7198,34.0181],[74.7201,34.0174],[74.7208,34.0162],[74.7206,34.0154],[74.7198,34.0149],[74.719,34.015],[74.7179,34.0151],[74.7167,34.0143],[74.7132,34.016]]}},{"type":"Feature","properties":{"id":"FDR-517","name":"Srinagar to Gund","obs":1.0,"drv":19,"runs":385},"geometry":{"type":"LineString","coordinates":[[74.8205,34.0746],[74.8199,34.0796],[74.8193,34.0821],[74.8191,34.0851],[74.8172,34.0879],[74.8168,34.0916],[74.8163,34.0935],[74.8137,34.0951],[74.812,34.0976],[74.8109,34.0985],[74.8098,34.1],[74.8088,34.103],[74.809,34.1062],[74.8093,34.1094],[74.8092,34.1114],[74.8068,34.1141],[74.8063,34.1152],[74.8066,34.1195],[74.8068,34.1215],[74.8064,34.1237],[74.8063,34.1268],[74.8053,34.1298],[74.8047,34.1316],[74.8041,34.1336],[74.8034,34.1355],[74.8038,34.1358],[74.8077,34.137],[74.8085,34.1397],[74.8083,34.1437],[74.8086,34.1477],[74.8085,34.1513],[74.8083,34.157],[74.8083,34.1607],[74.8084,34.1669],[74.8084,34.1704],[74.8079,34.177],[74.8077,34.1837],[74.8077,34.1907],[74.8068,34.1961],[74.8067,34.1976],[74.8046,34.2005],[74.8015,34.2019],[74.7998,34.204],[74.7965,34.2064],[74.7933,34.2084],[74.7897,34.2088],[74.7865,34.2113],[74.7834,34.2135],[74.7809,34.2164],[74.7797,34.2181],[74.7789,34.2219],[74.7769,34.2241],[74.7753,34.2273],[74.7777,34.2294],[74.7794,34.2317],[74.7826,34.2365],[74.7845,34.2416],[74.7866,34.2465],[74.789,34.2505],[74.7899,34.2539],[74.7903,34.2571],[74.793,34.2607],[74.7965,34.2656],[74.801,34.2678],[74.805,34.2717],[74.8081,34.2742],[74.8077,34.2784],[74.8135,34.2819],[74.8183,34.2833],[74.8249,34.2866],[74.8291,34.2886],[74.8351,34.2896],[74.8407,34.2874],[74.8447,34.2851],[74.8502,34.2831],[74.8556,34.2825],[74.862,34.2819],[74.8721,34.2797],[74.8784,34.2777],[74.8852,34.275],[74.8934,34.2704],[74.8979,34.2676],[74.8996,34.2656],[74.9011,34.2643],[74.9053,34.2615],[74.9096,34.2584],[74.9134,34.2567],[74.9174,34.2523],[74.9203,34.2499],[74.9245,34.2474],[74.9295,34.2462],[74.9348,34.2469],[74.9433,34.2441],[74.9477,34.2418],[74.9519,34.2407],[74.9571,34.2387],[74.9633,34.2339],[74.9694,34.2327],[74.9736,34.2319],[74.9798,34.2322],[74.9861,34.2319],[74.9902,34.2286],[74.9932,34.2281],[74.9983,34.2252],[75.0034,34.2241],[75.0061,34.2239],[75.0085,34.2228],[75.0134,34.2228],[75.0164,34.223],[75.0172,34.2233],[75.0181,34.2233],[75.0234,34.2245],[75.0288,34.2241],[75.0325,34.2244],[75.0362,34.2257],[75.0389,34.2261],[75.0405,34.2263],[75.0454,34.2279],[75.0488,34.2292],[75.051,34.2306],[75.0551,34.2339],[75.0586,34.2382],[75.062,34.2396],[75.0649,34.2445],[75.0728,34.2506],[75.0773,34.2532],[75.0879,34.2569],[75.0887,34.2579]]}},{"type":"Feature","properties":{"id":"FDR-326","name":"Srinagar to Chadoora","obs":0.48,"drv":14,"runs":173},"geometry":{"type":"LineString","coordinates":[[74.8205,34.0746],[74.8214,34.0747],[74.82,34.0744],[74.8159,34.0734],[74.8113,34.0722],[74.811,34.0722],[74.8103,34.072],[74.8093,34.0717],[74.8073,34.0716],[74.8059,34.0715],[74.8042,34.0715],[74.8039,34.071],[74.8037,34.07],[74.8037,34.0691],[74.8037,34.0688],[74.8037,34.0679],[74.8038,34.0668],[74.8037,34.0659],[74.8035,34.0648],[74.8033,34.0642],[74.803,34.0638],[74.8028,34.0628],[74.8026,34.0615],[74.8026,34.0606],[74.8028,34.0588],[74.8033,34.0576],[74.804,34.0558],[74.8044,34.0548],[74.8047,34.0538],[74.8047,34.0533],[74.8049,34.0525],[74.8052,34.0517],[74.8054,34.0514],[74.8062,34.0503],[74.8073,34.0489],[74.8088,34.0468],[74.8093,34.0461],[74.8099,34.0449],[74.8101,34.0427],[74.8101,34.0422],[74.8098,34.041],[74.8096,34.0394],[74.8096,34.039],[74.8095,34.0376],[74.8094,34.0368],[74.8093,34.0357],[74.8092,34.0352],[74.809,34.0339],[74.8087,34.0322],[74.8087,34.0314],[74.8086,34.0308],[74.8086,34.0293],[74.8086,34.0284],[74.8088,34.0269],[74.8091,34.0266],[74.8091,34.0257],[74.8092,34.0238],[74.8093,34.0212],[74.8097,34.019],[74.8097,34.0181],[74.8098,34.0172],[74.8105,34.0148],[74.8109,34.0141],[74.8115,34.0127],[74.8115,34.0115],[74.8113,34.01],[74.8113,34.0093],[74.8122,34.0083],[74.8127,34.0075],[74.8132,34.0066],[74.8134,34.0059],[74.8139,34.0042],[74.814,34.0032],[74.8138,34.0025],[74.8138,34.002],[74.8141,34.0009],[74.8143,34.0001],[74.8148,33.9991],[74.815,33.9975],[74.8147,33.9967],[74.8149,33.9956],[74.8147,33.9946],[74.8141,33.9936],[74.8141,33.9923],[74.8142,33.9905],[74.8137,33.9889],[74.8137,33.9874],[74.8134,33.9866],[74.8124,33.9852],[74.812,33.9843],[74.8118,33.9829],[74.8116,33.9822],[74.8116,33.9809],[74.8118,33.9793],[74.812,33.9782],[74.8122,33.9774],[74.8124,33.9765],[74.8121,33.9757],[74.8118,33.9748],[74.8111,33.9733],[74.811,33.9719],[74.8112,33.9705],[74.8114,33.9697],[74.8112,33.9688],[74.8109,33.9682],[74.8108,33.9678],[74.8106,33.9664],[74.8103,33.9654],[74.8103,33.9632],[74.8104,33.9625],[74.8103,33.9619],[74.8097,33.9613],[74.809,33.9606],[74.8086,33.9598],[74.809,33.9595],[74.8095,33.9592],[74.8093,33.9581],[74.8081,33.9569],[74.8073,33.9553],[74.8068,33.9546],[74.8048,33.9531],[74.8028,33.9515],[74.8023,33.9503],[74.802,33.9497],[74.8019,33.949],[74.8014,33.9477],[74.801,33.9468],[74.8,33.9458],[74.7999,33.9444],[74.7998,33.944],[74.7996,33.9436],[74.7987,33.9435]]}},{"type":"Feature","properties":{"id":"FDR-036","name":"Srinagar to Bugam","obs":0.86,"drv":24,"runs":362},"geometry":{"type":"LineString","coordinates":[[74.8205,34.0746],[74.828,34.0763],[74.8298,34.0767],[74.8301,34.0763],[74.8311,34.0755],[74.8332,34.075],[74.8347,34.0743],[74.8362,34.0734],[74.8374,34.0725],[74.8398,34.071],[74.8419,34.0699],[74.8431,34.0691],[74.8436,34.0685],[74.846,34.0664],[74.8496,34.0629],[74.8521,34.0612],[74.8546,34.0595],[74.8575,34.0574],[74.8603,34.0555],[74.8611,34.0544],[74.8626,34.0522],[74.8636,34.0504],[74.8652,34.0493],[74.8671,34.048],[74.8685,34.0473],[74.8702,34.0462],[74.871,34.0454],[74.8719,34.044],[74.8725,34.043],[74.8739,34.0422],[74.8757,34.0412],[74.8777,34.0402],[74.8778,34.0398],[74.8772,34.0396],[74.8734,34.0386],[74.8691,34.0377],[74.8675,34.0373],[74.8638,34.0363],[74.8613,34.0354],[74.861,34.0342],[74.8616,34.0326],[74.863,34.0307],[74.8647,34.0293],[74.8721,34.0252],[74.8748,34.0239],[74.8826,34.0217],[74.8887,34.0201],[74.8908,34.0189],[74.895,34.0122],[74.8999,34.0026],[74.9031,33.9975],[74.9059,33.9953],[74.9127,33.9922],[74.9159,33.9921],[74.9213,33.9937],[74.9249,33.9942],[74.9278,33.9929],[74.931,33.9888],[74.9349,33.9848],[74.94,33.9794],[74.9435,33.9769],[74.9506,33.9729],[74.9573,33.9688],[74.9614,33.9658],[74.9641,33.965],[74.9666,33.9629],[74.9692,33.9607],[74.9741,33.9579],[74.9791,33.9556],[74.9834,33.953],[74.9872,33.9484],[74.9881,33.9468],[74.988,33.9438],[74.9859,33.9389],[74.9891,33.9343],[74.9921,33.9306],[74.9948,33.9253],[74.9987,33.9197],[75.0051,33.9146],[75.0125,33.911],[75.0195,33.9043],[75.0224,33.9001],[75.0248,33.8951],[75.0262,33.8908],[75.0274,33.8885],[75.0303,33.8866],[75.0354,33.8819],[75.0395,33.878],[75.0434,33.8745],[75.0452,33.8726],[75.0473,33.8657],[75.0486,33.861],[75.0493,33.8554],[75.0506,33.8516],[75.0561,33.8455],[75.0604,33.8419],[75.0659,33.836],[75.0703,33.8331],[75.071,33.829],[75.0713,33.8272],[75.08,33.8134],[75.0805,33.8094],[75.0824,33.8034],[75.1041,33.7555],[75.1047,33.7521],[75.1027,33.7495],[75.0966,33.7455],[75.0956,33.7421],[75.0972,33.7277],[75.0974,33.7249],[75.0946,33.7238],[75.0902,33.7234],[75.0882,33.7236],[75.0868,33.7235],[75.0868,33.722],[75.0843,33.7208],[75.082,33.7196],[75.0802,33.7192],[75.0755,33.7178],[75.0709,33.716],[75.0663,33.7144],[75.0641,33.714],[75.0564,33.7137],[75.0537,33.7135],[75.0524,33.7134],[75.051,33.7131],[75.0483,33.7123],[75.0459,33.7116],[75.0426,33.7104],[75.0387,33.7083],[75.036,33.7072],[75.0346,33.707],[75.0327,33.7057],[75.0281,33.7031],[75.0246,33.7017],[75.026,33.6984],[75.0264,33.6956],[75.0255,33.6923],[75.0257,33.6915],[75.0256,33.6901]]}},{"type":"Feature","properties":{"id":"FDR-597","name":"Srinagar to Rasoo","obs":0.97,"drv":27,"runs":555},"geometry":{"type":"LineString","coordinates":[[74.8205,34.0746],[74.8213,34.0748],[74.8213,34.0749],[74.8209,34.076],[74.8206,34.0767],[74.8199,34.0783],[74.8199,34.0785],[74.8199,34.0786],[74.8198,34.0787],[74.8199,34.0792],[74.8199,34.0796],[74.8199,34.0796],[74.8199,34.0796],[74.8199,34.0796],[74.8199,34.0796],[74.8199,34.0797],[74.8199,34.0797],[74.8199,34.0798],[74.8197,34.0806],[74.8197,34.0807],[74.8196,34.081],[74.8195,34.0813],[74.8194,34.0818],[74.8193,34.082],[74.8193,34.0821],[74.8193,34.0822],[74.8193,34.0824],[74.8193,34.0826],[74.8194,34.0832],[74.8194,34.0833],[74.8194,34.0835],[74.8194,34.0837],[74.8194,34.0838],[74.8194,34.084],[74.8194,34.0842],[74.8192,34.0849],[74.8191,34.0851],[74.8191,34.0852],[74.8191,34.0853],[74.819,34.0855],[74.819,34.0855],[74.8188,34.0858],[74.8188,34.0858],[74.8187,34.0859],[74.8187,34.0859],[74.8175,34.0876],[74.8175,34.0876],[74.8173,34.0878],[74.8172,34.0879],[74.8163,34.0888],[74.8161,34.089],[74.8159,34.0892],[74.815,34.0903],[74.815,34.0903],[74.8155,34.0906],[74.816,34.0909],[74.8161,34.091],[74.8165,34.0913],[74.8166,34.0914],[74.8167,34.0915],[74.8168,34.0916],[74.8172,34.0924],[74.8173,34.0924],[74.8173,34.0925],[74.8174,34.0926],[74.8173,34.0927],[74.8172,34.0929],[74.8171,34.0929],[74.817,34.093],[74.8169,34.0931],[74.8168,34.0932],[74.8166,34.0933],[74.8163,34.0935],[74.8161,34.0936],[74.8159,34.0937],[74.8156,34.0938],[74.8154,34.094],[74.8153,34.094],[74.8151,34.0941],[74.8148,34.0943],[74.8144,34.0946],[74.814,34.0948],[74.8138,34.095],[74.8137,34.0951],[74.8137,34.0951],[74.8136,34.0952],[74.8135,34.0954],[74.8135,34.0955],[74.8134,34.0956],[74.8133,34.0957],[74.8129,34.0966],[74.8126,34.097],[74.8125,34.0971],[74.8124,34.0972],[74.8122,34.0973],[74.8121,34.0975],[74.812,34.0976],[74.8118,34.0978],[74.8116,34.0982],[74.8115,34.0983],[74.8114,34.0983],[74.8112,34.0982],[74.8111,34.0982],[74.8111,34.0982],[74.8111,34.0982],[74.811,34.0983],[74.811,34.0983],[74.8109,34.0984],[74.8109,34.0985],[74.8108,34.0986],[74.8107,34.0987],[74.8107,34.0988],[74.8107,34.0989],[74.8106,34.099],[74.8106,34.0991],[74.8105,34.0992],[74.8101,34.0996],[74.8101,34.0997],[74.8099,34.0999],[74.8099,34.0999],[74.8098,34.1],[74.8097,34.1002],[74.8096,34.1006],[74.8094,34.101],[74.8093,34.1013],[74.8092,34.1015],[74.809,34.102],[74.809,34.1023],[74.8089,34.1025],[74.8089,34.1027],[74.8089,34.1028],[74.8088,34.1029],[74.8088,34.103],[74.8088,34.1031],[74.8088,34.1036],[74.8088,34.104],[74.8088,34.1042],[74.8088,34.1044],[74.8089,34.1044],[74.8091,34.1043],[74.8095,34.1042],[74.8096,34.1041],[74.8096,34.1041],[74.8097,34.1042],[74.8097,34.1043],[74.8098,34.1047],[74.8099,34.1054]]}},{"type":"Feature","properties":{"id":"FDR-599","name":"Srinagar to Harwan","obs":0.99,"drv":10,"runs":23},"geometry":{"type":"LineString","coordinates":[[74.8205,34.0746],[74.8229,34.0751],[74.828,34.0763],[74.8292,34.0766],[74.8298,34.0767],[74.8298,34.0766],[74.8301,34.0763],[74.8305,34.0759],[74.8311,34.0755],[74.8323,34.0752],[74.8332,34.075],[74.8343,34.0745],[74.8347,34.0743],[74.8356,34.0738],[74.8363,34.0737],[74.8382,34.074],[74.8409,34.0742],[74.8431,34.0744],[74.8443,34.0744],[74.8475,34.0748],[74.8518,34.0761],[74.8535,34.0763],[74.8566,34.0783],[74.8598,34.0802],[74.8596,34.0826],[74.8626,34.0837],[74.8648,34.0867],[74.8659,34.0877],[74.8668,34.0882],[74.867,34.0894],[74.867,34.0908],[74.8677,34.0917],[74.8681,34.092],[74.8717,34.0927],[74.8726,34.0931],[74.8732,34.0939],[74.8726,34.0963],[74.8726,34.0971],[74.8733,34.0977],[74.8747,34.0981],[74.8758,34.0983],[74.8765,34.0988],[74.877,34.0998],[74.8771,34.1003],[74.8772,34.1029],[74.8772,34.104],[74.8771,34.1045],[74.8768,34.1056],[74.8759,34.1071],[74.8757,34.1078],[74.8768,34.1094],[74.8774,34.1104],[74.8785,34.1136],[74.8787,34.114],[74.8795,34.1148],[74.8804,34.1159],[74.8807,34.1164],[74.881,34.1171],[74.8811,34.1173],[74.8809,34.1188],[74.8806,34.1199],[74.8802,34.1207],[74.8792,34.1229],[74.8784,34.1248],[74.878,34.1261],[74.8782,34.1264],[74.8785,34.1271],[74.8786,34.1275],[74.8787,34.1287],[74.8786,34.1293],[74.8785,34.1303],[74.8779,34.1314],[74.8778,34.1318],[74.8778,34.1323],[74.8775,34.1327],[74.8772,34.1336],[74.8771,34.1343],[74.8766,34.1359],[74.8762,34.1369],[74.8762,34.1372],[74.8763,34.1379],[74.8763,34.1395],[74.8762,34.1407],[74.8761,34.1412],[74.875,34.1425],[74.873,34.1447],[74.8708,34.1471],[74.8702,34.1478],[74.8701,34.1479],[74.8697,34.1489],[74.8699,34.1492],[74.8703,34.1494],[74.8709,34.1498],[74.8711,34.15],[74.8714,34.1501],[74.8718,34.1503],[74.8729,34.1509],[74.8734,34.1513],[74.8739,34.1516],[74.8742,34.1517],[74.8748,34.152],[74.8753,34.152],[74.876,34.1521],[74.8765,34.1522],[74.8773,34.1521],[74.878,34.1522],[74.8789,34.1524],[74.8803,34.1529],[74.883,34.1538],[74.8837,34.1541],[74.885,34.1547],[74.8862,34.1551],[74.8869,34.1553],[74.8878,34.1555],[74.8889,34.1559],[74.8908,34.1564],[74.8916,34.1568],[74.892,34.1569],[74.8931,34.1571],[74.8936,34.1572],[74.8945,34.1572],[74.8951,34.1572],[74.8958,34.1573],[74.8965,34.1572],[74.8971,34.1569],[74.8974,34.1569],[74.8978,34.157],[74.8983,34.1573],[74.8994,34.1579],[74.8996,34.158],[74.8998,34.158],[74.9012,34.158],[74.9018,34.1581],[74.9027,34.1586],[74.903,34.1588],[74.9033,34.1596],[74.9034,34.1598]]}},{"type":"Feature","properties":{"id":"FDR-288","name":"Srinagar to Ganderbal","obs":1.0,"drv":25,"runs":643},"geometry":{"type":"LineString","coordinates":[[74.8205,34.0746],[74.8199,34.0783],[74.8199,34.0796],[74.8199,34.0797],[74.8196,34.081],[74.8193,34.0822],[74.8194,34.0835],[74.8192,34.0849],[74.819,34.0855],[74.8175,34.0876],[74.8161,34.089],[74.816,34.0909],[74.8168,34.0916],[74.8173,34.0927],[74.8168,34.0932],[74.8156,34.0938],[74.8144,34.0946],[74.8136,34.0952],[74.8129,34.0966],[74.8121,34.0975],[74.8114,34.0983],[74.811,34.0983],[74.8107,34.0987],[74.8105,34.0992],[74.8098,34.1],[74.8092,34.1015],[74.8089,34.1028],[74.8088,34.104],[74.8089,34.1051],[74.809,34.1064],[74.8092,34.1082],[74.8093,34.1092],[74.8094,34.1099],[74.8093,34.1112],[74.8086,34.1121],[74.8079,34.1131],[74.8068,34.1141],[74.8065,34.1145],[74.8064,34.1149],[74.8063,34.1158],[74.8064,34.1181],[74.8066,34.1195],[74.8068,34.1208],[74.8068,34.1214],[74.8068,34.1219],[74.8064,34.1232],[74.8063,34.1248],[74.8063,34.1254],[74.8063,34.1268],[74.806,34.1279],[74.8054,34.1297],[74.8052,34.13],[74.8049,34.1309],[74.8047,34.1318],[74.8044,34.1327],[74.8041,34.1335],[74.8038,34.1341],[74.8036,34.135],[74.8032,34.1356],[74.803,34.1361],[74.8022,34.1385],[74.8019,34.1405],[74.8018,34.1422],[74.8022,34.1451],[74.8025,34.146],[74.8028,34.1479],[74.8026,34.1486],[74.8022,34.1501],[74.8023,34.1518],[74.8023,34.1529],[74.8028,34.1546],[74.8035,34.1556],[74.804,34.1563],[74.8039,34.1568],[74.8032,34.1578],[74.8022,34.1584],[74.8021,34.1589],[74.8015,34.1592],[74.8003,34.1596],[74.8,34.16],[74.7986,34.1607],[74.7973,34.161],[74.7963,34.1612],[74.7963,34.1614],[74.7965,34.1622],[74.7959,34.1638],[74.7951,34.1643],[74.7945,34.1643],[74.7935,34.1644],[74.7929,34.1648],[74.7923,34.1651],[74.792,34.1657],[74.7915,34.1674],[74.7912,34.1681],[74.7902,34.1691],[74.7883,34.1692],[74.7868,34.1691],[74.7857,34.1688],[74.7846,34.1699],[74.7828,34.1705],[74.781,34.1702],[74.78,34.1698],[74.7792,34.1699],[74.7785,34.1693],[74.7775,34.1684],[74.7761,34.1688],[74.776,34.1696],[74.7763,34.1702],[74.7763,34.1713],[74.7764,34.1723],[74.7753,34.1732],[74.7752,34.1743],[74.7758,34.1755],[74.7755,34.1757],[74.7757,34.1762],[74.7754,34.1773],[74.7752,34.179],[74.7747,34.1807],[74.774,34.1816],[74.7733,34.1824],[74.7719,34.1835],[74.7699,34.185],[74.7687,34.1852],[74.7684,34.1865],[74.7681,34.1872],[74.7688,34.1888],[74.7697,34.1901],[74.77,34.1913],[74.7698,34.1928]]}},{"type":"Feature","properties":{"id":"FDR-602","name":"TRC Srinagar to Airport","obs":0.66,"drv":25,"runs":311},"geometry":{"type":"LineString","coordinates":[[74.8245,34.0754],[74.8229,34.075],[74.8213,34.0747],[74.82,34.0744],[74.8161,34.0734],[74.8158,34.0733],[74.8113,34.0722],[74.8111,34.0722],[74.8105,34.072],[74.8103,34.072],[74.8093,34.0717],[74.8092,34.0717],[74.8073,34.0716],[74.806,34.0716],[74.8048,34.0715],[74.8042,34.0715],[74.804,34.0712],[74.8038,34.0708],[74.8036,34.0705],[74.8036,34.07],[74.8036,34.0695],[74.8036,34.0691],[74.8036,34.0686],[74.8037,34.067],[74.8038,34.0669],[74.8038,34.0665],[74.8038,34.0663],[74.8037,34.0661],[74.8036,34.0657],[74.8036,34.0652],[74.8035,34.0649],[74.8034,34.0647],[74.8032,34.0642],[74.803,34.0637],[74.8026,34.0621],[74.8026,34.0616],[74.8026,34.0611],[74.8027,34.0607],[74.8028,34.0595],[74.8029,34.0588],[74.8033,34.0576],[74.8036,34.0568],[74.804,34.0561],[74.8043,34.0555],[74.8044,34.0551],[74.8045,34.0549],[74.8046,34.0547],[74.8049,34.0538],[74.8048,34.0536],[74.8048,34.0534],[74.8047,34.0532],[74.8048,34.0529],[74.8048,34.0525],[74.8049,34.0522],[74.8049,34.052],[74.8048,34.0518],[74.8048,34.0516],[74.8046,34.0515],[74.8041,34.0511],[74.8035,34.0506],[74.8029,34.0501],[74.8026,34.0496],[74.8024,34.0494],[74.8024,34.0491],[74.8025,34.0484],[74.8024,34.0481],[74.8024,34.0476],[74.8023,34.0468],[74.8023,34.0466],[74.8022,34.0459],[74.8022,34.0454],[74.8023,34.045],[74.8022,34.0447],[74.8023,34.0446],[74.8025,34.0441],[74.8028,34.0434],[74.8032,34.0422],[74.8032,34.0418],[74.8032,34.0413],[74.803,34.0408],[74.8027,34.0399],[74.8025,34.0395],[74.8024,34.0389],[74.8022,34.0385],[74.8019,34.038],[74.8016,34.0374],[74.8014,34.0371],[74.8012,34.0365],[74.801,34.0359],[74.8006,34.0346],[74.8002,34.0334],[74.8001,34.0331],[74.7998,34.0324],[74.799,34.0306],[74.7986,34.0299],[74.7986,34.0298],[74.7985,34.0295],[74.7983,34.0291],[74.7981,34.0288],[74.798,34.0286],[74.7979,34.0284],[74.7977,34.0279],[74.7975,34.0277],[74.7975,34.0259],[74.7975,34.0251],[74.7975,34.0247],[74.7976,34.0238],[74.7981,34.0226],[74.7982,34.0222],[74.7983,34.022],[74.7981,34.0212],[74.7981,34.0207],[74.7984,34.0191],[74.7987,34.0177],[74.7989,34.0169],[74.7989,34.0165],[74.799,34.0161],[74.799,34.0155],[74.799,34.0142],[74.7992,34.0135],[74.7996,34.0129],[74.7998,34.0123],[74.7997,34.0118],[74.7995,34.0111],[74.7988,34.0101],[74.7985,34.0097],[74.7977,34.0088],[74.7971,34.0081],[74.7966,34.0074],[74.796,34.0064],[74.7952,34.0051],[74.7941,34.0041],[74.7937,34.0036],[74.7935,34.0033],[74.7933,34.0029],[74.7923,34.0009],[74.7915,33.9998],[74.7908,33.9984],[74.7906,33.9979],[74.79,33.9969],[74.7897,33.996],[74.7895,33.9953],[74.7897,33.9947],[74.79,33.9941],[74.79,33.9937],[74.7899,33.9935],[74.789,33.9923],[74.788,33.991],[74.7872,33.99],[74.7853,33.987],[74.7838,33.9846],[74.7838,33.9843],[74.784,33.9837],[74.784,33.9831],[74.7828,33.9837],[74.7825,33.9838],[74.7822,33.9839],[74.7819,33.9838],[74.7814,33.9834],[74.781,33.9831],[74.7807,33.9831],[74.7802,33.9833],[74.7784,33.9847],[74.7768,33.9859],[74.7739,33.9884],[74.7749,33.9892],[74.7763,33.9903],[74.7762,33.9905],[74.7737,33.9929],[74.7747,33.9938]]}},{"type":"Feature","properties":{"id":"SSCL-01","name":"Parimpora to Harwan via Brein Nishat","obs":0.92,"drv":23,"runs":185},"geometry":{"type":"LineString","coordinates":[[74.7475,34.1112],[74.7477,34.1106],[74.7474,34.1099],[74.7469,34.1088],[74.7485,34.1082],[74.7542,34.1064],[74.7551,34.1061],[74.7576,34.1054],[74.7611,34.1041],[74.7624,34.1037],[74.7638,34.1031],[74.7646,34.1027],[74.7662,34.1016],[74.768,34.1005],[74.7707,34.0986],[74.7733,34.0966],[74.7748,34.095],[74.7766,34.0924],[74.7781,34.0913],[74.7802,34.0929],[74.7828,34.0954],[74.7838,34.0964],[74.7863,34.096],[74.7893,34.0957],[74.7919,34.0956],[74.7933,34.0969],[74.7936,34.0979],[74.7941,34.1],[74.7945,34.1018],[74.7948,34.1033],[74.7947,34.1046],[74.7953,34.1049],[74.7978,34.1051],[74.7985,34.1052],[74.7993,34.1052],[74.8005,34.1057],[74.801,34.1061],[74.8025,34.1066],[74.8037,34.1072],[74.8051,34.1079],[74.8063,34.1079],[74.8071,34.1084],[74.8082,34.1089],[74.8093,34.1091],[74.8094,34.1099],[74.8093,34.1112],[74.8084,34.1125],[74.8069,34.114],[74.8065,34.1145],[74.8064,34.1149],[74.8063,34.1162],[74.8064,34.1191],[74.8068,34.1203],[74.8099,34.1206],[74.8101,34.1201],[74.8107,34.1198],[74.8122,34.1198],[74.8136,34.1201],[74.8144,34.1208],[74.8152,34.1213],[74.8157,34.1221],[74.8161,34.1228],[74.8166,34.1231],[74.817,34.1243],[74.8174,34.1255],[74.818,34.1275],[74.8186,34.1285],[74.8191,34.129],[74.8202,34.13],[74.8211,34.1307],[74.8217,34.1317],[74.8221,34.1321],[74.8231,34.1328],[74.8243,34.1337],[74.826,34.1346],[74.8275,34.1356],[74.8284,34.1358],[74.8302,34.1364],[74.8321,34.1369],[74.8336,34.1373],[74.8348,34.1374],[74.8358,34.1391],[74.8361,34.1407],[74.8389,34.1407],[74.8402,34.1399],[74.8413,34.1414],[74.8415,34.143],[74.8424,34.1451],[74.8436,34.1461],[74.8477,34.1461],[74.8511,34.1468],[74.8546,34.1472],[74.8574,34.1458],[74.861,34.1433],[74.8614,34.1429],[74.8654,34.1452],[74.8697,34.149],[74.8706,34.1496],[74.8711,34.15],[74.8722,34.1505],[74.8737,34.1515],[74.8745,34.1519],[74.8755,34.152],[74.8768,34.1521],[74.8783,34.1523],[74.8812,34.1532],[74.8841,34.1542],[74.8864,34.1552],[74.8887,34.1558],[74.8911,34.1566],[74.8923,34.157],[74.894,34.1572],[74.8953,34.1573],[74.8969,34.157],[74.8974,34.1569],[74.8985,34.1574],[74.8996,34.158],[74.9014,34.1581],[74.9029,34.1587],[74.9035,34.1601],[74.9038,34.1611],[74.9053,34.1612],[74.9084,34.1608],[74.9091,34.1611],[74.9105,34.1608],[74.9117,34.1595],[74.9128,34.1572],[74.9143,34.1562],[74.9172,34.1525],[74.9177,34.1516]]}},{"type":"Feature","properties":{"id":"SSCL-02","name":"Batamaloo to Nasrullah Pora via Jehangir Chowk Rambagh Hyderpora","obs":1.0,"drv":9,"runs":26},"geometry":{"type":"LineString","coordinates":[[74.7796,34.0687],[74.7802,34.069],[74.7802,34.0692],[74.7803,34.0693],[74.7807,34.0695],[74.7812,34.0692],[74.782,34.0687],[74.7824,34.0684],[74.7816,34.0675],[74.7808,34.0666],[74.7804,34.0661],[74.7795,34.0652],[74.7793,34.0651],[74.779,34.0653],[74.7778,34.0659],[74.7765,34.0665],[74.7752,34.067],[74.7741,34.0676],[74.7731,34.068],[74.7715,34.0688],[74.7705,34.0692],[74.7701,34.0694],[74.7696,34.0696],[74.7689,34.0701],[74.7684,34.0706],[74.7679,34.0714],[74.7677,34.0716],[74.7676,34.0717],[74.7675,34.0717],[74.7671,34.0717],[74.7666,34.0716],[74.7661,34.0714],[74.763,34.0706],[74.7626,34.0705],[74.7625,34.0705],[74.7622,34.0705],[74.7617,34.0704],[74.7613,34.0703],[74.7609,34.0701],[74.7602,34.0698],[74.7595,34.0696],[74.7593,34.0695],[74.759,34.0693],[74.7588,34.0691],[74.7587,34.0689],[74.7586,34.0687],[74.7585,34.0684],[74.7585,34.0681],[74.7584,34.0679],[74.7585,34.0676],[74.7585,34.0675],[74.7584,34.0671],[74.7584,34.0669],[74.7586,34.0666],[74.7587,34.0664],[74.7587,34.0662],[74.7586,34.066],[74.7586,34.0657],[74.7585,34.0653],[74.7584,34.065],[74.7584,34.0647],[74.7584,34.0644],[74.7582,34.0642],[74.758,34.0639],[74.758,34.0638],[74.7578,34.0635],[74.7577,34.0633],[74.7576,34.063],[74.7574,34.0626],[74.7573,34.0623],[74.7573,34.0622],[74.7569,34.062],[74.7568,34.0619],[74.7567,34.0619],[74.7565,34.0617],[74.7556,34.0609],[74.7554,34.0607],[74.755,34.0603],[74.7547,34.0601],[74.7546,34.06],[74.7534,34.0593],[74.7532,34.0592],[74.7523,34.0587],[74.7521,34.0585],[74.7511,34.058],[74.7505,34.0576],[74.75,34.0574],[74.7497,34.0572],[74.7495,34.057],[74.7493,34.0569],[74.749,34.0566],[74.7488,34.0565],[74.7483,34.0562],[74.7479,34.0559],[74.7476,34.0557],[74.7472,34.0554],[74.747,34.0552],[74.7466,34.0549],[74.7462,34.0547],[74.7453,34.0541],[74.7449,34.0538],[74.7444,34.0535],[74.7442,34.0534],[74.7437,34.0531],[74.7434,34.0529],[74.7429,34.0526],[74.7423,34.0522],[74.7418,34.0519],[74.7414,34.0516],[74.7412,34.0515],[74.741,34.0514],[74.7407,34.0511],[74.7403,34.0509],[74.7398,34.0506],[74.7393,34.0503],[74.739,34.0501],[74.7387,34.0499],[74.7385,34.0499],[74.7382,34.0497],[74.7379,34.0495],[74.7376,34.0493],[74.7371,34.0489],[74.7367,34.0487],[74.7366,34.0485],[74.7361,34.0482],[74.7357,34.0479],[74.7353,34.0476],[74.7349,34.0474],[74.7345,34.0471],[74.7342,34.0468],[74.734,34.0466],[74.7338,34.0464],[74.7335,34.046],[74.7333,34.0456],[74.7332,34.0455],[74.7329,34.0454],[74.7323,34.0451],[74.7321,34.045],[74.7319,34.0448],[74.7318,34.0447],[74.7316,34.0444],[74.7314,34.0442],[74.7312,34.044],[74.7313,34.0438],[74.7316,34.0439],[74.7318,34.044],[74.7318,34.044],[74.732,34.044],[74.732,34.044]]}},{"type":"Feature","properties":{"id":"SSCL-03","name":"Batamaloo to Hazratbal via Khanyar","obs":1.0,"drv":46,"runs":594},"geometry":{"type":"LineString","coordinates":[[74.7796,34.0687],[74.7803,34.0691],[74.7803,34.0693],[74.7809,34.069],[74.782,34.0687],[74.7828,34.0689],[74.784,34.0697],[74.785,34.0703],[74.7859,34.0708],[74.7864,34.0708],[74.7867,34.0706],[74.7871,34.0707],[74.7885,34.0714],[74.7886,34.0718],[74.7881,34.0739],[74.788,34.0744],[74.7879,34.0748],[74.7881,34.0752],[74.7884,34.0754],[74.7897,34.0755],[74.7918,34.0756],[74.7923,34.0755],[74.793,34.0755],[74.7942,34.0755],[74.7949,34.0756],[74.7954,34.0753],[74.7964,34.0749],[74.7971,34.0746],[74.7996,34.0735],[74.802,34.0724],[74.8039,34.0716],[74.8059,34.0716],[74.8073,34.0717],[74.8089,34.0717],[74.8103,34.072],[74.811,34.0723],[74.8113,34.0723],[74.8157,34.0734],[74.8161,34.0735],[74.8186,34.0741],[74.8213,34.0748],[74.8206,34.0767],[74.8199,34.0786],[74.8199,34.0796],[74.8199,34.0796],[74.8199,34.0797],[74.8197,34.0807],[74.8194,34.0818],[74.8193,34.0822],[74.8194,34.0832],[74.8194,34.0837],[74.8194,34.0842],[74.8191,34.0852],[74.819,34.0855],[74.8187,34.0859],[74.8175,34.0876],[74.8163,34.0888],[74.815,34.0903],[74.816,34.0909],[74.8166,34.0914],[74.8172,34.0924],[74.8174,34.0926],[74.8178,34.0924],[74.818,34.0922],[74.8186,34.0921],[74.8189,34.0921],[74.8191,34.0919],[74.8195,34.0922],[74.8201,34.0935],[74.8208,34.0948],[74.8213,34.0959],[74.8219,34.0968],[74.8223,34.0973],[74.8229,34.0978],[74.8229,34.0983],[74.8227,34.0989],[74.8224,34.0998],[74.8222,34.1013],[74.8221,34.1019],[74.8221,34.1023],[74.8225,34.1027],[74.8232,34.1032],[74.8248,34.1038],[74.8264,34.1043],[74.8274,34.1045],[74.8285,34.1046],[74.8292,34.1045],[74.8299,34.1044],[74.8314,34.1046],[74.8316,34.1046],[74.8319,34.1047],[74.8321,34.1049],[74.8325,34.1052],[74.8337,34.1069],[74.8347,34.1083],[74.8358,34.1096],[74.8362,34.1102],[74.8368,34.1109],[74.8372,34.1114],[74.8374,34.1117],[74.8375,34.1121],[74.8374,34.1126],[74.8372,34.1128],[74.837,34.1131],[74.8367,34.1136],[74.8365,34.114],[74.8359,34.116],[74.8358,34.117],[74.8356,34.1188],[74.8354,34.1203],[74.8353,34.1208],[74.8353,34.121],[74.8356,34.1214],[74.8362,34.123],[74.8363,34.1233],[74.8365,34.1238],[74.8369,34.1244],[74.8376,34.1254],[74.8387,34.1265],[74.8388,34.1268],[74.8388,34.1276],[74.8388,34.1277],[74.8388,34.1278],[74.8386,34.1291],[74.8386,34.1292],[74.8391,34.1299],[74.8402,34.1303],[74.8409,34.1313],[74.841,34.1318],[74.8413,34.1318],[74.8418,34.1321],[74.8421,34.1322],[74.8422,34.1321]]}},{"type":"Feature","properties":{"id":"SSCL-04","name":"Batamaloo to Chadoora Chowk via Jehangir Chowk","obs":1.0,"drv":8,"runs":25},"geometry":{"type":"LineString","coordinates":[[74.7796,34.0687],[74.7803,34.0691],[74.7803,34.0693],[74.7809,34.069],[74.782,34.0687],[74.7821,34.0681],[74.7808,34.0666],[74.7796,34.0653],[74.7793,34.0651],[74.7788,34.0654],[74.7765,34.0665],[74.7749,34.0672],[74.7731,34.068],[74.7707,34.0691],[74.7701,34.0694],[74.7693,34.0698],[74.7684,34.0706],[74.7678,34.0716],[74.7676,34.0717],[74.7673,34.0718],[74.7666,34.0716],[74.7658,34.0714],[74.7626,34.0705],[74.7623,34.0705],[74.7617,34.0704],[74.7611,34.0702],[74.7602,34.0698],[74.7593,34.0695],[74.759,34.0693],[74.7587,34.069],[74.7586,34.0687],[74.7585,34.0682],[74.7584,34.0679],[74.7585,34.0676],[74.7584,34.0671],[74.7585,34.0668],[74.7587,34.0664],[74.7587,34.0661],[74.7586,34.0657],[74.7585,34.0652],[74.7584,34.0647],[74.7583,34.0644],[74.758,34.0639],[74.7579,34.0636],[74.7577,34.0633],[74.7575,34.0628],[74.7573,34.0623],[74.7572,34.0622],[74.7568,34.0619],[74.7566,34.0618],[74.7556,34.0609],[74.7551,34.0604],[74.7547,34.0601],[74.7541,34.0597],[74.7532,34.0592],[74.7523,34.0586],[74.7511,34.058],[74.7503,34.0575],[74.7497,34.0572],[74.7494,34.0569],[74.749,34.0566],[74.7485,34.0563],[74.7479,34.0559],[74.7474,34.0555],[74.747,34.0552],[74.7464,34.0548],[74.7453,34.0541],[74.7445,34.0536],[74.7442,34.0534],[74.7436,34.053],[74.7429,34.0526],[74.7421,34.052],[74.7414,34.0516],[74.7411,34.0515],[74.7407,34.0511],[74.7401,34.0508],[74.7393,34.0503],[74.7389,34.05],[74.7385,34.0499],[74.738,34.0496],[74.7376,34.0493],[74.7368,34.0488],[74.7366,34.0485],[74.736,34.0481],[74.7353,34.0476],[74.7346,34.0472],[74.7342,34.0468],[74.7339,34.0465],[74.7335,34.046],[74.7332,34.0455],[74.7329,34.0454],[74.7322,34.045],[74.7319,34.0448],[74.7317,34.0446],[74.7314,34.0442],[74.7311,34.0439],[74.7308,34.0436],[74.7303,34.0433],[74.73,34.0429],[74.7297,34.0428],[74.7275,34.0421],[74.727,34.0417],[74.7256,34.0409],[74.725,34.0405],[74.7245,34.0401],[74.7243,34.04],[74.7235,34.0397],[74.7229,34.0395],[74.7207,34.0385],[74.7202,34.0382],[74.7198,34.0379],[74.7187,34.0372],[74.7181,34.038],[74.7177,34.0384],[74.7165,34.0391],[74.7156,34.0395],[74.7143,34.0403],[74.7134,34.0412],[74.7124,34.0416],[74.7107,34.042],[74.7093,34.0419],[74.7081,34.0419],[74.7073,34.0422],[74.7071,34.0428],[74.7074,34.0458],[74.7085,34.0472],[74.7095,34.0482],[74.7112,34.0497],[74.7122,34.0513]]}},{"type":"Feature","properties":{"id":"SSCL-05","name":"LD Hospital to Pandach via Jehangir Chowk Dalgate Khanyar","obs":0.99,"drv":28,"runs":674},"geometry":{"type":"LineString","coordinates":[[74.8059,34.082],[74.8068,34.0821],[74.8068,34.0827],[74.8069,34.0835],[74.8069,34.0847],[74.8069,34.0861],[74.8069,34.0862],[74.8071,34.0865],[74.8074,34.0873],[74.8077,34.0875],[74.8079,34.0878],[74.8079,34.0881],[74.8081,34.0894],[74.8082,34.0906],[74.8082,34.0908],[74.8083,34.0913],[74.8084,34.0916],[74.8083,34.0921],[74.8082,34.0929],[74.8083,34.0933],[74.8083,34.0937],[74.8083,34.0941],[74.8084,34.0945],[74.8078,34.0949],[74.807,34.0955],[74.8069,34.0958],[74.8069,34.0966],[74.8069,34.0975],[74.8065,34.0981],[74.8059,34.099],[74.8055,34.0994],[74.8058,34.0997],[74.8067,34.1],[74.8086,34.1007],[74.8093,34.1013],[74.809,34.1023],[74.8089,34.1028],[74.8088,34.1031],[74.8088,34.1042],[74.8089,34.105],[74.809,34.1056],[74.809,34.1064],[74.8091,34.1075],[74.8093,34.1089],[74.8093,34.1091],[74.8094,34.1096],[74.8094,34.1099],[74.8094,34.111],[74.8093,34.1112],[74.8089,34.1117],[74.8084,34.1125],[74.8079,34.1131],[74.8069,34.114],[74.8067,34.1142],[74.8065,34.1145],[74.8065,34.1145],[74.8064,34.1149],[74.8063,34.1154],[74.8063,34.1162],[74.8063,34.1176],[74.8064,34.1191],[74.8066,34.1195],[74.8068,34.1203],[74.8068,34.1209],[74.8068,34.1213],[74.8068,34.1216],[74.8068,34.1219],[74.8065,34.1227],[74.8064,34.1233],[74.8064,34.1242],[74.8063,34.125],[74.8063,34.1254],[74.8063,34.1262],[74.8062,34.1272],[74.8062,34.1276],[74.8058,34.1286],[74.8054,34.1297],[74.8053,34.13],[74.8052,34.1302],[74.805,34.1307],[74.8048,34.1312],[74.8047,34.1318],[74.8045,34.1323],[74.8043,34.1331],[74.8042,34.1334],[74.804,34.1337],[74.8038,34.1341],[74.8037,34.1347],[74.8035,34.1353],[74.8033,34.1356],[74.8031,34.1359],[74.803,34.1361],[74.8033,34.1357],[74.8045,34.136],[74.8058,34.1364],[74.8067,34.1367],[74.8076,34.1369],[74.8078,34.1369],[74.8081,34.1368],[74.8087,34.1369],[74.8086,34.1385],[74.8085,34.1403],[74.8084,34.1416],[74.8083,34.1429],[74.8083,34.1432],[74.8084,34.1439],[74.8084,34.1447],[74.8085,34.1459],[74.8085,34.147],[74.8086,34.1483],[74.8086,34.1488],[74.8086,34.1503],[74.8086,34.1511],[74.8085,34.1516],[74.8086,34.1519],[74.8093,34.1518],[74.8101,34.1517],[74.8108,34.1516],[74.8121,34.1516],[74.8125,34.1515],[74.8134,34.151],[74.8154,34.1502],[74.8153,34.1521],[74.8153,34.1531],[74.8152,34.1546],[74.8152,34.1553],[74.8155,34.1563],[74.8156,34.157],[74.8169,34.1601],[74.8167,34.1611]]}},{"type":"Feature","properties":{"id":"SSCL-06","name":"Pantha Chowk to Narbal Crossing via Sonwar Jehangir Chowk Qamarwari","obs":0.94,"drv":12,"runs":38},"geometry":{"type":"LineString","coordinates":[[74.8335,34.0447],[74.8332,34.0451],[74.8329,34.045],[74.8328,34.045],[74.8326,34.045],[74.8323,34.0452],[74.8325,34.0455],[74.8337,34.0463],[74.8338,34.0464],[74.8338,34.0473],[74.8339,34.0476],[74.8341,34.048],[74.8336,34.0495],[74.8331,34.0505],[74.8327,34.0514],[74.8325,34.0516],[74.8322,34.0518],[74.8311,34.0525],[74.8295,34.0536],[74.8266,34.0555],[74.8255,34.0562],[74.8228,34.0579],[74.8208,34.0582],[74.8209,34.0593],[74.8199,34.0593],[74.819,34.0594],[74.8179,34.0594],[74.8145,34.0585],[74.8116,34.0577],[74.8084,34.0562],[74.8069,34.0555],[74.8043,34.0547],[74.802,34.0542],[74.8017,34.0543],[74.7991,34.0544],[74.7958,34.0547],[74.793,34.0554],[74.7897,34.0565],[74.7882,34.057],[74.7873,34.0574],[74.7869,34.0577],[74.7864,34.0578],[74.7859,34.0583],[74.7858,34.0587],[74.7856,34.0602],[74.7853,34.0611],[74.7848,34.0619],[74.7848,34.0621],[74.7845,34.0625],[74.7838,34.0632],[74.783,34.0637],[74.782,34.0642],[74.7811,34.0645],[74.7803,34.0648],[74.7794,34.0651],[74.779,34.0653],[74.7774,34.066],[74.7752,34.067],[74.7737,34.0678],[74.7715,34.0688],[74.7703,34.0693],[74.7699,34.0695],[74.7693,34.0699],[74.7688,34.0703],[74.7684,34.0707],[74.7681,34.0713],[74.7677,34.0722],[74.7673,34.0732],[74.767,34.074],[74.7662,34.076],[74.7642,34.0815],[74.7631,34.0848],[74.7622,34.0874],[74.7616,34.089],[74.7611,34.0903],[74.7604,34.0921],[74.7598,34.0937],[74.7593,34.0949],[74.7581,34.098],[74.7577,34.0991],[74.7574,34.0995],[74.7571,34.0998],[74.7569,34.1001],[74.7569,34.1006],[74.7568,34.1012],[74.7566,34.1019],[74.7561,34.1033],[74.7558,34.104],[74.7551,34.1059],[74.7546,34.1062],[74.7542,34.1063],[74.7532,34.1066],[74.7517,34.1071],[74.7505,34.1075],[74.7499,34.1077],[74.748,34.1082],[74.7454,34.1091],[74.7438,34.1093],[74.7422,34.1095],[74.7403,34.1098],[74.7388,34.1099],[74.7361,34.1103],[74.7348,34.1104],[74.7322,34.1107],[74.7285,34.1112],[74.7263,34.1114],[74.7248,34.1116],[74.7235,34.1117],[74.7226,34.1119],[74.7218,34.112],[74.7209,34.1121],[74.7195,34.1122],[74.7177,34.1124],[74.7164,34.1126],[74.7142,34.1129],[74.7131,34.113],[74.7106,34.1137],[74.7079,34.1143],[74.706,34.1148],[74.7026,34.1157],[74.7007,34.1162],[74.6987,34.1167],[74.696,34.1174],[74.6951,34.1176],[74.6913,34.1186],[74.6896,34.119],[74.6893,34.1188],[74.6891,34.1187],[74.6884,34.1187],[74.688,34.1186],[74.6878,34.1185],[74.6871,34.1177],[74.6867,34.1171],[74.6865,34.117],[74.6861,34.1161],[74.6859,34.1156],[74.6857,34.1152],[74.6855,34.1148],[74.6848,34.1132],[74.6846,34.1132],[74.6839,34.1129],[74.6832,34.1125],[74.6832,34.1122],[74.6838,34.1114],[74.6844,34.111],[74.6839,34.1111]]}},{"type":"Feature","properties":{"id":"SSCL-07","name":"Batamaloo to Drussu Pulwama via Marwal","obs":0.94,"drv":9,"runs":17},"geometry":{"type":"LineString","coordinates":[[74.7796,34.0687],[74.7803,34.0692],[74.7812,34.0692],[74.7821,34.0681],[74.7804,34.0661],[74.7816,34.0644],[74.7831,34.0638],[74.7846,34.0626],[74.7853,34.0617],[74.7857,34.0609],[74.7861,34.0595],[74.7865,34.0581],[74.7872,34.0547],[74.7885,34.0473],[74.7892,34.0436],[74.7899,34.04],[74.7906,34.0365],[74.7912,34.0343],[74.792,34.0328],[74.7928,34.0319],[74.7942,34.0309],[74.7961,34.03],[74.7983,34.0291],[74.8006,34.0282],[74.8021,34.0277],[74.8047,34.0267],[74.808,34.0255],[74.8098,34.0247],[74.8111,34.0243],[74.8129,34.0241],[74.8143,34.0242],[74.8188,34.0254],[74.8217,34.0262],[74.8242,34.0269],[74.8242,34.0274],[74.8247,34.0269],[74.8251,34.0264],[74.826,34.0254],[74.8272,34.0242],[74.8281,34.023],[74.8288,34.0221],[74.8291,34.0206],[74.8289,34.0198],[74.829,34.0187],[74.8295,34.017],[74.8312,34.0143],[74.8324,34.0129],[74.8332,34.0112],[74.8338,34.0099],[74.8344,34.0095],[74.835,34.0083],[74.8353,34.0066],[74.8352,34.0057],[74.8358,34.0033],[74.8368,34.0018],[74.8381,33.9989],[74.8391,33.9966],[74.8402,33.9953],[74.8407,33.994],[74.8406,33.9933],[74.841,33.9917],[74.8413,33.9901],[74.8425,33.987],[74.8441,33.9856],[74.8457,33.985],[74.8482,33.9846],[74.8511,33.9839],[74.8531,33.9833],[74.8575,33.9835],[74.86,33.9838],[74.862,33.9813],[74.8636,33.9796],[74.8653,33.9759],[74.8674,33.9724],[74.8693,33.9698],[74.8698,33.9671],[74.8697,33.9644],[74.8709,33.9628],[74.8714,33.9612],[74.8709,33.96],[74.8716,33.9574],[74.8717,33.9552],[74.8711,33.9529],[74.8723,33.951],[74.874,33.9492],[74.8751,33.9479],[74.8766,33.9469],[74.8783,33.9455],[74.8792,33.9444],[74.8806,33.9431],[74.8813,33.9424],[74.8828,33.9402],[74.8846,33.9371],[74.8856,33.9341],[74.8851,33.9321],[74.8853,33.9298],[74.8853,33.9279],[74.8853,33.9256],[74.8856,33.9235],[74.885,33.9206],[74.885,33.9183],[74.884,33.9169],[74.8828,33.9154],[74.8832,33.915],[74.8842,33.9144],[74.8859,33.9128],[74.8876,33.9103],[74.8894,33.9086],[74.8909,33.9088],[74.8925,33.9085],[74.8919,33.9073],[74.8893,33.9041],[74.89,33.9035],[74.89,33.9022],[74.8905,33.9004],[74.8907,33.8992],[74.8917,33.897],[74.8933,33.8948],[74.8953,33.8929],[74.8964,33.8909],[74.8976,33.8886],[74.8985,33.8851],[74.899,33.8822],[74.8993,33.8791],[74.8998,33.8777],[74.8997,33.8762],[74.9003,33.8767],[74.9025,33.8789],[74.9037,33.8799],[74.9049,33.8806],[74.9064,33.8817],[74.9085,33.8838],[74.9122,33.886],[74.9135,33.8874],[74.9163,33.8885],[74.9193,33.8902],[74.9225,33.8915],[74.9247,33.8919],[74.9257,33.8917],[74.9249,33.8901],[74.9248,33.8862],[74.9261,33.8835]]}},{"type":"Feature","properties":{"id":"SSCL-08","name":"Batamaloo to Budgam Railway Station via Khumeni Chowk","obs":0.74,"drv":4,"runs":15},"geometry":{"type":"LineString","coordinates":[[74.7796,34.0687],[74.7802,34.0692],[74.7807,34.0695],[74.782,34.0687],[74.7816,34.0675],[74.7804,34.0661],[74.7793,34.0651],[74.7778,34.0659],[74.7752,34.067],[74.7731,34.068],[74.7705,34.0692],[74.7696,34.0696],[74.7684,34.0706],[74.7677,34.0716],[74.7675,34.0717],[74.7666,34.0716],[74.763,34.0706],[74.7625,34.0705],[74.7617,34.0704],[74.7609,34.0701],[74.7595,34.0696],[74.759,34.0693],[74.7587,34.0689],[74.7585,34.0684],[74.7584,34.0679],[74.7585,34.0675],[74.7584,34.0669],[74.7587,34.0664],[74.7586,34.066],[74.7585,34.0653],[74.7584,34.0647],[74.7582,34.0642],[74.758,34.0638],[74.7577,34.0633],[74.7574,34.0626],[74.7573,34.0622],[74.7568,34.0619],[74.7565,34.0617],[74.7554,34.0607],[74.7547,34.0601],[74.7534,34.0593],[74.7523,34.0587],[74.7511,34.058],[74.75,34.0574],[74.7495,34.057],[74.749,34.0566],[74.7483,34.0562],[74.7476,34.0557],[74.747,34.0552],[74.7462,34.0547],[74.7449,34.0538],[74.7442,34.0534],[74.7434,34.0529],[74.7423,34.0522],[74.7414,34.0516],[74.741,34.0514],[74.7403,34.0509],[74.7393,34.0503],[74.7387,34.0499],[74.7382,34.0497],[74.7376,34.0493],[74.7367,34.0487],[74.7361,34.0482],[74.7353,34.0476],[74.7345,34.0471],[74.734,34.0466],[74.7335,34.046],[74.7332,34.0455],[74.7323,34.0451],[74.7319,34.0448],[74.7316,34.0444],[74.7312,34.044],[74.7308,34.0436],[74.7302,34.0432],[74.7298,34.0428],[74.7275,34.0421],[74.7265,34.0414],[74.7252,34.0406],[74.7245,34.0401],[74.7242,34.04],[74.7232,34.0396],[74.7207,34.0385],[74.7201,34.0381],[74.719,34.0374],[74.7193,34.0365],[74.72,34.0356],[74.721,34.0342],[74.722,34.0331],[74.7224,34.0328],[74.7227,34.0325],[74.7231,34.0318],[74.7233,34.0312],[74.7232,34.0309],[74.7224,34.0285],[74.7221,34.0274],[74.7222,34.0267],[74.7223,34.0259],[74.7225,34.0253],[74.7224,34.0249],[74.7222,34.0243],[74.7216,34.0238],[74.7213,34.0234],[74.721,34.0224],[74.7208,34.0217],[74.7207,34.0213],[74.72,34.0197],[74.7198,34.0189],[74.72,34.0176],[74.7207,34.0163],[74.7208,34.0156],[74.7203,34.0149],[74.7189,34.0144],[74.7181,34.0136],[74.7168,34.0127],[74.7167,34.0116],[74.7163,34.0102],[74.7148,34.0095],[74.7147,34.0088],[74.7155,34.0084],[74.715,34.0071],[74.715,34.0061],[74.7143,34.0057],[74.7145,34.0072],[74.7139,34.005],[74.7138,34.005],[74.7136,34.0063],[74.7131,34.004],[74.7144,34.0023],[74.7133,34.0011],[74.7128,33.9999],[74.712,33.998],[74.7121,33.9967],[74.7133,33.9961],[74.7162,33.9944],[74.716,33.9932],[74.7151,33.9918],[74.7148,33.9911],[74.7147,33.9909],[74.7152,33.9911],[74.7139,33.9905],[74.7136,33.9905],[74.7125,33.9906]]}},{"type":"Feature","properties":{"id":"SSCL-09","name":"Parimpora to Naseem Bagh via Noorbagh Gojwara Mill Stop","obs":0.99,"drv":32,"runs":340},"geometry":{"type":"LineString","coordinates":[[74.7475,34.1112],[74.7477,34.1107],[74.7477,34.1104],[74.7474,34.1099],[74.7472,34.1094],[74.7468,34.1087],[74.7485,34.1082],[74.7532,34.1067],[74.7548,34.1063],[74.7551,34.1061],[74.7569,34.1056],[74.76,34.1045],[74.7611,34.1041],[74.7619,34.1038],[74.7628,34.1035],[74.7638,34.1031],[74.7644,34.1028],[74.765,34.1024],[74.7662,34.1016],[74.7674,34.1008],[74.7691,34.0997],[74.7707,34.0986],[74.7722,34.0975],[74.7739,34.0962],[74.7748,34.095],[74.7762,34.093],[74.7771,34.0917],[74.7781,34.0913],[74.7786,34.0916],[74.7814,34.0939],[74.7828,34.0954],[74.7837,34.0963],[74.7843,34.0963],[74.7863,34.096],[74.788,34.0958],[74.7902,34.0955],[74.7919,34.0956],[74.793,34.0967],[74.7934,34.0971],[74.7936,34.0979],[74.7939,34.0994],[74.7942,34.1007],[74.7945,34.1018],[74.7948,34.1031],[74.7948,34.1036],[74.7947,34.1046],[74.7952,34.1048],[74.796,34.105],[74.7978,34.1051],[74.7982,34.1052],[74.7989,34.1052],[74.7993,34.1052],[74.7998,34.1053],[74.8006,34.1058],[74.801,34.1061],[74.8019,34.1065],[74.8029,34.1067],[74.8037,34.1072],[74.8048,34.1078],[74.8054,34.1079],[74.8063,34.1079],[74.8068,34.1082],[74.8075,34.1086],[74.8082,34.1089],[74.809,34.1092],[74.8093,34.1094],[74.8094,34.1099],[74.8094,34.1111],[74.8092,34.1114],[74.8084,34.1125],[74.8079,34.1131],[74.8068,34.1141],[74.8065,34.1145],[74.8065,34.1146],[74.8063,34.1152],[74.8063,34.1162],[74.8064,34.1181],[74.8066,34.1195],[74.8068,34.1203],[74.8087,34.1206],[74.81,34.1205],[74.8101,34.1201],[74.8103,34.1199],[74.8111,34.1198],[74.8122,34.1198],[74.8133,34.12],[74.8138,34.1202],[74.8144,34.1208],[74.8149,34.1212],[74.8156,34.1215],[74.8157,34.1221],[74.816,34.1227],[74.8163,34.1229],[74.8166,34.1231],[74.8169,34.1238],[74.8172,34.1248],[74.8174,34.1255],[74.8178,34.1269],[74.8182,34.1278],[74.8186,34.1285],[74.8189,34.1288],[74.8194,34.1292],[74.8202,34.13],[74.8207,34.1304],[74.8213,34.131],[74.8217,34.1317],[74.822,34.132],[74.8225,34.1324],[74.8231,34.1328],[74.824,34.1334],[74.8246,34.1338],[74.826,34.1346],[74.8273,34.1355],[74.8278,34.1357],[74.8284,34.1358],[74.8286,34.1357],[74.8292,34.1349],[74.8296,34.1342],[74.83,34.1335],[74.8303,34.1325],[74.8304,34.1318],[74.8308,34.1312],[74.8313,34.1303],[74.8316,34.1295],[74.8318,34.1288],[74.8319,34.128],[74.8321,34.1275],[74.8323,34.1274],[74.8327,34.1274],[74.8361,34.1276],[74.8385,34.1278],[74.8388,34.1278],[74.8386,34.1292],[74.839,34.1298],[74.8402,34.1303],[74.841,34.1315],[74.8397,34.1317],[74.8386,34.1334]]}},{"type":"Feature","properties":{"id":"SSCL-10","name":"Pantha Chowk to Agri Kalan Kanihama via Bypass","obs":0.92,"drv":12,"runs":39},"geometry":{"type":"LineString","coordinates":[[74.8335,34.0447],[74.8332,34.0451],[74.8329,34.045],[74.8328,34.045],[74.8326,34.045],[74.8323,34.0452],[74.8325,34.0455],[74.8337,34.0463],[74.8338,34.0464],[74.8338,34.0473],[74.8339,34.0476],[74.8341,34.048],[74.8336,34.0495],[74.8331,34.0505],[74.8327,34.0514],[74.8325,34.0516],[74.8322,34.0518],[74.8311,34.0525],[74.8295,34.0536],[74.8266,34.0555],[74.8255,34.0562],[74.8228,34.0579],[74.8208,34.0582],[74.8209,34.0593],[74.8199,34.0593],[74.819,34.0594],[74.8179,34.0594],[74.8145,34.0585],[74.8116,34.0577],[74.8084,34.0562],[74.8069,34.0555],[74.8043,34.0547],[74.802,34.0542],[74.8017,34.0543],[74.7991,34.0544],[74.7958,34.0547],[74.793,34.0554],[74.7897,34.0565],[74.7882,34.057],[74.7873,34.0574],[74.7869,34.0577],[74.7864,34.0578],[74.7859,34.0583],[74.7858,34.0587],[74.7856,34.0602],[74.7853,34.0611],[74.7848,34.0619],[74.7848,34.0621],[74.7845,34.0625],[74.7838,34.0632],[74.783,34.0637],[74.782,34.0642],[74.7811,34.0645],[74.7803,34.0648],[74.7794,34.0651],[74.779,34.0653],[74.7774,34.066],[74.7752,34.067],[74.7737,34.0678],[74.7715,34.0688],[74.7703,34.0693],[74.7699,34.0695],[74.7693,34.0699],[74.7688,34.0703],[74.7684,34.0707],[74.7681,34.0713],[74.7677,34.0722],[74.7673,34.0732],[74.767,34.074],[74.7662,34.076],[74.7642,34.0815],[74.7631,34.0848],[74.7622,34.0874],[74.7616,34.089],[74.7611,34.0903],[74.7604,34.0921],[74.7598,34.0937],[74.7593,34.0949],[74.7581,34.098],[74.7577,34.0991],[74.7574,34.0995],[74.7571,34.0998],[74.7569,34.1001],[74.7569,34.1006],[74.7568,34.1012],[74.7566,34.1019],[74.7561,34.1033],[74.7558,34.104],[74.7551,34.1059],[74.7546,34.1062],[74.7542,34.1063],[74.7532,34.1066],[74.7517,34.1071],[74.7505,34.1075],[74.7499,34.1077],[74.748,34.1082],[74.7454,34.1091],[74.7438,34.1093],[74.7422,34.1095],[74.7403,34.1098],[74.7388,34.1099],[74.7361,34.1103],[74.7348,34.1104],[74.7322,34.1107],[74.7285,34.1112],[74.7263,34.1114],[74.7248,34.1116],[74.7235,34.1117],[74.7226,34.1119],[74.7218,34.112],[74.7209,34.1121],[74.7195,34.1122],[74.7177,34.1124],[74.7164,34.1126],[74.7142,34.1129],[74.7131,34.113],[74.7106,34.1137],[74.7079,34.1143],[74.706,34.1148],[74.7026,34.1157],[74.7007,34.1162],[74.6987,34.1167],[74.696,34.1174],[74.6951,34.1176],[74.6913,34.1186],[74.6896,34.119],[74.6879,34.1195],[74.6868,34.1197],[74.6857,34.1199],[74.685,34.12],[74.6835,34.1203],[74.6821,34.1205],[74.6807,34.1208],[74.679,34.1211],[74.6787,34.1212],[74.6785,34.121],[74.6767,34.1197],[74.6754,34.1187],[74.6732,34.1171],[74.6725,34.1169],[74.6715,34.1168],[74.6669,34.1158],[74.6634,34.115],[74.6605,34.1141],[74.6583,34.1134],[74.6573,34.1119],[74.6563,34.1105],[74.6558,34.1099],[74.6553,34.1091],[74.6538,34.1078],[74.6528,34.1073],[74.6519,34.1065],[74.6522,34.1063],[74.6525,34.1059],[74.6523,34.1056],[74.652,34.1051],[74.6512,34.1043],[74.6497,34.1026],[74.6482,34.1017],[74.6472,34.1009],[74.6466,34.1]]}},{"type":"Feature","properties":{"id":"SSCL-11","name":"Old City Loop Downtown Srinagar","obs":1.0,"drv":21,"runs":391},"geometry":{"type":"LineString","coordinates":[[74.8128,34.0942],[74.8128,34.0942],[74.8129,34.0942],[74.8129,34.0942],[74.8129,34.0941],[74.813,34.0941],[74.813,34.0942],[74.8133,34.0943],[74.8134,34.0943],[74.8135,34.0944],[74.8135,34.0945],[74.8136,34.0947],[74.8138,34.095],[74.8137,34.0951],[74.8137,34.0951],[74.8136,34.0952],[74.8135,34.0954],[74.8135,34.0955],[74.8134,34.0956],[74.8133,34.0957],[74.8129,34.0966],[74.8126,34.097],[74.8125,34.0971],[74.8124,34.0972],[74.8122,34.0973],[74.8121,34.0975],[74.812,34.0976],[74.8118,34.0978],[74.8116,34.0982],[74.8115,34.0983],[74.8114,34.0983],[74.8112,34.0982],[74.8111,34.0982],[74.8111,34.0982],[74.8111,34.0982],[74.811,34.0983],[74.811,34.0983],[74.8109,34.0984],[74.8109,34.0985],[74.8108,34.0986],[74.8107,34.0987],[74.8107,34.0988],[74.8107,34.0989],[74.8106,34.099],[74.8106,34.0991],[74.8105,34.0992],[74.8101,34.0996],[74.8101,34.0997],[74.8099,34.0999],[74.8099,34.0999],[74.8098,34.1],[74.8097,34.1002],[74.8096,34.1006],[74.8094,34.101],[74.8093,34.1013],[74.8092,34.1015],[74.809,34.102],[74.809,34.1023],[74.8089,34.1025],[74.8089,34.1027],[74.8089,34.1027]]}},{"type":"Feature","properties":{"id":"SSCL-12","name":"Rangreth to District Court Srinagar via Barzulla Jehangir Chowk","obs":0.86,"drv":23,"runs":191},"geometry":{"type":"LineString","coordinates":[[74.7904,34.0247],[74.7896,34.0247],[74.7895,34.0247],[74.7884,34.0246],[74.7883,34.025],[74.7881,34.0256],[74.7881,34.0258],[74.7885,34.0263],[74.7889,34.0268],[74.789,34.027],[74.7892,34.0272],[74.7896,34.0274],[74.7899,34.0276],[74.7905,34.028],[74.7906,34.0281],[74.7907,34.0284],[74.7908,34.0289],[74.7908,34.029],[74.7911,34.0292],[74.7912,34.0294],[74.7914,34.0298],[74.7914,34.0298],[74.7916,34.0302],[74.7917,34.0304],[74.7918,34.0305],[74.7919,34.0307],[74.7918,34.031],[74.7915,34.0317],[74.7914,34.0318],[74.7918,34.0322],[74.7919,34.0324],[74.7913,34.0333],[74.7909,34.0343],[74.7905,34.036],[74.7902,34.0373],[74.7905,34.0377],[74.7911,34.0375],[74.7924,34.037],[74.7933,34.0372],[74.7942,34.0375],[74.7947,34.0379],[74.7952,34.0382],[74.7967,34.0388],[74.7986,34.0398],[74.7994,34.0407],[74.7999,34.0418],[74.8004,34.0427],[74.801,34.0435],[74.8021,34.0446],[74.8022,34.0448],[74.8022,34.0452],[74.8021,34.0459],[74.8022,34.0466],[74.8023,34.0478],[74.8024,34.0483],[74.8023,34.0491],[74.8024,34.0496],[74.803,34.0503],[74.8037,34.0509],[74.8046,34.0517],[74.8047,34.0522],[74.8046,34.0532],[74.8046,34.0538],[74.8043,34.0547],[74.8042,34.0553],[74.8035,34.0568],[74.8027,34.0586],[74.8025,34.0595],[74.8024,34.0611],[74.8024,34.0614],[74.8025,34.0624],[74.8029,34.0637],[74.803,34.0642],[74.8033,34.065],[74.8035,34.066],[74.8036,34.0666],[74.8036,34.0671],[74.8035,34.0683],[74.8034,34.0692],[74.8033,34.0698],[74.8034,34.0706],[74.8038,34.0715],[74.8041,34.0716],[74.8047,34.0716],[74.8045,34.0738],[74.8045,34.0741],[74.8042,34.0747],[74.804,34.0752],[74.8038,34.0754],[74.8037,34.0757],[74.8032,34.0761],[74.8028,34.0763],[74.8011,34.0781],[74.8006,34.0786],[74.7999,34.0794],[74.7998,34.0795],[74.7997,34.0796],[74.7998,34.0797],[74.7999,34.0797],[74.8002,34.0801],[74.8009,34.0812],[74.8011,34.0818],[74.8012,34.0825],[74.8011,34.0829],[74.8008,34.0834],[74.8007,34.0834],[74.8006,34.0835],[74.8007,34.0836],[74.801,34.0847],[74.8012,34.0852],[74.8013,34.0853],[74.8013,34.0865],[74.8013,34.0877],[74.8013,34.0885],[74.8012,34.0893],[74.8009,34.0899],[74.8009,34.0905],[74.8005,34.0912],[74.8001,34.0927],[74.7998,34.093],[74.7997,34.0933],[74.7991,34.0946],[74.7986,34.0955],[74.7984,34.0959],[74.7984,34.0963],[74.7981,34.0968],[74.7975,34.0977],[74.7977,34.0982],[74.7977,34.0986],[74.798,34.099],[74.7982,34.0993],[74.7982,34.0996],[74.7983,34.1003],[74.7978,34.1006],[74.7976,34.1005]]}},{"type":"Feature","properties":{"id":"SSCL-13","name":"Batamaloo to Beehama Ganderbal via Hazratbal Zakura","obs":0.92,"drv":25,"runs":551},"geometry":{"type":"LineString","coordinates":[[74.7796,34.0687],[74.7805,34.0694],[74.7824,34.0685],[74.785,34.0703],[74.7865,34.0707],[74.7885,34.0713],[74.7881,34.0739],[74.7879,34.075],[74.7892,34.0754],[74.7923,34.0755],[74.7947,34.0755],[74.796,34.075],[74.799,34.0779],[74.7998,34.0795],[74.7998,34.0797],[74.8007,34.0808],[74.8012,34.0825],[74.8007,34.0834],[74.8007,34.0836],[74.8012,34.0852],[74.8013,34.0866],[74.8013,34.089],[74.8009,34.0905],[74.7999,34.0929],[74.7993,34.0942],[74.7984,34.0959],[74.8014,34.0982],[74.8032,34.0992],[74.8045,34.0997],[74.8057,34.0996],[74.8086,34.1007],[74.8089,34.1025],[74.8088,34.104],[74.809,34.1056],[74.8091,34.1079],[74.8093,34.1094],[74.8094,34.111],[74.8086,34.1121],[74.8076,34.1134],[74.8065,34.1145],[74.8064,34.115],[74.8063,34.117],[74.8066,34.1195],[74.8068,34.1211],[74.8068,34.1218],[74.8064,34.1233],[74.8063,34.1251],[74.8063,34.1268],[74.8058,34.1286],[74.8053,34.13],[74.8049,34.131],[74.8045,34.1323],[74.8041,34.1335],[74.8038,34.1345],[74.8033,34.1356],[74.8031,34.1361],[74.8054,34.1363],[74.8076,34.1369],[74.8083,34.1368],[74.8085,34.1397],[74.8083,34.1429],[74.8084,34.144],[74.8085,34.1466],[74.8086,34.1488],[74.8085,34.1512],[74.8083,34.1534],[74.8083,34.1571],[74.8082,34.1598],[74.8084,34.1631],[74.8084,34.1665],[74.8084,34.1683],[74.8084,34.1704],[74.8082,34.1731],[74.8078,34.1778],[74.8077,34.1805],[74.8077,34.1862],[74.8077,34.1906],[74.8074,34.1925],[74.8068,34.1961],[74.8068,34.1971],[74.8057,34.1986],[74.8048,34.2005],[74.8026,34.2009],[74.8015,34.2019],[74.8004,34.203],[74.7997,34.2041],[74.7968,34.206],[74.7952,34.2075],[74.7936,34.2081],[74.7912,34.2087],[74.7892,34.209],[74.7874,34.2103],[74.7861,34.2117],[74.7844,34.213],[74.7821,34.2144],[74.7809,34.2164],[74.7801,34.2176],[74.7799,34.2187],[74.7794,34.2211],[74.7777,34.2229],[74.7769,34.224],[74.7752,34.2259],[74.7756,34.2274],[74.7771,34.2282],[74.7779,34.2304],[74.7792,34.2314],[74.7806,34.2337],[74.7826,34.2365],[74.7842,34.2404],[74.7848,34.2423],[74.7867,34.2426],[74.7887,34.2423],[74.7899,34.2421],[74.7914,34.2414],[74.7936,34.2408],[74.7946,34.2409],[74.7956,34.241],[74.797,34.2413],[74.7981,34.2405],[74.7985,34.2399],[74.7998,34.2411],[74.8012,34.2391],[74.802,34.2387]]}},{"type":"Feature","properties":{"id":"SSCL-14","name":"TRC to Central University Ganderbal via Karan Nagar Zoonimar 90ft Road","obs":0.91,"drv":25,"runs":559},"geometry":{"type":"LineString","coordinates":[[74.8088,34.0835],[74.8097,34.0836],[74.8108,34.0841],[74.8114,34.0856],[74.8116,34.0867],[74.8119,34.088],[74.8129,34.0892],[74.8131,34.0906],[74.8136,34.0914],[74.8132,34.0924],[74.8128,34.0928],[74.8129,34.0929],[74.8137,34.093],[74.8147,34.0934],[74.8144,34.0946],[74.8135,34.0955],[74.8122,34.0973],[74.8112,34.0982],[74.8109,34.0985],[74.8105,34.0992],[74.8096,34.1006],[74.8089,34.1027],[74.8088,34.1042],[74.809,34.1058],[74.8092,34.1082],[74.8094,34.1096],[74.8094,34.1111],[74.8086,34.1122],[74.8069,34.114],[74.8065,34.1145],[74.8063,34.1152],[74.8063,34.1176],[74.8067,34.1198],[74.8069,34.1212],[74.8068,34.1219],[74.8064,34.1234],[74.8063,34.1252],[74.8062,34.1272],[74.8056,34.129],[74.8052,34.13],[74.8048,34.1312],[74.8045,34.1325],[74.8041,34.1336],[74.8037,34.1347],[74.8032,34.1356],[74.8032,34.136],[74.8058,34.1364],[74.8076,34.1369],[74.8087,34.1367],[74.8085,34.1403],[74.8083,34.1429],[74.8084,34.1445],[74.8085,34.147],[74.8086,34.1493],[74.8085,34.1513],[74.8083,34.1537],[74.8083,34.1576],[74.8083,34.16],[74.8084,34.1632],[74.8084,34.1668],[74.8084,34.1689],[74.8084,34.171],[74.8082,34.1734],[74.8078,34.1782],[74.8076,34.1829],[74.8077,34.1863],[74.8077,34.1907],[74.8074,34.1929],[74.8068,34.1961],[74.8068,34.1972],[74.8056,34.1989],[74.8047,34.2005],[74.8026,34.201],[74.8014,34.2021],[74.8003,34.2031],[74.7996,34.2042],[74.7966,34.2061],[74.7949,34.2076],[74.7933,34.2084],[74.791,34.2087],[74.7888,34.2091],[74.7873,34.2104],[74.786,34.2119],[74.7841,34.2132],[74.7818,34.2148],[74.7807,34.2166],[74.78,34.2177],[74.7799,34.2189],[74.7793,34.2214],[74.7776,34.223],[74.7769,34.2241],[74.775,34.2263],[74.7758,34.2274],[74.7771,34.2283],[74.7781,34.2306],[74.7793,34.2315],[74.7811,34.2347],[74.7828,34.2369],[74.7842,34.2406],[74.7851,34.2431],[74.7864,34.246],[74.7874,34.2481],[74.789,34.2505],[74.7893,34.2529],[74.7899,34.2545],[74.7902,34.2564],[74.7908,34.2579],[74.7925,34.2602],[74.7937,34.2626],[74.7965,34.2658],[74.7987,34.2671],[74.8019,34.2685],[74.8043,34.2708],[74.8063,34.2728],[74.8088,34.2742],[74.8108,34.2754],[74.8131,34.2756],[74.8143,34.2744],[74.817,34.276],[74.8185,34.2767],[74.8194,34.2751],[74.8208,34.2737],[74.8221,34.2725],[74.8233,34.2719],[74.8242,34.2724],[74.8244,34.2726]]}},{"type":"Feature","properties":{"id":"SSCL-15","name":"TRC to Pulwama via Nowgam Kaanipora","obs":0.99,"drv":3,"runs":52},"geometry":{"type":"LineString","coordinates":[[74.8088,34.0835],[74.808,34.0825],[74.8075,34.0822],[74.807,34.0814],[74.8071,34.0804],[74.8075,34.0801],[74.8084,34.0784],[74.8082,34.0768],[74.8083,34.0763],[74.809,34.0749],[74.8096,34.0739],[74.8093,34.072],[74.811,34.0723],[74.811,34.0722],[74.8093,34.0717],[74.8059,34.0715],[74.8039,34.071],[74.8037,34.0691],[74.8037,34.0679],[74.8037,34.0659],[74.8033,34.0642],[74.8028,34.0628],[74.8026,34.0606],[74.8033,34.0576],[74.8044,34.0548],[74.8047,34.0533],[74.8052,34.0517],[74.8062,34.0503],[74.8087,34.0472],[74.8108,34.0475],[74.8116,34.0468],[74.8131,34.0463],[74.8147,34.046],[74.8164,34.045],[74.8182,34.0427],[74.8187,34.0409],[74.8188,34.0383],[74.8186,34.0369],[74.8189,34.0354],[74.82,34.0335],[74.8212,34.0316],[74.8234,34.0286],[74.8247,34.0269],[74.8251,34.0264],[74.8264,34.0251],[74.8277,34.0236],[74.8285,34.0225],[74.8291,34.0208],[74.8289,34.0198],[74.8291,34.0184],[74.8299,34.016],[74.8319,34.0135],[74.8329,34.0117],[74.8338,34.0099],[74.8345,34.0093],[74.8351,34.0079],[74.8352,34.0061],[74.8356,34.0037],[74.8368,34.0018],[74.8382,33.9984],[74.8396,33.9958],[74.8405,33.9946],[74.8406,33.9934],[74.841,33.9917],[74.8416,33.9895],[74.8431,33.9862],[74.8447,33.9853],[74.8476,33.9847],[74.8511,33.9839],[74.8539,33.9833],[74.859,33.9838],[74.8615,33.9821],[74.8631,33.9803],[74.8653,33.9759],[74.8675,33.9724],[74.8694,33.9696],[74.8698,33.9652],[74.8704,33.9632],[74.8714,33.9612],[74.8712,33.9593],[74.8716,33.9566],[74.8711,33.9531],[74.8717,33.9516],[74.874,33.9492],[74.8753,33.9478],[74.8775,33.9462],[74.8785,33.945],[74.88,33.9436],[74.8813,33.9424],[74.8831,33.9395],[74.8851,33.9352],[74.8852,33.933],[74.8853,33.9301],[74.8853,33.9279],[74.8853,33.925],[74.8853,33.9222],[74.8851,33.9186],[74.8841,33.917],[74.8828,33.9154],[74.8833,33.9149],[74.8847,33.9139],[74.8872,33.9113],[74.8891,33.9086],[74.8909,33.9088],[74.8926,33.9084],[74.8907,33.9058],[74.8895,33.9038],[74.89,33.9025],[74.8905,33.9004],[74.8909,33.8989],[74.8922,33.8962],[74.8946,33.8935],[74.8961,33.8916],[74.8976,33.8886],[74.8985,33.885],[74.8994,33.8813],[74.8996,33.8784],[74.8997,33.8764],[74.8998,33.8748],[74.8997,33.8732],[74.8997,33.8723],[74.8984,33.8714]]}},{"type":"Feature","properties":{"id":"SSCL-16","name":"Batamaloo Circular via Khonmoh","obs":0.98,"drv":19,"runs":126},"geometry":{"type":"LineString","coordinates":[[74.7796,34.0687],[74.7802,34.069],[74.7802,34.0692],[74.7803,34.0693],[74.7807,34.0695],[74.7812,34.0692],[74.782,34.0687],[74.7824,34.0684],[74.7816,34.0675],[74.7808,34.0666],[74.7804,34.0661],[74.7795,34.0652],[74.7813,34.0646],[74.782,34.0643],[74.7825,34.0641],[74.7831,34.0638],[74.7837,34.0634],[74.7843,34.0629],[74.7846,34.0625],[74.7849,34.0622],[74.7853,34.0617],[74.7855,34.0614],[74.7857,34.0611],[74.7858,34.0608],[74.7859,34.0603],[74.7861,34.0595],[74.7864,34.0587],[74.7865,34.0583],[74.7866,34.0579],[74.7869,34.0562],[74.7872,34.0547],[74.7875,34.0523],[74.7884,34.0479],[74.7887,34.046],[74.789,34.0446],[74.7892,34.0436],[74.7895,34.0422],[74.7898,34.0407],[74.79,34.0394],[74.7904,34.0375],[74.7906,34.0365],[74.7909,34.0354],[74.7911,34.0346],[74.7912,34.0342],[74.7914,34.0337],[74.792,34.0328],[74.7923,34.0324],[74.7926,34.032],[74.7932,34.0315],[74.7938,34.0311],[74.7942,34.0309],[74.7946,34.0307],[74.7954,34.0303],[74.7968,34.0297],[74.7977,34.0293],[74.7983,34.0291],[74.7993,34.0287],[74.8,34.0284],[74.8009,34.0281],[74.8015,34.0279],[74.8021,34.0277],[74.8031,34.0272],[74.8044,34.0267],[74.8052,34.0265],[74.8067,34.026],[74.808,34.0255],[74.809,34.0251],[74.8095,34.0249],[74.8101,34.0246],[74.8105,34.0244],[74.8111,34.0243],[74.8119,34.0241],[74.8125,34.0241],[74.8133,34.0241],[74.8139,34.0241],[74.8143,34.0242],[74.8149,34.0244],[74.8177,34.0251],[74.8204,34.0258],[74.8212,34.026],[74.8223,34.0263],[74.8236,34.0266],[74.8247,34.0269],[74.8254,34.0271],[74.8267,34.0274],[74.8274,34.0275],[74.8289,34.028],[74.8301,34.0282],[74.8306,34.0284],[74.8313,34.0285],[74.8327,34.0289],[74.8348,34.0294],[74.8366,34.0298],[74.8384,34.0302],[74.84,34.0306],[74.8409,34.0308],[74.8454,34.032],[74.8473,34.0324],[74.8505,34.0332],[74.8518,34.0335],[74.8536,34.034],[74.854,34.0341],[74.8556,34.0345],[74.857,34.0348],[74.8596,34.0355],[74.8603,34.0357],[74.8609,34.0358],[74.8613,34.0359],[74.8616,34.036],[74.8619,34.0362],[74.8626,34.0364],[74.8637,34.0366],[74.864,34.0367],[74.8643,34.0367],[74.8646,34.0367],[74.8668,34.0373],[74.8671,34.0373],[74.8674,34.0374],[74.8679,34.0375],[74.8687,34.0377],[74.8695,34.0379],[74.8706,34.0382],[74.8733,34.0388],[74.8755,34.0393],[74.8767,34.0396],[74.8775,34.0398],[74.8777,34.0399],[74.8778,34.04],[74.878,34.0401],[74.8794,34.0396],[74.8799,34.0395],[74.8803,34.0394],[74.8805,34.0394],[74.881,34.0393],[74.8816,34.0395],[74.8817,34.0397],[74.882,34.0399],[74.8821,34.0401],[74.8823,34.0405],[74.8823,34.0408],[74.8821,34.0412],[74.8819,34.0416]]}},{"type":"Feature","properties":{"id":"SSCL-17","name":"Batamaloo to Womens College Batpora via Rainawari","obs":1.0,"drv":11,"runs":35},"geometry":{"type":"LineString","coordinates":[[74.7796,34.0687],[74.7801,34.069],[74.7802,34.069],[74.7803,34.0691],[74.7802,34.0692],[74.7803,34.0692],[74.7803,34.0693],[74.7805,34.0694],[74.7807,34.0695],[74.7809,34.069],[74.7812,34.0692],[74.7817,34.0688],[74.782,34.0687],[74.7823,34.0685],[74.7824,34.0685],[74.7828,34.0689],[74.7832,34.0692],[74.7836,34.0694],[74.784,34.0697],[74.7844,34.0699],[74.7846,34.0701],[74.785,34.0703],[74.7856,34.0707],[74.7858,34.0708],[74.7859,34.0708],[74.7861,34.0708],[74.7862,34.0708],[74.7864,34.0708],[74.7865,34.0707],[74.7866,34.0706],[74.7867,34.0706],[74.7868,34.0706],[74.7869,34.0706],[74.7871,34.0707],[74.7879,34.0711],[74.7885,34.0713],[74.7885,34.0714],[74.7886,34.0715],[74.7886,34.0716],[74.7886,34.0718],[74.7884,34.0727],[74.7883,34.0732],[74.7881,34.0739],[74.788,34.074],[74.788,34.0741],[74.788,34.0744],[74.7879,34.0745],[74.7879,34.0746],[74.7879,34.0748],[74.7879,34.075],[74.788,34.0751],[74.7881,34.0752],[74.7882,34.0753],[74.7883,34.0753],[74.7884,34.0754],[74.7886,34.0754],[74.7892,34.0754],[74.7897,34.0755],[74.7906,34.0755],[74.7914,34.0756],[74.7918,34.0756],[74.7919,34.0756],[74.7921,34.0755],[74.7923,34.0755],[74.7925,34.0755],[74.7927,34.0755],[74.793,34.0755],[74.7931,34.0755],[74.7941,34.0755],[74.7942,34.0755],[74.7947,34.0755],[74.7947,34.0755],[74.7949,34.0756],[74.7949,34.0755],[74.7954,34.0753],[74.7954,34.0753],[74.7957,34.0752],[74.796,34.075],[74.7964,34.0749],[74.7969,34.0747],[74.797,34.0746],[74.7974,34.0753],[74.7981,34.0763],[74.7985,34.077],[74.799,34.0779],[74.7992,34.0783],[74.7994,34.0786],[74.7994,34.0787],[74.7997,34.0791],[74.7998,34.0793],[74.7998,34.0795],[74.7998,34.0795],[74.7998,34.0795],[74.7997,34.0795],[74.7997,34.0796],[74.7997,34.0796],[74.7998,34.0796],[74.7998,34.0797],[74.7998,34.0797],[74.7999,34.0797],[74.7999,34.0797],[74.8,34.0797],[74.8001,34.0798],[74.8002,34.0801],[74.8005,34.0805],[74.8007,34.0808],[74.8009,34.0812],[74.8009,34.0813],[74.801,34.0816],[74.8011,34.0818],[74.8011,34.082],[74.8012,34.0824],[74.8012,34.0825],[74.8012,34.0826],[74.8012,34.0828],[74.8011,34.0829],[74.801,34.0832],[74.8008,34.0834],[74.8008,34.0834],[74.8007,34.0834],[74.8007,34.0834],[74.8007,34.0834],[74.8006,34.0835],[74.8006,34.0835],[74.8006,34.0835],[74.8006,34.0836],[74.8007,34.0836],[74.8007,34.0836],[74.8007,34.0836],[74.8008,34.0839],[74.801,34.0847],[74.801,34.0848],[74.8011,34.0849],[74.8012,34.0852],[74.8012,34.0853],[74.8012,34.0853],[74.8013,34.0853],[74.8013,34.0855],[74.8013,34.0857],[74.8013,34.0865],[74.8013,34.0866],[74.8017,34.0867],[74.8019,34.0868],[74.8021,34.087],[74.8022,34.0871],[74.8023,34.0871],[74.8024,34.0871],[74.8027,34.0872],[74.8028,34.0872],[74.8031,34.0873],[74.8035,34.0874],[74.8035,34.0874],[74.8038,34.0874],[74.8042,34.0875],[74.8045,34.0875],[74.8047,34.0876],[74.805,34.0877],[74.8051,34.0878],[74.8052,34.0878],[74.8054,34.0878],[74.8055,34.0878],[74.8058,34.0879],[74.8058,34.0879],[74.8062,34.0878],[74.8071,34.0877],[74.8077,34.0876],[74.8083,34.0875]]}},{"type":"Feature","properties":{"id":"SSCL-18","name":"Jkpdc Jehangir Chowk to Wadwan","obs":0.93,"drv":27,"runs":422},"geometry":{"type":"LineString","coordinates":[[74.8036,34.0772],[74.8037,34.0768],[74.8038,34.0765],[74.8037,34.076],[74.8036,34.0759],[74.8037,34.0757],[74.8038,34.0754],[74.804,34.0752],[74.8042,34.0747],[74.8045,34.0741],[74.8046,34.0738],[74.8048,34.0716],[74.806,34.0716],[74.8087,34.0717],[74.8093,34.0718],[74.8104,34.0721],[74.8111,34.0723],[74.8131,34.0728],[74.8158,34.0735],[74.8164,34.0736],[74.8199,34.0744],[74.8214,34.0748],[74.8278,34.0763],[74.8291,34.0766],[74.8297,34.0767],[74.8298,34.0766],[74.8299,34.0764],[74.8303,34.076],[74.8309,34.0756],[74.8318,34.0753],[74.8329,34.075],[74.8339,34.0747],[74.8346,34.0744],[74.8355,34.0738],[74.8361,34.0734],[74.837,34.0728],[74.8373,34.0726],[74.838,34.0722],[74.8398,34.071],[74.8409,34.0705],[74.8414,34.0702],[74.8426,34.0695],[74.843,34.0692],[74.8433,34.0689],[74.8436,34.0686],[74.844,34.0682],[74.8455,34.0668],[74.8472,34.0652],[74.8493,34.0632],[74.8503,34.0624],[74.8517,34.0614],[74.8529,34.0607],[74.854,34.0599],[74.8555,34.0588],[74.8571,34.0577],[74.8589,34.0565],[74.8601,34.0557],[74.8605,34.0553],[74.8607,34.055],[74.8618,34.0532],[74.8623,34.0526],[74.8631,34.0514],[74.8635,34.0505],[74.8637,34.0503],[74.8642,34.05],[74.866,34.0488],[74.8668,34.0482],[74.8676,34.0477],[74.868,34.0475],[74.869,34.0469],[74.87,34.0463],[74.8705,34.0459],[74.8709,34.0456],[74.8715,34.0446],[74.8717,34.0442],[74.8721,34.0437],[74.8724,34.0431],[74.8726,34.0429],[74.8734,34.0425],[74.8748,34.0417],[74.8754,34.0414],[74.8763,34.0409],[74.877,34.0406],[74.8781,34.0401],[74.8799,34.0395],[74.8804,34.0394],[74.881,34.0393],[74.8819,34.0391],[74.8826,34.039],[74.8832,34.0391],[74.8845,34.0391],[74.886,34.0391],[74.887,34.0389],[74.889,34.0381],[74.8911,34.0374],[74.8931,34.0368],[74.8959,34.0361],[74.8972,34.0358],[74.8978,34.0356],[74.8989,34.0352],[74.9006,34.0345],[74.9019,34.0342],[74.9024,34.0339],[74.9049,34.032],[74.9058,34.0313],[74.9072,34.0302],[74.9087,34.029],[74.9092,34.0287],[74.9099,34.0282],[74.9107,34.0273],[74.9115,34.0264],[74.9123,34.0254],[74.9129,34.0249],[74.9136,34.0247],[74.9147,34.0243],[74.9161,34.0236],[74.9172,34.0226],[74.9175,34.022],[74.9176,34.0211],[74.9177,34.0201],[74.9178,34.0191],[74.9184,34.0183],[74.9194,34.0178],[74.9197,34.0176],[74.9208,34.0176],[74.9215,34.0175],[74.9225,34.0175],[74.9229,34.0176],[74.9232,34.0177],[74.9238,34.018],[74.9254,34.0186],[74.9257,34.0187],[74.9257,34.0189],[74.9255,34.019],[74.9255,34.0191],[74.9257,34.0194],[74.9261,34.0195],[74.9265,34.0196],[74.9268,34.0197],[74.9271,34.02],[74.9275,34.0202],[74.9277,34.0203],[74.9281,34.0201],[74.9287,34.0198],[74.9288,34.0197],[74.9289,34.0199],[74.9292,34.0203]]}},{"type":"Feature","properties":{"id":"SSCL-19","name":"Pantha Chowk to Sumbal","obs":0.83,"drv":7,"runs":13},"geometry":{"type":"LineString","coordinates":[[74.8335,34.0447],[74.8329,34.045],[74.8326,34.045],[74.8325,34.0455],[74.8338,34.0464],[74.8339,34.0476],[74.8336,34.0495],[74.8327,34.0514],[74.8322,34.0518],[74.8295,34.0536],[74.8255,34.0562],[74.8208,34.0582],[74.8199,34.0593],[74.8179,34.0594],[74.8116,34.0577],[74.8069,34.0555],[74.802,34.0542],[74.7991,34.0544],[74.793,34.0554],[74.7882,34.057],[74.7869,34.0577],[74.7859,34.0583],[74.7856,34.0602],[74.7848,34.0619],[74.7845,34.0625],[74.783,34.0637],[74.7811,34.0645],[74.7794,34.0651],[74.7774,34.066],[74.7737,34.0678],[74.7703,34.0693],[74.7693,34.0699],[74.7684,34.0707],[74.7677,34.0722],[74.767,34.074],[74.7642,34.0815],[74.7622,34.0874],[74.7611,34.0903],[74.7598,34.0937],[74.7581,34.098],[74.7574,34.0995],[74.7569,34.1001],[74.7568,34.1012],[74.7561,34.1033],[74.7551,34.1059],[74.7542,34.1063],[74.7517,34.1071],[74.7499,34.1077],[74.7454,34.1091],[74.7431,34.1117],[74.7406,34.1143],[74.7388,34.1162],[74.7373,34.1177],[74.736,34.1194],[74.7338,34.122],[74.7324,34.1238],[74.7292,34.1258],[74.7273,34.1263],[74.7253,34.1265],[74.7183,34.1271],[74.7164,34.1274],[74.7135,34.1291],[74.7075,34.1324],[74.7062,34.1333],[74.7057,34.1367],[74.7052,34.1397],[74.7047,34.1416],[74.7033,34.1457],[74.7021,34.1491],[74.701,34.1524],[74.7,34.1537],[74.6968,34.1567],[74.6939,34.1596],[74.6914,34.1621],[74.6876,34.1662],[74.6848,34.1693],[74.6822,34.1719],[74.6809,34.1737],[74.6792,34.176],[74.6773,34.1785],[74.6759,34.1793],[74.6738,34.1799],[74.6733,34.1806],[74.6724,34.1837],[74.6713,34.1876],[74.6693,34.1911],[74.6655,34.1976],[74.6634,34.2015],[74.6634,34.2035],[74.6596,34.2068],[74.6551,34.2108],[74.6497,34.2173],[74.6498,34.2213],[74.6512,34.2259],[74.6509,34.2282],[74.6536,34.229],[74.6532,34.2303],[74.6528,34.2316],[74.6515,34.2331],[74.6505,34.2341],[74.6491,34.2346],[74.6483,34.235],[74.6478,34.2356],[74.6475,34.2367],[74.6476,34.2376],[74.6479,34.2395],[74.6479,34.2406],[74.6482,34.2416],[74.6492,34.243],[74.6502,34.244],[74.6505,34.2452],[74.651,34.2464],[74.6515,34.2475],[74.6518,34.2487],[74.6526,34.2507],[74.6533,34.2519],[74.6556,34.2531],[74.6572,34.2539],[74.6586,34.2543],[74.6608,34.2552],[74.6619,34.2559],[74.6628,34.2564],[74.6636,34.2572],[74.664,34.2582],[74.6645,34.2589],[74.6651,34.2594],[74.6637,34.2597],[74.6627,34.2603],[74.6627,34.261],[74.6619,34.2614],[74.6612,34.2615],[74.6604,34.2624],[74.6598,34.263],[74.6596,34.2636],[74.6595,34.2643]]}},{"type":"Feature","properties":{"id":"SSCL-20","name":"Pantha Chowk to Safapora","obs":0.81,"drv":5,"runs":11},"geometry":{"type":"LineString","coordinates":[[74.8335,34.0447],[74.8324,34.045],[74.8338,34.0475],[74.8327,34.0514],[74.827,34.0553],[74.8205,34.0594],[74.8116,34.0577],[74.8018,34.0542],[74.7891,34.0567],[74.7859,34.0583],[74.7848,34.062],[74.7817,34.0643],[74.7774,34.066],[74.7701,34.0694],[74.768,34.0715],[74.7642,34.0815],[74.7605,34.0921],[74.7576,34.0993],[74.7568,34.1012],[74.7547,34.1062],[74.7503,34.1075],[74.7431,34.1117],[74.7385,34.1165],[74.7344,34.1213],[74.7292,34.1258],[74.7247,34.1265],[74.7148,34.1284],[74.7062,34.1333],[74.7051,34.14],[74.7024,34.1483],[74.7,34.1537],[74.6935,34.16],[74.6852,34.1688],[74.6809,34.1737],[74.6768,34.1789],[74.6734,34.1803],[74.6713,34.1876],[74.6642,34.1999],[74.6605,34.2061],[74.6497,34.2173],[74.6512,34.2265],[74.6533,34.2299],[74.6515,34.2331],[74.6489,34.2347],[74.6476,34.2364],[74.6479,34.2395],[74.6484,34.2422],[74.6505,34.2449],[74.6515,34.2475],[74.6527,34.251],[74.6566,34.2536],[74.6608,34.2552],[74.663,34.2565],[74.6644,34.2586],[74.6661,34.2596],[74.6662,34.2611],[74.6669,34.2637],[74.6688,34.2666],[74.6716,34.2686],[74.677,34.2718],[74.6766,34.2745],[74.6739,34.2781],[74.6743,34.2814],[74.6711,34.2839],[74.6693,34.2865],[74.6686,34.2891],[74.6658,34.2909],[74.6631,34.2935],[74.6601,34.2948],[74.6559,34.2972],[74.6568,34.2998],[74.656,34.302],[74.6532,34.3025],[74.6551,34.3039],[74.6577,34.3034],[74.6612,34.3027],[74.6636,34.3042],[74.665,34.3062],[74.669,34.3054],[74.6716,34.3073],[74.6732,34.3109],[74.6743,34.3136],[74.6753,34.3164],[74.6796,34.3181],[74.6809,34.3198],[74.6818,34.3221],[74.6828,34.3249],[74.68,34.3265],[74.6768,34.3284],[74.6739,34.3305],[74.6719,34.3342],[74.669,34.3366],[74.6656,34.3363],[74.6628,34.3388],[74.6644,34.3426],[74.6634,34.3459],[74.6608,34.3481],[74.6584,34.3499],[74.6601,34.3511],[74.6616,34.3525],[74.6638,34.3543],[74.665,34.3574],[74.6633,34.3602],[74.6599,34.362],[74.6573,34.3636],[74.6603,34.3633],[74.6639,34.3642],[74.6663,34.366],[74.6689,34.3679],[74.6808,34.3716],[74.6852,34.3762],[74.6843,34.3796],[74.6901,34.3789],[74.6971,34.3777],[74.7023,34.3776],[74.7037,34.3798],[74.7067,34.3799],[74.711,34.3792],[74.7126,34.377],[74.712,34.3759],[74.7146,34.3757],[74.717,34.3771],[74.7181,34.3769]]}},{"type":"Feature","properties":{"id":"SSCL-21","name":"Batamaloo to Arath","obs":0.88,"drv":14,"runs":45},"geometry":{"type":"LineString","coordinates":[[74.7796,34.0687],[74.7802,34.069],[74.7802,34.0692],[74.7803,34.0693],[74.7807,34.0695],[74.7812,34.0692],[74.782,34.0687],[74.7824,34.0684],[74.7816,34.0675],[74.7808,34.0666],[74.7804,34.0661],[74.7795,34.0652],[74.7813,34.0646],[74.782,34.0643],[74.7825,34.0641],[74.7831,34.0638],[74.7837,34.0634],[74.7843,34.0629],[74.7846,34.0625],[74.7849,34.0622],[74.7853,34.0617],[74.7855,34.0614],[74.7857,34.0611],[74.7858,34.0608],[74.7859,34.0603],[74.7861,34.0595],[74.7864,34.0587],[74.7865,34.0583],[74.7866,34.0579],[74.7869,34.0562],[74.7872,34.0547],[74.7875,34.0523],[74.7884,34.0479],[74.7887,34.046],[74.789,34.0446],[74.7892,34.0436],[74.7895,34.0422],[74.7898,34.0407],[74.79,34.0394],[74.7904,34.0375],[74.7906,34.0365],[74.7909,34.0354],[74.7911,34.0346],[74.7912,34.0342],[74.7914,34.0337],[74.792,34.0328],[74.7923,34.0324],[74.7926,34.032],[74.7932,34.0315],[74.7938,34.0311],[74.7942,34.0309],[74.7946,34.0307],[74.7954,34.0303],[74.7968,34.0297],[74.7977,34.0293],[74.7983,34.0291],[74.7993,34.0287],[74.8,34.0284],[74.8009,34.0281],[74.8015,34.0279],[74.8021,34.0277],[74.8031,34.0272],[74.8044,34.0267],[74.8052,34.0265],[74.8067,34.026],[74.808,34.0255],[74.809,34.0251],[74.8095,34.0249],[74.8101,34.0246],[74.8105,34.0244],[74.8111,34.0243],[74.8119,34.0241],[74.8125,34.0241],[74.8133,34.0241],[74.8139,34.0241],[74.8143,34.0242],[74.8149,34.0244],[74.8177,34.0251],[74.8204,34.0258],[74.8212,34.026],[74.8223,34.0263],[74.8236,34.0266],[74.8247,34.0269],[74.8254,34.0271],[74.8267,34.0274],[74.8274,34.0275],[74.8289,34.028],[74.8301,34.0282],[74.8306,34.0284],[74.8313,34.0285],[74.8327,34.0289],[74.8348,34.0294],[74.8366,34.0298],[74.8384,34.0302],[74.84,34.0306],[74.8409,34.0308],[74.8454,34.032],[74.8473,34.0324],[74.8505,34.0332],[74.8518,34.0335],[74.8536,34.034],[74.854,34.0341],[74.8532,34.0341],[74.853,34.0346],[74.8528,34.0349],[74.852,34.0364],[74.8515,34.0369],[74.8508,34.0377],[74.8494,34.0381],[74.8491,34.0381],[74.8486,34.0383],[74.8485,34.0383],[74.8474,34.0382],[74.8462,34.0382],[74.8451,34.0382],[74.8449,34.0382],[74.8446,34.0385],[74.8445,34.0387],[74.8446,34.0388],[74.8453,34.0395],[74.8456,34.0398],[74.8467,34.0407],[74.8469,34.0409]]}},{"type":"Feature","properties":{"id":"SSCL-22","name":"Batamaloo to Khrew Bus Stand","obs":0.98,"drv":27,"runs":320},"geometry":{"type":"LineString","coordinates":[[74.7796,34.0687],[74.7803,34.0691],[74.7803,34.0693],[74.7809,34.069],[74.782,34.0687],[74.7821,34.0681],[74.7808,34.0666],[74.7796,34.0653],[74.7813,34.0646],[74.7823,34.0642],[74.7831,34.0638],[74.784,34.0631],[74.7846,34.0625],[74.7851,34.0619],[74.7855,34.0614],[74.7857,34.0609],[74.7859,34.0603],[74.7863,34.0591],[74.7865,34.0583],[74.7868,34.0571],[74.7872,34.0547],[74.788,34.0498],[74.7887,34.046],[74.7891,34.0441],[74.7895,34.0422],[74.7899,34.04],[74.7904,34.0375],[74.7907,34.036],[74.7911,34.0346],[74.7913,34.034],[74.792,34.0328],[74.7925,34.0322],[74.7932,34.0315],[74.794,34.031],[74.7946,34.0307],[74.7961,34.03],[74.7977,34.0293],[74.7988,34.0289],[74.8,34.0284],[74.8012,34.028],[74.8021,34.0277],[74.8042,34.0268],[74.8052,34.0265],[74.8072,34.0258],[74.809,34.0251],[74.8098,34.0247],[74.8105,34.0244],[74.8115,34.0242],[74.8125,34.0241],[74.8136,34.0241],[74.8143,34.0242],[74.8163,34.0247],[74.8204,34.0258],[74.8216,34.0261],[74.8236,34.0266],[74.8251,34.027],[74.8267,34.0274],[74.8282,34.0278],[74.8301,34.0282],[74.831,34.0285],[74.8327,34.0289],[74.836,34.0296],[74.8384,34.0302],[74.8405,34.0307],[74.8454,34.032],[74.8489,34.0328],[74.8518,34.0335],[74.8539,34.0341],[74.8556,34.0345],[74.8589,34.0353],[74.8603,34.0357],[74.8611,34.0359],[74.8616,34.036],[74.8621,34.0362],[74.8637,34.0366],[74.864,34.0367],[74.8646,34.0367],[74.8671,34.0373],[74.8674,34.0374],[74.8684,34.0377],[74.8695,34.0379],[74.8712,34.0383],[74.8755,34.0393],[74.8771,34.0397],[74.8777,34.0399],[74.8779,34.0401],[74.8794,34.0396],[74.8801,34.0394],[74.8805,34.0394],[74.8815,34.0392],[74.8822,34.0391],[74.8828,34.039],[74.8839,34.0391],[74.885,34.0391],[74.8864,34.0391],[74.8875,34.0387],[74.89,34.0377],[74.8915,34.0372],[74.8942,34.0366],[74.8963,34.036],[74.8977,34.0357],[74.8979,34.0356],[74.8992,34.0351],[74.8998,34.0353],[74.9008,34.0355],[74.9015,34.0355],[74.902,34.0356],[74.9032,34.0365],[74.9035,34.0367],[74.9042,34.0367],[74.9048,34.037],[74.9052,34.037],[74.9068,34.036],[74.9074,34.0357],[74.9077,34.0357],[74.9093,34.0364],[74.9103,34.0368],[74.9129,34.0376],[74.9142,34.0378],[74.9157,34.038],[74.9179,34.0384],[74.9184,34.0385],[74.9194,34.0386],[74.9198,34.0386],[74.9206,34.0385],[74.9221,34.0385],[74.9233,34.0384],[74.9239,34.0384],[74.9245,34.0385],[74.9244,34.0394],[74.9256,34.0396],[74.9257,34.0397],[74.926,34.0397],[74.9264,34.0398],[74.9264,34.0398],[74.9263,34.0401],[74.9263,34.0402],[74.9268,34.0403]]}},{"type":"Feature","properties":{"id":"SSCL-23","name":"Batamaloo to Charesharief via Chadoora","obs":0.29,"drv":7,"runs":13},"geometry":{"type":"LineString","coordinates":[[74.7796,34.0687],[74.7803,34.0693],[74.782,34.0687],[74.7808,34.0666],[74.7813,34.0646],[74.7831,34.0638],[74.7846,34.0625],[74.7855,34.0614],[74.7859,34.0603],[74.7865,34.0583],[74.7872,34.0547],[74.7887,34.046],[74.7895,34.0422],[74.7904,34.0375],[74.7911,34.0346],[74.792,34.0328],[74.7932,34.0315],[74.7946,34.0307],[74.7977,34.0293],[74.8,34.0284],[74.8021,34.0277],[74.8052,34.0265],[74.809,34.0251],[74.8105,34.0244],[74.8125,34.0241],[74.8143,34.0242],[74.816,34.0248],[74.8131,34.0242],[74.8104,34.0247],[74.8095,34.025],[74.8093,34.0212],[74.8097,34.0181],[74.8105,34.0148],[74.8115,34.0127],[74.8113,34.01],[74.8122,34.0083],[74.8132,34.0066],[74.8139,34.0042],[74.8138,34.0025],[74.8141,34.0009],[74.8148,33.9991],[74.8147,33.9967],[74.8147,33.9946],[74.8141,33.9923],[74.8137,33.9889],[74.8134,33.9866],[74.812,33.9843],[74.8116,33.9822],[74.8118,33.9793],[74.8122,33.9774],[74.8121,33.9757],[74.8111,33.9733],[74.8112,33.9705],[74.8112,33.9688],[74.8108,33.9678],[74.8103,33.9654],[74.8104,33.9625],[74.8097,33.9613],[74.8086,33.9598],[74.8095,33.9592],[74.8081,33.9569],[74.8068,33.9546],[74.8028,33.9515],[74.802,33.9497],[74.8014,33.9477],[74.8,33.9458],[74.7998,33.944],[74.7971,33.9431],[74.7956,33.942],[74.7956,33.9403],[74.7939,33.9385],[74.7921,33.9373],[74.7914,33.9359],[74.7908,33.9347],[74.7907,33.933],[74.7913,33.9306],[74.7923,33.9288],[74.7922,33.9274],[74.7919,33.9262],[74.7927,33.925],[74.7928,33.9239],[74.7908,33.9231],[74.7891,33.9229],[74.7868,33.9217],[74.7846,33.9209],[74.7806,33.9198],[74.7771,33.9183],[74.7762,33.9181],[74.7758,33.9188],[74.7738,33.9184],[74.7731,33.9173],[74.7723,33.916],[74.7708,33.9148],[74.7699,33.9147],[74.7685,33.9141],[74.7643,33.9118],[74.7601,33.9105],[74.758,33.9089],[74.7569,33.9081],[74.7548,33.9061],[74.7528,33.9044],[74.7512,33.9035],[74.7508,33.9029],[74.7496,33.9012],[74.7494,33.8978],[74.7494,33.8965],[74.7498,33.8952],[74.75,33.8949],[74.7495,33.8943],[74.7497,33.8937],[74.7495,33.8909],[74.7496,33.8885],[74.7488,33.8864],[74.7474,33.8844],[74.7465,33.8837],[74.7451,33.8823],[74.7454,33.8821],[74.7458,33.8808],[74.7455,33.879],[74.7451,33.8777],[74.7443,33.8791],[74.7435,33.8795],[74.7426,33.8797],[74.7417,33.8799],[74.7403,33.8796],[74.7397,33.8793],[74.7393,33.8801],[74.7384,33.8814],[74.7376,33.8816]]}},{"type":"Feature","properties":{"id":"SSCL-24","name":"Pantha Chowk to Palhalan via Sangrama Sopore","obs":0.98,"drv":10,"runs":31},"geometry":{"type":"LineString","coordinates":[[74.8335,34.0447],[74.8332,34.0451],[74.8326,34.045],[74.8323,34.0452],[74.8336,34.0462],[74.8338,34.0465],[74.8339,34.0476],[74.8338,34.0489],[74.833,34.0508],[74.8325,34.0516],[74.8314,34.0523],[74.8294,34.0537],[74.8255,34.0562],[74.822,34.058],[74.8205,34.0594],[74.819,34.0594],[74.8165,34.059],[74.8107,34.0573],[74.8069,34.0555],[74.8021,34.0542],[74.8016,34.0543],[74.7958,34.0547],[74.7919,34.0557],[74.7879,34.0571],[74.7869,34.0577],[74.786,34.0579],[74.7858,34.0589],[74.7853,34.0611],[74.7848,34.062],[74.7842,34.0628],[74.783,34.0637],[74.7815,34.0644],[74.7799,34.0649],[74.779,34.0653],[74.7759,34.0667],[74.7731,34.068],[74.7703,34.0693],[74.7695,34.0698],[74.7686,34.0705],[74.7681,34.0713],[74.7674,34.0727],[74.7664,34.0754],[74.7642,34.0815],[74.7627,34.0862],[74.7614,34.0896],[74.7604,34.0921],[74.7596,34.0941],[74.7579,34.0986],[74.7574,34.0995],[74.757,34.1],[74.7569,34.1008],[74.7566,34.1019],[74.7559,34.1038],[74.755,34.1061],[74.7542,34.1063],[74.7523,34.1069],[74.7503,34.1075],[74.748,34.1082],[74.745,34.1091],[74.7416,34.1096],[74.7388,34.1099],[74.7351,34.1104],[74.7312,34.1108],[74.7263,34.1114],[74.7241,34.1117],[74.7224,34.1119],[74.7209,34.1121],[74.7186,34.1123],[74.7154,34.1127],[74.7131,34.113],[74.7095,34.1139],[74.7048,34.1152],[74.7007,34.1162],[74.6961,34.1174],[74.6942,34.1178],[74.6896,34.119],[74.6873,34.1196],[74.6856,34.1199],[74.6835,34.1203],[74.6811,34.1207],[74.6789,34.1211],[74.6784,34.1214],[74.6753,34.1227],[74.6746,34.1233],[74.6729,34.1251],[74.6715,34.1266],[74.671,34.128],[74.6705,34.1294],[74.6693,34.1318],[74.6682,34.1333],[74.6665,34.135],[74.665,34.1356],[74.6621,34.1367],[74.6594,34.1375],[74.6556,34.1386],[74.6496,34.1404],[74.6334,34.1439],[74.629,34.1464],[74.6242,34.1513],[74.622,34.1513],[74.6199,34.1513],[74.6177,34.1509],[74.6162,34.15],[74.6131,34.1494],[74.6087,34.149],[74.6049,34.1483],[74.5965,34.1437],[74.5917,34.1419],[74.5896,34.1419],[74.5834,34.142],[74.5733,34.1451],[74.5712,34.1471],[74.568,34.1502],[74.5664,34.1511],[74.5608,34.1539],[74.5566,34.1573],[74.5551,34.1595],[74.5544,34.1613],[74.5535,34.1629],[74.5509,34.166],[74.549,34.1686],[74.5481,34.1705],[74.5465,34.1709],[74.5448,34.1713],[74.5429,34.1751],[74.5424,34.1797],[74.5426,34.1815],[74.5432,34.1823],[74.5437,34.1831]]}},{"type":"Feature","properties":{"id":"SSCL-25","name":"Batamaloo to Dadsara Tral via Awantipora","obs":0.8,"drv":9,"runs":30},"geometry":{"type":"LineString","coordinates":[[74.7796,34.0687],[74.7803,34.0692],[74.7812,34.0692],[74.7821,34.0681],[74.7804,34.0661],[74.7816,34.0644],[74.7831,34.0638],[74.7846,34.0626],[74.7853,34.0617],[74.7857,34.0609],[74.7861,34.0595],[74.7865,34.0581],[74.7872,34.0547],[74.7885,34.0473],[74.7892,34.0436],[74.7899,34.04],[74.7906,34.0365],[74.7912,34.0343],[74.792,34.0328],[74.7928,34.0319],[74.7942,34.0309],[74.7961,34.03],[74.7983,34.0291],[74.8006,34.0282],[74.8021,34.0277],[74.8047,34.0267],[74.808,34.0255],[74.8098,34.0247],[74.8111,34.0243],[74.8129,34.0241],[74.8143,34.0242],[74.8188,34.0254],[74.8223,34.0263],[74.8251,34.027],[74.8274,34.0275],[74.8305,34.0283],[74.8327,34.0289],[74.8372,34.0299],[74.8409,34.0308],[74.8489,34.0328],[74.8536,34.034],[74.8564,34.0347],[74.8603,34.0357],[74.8614,34.036],[74.8626,34.0364],[74.864,34.0367],[74.8644,34.0376],[74.862,34.0382],[74.86,34.0366],[74.8605,34.0352],[74.8611,34.0337],[74.8618,34.0323],[74.863,34.0307],[74.8644,34.0295],[74.8682,34.0274],[74.8733,34.0246],[74.8759,34.0235],[74.8838,34.0214],[74.8887,34.0201],[74.8905,34.0191],[74.8929,34.0163],[74.8975,34.0073],[74.9014,33.9998],[74.9036,33.9969],[74.9059,33.9953],[74.9121,33.9923],[74.9149,33.992],[74.9173,33.9923],[74.9225,33.9941],[74.9255,33.9941],[74.9278,33.9929],[74.93,33.9902],[74.9329,33.9868],[74.9382,33.9815],[74.9409,33.9785],[74.9448,33.9762],[74.9506,33.9729],[74.957,33.9691],[74.9603,33.9665],[74.963,33.9653],[74.9646,33.9646],[74.9669,33.9627],[74.9692,33.9607],[74.9737,33.9582],[74.9782,33.9559],[74.982,33.9545],[74.9849,33.951],[74.9877,33.9477],[74.9883,33.9471],[74.9999,33.9335],[75.0028,33.9291],[75.0051,33.9272],[75.0103,33.925],[75.0119,33.9232],[75.0138,33.9218],[75.0142,33.9213],[75.0148,33.9197],[75.016,33.9181],[75.0171,33.916],[75.0203,33.9149],[75.0244,33.9138],[75.026,33.9133],[75.0269,33.9108],[75.0292,33.9098],[75.0319,33.9102],[75.0334,33.9119],[75.0353,33.9126],[75.0342,33.912],[75.0333,33.9113],[75.0341,33.9108],[75.0361,33.9114],[75.0379,33.9119],[75.0417,33.9123],[75.0439,33.9129],[75.0459,33.9133],[75.0517,33.9123],[75.054,33.9122],[75.0576,33.9123],[75.0587,33.912],[75.0616,33.9125],[75.0643,33.9127],[75.069,33.9153],[75.075,33.9166],[75.0775,33.9185],[75.0786,33.9183],[75.0801,33.9187],[75.0832,33.9196],[75.0863,33.9212],[75.0902,33.9222],[75.0924,33.9234],[75.0966,33.9229],[75.0987,33.9232],[75.1013,33.9237],[75.1027,33.924],[75.1063,33.9262],[75.1067,33.928],[75.1075,33.9292],[75.1095,33.9302],[75.11,33.9302]]}},{"type":"Feature","properties":{"id":"SSCL-26","name":"Batamaloo to Kangan via Hazratbal Manigam","obs":0.98,"drv":5,"runs":18},"geometry":{"type":"LineString","coordinates":[[74.7796,34.0687],[74.7809,34.069],[74.7808,34.0666],[74.7788,34.0654],[74.7731,34.068],[74.7697,34.0696],[74.7683,34.0709],[74.7671,34.0736],[74.7641,34.0819],[74.7614,34.0896],[74.7597,34.0939],[74.7576,34.0993],[74.7569,34.1002],[74.7565,34.1023],[74.755,34.1061],[74.7526,34.1068],[74.7485,34.1081],[74.7445,34.1103],[74.7404,34.1145],[74.7378,34.1173],[74.7358,34.1195],[74.7327,34.1235],[74.729,34.1258],[74.7259,34.1264],[74.7177,34.1272],[74.7148,34.1284],[74.7074,34.1325],[74.7059,34.1357],[74.7051,34.14],[74.7044,34.1427],[74.702,34.1496],[74.7005,34.1532],[74.6961,34.1572],[74.6926,34.1609],[74.6868,34.1671],[74.6836,34.1705],[74.6808,34.174],[74.6776,34.1781],[74.6749,34.1796],[74.6734,34.1803],[74.6719,34.1854],[74.6777,34.1868],[74.6814,34.186],[74.684,34.1889],[74.6876,34.1936],[74.6876,34.195],[74.6884,34.1952],[74.6891,34.1972],[74.6902,34.1984],[74.6931,34.2011],[74.6943,34.2023],[74.6954,34.2049],[74.6963,34.2077],[74.6969,34.2095],[74.6977,34.2104],[74.699,34.2119],[74.7028,34.2167],[74.7035,34.2182],[74.7045,34.2221],[74.7055,34.2253],[74.705,34.232],[74.7064,34.2342],[74.7116,34.2393],[74.7206,34.2423],[74.7271,34.2449],[74.7331,34.2457],[74.7388,34.246],[74.7452,34.2491],[74.7522,34.2538],[74.7578,34.2558],[74.7623,34.2598],[74.7671,34.2647],[74.7739,34.2669],[74.7803,34.2706],[74.7912,34.2747],[74.8036,34.2776],[74.8122,34.2806],[74.814,34.2822],[74.8185,34.2833],[74.8231,34.2858],[74.8267,34.2881],[74.8314,34.2894],[74.8355,34.2895],[74.8402,34.2877],[74.8434,34.2863],[74.8452,34.2847],[74.8511,34.2828],[74.8549,34.2825],[74.8604,34.2828],[74.8639,34.281],[74.8733,34.2795],[74.8777,34.2783],[74.8824,34.2761],[74.8887,34.2729],[74.8936,34.2703],[74.8976,34.2679],[74.8986,34.2663],[74.8996,34.2653],[74.9014,34.2641],[74.9047,34.262],[74.9086,34.2591],[74.9104,34.2579],[74.9136,34.2565],[74.9171,34.2527],[74.9196,34.2503],[74.9209,34.2498],[74.9247,34.2471],[74.9289,34.2462],[74.9312,34.2462],[74.9382,34.2462],[74.9439,34.2442],[74.9473,34.2423],[74.9504,34.2406],[74.9539,34.2401],[74.9575,34.2379],[74.9624,34.2343],[74.9674,34.2328],[74.9712,34.2324],[74.9737,34.232],[74.9737,34.2331],[74.9742,34.2337],[74.9747,34.2344],[74.9749,34.2356],[74.975,34.2362],[74.9755,34.2373],[74.9751,34.2377],[74.9746,34.2382],[74.9752,34.2389],[74.9756,34.2399]]}},{"type":"Feature","properties":{"id":"SSCL-27","name":"Batamaloo to Manigam","obs":0.97,"drv":6,"runs":13},"geometry":{"type":"LineString","coordinates":[[74.7796,34.0687],[74.7803,34.0692],[74.7812,34.0692],[74.7821,34.0681],[74.7804,34.0661],[74.7792,34.0652],[74.7765,34.0665],[74.7737,34.0678],[74.7705,34.0692],[74.7697,34.0696],[74.7688,34.0703],[74.7682,34.0711],[74.7676,34.0723],[74.767,34.074],[74.7651,34.0791],[74.7627,34.0862],[74.7616,34.089],[74.7605,34.0921],[74.7597,34.0939],[74.7581,34.098],[74.7575,34.0994],[74.757,34.0999],[74.7569,34.1006],[74.7568,34.1016],[74.756,34.1035],[74.7551,34.1059],[74.7543,34.1063],[74.7526,34.1068],[74.7505,34.1075],[74.7485,34.1081],[74.7455,34.1092],[74.7431,34.1117],[74.7409,34.114],[74.7394,34.1156],[74.7383,34.1167],[74.7369,34.1182],[74.7358,34.1195],[74.7338,34.122],[74.7326,34.1236],[74.7302,34.1252],[74.7279,34.1262],[74.7264,34.1264],[74.7251,34.1265],[74.7183,34.1271],[74.7166,34.1274],[74.7148,34.1284],[74.7114,34.1302],[74.7068,34.1328],[74.7061,34.1334],[74.7057,34.1367],[74.7053,34.1389],[74.7049,34.1411],[74.7044,34.1426],[74.7028,34.1471],[74.702,34.1496],[74.701,34.1524],[74.7003,34.1534],[74.6976,34.1559],[74.695,34.1584],[74.6935,34.16],[74.6908,34.1628],[74.6876,34.1662],[74.6849,34.1691],[74.6836,34.1705],[74.6815,34.1729],[74.6806,34.1741],[74.6786,34.1768],[74.6773,34.1785],[74.6762,34.1792],[74.6742,34.1798],[74.6735,34.1802],[74.673,34.1814],[74.6719,34.1854],[74.6761,34.1867],[74.6778,34.1868],[74.6809,34.1861],[74.6816,34.186],[74.6831,34.1878],[74.6856,34.1908],[74.6874,34.1934],[74.6877,34.1942],[74.6876,34.195],[74.688,34.1951],[74.6887,34.1954],[74.6891,34.1959],[74.6891,34.1974],[74.6898,34.1981],[74.691,34.1995],[74.6928,34.2009],[74.6937,34.2016],[74.6943,34.2023],[74.695,34.2035],[74.6954,34.205],[74.696,34.207],[74.6964,34.2079],[74.6967,34.2092],[74.6972,34.21],[74.6975,34.2104],[74.6983,34.2111],[74.699,34.2119],[74.7,34.2129],[74.7029,34.2168],[74.7032,34.2177],[74.7035,34.2192],[74.7041,34.2212],[74.705,34.2232],[74.7054,34.2251],[74.7064,34.2276],[74.705,34.232],[74.7054,34.2329],[74.7076,34.2354],[74.7111,34.2389],[74.7131,34.2398],[74.7179,34.2413],[74.7225,34.2432],[74.7266,34.2448],[74.7295,34.2454],[74.7331,34.2457],[74.7357,34.246],[74.7396,34.2463],[74.7422,34.2473],[74.7477,34.2507],[74.7516,34.2537],[74.7546,34.2542],[74.7576,34.2556],[74.7594,34.2569],[74.7623,34.2598],[74.7653,34.2629],[74.7679,34.265],[74.7719,34.2666],[74.7747,34.2673],[74.7786,34.2698],[74.7846,34.2724],[74.7904,34.2745],[74.7949,34.2755],[74.8036,34.2776],[74.802,34.2804],[74.8016,34.2815],[74.7997,34.2814]]}},{"type":"Feature","properties":{"id":"SSCL-28","name":"Batamaloo to Pinglena Pampore via Galandar","obs":0.97,"drv":27,"runs":329},"geometry":{"type":"LineString","coordinates":[[74.7796,34.0687],[74.7803,34.0691],[74.7803,34.0693],[74.7809,34.069],[74.782,34.0687],[74.7821,34.0681],[74.7808,34.0666],[74.7796,34.0653],[74.7813,34.0646],[74.7823,34.0642],[74.7831,34.0638],[74.784,34.0631],[74.7846,34.0625],[74.7851,34.0619],[74.7855,34.0614],[74.7857,34.0609],[74.7859,34.0603],[74.7863,34.0591],[74.7865,34.0583],[74.7868,34.0571],[74.7872,34.0547],[74.788,34.0498],[74.7887,34.046],[74.7891,34.0441],[74.7895,34.0422],[74.7899,34.04],[74.7904,34.0375],[74.7907,34.036],[74.7911,34.0346],[74.7913,34.034],[74.792,34.0328],[74.7925,34.0322],[74.7932,34.0315],[74.794,34.031],[74.7946,34.0307],[74.7961,34.03],[74.7977,34.0293],[74.7988,34.0289],[74.8,34.0284],[74.8012,34.028],[74.8021,34.0277],[74.8042,34.0268],[74.8052,34.0265],[74.8072,34.0258],[74.809,34.0251],[74.8098,34.0247],[74.8105,34.0244],[74.8115,34.0242],[74.8125,34.0241],[74.8136,34.0241],[74.8143,34.0242],[74.8163,34.0247],[74.8204,34.0258],[74.8216,34.0261],[74.8236,34.0266],[74.8251,34.027],[74.8267,34.0274],[74.8282,34.0278],[74.8301,34.0282],[74.831,34.0285],[74.8327,34.0289],[74.836,34.0296],[74.8384,34.0302],[74.8405,34.0307],[74.8454,34.032],[74.8489,34.0328],[74.8518,34.0335],[74.8539,34.0341],[74.8556,34.0345],[74.8589,34.0353],[74.8603,34.0357],[74.8611,34.0359],[74.8616,34.036],[74.8621,34.0362],[74.8637,34.0366],[74.864,34.0367],[74.8646,34.0367],[74.8671,34.0373],[74.8674,34.0374],[74.8684,34.0377],[74.8695,34.0379],[74.8712,34.0383],[74.8755,34.0393],[74.8771,34.0397],[74.8777,34.0399],[74.8779,34.0401],[74.8794,34.0396],[74.8801,34.0394],[74.8805,34.0394],[74.8815,34.0392],[74.8822,34.0391],[74.8828,34.039],[74.8839,34.0391],[74.885,34.0391],[74.8864,34.0391],[74.8875,34.0387],[74.89,34.0377],[74.8915,34.0372],[74.8942,34.0366],[74.8963,34.036],[74.8977,34.0357],[74.8979,34.0356],[74.8992,34.0351],[74.901,34.0344],[74.902,34.0341],[74.9027,34.0337],[74.9053,34.0317],[74.9061,34.031],[74.9073,34.0301],[74.9088,34.029],[74.9096,34.0284],[74.9101,34.028],[74.911,34.0269],[74.9118,34.0261],[74.9125,34.0252],[74.9131,34.0248],[74.9141,34.0245],[74.9156,34.024],[74.9166,34.0233],[74.9173,34.0225],[74.9175,34.0219],[74.9177,34.0205],[74.9177,34.02],[74.9178,34.019],[74.9187,34.0181],[74.9195,34.0176],[74.9197,34.0173],[74.9195,34.0164],[74.9197,34.0156],[74.92,34.0145],[74.9201,34.0133],[74.9201,34.0123],[74.9202,34.0112],[74.9207,34.0103],[74.9217,34.0093],[74.9232,34.0083],[74.924,34.0079],[74.9264,34.007],[74.9273,34.0067],[74.9288,34.0068],[74.932,34.0066],[74.9339,34.0063],[74.9397,34.0066],[74.9429,34.0061],[74.9445,34.0045],[74.9439,34.0034],[74.9433,34.0024],[74.9428,34.0013],[74.9425,34.0001],[74.9418,33.9997],[74.9411,33.9991],[74.9405,33.9989]]}},{"type":"Feature","properties":{"id":"SSCL-29","name":"Pantha Chowk to Panzinara","obs":0.92,"drv":10,"runs":33},"geometry":{"type":"LineString","coordinates":[[74.8335,34.0447],[74.8333,34.0451],[74.8332,34.0451],[74.8329,34.045],[74.8328,34.045],[74.8326,34.045],[74.8326,34.045],[74.8324,34.045],[74.8324,34.0453],[74.8325,34.0455],[74.8336,34.0462],[74.8337,34.0464],[74.8338,34.0464],[74.8338,34.047],[74.8338,34.0475],[74.8339,34.0476],[74.8341,34.0479],[74.8341,34.0481],[74.8336,34.0495],[74.8332,34.0503],[74.833,34.0508],[74.8327,34.0514],[74.8326,34.0515],[74.8323,34.0518],[74.8322,34.0518],[74.8314,34.0523],[74.8308,34.0528],[74.8295,34.0536],[74.827,34.0553],[74.8265,34.0556],[74.8255,34.0562],[74.8229,34.0578],[74.8227,34.0579],[74.8208,34.0582],[74.8209,34.0592],[74.8205,34.0594],[74.8199,34.0593],[74.8194,34.0594],[74.8185,34.0594],[74.8179,34.0594],[74.8165,34.059],[74.8126,34.058],[74.8116,34.0577],[74.8097,34.0568],[74.8076,34.0558],[74.8069,34.0555],[74.8044,34.0548],[74.8039,34.0546],[74.802,34.0542],[74.8018,34.0542],[74.8016,34.0543],[74.7991,34.0544],[74.797,34.0545],[74.7945,34.0549],[74.793,34.0554],[74.7919,34.0557],[74.7891,34.0567],[74.7882,34.057],[74.7876,34.0573],[74.7871,34.0575],[74.7869,34.0577],[74.7867,34.0578],[74.7861,34.0579],[74.7859,34.0583],[74.7859,34.0586],[74.7858,34.0589],[74.7856,34.0602],[74.7854,34.0608],[74.7852,34.0613],[74.7848,34.0619],[74.7848,34.062],[74.7847,34.0622],[74.7845,34.0625],[74.7839,34.0631],[74.7836,34.0633],[74.783,34.0637],[74.7822,34.0641],[74.7817,34.0643],[74.7811,34.0645],[74.7805,34.0647],[74.7799,34.0649],[74.7794,34.0651],[74.7792,34.0652],[74.7788,34.0654],[74.7774,34.066],[74.7759,34.0667],[74.7749,34.0672],[74.7737,34.0678],[74.7726,34.0683],[74.7707,34.0691],[74.7703,34.0693],[74.7698,34.0695],[74.7693,34.0698],[74.7687,34.0703],[74.7681,34.0711],[74.7678,34.0716],[74.7677,34.0717],[74.7675,34.0717],[74.7673,34.0718],[74.7669,34.0716],[74.7663,34.0715],[74.7658,34.0714],[74.7629,34.0706],[74.7625,34.0705],[74.7623,34.0705],[74.762,34.0705],[74.7615,34.0704],[74.7611,34.0702],[74.7606,34.07],[74.7598,34.0696],[74.7593,34.0695],[74.7591,34.0694],[74.7589,34.0692],[74.7587,34.069],[74.7587,34.0688],[74.7586,34.0685],[74.7585,34.0682],[74.7584,34.068],[74.7585,34.0678],[74.7585,34.0676],[74.7584,34.0673],[74.7584,34.067],[74.7585,34.0668],[74.7586,34.0665],[74.7587,34.0663],[74.7587,34.0661],[74.7586,34.0659],[74.7585,34.0654],[74.7585,34.0652],[74.7584,34.0648],[74.7584,34.0645],[74.7583,34.0644],[74.7581,34.064],[74.758,34.0638],[74.7579,34.0636],[74.7577,34.0634],[74.7576,34.0632],[74.7575,34.0628],[74.7574,34.0625],[74.7574,34.0624],[74.7572,34.0621],[74.7572,34.062],[74.7572,34.0616],[74.7572,34.0614],[74.757,34.0612],[74.7568,34.0611],[74.7571,34.0604],[74.7573,34.0603],[74.7577,34.06],[74.758,34.0599],[74.7584,34.0598],[74.7585,34.0599],[74.7591,34.0598],[74.7599,34.0596],[74.7606,34.0594],[74.7613,34.0591],[74.7621,34.0588],[74.7632,34.0586]]}},{"type":"Feature","properties":{"id":"SSCL-30","name":"Batamaloo to Dc Office Budgam","obs":0.74,"drv":4,"runs":15},"geometry":{"type":"LineString","coordinates":[[74.7796,34.0687],[74.7802,34.0692],[74.7807,34.0695],[74.782,34.0687],[74.7816,34.0675],[74.7804,34.0661],[74.7793,34.0651],[74.7778,34.0659],[74.7752,34.067],[74.7731,34.068],[74.7705,34.0692],[74.7696,34.0696],[74.7684,34.0706],[74.7677,34.0716],[74.7675,34.0717],[74.7666,34.0716],[74.763,34.0706],[74.7625,34.0705],[74.7617,34.0704],[74.7609,34.0701],[74.7595,34.0696],[74.759,34.0693],[74.7587,34.0689],[74.7585,34.0684],[74.7584,34.0679],[74.7585,34.0675],[74.7584,34.0669],[74.7587,34.0664],[74.7586,34.066],[74.7585,34.0653],[74.7584,34.0647],[74.7582,34.0642],[74.758,34.0638],[74.7577,34.0633],[74.7574,34.0626],[74.7573,34.0622],[74.7568,34.0619],[74.7565,34.0617],[74.7554,34.0607],[74.7547,34.0601],[74.7534,34.0593],[74.7523,34.0587],[74.7511,34.058],[74.75,34.0574],[74.7495,34.057],[74.749,34.0566],[74.7483,34.0562],[74.7476,34.0557],[74.747,34.0552],[74.7462,34.0547],[74.7449,34.0538],[74.7442,34.0534],[74.7434,34.0529],[74.7423,34.0522],[74.7414,34.0516],[74.741,34.0514],[74.7403,34.0509],[74.7393,34.0503],[74.7387,34.0499],[74.7382,34.0497],[74.7376,34.0493],[74.7367,34.0487],[74.7361,34.0482],[74.7353,34.0476],[74.7345,34.0471],[74.734,34.0466],[74.7335,34.046],[74.7332,34.0455],[74.7323,34.0451],[74.7319,34.0448],[74.7316,34.0444],[74.7312,34.044],[74.7308,34.0436],[74.7302,34.0432],[74.7298,34.0428],[74.7275,34.0421],[74.7265,34.0414],[74.7252,34.0406],[74.7245,34.0401],[74.7242,34.04],[74.7232,34.0396],[74.7207,34.0385],[74.7201,34.0381],[74.719,34.0374],[74.7193,34.0365],[74.72,34.0356],[74.721,34.0342],[74.722,34.0331],[74.7224,34.0328],[74.7227,34.0325],[74.7231,34.0318],[74.7233,34.0312],[74.7232,34.0309],[74.7224,34.0285],[74.7221,34.0274],[74.7222,34.0267],[74.7223,34.0259],[74.7225,34.0253],[74.7224,34.0249],[74.7222,34.0243],[74.7216,34.0238],[74.7213,34.0234],[74.721,34.0224],[74.7208,34.0217],[74.7207,34.0213],[74.72,34.0197],[74.7198,34.0189],[74.72,34.0176],[74.7207,34.0163],[74.7208,34.0156],[74.7203,34.0149],[74.7189,34.0144],[74.7181,34.0136],[74.7168,34.0127],[74.7167,34.0116],[74.7163,34.0102],[74.7148,34.0095],[74.7147,34.0088],[74.7155,34.0084],[74.715,34.0071],[74.715,34.0061],[74.7143,34.0057],[74.7145,34.0072],[74.7139,34.005],[74.7138,34.005],[74.7136,34.0063],[74.7131,34.004],[74.7144,34.0023],[74.7133,34.0011],[74.7128,33.9999],[74.712,33.998],[74.7121,33.9967],[74.7133,33.9961],[74.7162,33.9944],[74.716,33.9932],[74.7151,33.9918],[74.7148,33.9911],[74.7147,33.9909],[74.7152,33.9911],[74.7139,33.9905],[74.7136,33.9905],[74.7125,33.9906]]}}]}