{"type":"FeatureCollection","features":[{"type":"Feature","properties":{"corridor_id":2,"od":"Soura \u2194 Nowshera via Lal Bazar (NE old-city Srinagar), with an eastern arm toward Nishat/Harwan that partly follows the SSCL Parimpora\u2013Harwan e-bus alignment.","matched":"Parimpora to Harwan via Brein Nishat","matched_id":"SSCL-01","n_runs":150,"n_drivers":12,"obs_km":11.5,"plan_km":23.3,"overlap":0.42,"kind":"observed"},"geometry":{"type":"LineString","coordinates":[[74.80641,34.12512],[74.80644,34.1251],[74.80655,34.12505],[74.80663,34.12501],[74.8068,34.12494],[74.80688,34.12491],[74.80695,34.12487],[74.80715,34.12476],[74.80722,34.12472],[74.80737,34.12464],[74.80755,34.12458],[74.80781,34.12452],[74.80803,34.12447],[74.80819,34.12444],[74.80837,34.12441],[74.80856,34.12438],[74.80866,34.12436],[74.80902,34.12432],[74.80911,34.12432],[74.80906,34.12461],[74.80903,34.12479],[74.80901,34.12491],[74.809,34.12514],[74.809,34.12531],[74.80899,34.12545],[74.80898,34.12553],[74.80897,34.12561],[74.80893,34.12574],[74.8089,34.12586],[74.80886,34.12596],[74.80883,34.12604],[74.80866,34.12645],[74.80861,34.12657],[74.80853,34.12672],[74.80848,34.1269],[74.80841,34.12736],[74.80839,34.1274],[74.80836,34.12748],[74.80833,34.12763],[74.80833,34.12767],[74.80831,34.12778],[74.80831,34.1279],[74.80834,34.12815],[74.80837,34.12843],[74.80837,34.12858],[74.80836,34.1288],[74.80835,34.12889],[74.80835,34.12889],[74.80833,34.1291],[74.80894,34.12922],[74.80931,34.12929],[74.80971,34.12937],[74.80986,34.1294],[74.81021,34.12945],[74.81035,34.12947],[74.8104,34.12947],[74.81041,34.12947],[74.81067,34.12949],[74.81098,34.12948],[74.81157,34.12944],[74.81171,34.12942],[74.8118,34.12942],[74.81195,34.12942],[74.81201,34.12942],[74.81233,34.12942],[74.81233,34.12974],[74.81232,34.12989],[74.81231,34.13],[74.8123,34.13006],[74.81226,34.1303],[74.81223,34.13042],[74.81224,34.1305],[74.81231,34.13062],[74.81244,34.13074],[74.81246,34.13076],[74.81258,34.13086],[74.81262,34.13091],[74.81265,34.13099],[74.8127,34.13107],[74.81265,34.13112],[74.81263,34.13114],[74.81263,34.13117],[74.81265,34.13125],[74.81267,34.13135],[74.81268,34.13142],[74.81268,34.13147],[74.81269,34.13152],[74.81272,34.13157],[74.81326,34.13194],[74.8133,34.13197],[74.8133,34.13197],[74.81336,34.13202],[74.81344,34.1321],[74.81355,34.13229],[74.81373,34.13262],[74.81374,34.13265],[74.81425,34.13254],[74.81437,34.1325],[74.81444,34.13246],[74.81451,34.13242],[74.81452,34.13241],[74.81459,34.1324],[74.81506,34.13208],[74.8153,34.1319],[74.81536,34.13184],[74.81541,34.13177],[74.81542,34.13161],[74.81548,34.13029],[74.81535,34.13029],[74.81495,34.13028],[74.81478,34.13028],[74.8145,34.13027],[74.8145,34.13076],[74.8145,34.13076],[74.81408,34.13075],[74.81409,34.13038],[74.81409,34.13026],[74.81409,34.13012],[74.8141,34.1298],[74.8141,34.12974],[74.81413,34.12946],[74.81414,34.12939],[74.8142,34.12937],[74.81427,34.12936],[74.81433,34.12936],[74.81432,34.12894],[74.81433,34.12852],[74.81433,34.1285],[74.81509,34.12837],[74.81517,34.12837],[74.81528,34.12836],[74.81537,34.12835],[74.81556,34.12832],[74.81574,34.12829],[74.81595,34.1282],[74.81608,34.12815],[74.81613,34.12813],[74.81633,34.12804],[74.81675,34.12787],[74.8168,34.12785],[74.81699,34.12778],[74.81709,34.12775],[74.81717,34.12774],[74.81736,34.12773],[74.81748,34.12772],[74.81761,34.12769],[74.8179,34.12764],[74.81798,34.12761],[74.81806,34.12759],[74.81822,34.12782],[74.81829,34.12793],[74.81839,34.1281],[74.81848,34.12833],[74.81855,34.12848],[74.81862,34.12859],[74.81865,34.12863],[74.81869,34.12866],[74.81892,34.12883],[74.81902,34.1289],[74.81907,34.12893],[74.81911,34.12896],[74.81921,34.12904],[74.81937,34.12918],[74.81963,34.12945],[74.81978,34.12959],[74.81995,34.12976],[74.82003,34.12985],[74.82016,34.12995],[74.8203,34.13006],[74.82055,34.13024],[74.82063,34.13029],[74.82071,34.13035],[74.82089,34.13049],[74.82113,34.13073],[74.82123,34.13085],[74.82132,34.13097],[74.82141,34.13112],[74.82155,34.13139],[74.82162,34.13155],[74.82165,34.13164],[74.82168,34.13171],[74.82171,34.13181],[74.82173,34.13185],[74.8218,34.1319],[74.822,34.132],[74.82205,34.13203],[74.82209,34.13208],[74.82228,34.13221],[74.82239,34.13229],[74.82249,34.13235],[74.8229,34.13263],[74.82293,34.13265],[74.823,34.13267],[74.82307,34.13272],[74.82311,34.13275],[74.82344,34.13299],[74.82354,34.13305],[74.82393,34.13335],[74.824,34.1334],[74.8242,34.13355],[74.82433,34.13365],[74.82441,34.13374],[74.82464,34.13383],[74.82469,34.13389],[74.82502,34.13407],[74.82528,34.13421],[74.8256,34.13437],[74.82597,34.13457],[74.82656,34.13497],[74.82663,34.13502],[74.82674,34.1351],[74.82711,34.13535],[74.8273,34.13549],[74.82743,34.13558],[74.82751,34.13561],[74.82763,34.13565],[74.82781,34.13571],[74.82799,34.13575],[74.8282,34.13578],[74.82829,34.13578],[74.8284,34.13577],[74.82851,34.13587],[74.82863,34.13594],[74.82864,34.13594],[74.82891,34.13606],[74.82922,34.13616],[74.82936,34.1362],[74.82973,34.13631],[74.83017,34.13642],[74.83042,34.13649],[74.83044,34.1365],[74.8309,34.13661],[74.83124,34.13669],[74.83142,34.13674],[74.83157,34.13677],[74.83197,34.13688],[74.83157,34.13677],[74.83142,34.13674],[74.83124,34.13669],[74.83095,34.13662],[74.8309,34.13661],[74.83044,34.1365],[74.83017,34.13642],[74.82973,34.13631],[74.82922,34.13616],[74.82909,34.13612],[74.82891,34.13606],[74.82864,34.13594],[74.82851,34.13587],[74.8284,34.13577],[74.82835,34.13571],[74.82832,34.13571],[74.82827,34.13572],[74.82827,34.13572],[74.8282,34.13572],[74.82807,34.1357],[74.82797,34.13568],[74.82781,34.13563],[74.82766,34.13558],[74.8275,34.1355],[74.82726,34.13536],[74.82723,34.13534],[74.82665,34.13495],[74.82661,34.13493],[74.82629,34.1347],[74.82601,34.13452],[74.82597,34.13449],[74.82566,34.13431],[74.82538,34.13417],[74.82521,34.13408],[74.82483,34.13389],[74.82474,34.13384],[74.82464,34.13383],[74.82441,34.13374],[74.82437,34.13369],[74.82433,34.13365],[74.8242,34.13355],[74.824,34.1334],[74.82393,34.13335],[74.82354,34.13305],[74.82344,34.13299],[74.82314,34.13277],[74.82311,34.13275],[74.823,34.13267],[74.82297,34.13262],[74.82294,34.1326],[74.82258,34.13235],[74.82254,34.13232],[74.82252,34.1323],[74.82231,34.13215],[74.82227,34.13212],[74.82218,34.13207],[74.82213,34.13205],[74.82205,34.13203],[74.822,34.132],[74.8218,34.1319],[74.82177,34.13188],[74.82173,34.13185],[74.82171,34.13181],[74.82168,34.13171],[74.82162,34.13155],[74.82155,34.13139],[74.82141,34.13112],[74.82132,34.13097],[74.82123,34.13085],[74.82113,34.13073],[74.821,34.1306],[74.82089,34.13049],[74.82071,34.13035],[74.82063,34.13029],[74.82055,34.13024],[74.82039,34.13012],[74.8203,34.13006],[74.82016,34.12995],[74.82003,34.12985],[74.81978,34.12959],[74.81963,34.12945],[74.81937,34.12918],[74.81921,34.12904],[74.81915,34.12899],[74.81911,34.12896],[74.81902,34.1289],[74.81892,34.12883],[74.81869,34.12866],[74.81865,34.12863],[74.81862,34.12859],[74.81855,34.12848],[74.81854,34.12846],[74.81848,34.12833],[74.81839,34.1281],[74.81829,34.12793],[74.81822,34.12782],[74.81817,34.12775],[74.81806,34.12759],[74.81799,34.12751],[74.81794,34.1274],[74.81761,34.12739],[74.81682,34.12741],[74.81668,34.12742],[74.81644,34.12742],[74.81637,34.12741],[74.81614,34.12739],[74.81616,34.12685],[74.81616,34.12671],[74.81616,34.12667],[74.81617,34.12649],[74.8162,34.126],[74.8162,34.12596],[74.81619,34.12582],[74.81617,34.12576],[74.81614,34.12571],[74.81594,34.12553],[74.81572,34.12537],[74.81535,34.12504],[74.81531,34.12496],[74.81529,34.12484],[74.8153,34.12479],[74.8153,34.12464],[74.81531,34.12444],[74.81532,34.12438],[74.81534,34.12414],[74.81535,34.12393],[74.81535,34.12392],[74.81537,34.12371],[74.81539,34.12349],[74.8154,34.12325],[74.81541,34.12304],[74.81541,34.12303],[74.81542,34.12299],[74.81542,34.12278],[74.81541,34.12265],[74.8154,34.12261],[74.81535,34.12259],[74.81503,34.12249],[74.81478,34.12243],[74.81444,34.12233],[74.81432,34.12229],[74.81419,34.12225],[74.8142,34.12208],[74.81419,34.1219],[74.81417,34.12176],[74.81416,34.12169],[74.81413,34.12149],[74.81411,34.1214],[74.81411,34.12129],[74.81412,34.12114],[74.81413,34.12112],[74.81407,34.12109],[74.81405,34.12105],[74.81405,34.12101],[74.81404,34.12089],[74.81406,34.12076],[74.81406,34.12075],[74.81407,34.12064],[74.81409,34.12058],[74.8141,34.12053],[74.81413,34.12046],[74.81402,34.12037],[74.8138,34.1202],[74.81373,34.12016],[74.81365,34.12011],[74.81347,34.12005],[74.81332,34.12001],[74.81312,34.11997],[74.81293,34.11993],[74.81293,34.11993],[74.81244,34.11984],[74.81222,34.11982],[74.81182,34.11978],[74.81176,34.11977],[74.8113,34.11974],[74.81119,34.11974],[74.81111,34.11975],[74.81091,34.11979],[74.81088,34.11979],[74.81067,34.11983],[74.81041,34.11988],[74.81029,34.11992],[74.81018,34.11996],[74.81011,34.11999],[74.81009,34.12003],[74.81009,34.12013],[74.81007,34.12025],[74.81007,34.12033],[74.81006,34.12046],[74.81005,34.12051],[74.81002,34.12054],[74.80996,34.12075],[74.80996,34.12077],[74.80993,34.12088],[74.80978,34.12148],[74.80978,34.12151],[74.80973,34.12173],[74.80967,34.12211],[74.80962,34.12243],[74.80958,34.12262],[74.80958,34.1227],[74.80953,34.12291],[74.80945,34.12317],[74.80925,34.12375],[74.80916,34.12382],[74.80915,34.12385],[74.80907,34.12418],[74.80911,34.12427],[74.80911,34.12432],[74.80902,34.12432],[74.80874,34.12435],[74.80856,34.12438],[74.80837,34.12441],[74.80819,34.12444],[74.80803,34.12447],[74.80781,34.12452],[74.80755,34.12458],[74.80737,34.12464],[74.80722,34.12472],[74.80708,34.12479],[74.80695,34.12487],[74.80688,34.12491],[74.8068,34.12494],[74.80663,34.12501],[74.80655,34.12505],[74.80644,34.1251],[74.80639,34.12513],[74.80633,34.12516],[74.80633,34.12544],[74.80634,34.12576],[74.80633,34.12605],[74.80633,34.12608],[74.80632,34.1262],[74.80631,34.12638],[74.80626,34.12683],[74.80621,34.12716],[74.80621,34.12719],[74.80618,34.12739],[74.80616,34.12753],[74.80615,34.12755],[74.80603,34.12788],[74.80595,34.12813],[74.80592,34.12821],[74.80579,34.12859],[74.80566,34.12893],[74.80565,34.12896],[74.80553,34.12927],[74.80536,34.12971],[74.80534,34.12974],[74.80531,34.12983],[74.80526,34.12998],[74.80526,34.13],[74.80524,34.13004],[74.80517,34.13023],[74.8051,34.13043],[74.80508,34.13047],[74.805,34.13066],[74.80499,34.13068],[74.80492,34.13086],[74.80487,34.13102],[74.80483,34.13119],[74.80478,34.13143],[74.80477,34.13146],[74.80472,34.13162],[74.80468,34.13179],[74.80464,34.13191],[74.80459,34.13212],[74.80456,34.1322],[74.80454,34.13228],[74.80446,34.1325],[74.80441,34.13273],[74.80434,34.13306],[74.80429,34.13323],[74.80425,34.13333],[74.8042,34.13343],[74.80414,34.13351],[74.80406,34.13362],[74.80399,34.13372],[74.80393,34.13384],[74.80387,34.13398],[74.80386,34.13399],[74.80382,34.13413],[74.8038,34.13428],[74.80376,34.13452],[74.80372,34.13472],[74.80371,34.13473],[74.80369,34.13485],[74.80364,34.13496],[74.80349,34.13527],[74.80342,34.13541],[74.80339,34.13546],[74.80337,34.1355],[74.80332,34.13559],[74.80325,34.13564],[74.80314,34.13586],[74.80311,34.13593],[74.80307,34.13601],[74.80304,34.13606],[74.80303,34.13609],[74.80265,34.13705],[74.80252,34.13738],[74.80251,34.13741],[74.80239,34.13774],[74.80235,34.13787],[74.8022,34.13835],[74.80222,34.13847],[74.80222,34.13848],[74.8022,34.1386],[74.80208,34.13911],[74.80199,34.13948],[74.80198,34.13963],[74.80192,34.14032],[74.8019,34.14051],[74.80187,34.1406],[74.80187,34.14093],[74.80187,34.14101],[74.80184,34.14138],[74.80181,34.14176],[74.8018,34.14193],[74.80178,34.14223],[74.8018,34.14284],[74.80189,34.14343],[74.8019,34.14351],[74.80203,34.14409],[74.80208,34.14434],[74.80212,34.14454],[74.80222,34.1451],[74.80227,34.14534],[74.80235,34.14564],[74.80237,34.14574],[74.80238,34.14577],[74.80243,34.14594],[74.80245,34.14603],[74.80265,34.14667],[74.8027,34.14685],[74.80276,34.14707],[74.80283,34.14749],[74.80283,34.14754],[74.80284,34.14771],[74.8028,34.14787],[74.80275,34.148],[74.80269,34.14812],[74.80266,34.14818],[74.80259,34.14848],[74.80256,34.14861],[74.80246,34.14906],[74.80245,34.14908],[74.80239,34.14931],[74.80229,34.14978],[74.80228,34.14983],[74.80227,34.14988],[74.80222,34.15012],[74.80221,34.15023],[74.8022,34.1504],[74.80219,34.15058],[74.80218,34.15075],[74.80231,34.15157],[74.80234,34.15181],[74.80237,34.15201],[74.8024,34.15222]]}},{"type":"Feature","properties":{"corridor_id":2,"od":"Soura \u2194 Nowshera via Lal Bazar (NE old-city Srinagar), with an eastern arm toward Nishat/Harwan that partly follows the SSCL Parimpora\u2013Harwan e-bus alignment.","matched":"Parimpora to Harwan via Brein Nishat","matched_id":"SSCL-01","n_runs":150,"n_drivers":12,"obs_km":11.5,"plan_km":23.3,"overlap":0.42,"kind":"plan"},"geometry":{"type":"LineString","coordinates":[[74.74745,34.11119],[74.7477,34.11064],[74.74767,34.11023],[74.74727,34.10956],[74.74682,34.10873],[74.75022,34.10769],[74.75424,34.10642],[74.75505,34.10615],[74.75689,34.10562],[74.76016,34.10451],[74.7616,34.10395],[74.76249,34.10361],[74.76381,34.10309],[74.76453,34.10274],[74.76575,34.10191],[74.76735,34.10087],[74.76906,34.09969],[74.771,34.09835],[74.77335,34.09665],[74.77441,34.09563],[74.77622,34.09301],[74.77726,34.09152],[74.77825,34.09136],[74.78107,34.09362],[74.78278,34.0954],[74.78373,34.09634],[74.78538,34.09605],[74.78744,34.09584],[74.79019,34.09555],[74.79207,34.09578],[74.79325,34.0969],[74.79355,34.09773],[74.79392,34.09945],[74.79427,34.10087],[74.7947,34.10266],[74.79484,34.10339],[74.79474,34.10457],[74.7953,34.10493],[74.79736,34.10506],[74.7981,34.10519],[74.79887,34.10519],[74.79949,34.10523],[74.80048,34.1057],[74.80093,34.10606],[74.8019,34.10648],[74.80302,34.10681],[74.80451,34.10764],[74.80527,34.10787],[74.80628,34.10792],[74.8069,34.10827],[74.80775,34.10876],[74.80886,34.10916],[74.80934,34.1094],[74.8094,34.11001],[74.80929,34.11125],[74.8086,34.11217],[74.80786,34.11315],[74.80673,34.11416],[74.80651,34.1145],[74.80638,34.115],[74.80629,34.11621],[74.8064,34.11862],[74.80666,34.11979],[74.80776,34.12053],[74.81005,34.12051],[74.81009,34.12003],[74.81067,34.11983],[74.81176,34.11977],[74.81332,34.12001],[74.81402,34.12037],[74.81463,34.12098],[74.81546,34.12146],[74.81575,34.12208],[74.81604,34.12273],[74.81651,34.12294],[74.81682,34.12365],[74.81721,34.12476],[74.8174,34.12567],[74.81799,34.12751],[74.81848,34.12833],[74.81892,34.12883],[74.81963,34.12945],[74.82055,34.13024],[74.82123,34.13085],[74.82168,34.13171],[74.82205,34.13203],[74.82293,34.13265],[74.82393,34.13335],[74.82464,34.13383],[74.82656,34.13497],[74.82751,34.13561],[74.82829,34.13578],[74.82922,34.13616],[74.83124,34.13669],[74.83257,34.13703],[74.83379,34.13735],[74.8348,34.13739],[74.83582,34.13889],[74.83581,34.14027],[74.83766,34.14076],[74.83958,34.1397],[74.84061,34.14026],[74.84125,34.14142],[74.84144,34.14268],[74.84194,34.1443],[74.84314,34.14591],[74.84422,34.14613],[74.84788,34.14612],[74.85111,34.14682],[74.85397,34.14722],[74.85639,34.14651],[74.86086,34.14327],[74.86107,34.1432],[74.86154,34.14289],[74.86538,34.14517],[74.86966,34.14887],[74.87013,34.14934],[74.87099,34.14986],[74.87137,34.15007],[74.87255,34.15071],[74.87368,34.15151],[74.87415,34.15167],[74.87499,34.15202],[74.87631,34.15214],[74.87734,34.1521],[74.87876,34.15241],[74.88121,34.1532],[74.88372,34.15406],[74.88599,34.15506],[74.88734,34.15536],[74.88889,34.1559],[74.89144,34.15675],[74.89231,34.15698],[74.89361,34.15721],[74.89497,34.15719],[74.89599,34.15734],[74.89714,34.15691],[74.89752,34.15694],[74.89848,34.15738],[74.89959,34.15795],[74.90095,34.15802],[74.90199,34.15822],[74.90301,34.15885],[74.9035,34.16022],[74.90385,34.16106],[74.90483,34.1612],[74.90758,34.16102],[74.90879,34.16069],[74.90929,34.16145],[74.91059,34.16074],[74.91173,34.15953],[74.91266,34.15769],[74.91349,34.15665],[74.91564,34.15456],[74.91767,34.15164]]}},{"type":"Feature","properties":{"corridor_id":9,"od":"Nowshera \u2194 Ellahibagh via Lal Bazar (NE Srinagar). A short local corridor in the same NE cluster as C2.","matched":"Parimpora to Harwan via Brein Nishat","matched_id":"SSCL-01","n_runs":32,"n_drivers":7,"obs_km":7.1,"plan_km":23.3,"overlap":0.4,"kind":"observed"},"geometry":{"type":"LineString","coordinates":[[74.80782,34.12452],[74.80803,34.12447],[74.80819,34.12444],[74.80837,34.12441],[74.80856,34.12438],[74.80856,34.12438],[74.80902,34.12432],[74.80911,34.12432],[74.80906,34.12461],[74.80906,34.12461],[74.80901,34.12491],[74.809,34.12514],[74.809,34.12531],[74.809,34.12539],[74.80899,34.12545],[74.80898,34.12553],[74.80897,34.12561],[74.80893,34.12574],[74.8089,34.12586],[74.80886,34.12596],[74.80874,34.12625],[74.80866,34.12645],[74.80861,34.12657],[74.80853,34.12672],[74.80848,34.1269],[74.80848,34.12692],[74.80841,34.12736],[74.80836,34.12748],[74.80835,34.12756],[74.80833,34.12763],[74.80833,34.12767],[74.80831,34.12778],[74.80831,34.1279],[74.80834,34.1282],[74.80837,34.12843],[74.80837,34.12858],[74.80836,34.1288],[74.80835,34.12889],[74.80835,34.12892],[74.80833,34.1291],[74.80894,34.12922],[74.80899,34.12923],[74.80931,34.12929],[74.80986,34.1294],[74.80996,34.12942],[74.81021,34.12945],[74.81035,34.12947],[74.81041,34.12947],[74.81067,34.12949],[74.81078,34.12949],[74.81098,34.12948],[74.81157,34.12944],[74.81157,34.12944],[74.81171,34.12942],[74.8118,34.12942],[74.81195,34.12942],[74.81233,34.12942],[74.81233,34.12967],[74.81233,34.12974],[74.81232,34.12989],[74.8123,34.13006],[74.81226,34.1303],[74.81223,34.13042],[74.81224,34.1305],[74.81224,34.1305],[74.81231,34.13062],[74.81246,34.13076],[74.81258,34.13086],[74.81262,34.13091],[74.81265,34.13099],[74.8127,34.13107],[74.81265,34.13112],[74.81263,34.13114],[74.81263,34.13117],[74.81265,34.13125],[74.81267,34.13135],[74.81267,34.13136],[74.81268,34.13142],[74.81268,34.13147],[74.81269,34.13152],[74.81272,34.13157],[74.81323,34.13192],[74.81326,34.13194],[74.8133,34.13197],[74.81336,34.13202],[74.81344,34.1321],[74.81355,34.13229],[74.81369,34.13255],[74.81374,34.13265],[74.81425,34.13254],[74.81437,34.1325],[74.81444,34.13246],[74.81452,34.13241],[74.81452,34.13241],[74.81459,34.1324],[74.81506,34.13208],[74.8153,34.1319],[74.81536,34.13184],[74.81541,34.13177],[74.81542,34.13161],[74.81548,34.13029],[74.81535,34.13029],[74.81533,34.13098],[74.81533,34.13117],[74.81533,34.1313],[74.81491,34.1313],[74.81488,34.13158],[74.81487,34.13163],[74.81485,34.13167],[74.81482,34.13171],[74.81466,34.13181],[74.81434,34.13201],[74.81422,34.1318],[74.81409,34.13157],[74.81408,34.13117],[74.81407,34.13114],[74.81408,34.13075],[74.81409,34.13049],[74.81409,34.13026],[74.81409,34.13012],[74.8141,34.1298],[74.8141,34.12978],[74.81413,34.12946],[74.81414,34.12939],[74.8142,34.12937],[74.81427,34.12936],[74.81433,34.12936],[74.81433,34.12924],[74.81432,34.12894],[74.81433,34.12851],[74.81433,34.1285],[74.81507,34.12838],[74.81509,34.12837],[74.81517,34.12837],[74.81537,34.12835],[74.81556,34.12832],[74.81574,34.12829],[74.8159,34.12822],[74.81595,34.1282],[74.81608,34.12815],[74.81633,34.12804],[74.81675,34.12787],[74.8168,34.12785],[74.8168,34.12785],[74.81699,34.12778],[74.81709,34.12775],[74.81717,34.12774],[74.81736,34.12773],[74.81748,34.12772],[74.81761,34.12769],[74.81773,34.12767],[74.8179,34.12764],[74.81806,34.12759],[74.81822,34.12782],[74.81829,34.12793],[74.81839,34.1281],[74.81843,34.1282],[74.81848,34.12833],[74.81855,34.12848],[74.81862,34.12859],[74.81865,34.12863],[74.81869,34.12866],[74.81892,34.12883],[74.81902,34.1289],[74.81902,34.1289],[74.81911,34.12896],[74.81921,34.12904],[74.81937,34.12918],[74.81963,34.12945],[74.81978,34.12959],[74.81981,34.12963],[74.82003,34.12985],[74.82016,34.12995],[74.8203,34.13006],[74.82055,34.13024],[74.82063,34.13029],[74.82071,34.13035],[74.8208,34.13043],[74.82089,34.13049],[74.82113,34.13073],[74.82123,34.13085],[74.82132,34.13097],[74.82141,34.13112],[74.82153,34.13136],[74.82155,34.13139],[74.82162,34.13155],[74.82168,34.13171],[74.82171,34.13181],[74.82173,34.13185],[74.8218,34.1319],[74.822,34.132],[74.82205,34.13203],[74.82209,34.13208],[74.82217,34.13213],[74.82239,34.13229],[74.82249,34.13235],[74.8229,34.13263],[74.82293,34.13265],[74.823,34.13267],[74.82311,34.13275],[74.82311,34.13275],[74.82344,34.13299],[74.82354,34.13305],[74.82393,34.13335],[74.824,34.1334],[74.82401,34.13341],[74.8242,34.13355],[74.82433,34.13365],[74.82441,34.13374],[74.82464,34.13383],[74.82469,34.13389],[74.82469,34.13389],[74.82528,34.13421],[74.82546,34.13431],[74.8256,34.13437],[74.82597,34.13457],[74.82628,34.13478],[74.82656,34.13497],[74.82663,34.13502],[74.82703,34.1353],[74.82711,34.13535],[74.8273,34.13549],[74.82743,34.13558],[74.82751,34.13561],[74.82763,34.13565],[74.82766,34.13566],[74.82781,34.13571],[74.82799,34.13575],[74.8282,34.13578],[74.82829,34.13578],[74.8284,34.13577],[74.82848,34.13585],[74.82851,34.13587],[74.82864,34.13594],[74.82891,34.13606],[74.82915,34.13614],[74.82922,34.13616],[74.82973,34.13631],[74.83017,34.13642],[74.83018,34.13643],[74.83044,34.1365],[74.8309,34.13661],[74.83096,34.13662],[74.83124,34.13669],[74.83142,34.13674],[74.83157,34.13677],[74.83177,34.13682],[74.83215,34.13692],[74.83215,34.13692],[74.83215,34.13692],[74.83175,34.13682],[74.83157,34.13677],[74.83142,34.13674],[74.83124,34.13669],[74.8309,34.13661],[74.83078,34.13658],[74.83044,34.1365],[74.83017,34.13642],[74.82981,34.13634],[74.82973,34.13631],[74.82922,34.13616],[74.82897,34.13608],[74.82891,34.13606],[74.82864,34.13594],[74.82851,34.13587],[74.8284,34.13577],[74.82835,34.13571],[74.82832,34.13571],[74.82827,34.13572],[74.82825,34.13572],[74.8282,34.13572],[74.82807,34.1357],[74.82797,34.13568],[74.82781,34.13563],[74.82766,34.13558],[74.8275,34.1355],[74.82726,34.13536],[74.82725,34.13535],[74.82665,34.13495],[74.82661,34.13493],[74.82656,34.13489],[74.82629,34.1347],[74.82597,34.13449],[74.82566,34.13431],[74.82566,34.13431],[74.82538,34.13417],[74.82483,34.13389],[74.82474,34.13384],[74.82464,34.13383],[74.82463,34.13383],[74.82441,34.13374],[74.82449,34.1339],[74.8246,34.13405],[74.82495,34.13451],[74.82527,34.13493],[74.82536,34.13508],[74.82549,34.13528],[74.82562,34.13549],[74.82587,34.13581],[74.82595,34.13591],[74.82639,34.13646],[74.82647,34.13656],[74.82658,34.1367],[74.82668,34.13688],[74.82679,34.1371],[74.82681,34.13716],[74.82687,34.13728],[74.82697,34.13749],[74.82707,34.13766],[74.82716,34.13781],[74.8272,34.13785],[74.82734,34.13805],[74.82756,34.13833],[74.82765,34.13843],[74.82766,34.13845],[74.82784,34.13869],[74.82827,34.13922],[74.82828,34.13923],[74.82842,34.1394],[74.82868,34.13966],[74.82875,34.13972],[74.82882,34.13979],[74.82895,34.13994],[74.82916,34.1402],[74.82926,34.14033],[74.82937,34.14047],[74.8297,34.14087],[74.82995,34.14118],[74.83016,34.14142],[74.83016,34.14143],[74.83027,34.14154],[74.8306,34.14196],[74.83079,34.1422],[74.83107,34.14257],[74.83113,34.14265],[74.83061,34.1429],[74.83054,34.14294],[74.83054,34.14294],[74.8302,34.1431],[74.82986,34.14323],[74.82973,34.14328],[74.82961,34.14333],[74.82951,34.14338],[74.82925,34.1435],[74.82896,34.14365],[74.82868,34.14379],[74.82862,34.14383],[74.82844,34.14394],[74.82802,34.14419],[74.82788,34.14427],[74.82787,34.14428],[74.82772,34.14437],[74.8277,34.14438],[74.82745,34.14452],[74.82724,34.14464],[74.8272,34.14466],[74.82712,34.14471],[74.82702,34.14479],[74.82694,34.14486],[74.8268,34.14502],[74.82664,34.1452],[74.82657,34.14527],[74.82652,34.14533],[74.82636,34.14553],[74.8262,34.14571]]}},{"type":"Feature","properties":{"corridor_id":9,"od":"Nowshera \u2194 Ellahibagh via Lal Bazar (NE Srinagar). A short local corridor in the same NE cluster as C2.","matched":"Parimpora to Harwan via Brein Nishat","matched_id":"SSCL-01","n_runs":32,"n_drivers":7,"obs_km":7.1,"plan_km":23.3,"overlap":0.4,"kind":"plan"},"geometry":{"type":"LineString","coordinates":[[74.74745,34.11119],[74.7477,34.11064],[74.74767,34.11023],[74.74727,34.10956],[74.74682,34.10873],[74.75022,34.10769],[74.75424,34.10642],[74.75505,34.10615],[74.75689,34.10562],[74.76016,34.10451],[74.7616,34.10395],[74.76249,34.10361],[74.76381,34.10309],[74.76453,34.10274],[74.76575,34.10191],[74.76735,34.10087],[74.76906,34.09969],[74.771,34.09835],[74.77335,34.09665],[74.77441,34.09563],[74.77622,34.09301],[74.77726,34.09152],[74.77825,34.09136],[74.78107,34.09362],[74.78278,34.0954],[74.78373,34.09634],[74.78538,34.09605],[74.78744,34.09584],[74.79019,34.09555],[74.79207,34.09578],[74.79325,34.0969],[74.79355,34.09773],[74.79392,34.09945],[74.79427,34.10087],[74.7947,34.10266],[74.79484,34.10339],[74.79474,34.10457],[74.7953,34.10493],[74.79736,34.10506],[74.7981,34.10519],[74.79887,34.10519],[74.79949,34.10523],[74.80048,34.1057],[74.80093,34.10606],[74.8019,34.10648],[74.80302,34.10681],[74.80451,34.10764],[74.80527,34.10787],[74.80628,34.10792],[74.8069,34.10827],[74.80775,34.10876],[74.80886,34.10916],[74.80934,34.1094],[74.8094,34.11001],[74.80929,34.11125],[74.8086,34.11217],[74.80786,34.11315],[74.80673,34.11416],[74.80651,34.1145],[74.80638,34.115],[74.80629,34.11621],[74.8064,34.11862],[74.80666,34.11979],[74.80776,34.12053],[74.81005,34.12051],[74.81009,34.12003],[74.81067,34.11983],[74.81176,34.11977],[74.81332,34.12001],[74.81402,34.12037],[74.81463,34.12098],[74.81546,34.12146],[74.81575,34.12208],[74.81604,34.12273],[74.81651,34.12294],[74.81682,34.12365],[74.81721,34.12476],[74.8174,34.12567],[74.81799,34.12751],[74.81848,34.12833],[74.81892,34.12883],[74.81963,34.12945],[74.82055,34.13024],[74.82123,34.13085],[74.82168,34.13171],[74.82205,34.13203],[74.82293,34.13265],[74.82393,34.13335],[74.82464,34.13383],[74.82656,34.13497],[74.82751,34.13561],[74.82829,34.13578],[74.82922,34.13616],[74.83124,34.13669],[74.83257,34.13703],[74.83379,34.13735],[74.8348,34.13739],[74.83582,34.13889],[74.83581,34.14027],[74.83766,34.14076],[74.83958,34.1397],[74.84061,34.14026],[74.84125,34.14142],[74.84144,34.14268],[74.84194,34.1443],[74.84314,34.14591],[74.84422,34.14613],[74.84788,34.14612],[74.85111,34.14682],[74.85397,34.14722],[74.85639,34.14651],[74.86086,34.14327],[74.86107,34.1432],[74.86154,34.14289],[74.86538,34.14517],[74.86966,34.14887],[74.87013,34.14934],[74.87099,34.14986],[74.87137,34.15007],[74.87255,34.15071],[74.87368,34.15151],[74.87415,34.15167],[74.87499,34.15202],[74.87631,34.15214],[74.87734,34.1521],[74.87876,34.15241],[74.88121,34.1532],[74.88372,34.15406],[74.88599,34.15506],[74.88734,34.15536],[74.88889,34.1559],[74.89144,34.15675],[74.89231,34.15698],[74.89361,34.15721],[74.89497,34.15719],[74.89599,34.15734],[74.89714,34.15691],[74.89752,34.15694],[74.89848,34.15738],[74.89959,34.15795],[74.90095,34.15802],[74.90199,34.15822],[74.90301,34.15885],[74.9035,34.16022],[74.90385,34.16106],[74.90483,34.1612],[74.90758,34.16102],[74.90879,34.16069],[74.90929,34.16145],[74.91059,34.16074],[74.91173,34.15953],[74.91266,34.15769],[74.91349,34.15665],[74.91564,34.15456],[74.91767,34.15164]]}},{"type":"Feature","properties":{"corridor_id":11,"od":"Zoonimar \u2194 Gulab Bagh via Lal Bazar (N/NE Srinagar). Third corridor in the NE-Srinagar local cluster (C2, C9, C11).","matched":"Parimpora to Harwan via Brein Nishat","matched_id":"SSCL-01","n_runs":26,"n_drivers":9,"obs_km":11.2,"plan_km":23.3,"overlap":0.3,"kind":"observed"},"geometry":{"type":"LineString","coordinates":[[74.80117,34.12353],[74.80095,34.12351],[74.80098,34.12332],[74.80099,34.12324],[74.80101,34.12304],[74.801,34.12269],[74.80098,34.12255],[74.801,34.12242],[74.80108,34.12221],[74.80117,34.12202],[74.80118,34.12201],[74.8013,34.12186],[74.80137,34.12177],[74.80141,34.12168],[74.80137,34.12177],[74.8013,34.12186],[74.80117,34.12202],[74.80116,34.12204],[74.80117,34.12202],[74.8013,34.12186],[74.80137,34.12177],[74.80143,34.12166],[74.80147,34.12156],[74.80152,34.12137],[74.80168,34.12106],[74.80176,34.12092],[74.80182,34.12082],[74.80185,34.12073],[74.8019,34.12072],[74.8019,34.12072],[74.80226,34.12062],[74.80245,34.12058],[74.80262,34.12053],[74.80267,34.12051],[74.80285,34.12045],[74.80334,34.12026],[74.80342,34.12023],[74.80396,34.12009],[74.8041,34.12006],[74.80427,34.12004],[74.80463,34.11998],[74.80477,34.11997],[74.80476,34.11988],[74.80472,34.11962],[74.8047,34.11957],[74.80468,34.11954],[74.80467,34.11952],[74.80463,34.11948],[74.80462,34.11943],[74.80461,34.1194],[74.80459,34.11931],[74.80459,34.11919],[74.8046,34.11912],[74.80461,34.11905],[74.80464,34.11898],[74.80468,34.11893],[74.80473,34.11891],[74.80486,34.1189],[74.80502,34.11888],[74.80564,34.11884],[74.8057,34.11883],[74.80574,34.1188],[74.80578,34.11873],[74.80583,34.11857],[74.80585,34.11852],[74.80588,34.11847],[74.80595,34.11837],[74.806,34.11832],[74.80605,34.11827],[74.80613,34.1182],[74.80618,34.11818],[74.80622,34.11816],[74.80623,34.11816],[74.8063,34.11814],[74.80636,34.11813],[74.8064,34.11862],[74.80644,34.11901],[74.80645,34.1191],[74.80651,34.1192],[74.80659,34.11951],[74.8066,34.11955],[74.80663,34.11966],[74.80666,34.11979],[74.80672,34.12004],[74.80675,34.12028],[74.80678,34.1205],[74.80682,34.12076],[74.80682,34.12079],[74.80683,34.1209],[74.80685,34.12106],[74.80685,34.12124],[74.80685,34.12131],[74.80685,34.12141],[74.80684,34.12153],[74.80684,34.12156],[74.80683,34.12163],[74.80681,34.12174],[74.8068,34.12178],[74.80676,34.12192],[74.80669,34.12214],[74.8066,34.12243],[74.80656,34.12256],[74.80649,34.12267],[74.80643,34.12302],[74.8064,34.12319],[74.8064,34.12334],[74.8064,34.12343],[74.8064,34.1237],[74.8064,34.12386],[74.80638,34.1242],[74.80632,34.12471],[74.80631,34.12479],[74.80631,34.12481],[74.8063,34.12502],[74.80633,34.12514],[74.80633,34.12516],[74.80644,34.1251],[74.80655,34.12505],[74.80663,34.12501],[74.8068,34.12494],[74.80688,34.12491],[74.80695,34.12487],[74.80722,34.12472],[74.80737,34.12464],[74.80749,34.1246],[74.80755,34.12458],[74.80781,34.12452],[74.80803,34.12447],[74.80819,34.12444],[74.80837,34.12441],[74.80837,34.12441],[74.80856,34.12438],[74.80902,34.12432],[74.80911,34.12432],[74.80908,34.12448],[74.80906,34.12461],[74.80901,34.12491],[74.809,34.12514],[74.809,34.12531],[74.80899,34.12545],[74.80898,34.12553],[74.80897,34.12561],[74.80893,34.12574],[74.8089,34.12586],[74.80887,34.12595],[74.80886,34.12596],[74.80866,34.12645],[74.80861,34.12657],[74.80857,34.12664],[74.80853,34.12672],[74.80848,34.1269],[74.80841,34.12736],[74.80841,34.12736],[74.80836,34.12748],[74.80833,34.12763],[74.80833,34.12767],[74.80831,34.12778],[74.80831,34.1279],[74.80837,34.12843],[74.80837,34.12858],[74.80836,34.1288],[74.80835,34.12889],[74.80834,34.12897],[74.80833,34.1291],[74.80894,34.12922],[74.80923,34.12927],[74.80931,34.12929],[74.80986,34.1294],[74.81003,34.12943],[74.81021,34.12945],[74.81035,34.12947],[74.81041,34.12947],[74.81067,34.12949],[74.81098,34.12948],[74.81157,34.12944],[74.81171,34.12942],[74.8118,34.12942],[74.81184,34.12942],[74.81195,34.12942],[74.81233,34.12942],[74.81265,34.12941],[74.81278,34.1294],[74.81289,34.1294],[74.81293,34.12941],[74.81301,34.12944],[74.81371,34.12945],[74.81413,34.12946],[74.8141,34.1298],[74.81409,34.13012],[74.81409,34.13026],[74.81408,34.13071],[74.81408,34.13075],[74.81407,34.13114],[74.81409,34.1314],[74.81409,34.13157],[74.81413,34.13164],[74.81409,34.13157],[74.81407,34.13114],[74.81408,34.131],[74.81408,34.13075],[74.81409,34.13031],[74.81409,34.13026],[74.81409,34.13012],[74.8141,34.1298],[74.81413,34.12946],[74.81414,34.12939],[74.8142,34.12937],[74.81427,34.12936],[74.81433,34.12936],[74.81433,34.12909],[74.81432,34.12894],[74.81433,34.1285],[74.81444,34.12848],[74.81509,34.12837],[74.81517,34.12837],[74.81521,34.12837],[74.81537,34.12835],[74.81556,34.12832],[74.81574,34.12829],[74.81595,34.1282],[74.81608,34.12815],[74.81633,34.12804],[74.81675,34.12787],[74.8168,34.12785],[74.81691,34.12781],[74.81699,34.12778],[74.81709,34.12775],[74.81717,34.12774],[74.81736,34.12773],[74.81748,34.12772],[74.81761,34.12769],[74.81768,34.12768],[74.8179,34.12764],[74.81806,34.12759],[74.81822,34.12782],[74.81829,34.12793],[74.81838,34.12809],[74.81839,34.1281],[74.81848,34.12833],[74.81855,34.12848],[74.81862,34.12859],[74.81865,34.12863],[74.81869,34.12866],[74.81892,34.12883],[74.81902,34.1289],[74.81911,34.12896],[74.81921,34.12904],[74.81937,34.12918],[74.81963,34.12945],[74.81978,34.12959],[74.82002,34.12984],[74.82003,34.12985],[74.82016,34.12995],[74.8203,34.13006],[74.82055,34.13024],[74.82063,34.13029],[74.82071,34.13035],[74.82089,34.13049],[74.82102,34.13062],[74.82113,34.13073],[74.82123,34.13085],[74.82132,34.13097],[74.82141,34.13112],[74.82155,34.13139],[74.82162,34.13155],[74.82168,34.13171],[74.82171,34.13181],[74.82173,34.13185],[74.8218,34.1319],[74.822,34.132],[74.82205,34.13203],[74.82209,34.13208],[74.82219,34.13215],[74.82239,34.13229],[74.82249,34.13235],[74.8229,34.13263],[74.82293,34.13265],[74.823,34.13267],[74.82309,34.13274],[74.82311,34.13275],[74.82344,34.13299],[74.82354,34.13305],[74.82393,34.13335],[74.824,34.1334],[74.82407,34.13345],[74.8242,34.13355],[74.82433,34.13365],[74.82441,34.13374],[74.82464,34.13383],[74.82469,34.13389],[74.82528,34.13421],[74.8256,34.13437],[74.82571,34.13444],[74.82597,34.13457],[74.82656,34.13497],[74.82657,34.13498],[74.82663,34.13502],[74.82711,34.13535],[74.8273,34.13549],[74.82741,34.13556],[74.82743,34.13558],[74.82751,34.13561],[74.82763,34.13565],[74.82781,34.13571],[74.82799,34.13575],[74.8282,34.13578],[74.82829,34.13578],[74.8284,34.13577],[74.82851,34.13587],[74.82864,34.13594],[74.82891,34.13606],[74.82898,34.13608],[74.82922,34.13616],[74.82972,34.13631],[74.82973,34.13631],[74.83017,34.13642],[74.83044,34.1365],[74.83045,34.1365],[74.8309,34.13661],[74.83124,34.13669],[74.83142,34.13674],[74.83157,34.13677],[74.83203,34.13689],[74.83215,34.13692],[74.8324,34.13699],[74.83216,34.13833],[74.8324,34.13699],[74.83215,34.13692],[74.83215,34.13692],[74.83157,34.13677],[74.83142,34.13674],[74.83124,34.13669],[74.8309,34.13661],[74.83067,34.13655],[74.83044,34.1365],[74.83017,34.13642],[74.82992,34.13636],[74.82973,34.13631],[74.82922,34.13616],[74.82902,34.13609],[74.82891,34.13606],[74.82864,34.13594],[74.82851,34.13587],[74.8284,34.13577],[74.82835,34.13571],[74.82832,34.13571],[74.82827,34.13572],[74.8282,34.13572],[74.82807,34.1357],[74.82797,34.13568],[74.82781,34.13563],[74.82766,34.13558],[74.8275,34.1355],[74.82727,34.13537],[74.82726,34.13536],[74.82665,34.13495],[74.82661,34.13493],[74.8265,34.13485],[74.82629,34.1347],[74.82597,34.13449],[74.82566,34.13431],[74.8256,34.13428],[74.82538,34.13417],[74.82483,34.13389],[74.82474,34.13384],[74.82464,34.13383],[74.82441,34.13374],[74.82449,34.1339],[74.8246,34.13405],[74.82482,34.13434],[74.82522,34.13487],[74.82527,34.13493],[74.82549,34.13528],[74.82562,34.13549],[74.82562,34.13549],[74.82595,34.13591],[74.82647,34.13656],[74.82655,34.13665],[74.82658,34.1367],[74.82668,34.13688],[74.82679,34.1371],[74.82687,34.13728],[74.82697,34.13749],[74.82707,34.13766],[74.82709,34.1377],[74.82716,34.13781],[74.82734,34.13805],[74.82756,34.13833],[74.82766,34.13845],[74.82784,34.13869],[74.82804,34.13893],[74.82828,34.13923],[74.82842,34.1394],[74.82863,34.13961],[74.82868,34.13966],[74.82875,34.13972],[74.82895,34.13994],[74.82916,34.1402],[74.82928,34.14036],[74.82937,34.14047],[74.82995,34.14118],[74.83016,34.14142],[74.83021,34.14148],[74.83027,34.14154],[74.83068,34.14205],[74.83079,34.1422],[74.83113,34.14265],[74.83106,34.14268],[74.83061,34.1429],[74.83054,34.14294],[74.8302,34.1431],[74.82986,34.14323],[74.82973,34.14328],[74.82958,34.14334],[74.82951,34.14338],[74.82925,34.1435],[74.82896,34.14365],[74.82868,34.14379],[74.82858,34.14385],[74.82844,34.14394],[74.82802,34.14419],[74.82796,34.14422],[74.82787,34.14428],[74.82772,34.14437],[74.8277,34.14438],[74.82745,34.14452],[74.8272,34.14466],[74.82712,34.14471],[74.82702,34.14479],[74.82694,34.14486],[74.8268,34.14502],[74.82657,34.14527],[74.82652,34.14533],[74.82637,34.14551],[74.82636,34.14553],[74.82617,34.14574],[74.82605,34.14586],[74.82591,34.14597],[74.82574,34.14607],[74.82566,34.14612],[74.8256,34.14617],[74.8255,34.14625],[74.8254,34.14632],[74.82537,34.14635],[74.82532,34.1464],[74.82522,34.1465],[74.82511,34.14668],[74.82511,34.14668],[74.82504,34.14677],[74.825,34.14681],[74.82486,34.14698],[74.82483,34.14701],[74.82476,34.14709],[74.82461,34.1472],[74.82453,34.14725],[74.82447,34.14728],[74.8244,34.1473],[74.82422,34.14733],[74.82412,34.14735],[74.82409,34.14735],[74.82391,34.14736],[74.82378,34.14735],[74.82366,34.14733],[74.82364,34.14733],[74.82352,34.14731],[74.82324,34.14723],[74.82303,34.1472],[74.82281,34.1472],[74.82278,34.14721],[74.82264,34.14722],[74.82228,34.14729],[74.8221,34.14734],[74.82184,34.14743],[74.82166,34.1475],[74.82127,34.14769],[74.82092,34.14785],[74.82072,34.14796],[74.82052,34.14806],[74.8204,34.14813],[74.8203,34.14817],[74.82018,34.14822],[74.82002,34.14825],[74.82001,34.14825],[74.8199,34.14826],[74.81977,34.1483],[74.81966,34.14834],[74.8195,34.14843],[74.81941,34.14848],[74.81928,34.14851],[74.81928,34.14851],[74.81912,34.14854],[74.81888,34.14857],[74.81881,34.14858],[74.81878,34.14859],[74.81869,34.14861],[74.8186,34.14865],[74.81829,34.14881],[74.81757,34.14917],[74.81692,34.14944],[74.81692,34.14944],[74.81681,34.14949],[74.81635,34.14971],[74.81601,34.14988],[74.81541,34.15017],[74.81543,34.15026],[74.81542,34.15046],[74.81539,34.1511],[74.81534,34.15196],[74.81534,34.15207],[74.81534,34.15237],[74.81532,34.15266],[74.81531,34.15277],[74.8153,34.15312],[74.81526,34.15355],[74.81526,34.1536],[74.81524,34.15381],[74.81517,34.15462],[74.81515,34.15505],[74.81516,34.15522],[74.81518,34.15532],[74.8152,34.15536],[74.81531,34.15567],[74.81541,34.156],[74.81544,34.15615],[74.81546,34.15626],[74.81549,34.15642],[74.81555,34.15685],[74.81558,34.15697],[74.81586,34.15759],[74.81614,34.15823],[74.81637,34.15874],[74.81647,34.15897],[74.8165,34.15904],[74.81693,34.16008],[74.81706,34.16037],[74.81707,34.16038],[74.8172,34.16078],[74.81726,34.16095]]}},{"type":"Feature","properties":{"corridor_id":11,"od":"Zoonimar \u2194 Gulab Bagh via Lal Bazar (N/NE Srinagar). Third corridor in the NE-Srinagar local cluster (C2, C9, C11).","matched":"Parimpora to Harwan via Brein Nishat","matched_id":"SSCL-01","n_runs":26,"n_drivers":9,"obs_km":11.2,"plan_km":23.3,"overlap":0.3,"kind":"plan"},"geometry":{"type":"LineString","coordinates":[[74.74745,34.11119],[74.7477,34.11064],[74.74767,34.11023],[74.74727,34.10956],[74.74682,34.10873],[74.75022,34.10769],[74.75424,34.10642],[74.75505,34.10615],[74.75689,34.10562],[74.76016,34.10451],[74.7616,34.10395],[74.76249,34.10361],[74.76381,34.10309],[74.76453,34.10274],[74.76575,34.10191],[74.76735,34.10087],[74.76906,34.09969],[74.771,34.09835],[74.77335,34.09665],[74.77441,34.09563],[74.77622,34.09301],[74.77726,34.09152],[74.77825,34.09136],[74.78107,34.09362],[74.78278,34.0954],[74.78373,34.09634],[74.78538,34.09605],[74.78744,34.09584],[74.79019,34.09555],[74.79207,34.09578],[74.79325,34.0969],[74.79355,34.09773],[74.79392,34.09945],[74.79427,34.10087],[74.7947,34.10266],[74.79484,34.10339],[74.79474,34.10457],[74.7953,34.10493],[74.79736,34.10506],[74.7981,34.10519],[74.79887,34.10519],[74.79949,34.10523],[74.80048,34.1057],[74.80093,34.10606],[74.8019,34.10648],[74.80302,34.10681],[74.80451,34.10764],[74.80527,34.10787],[74.80628,34.10792],[74.8069,34.10827],[74.80775,34.10876],[74.80886,34.10916],[74.80934,34.1094],[74.8094,34.11001],[74.80929,34.11125],[74.8086,34.11217],[74.80786,34.11315],[74.80673,34.11416],[74.80651,34.1145],[74.80638,34.115],[74.80629,34.11621],[74.8064,34.11862],[74.80666,34.11979],[74.80776,34.12053],[74.81005,34.12051],[74.81009,34.12003],[74.81067,34.11983],[74.81176,34.11977],[74.81332,34.12001],[74.81402,34.12037],[74.81463,34.12098],[74.81546,34.12146],[74.81575,34.12208],[74.81604,34.12273],[74.81651,34.12294],[74.81682,34.12365],[74.81721,34.12476],[74.8174,34.12567],[74.81799,34.12751],[74.81848,34.12833],[74.81892,34.12883],[74.81963,34.12945],[74.82055,34.13024],[74.82123,34.13085],[74.82168,34.13171],[74.82205,34.13203],[74.82293,34.13265],[74.82393,34.13335],[74.82464,34.13383],[74.82656,34.13497],[74.82751,34.13561],[74.82829,34.13578],[74.82922,34.13616],[74.83124,34.13669],[74.83257,34.13703],[74.83379,34.13735],[74.8348,34.13739],[74.83582,34.13889],[74.83581,34.14027],[74.83766,34.14076],[74.83958,34.1397],[74.84061,34.14026],[74.84125,34.14142],[74.84144,34.14268],[74.84194,34.1443],[74.84314,34.14591],[74.84422,34.14613],[74.84788,34.14612],[74.85111,34.14682],[74.85397,34.14722],[74.85639,34.14651],[74.86086,34.14327],[74.86107,34.1432],[74.86154,34.14289],[74.86538,34.14517],[74.86966,34.14887],[74.87013,34.14934],[74.87099,34.14986],[74.87137,34.15007],[74.87255,34.15071],[74.87368,34.15151],[74.87415,34.15167],[74.87499,34.15202],[74.87631,34.15214],[74.87734,34.1521],[74.87876,34.15241],[74.88121,34.1532],[74.88372,34.15406],[74.88599,34.15506],[74.88734,34.15536],[74.88889,34.1559],[74.89144,34.15675],[74.89231,34.15698],[74.89361,34.15721],[74.89497,34.15719],[74.89599,34.15734],[74.89714,34.15691],[74.89752,34.15694],[74.89848,34.15738],[74.89959,34.15795],[74.90095,34.15802],[74.90199,34.15822],[74.90301,34.15885],[74.9035,34.16022],[74.90385,34.16106],[74.90483,34.1612],[74.90758,34.16102],[74.90879,34.16069],[74.90929,34.16145],[74.91059,34.16074],[74.91173,34.15953],[74.91266,34.15769],[74.91349,34.15665],[74.91564,34.15456],[74.91767,34.15164]]}},{"type":"Feature","properties":{"corridor_id":12,"od":"Nowhatta (old city) \u2194 Karan Nagar (SMHS / Medical College area) via Chotta Bazar / Medical College Road. Short central hospital-access corridor.","matched":"Batamaloo to Womens College Batpora via Rainawari","matched_id":"SSCL-17","n_runs":22,"n_drivers":9,"obs_km":5.7,"plan_km":4.5,"overlap":0.41,"kind":"observed"},"geometry":{"type":"LineString","coordinates":[[74.81824,34.09221],[74.81815,34.09222],[74.81803,34.09225],[74.81794,34.09228],[74.81786,34.09232],[74.81776,34.09238],[74.81761,34.09248],[74.81752,34.09256],[74.81751,34.09256],[74.81744,34.09262],[74.8173,34.09248],[74.81726,34.09242],[74.81722,34.09237],[74.81703,34.09201],[74.81684,34.09164],[74.81674,34.09151],[74.81663,34.09138],[74.81658,34.09133],[74.81651,34.09127],[74.81615,34.09103],[74.81596,34.09092],[74.81572,34.09076],[74.81552,34.09063],[74.81503,34.09034],[74.815,34.09032],[74.81495,34.09029],[74.81454,34.09072],[74.81447,34.09077],[74.81439,34.09084],[74.81424,34.09091],[74.81406,34.09099],[74.81395,34.09106],[74.8139,34.09111],[74.81384,34.09119],[74.8138,34.09127],[74.81378,34.09133],[74.81374,34.09143],[74.8136,34.09134],[74.81351,34.09127],[74.8134,34.09114],[74.81329,34.09102],[74.81327,34.09098],[74.81322,34.09091],[74.8132,34.09084],[74.81319,34.09081],[74.81317,34.09072],[74.81315,34.09061],[74.81313,34.09039],[74.81311,34.09027],[74.8131,34.0901],[74.8131,34.08995],[74.81309,34.08973],[74.81309,34.0896],[74.81308,34.08953],[74.81307,34.08942],[74.81305,34.08931],[74.813,34.0892],[74.81295,34.0891],[74.8128,34.08891],[74.81276,34.08887],[74.8127,34.0888],[74.81258,34.08867],[74.81238,34.08846],[74.81226,34.08834],[74.81222,34.0883],[74.8121,34.08816],[74.81204,34.08805],[74.812,34.08795],[74.81196,34.08782],[74.81194,34.08773],[74.81186,34.08745],[74.81179,34.08721],[74.81176,34.08711],[74.81166,34.08712],[74.81145,34.08713],[74.81142,34.08714],[74.81135,34.08718],[74.81053,34.0872],[74.81002,34.08721],[74.80975,34.08724],[74.80959,34.08725],[74.80909,34.08732],[74.80881,34.08738],[74.80832,34.08748],[74.8079,34.08757],[74.80773,34.08761],[74.80714,34.08767],[74.80706,34.08769],[74.80623,34.0878],[74.8062,34.0878],[74.80584,34.08786],[74.80576,34.08786],[74.80549,34.08785],[74.80536,34.08783],[74.80535,34.08783],[74.80522,34.08781],[74.80515,34.08779],[74.805,34.08772],[74.8047,34.08759],[74.80455,34.08754],[74.80453,34.08754],[74.80423,34.08748],[74.80383,34.08742],[74.8036,34.08738],[74.80354,34.08736],[74.80347,34.08735],[74.80312,34.08729],[74.8028,34.08723],[74.80272,34.0872],[74.80259,34.08716],[74.80237,34.0871],[74.8023,34.08708],[74.80225,34.08705],[74.8021,34.08698],[74.80189,34.08683],[74.80178,34.08678],[74.80165,34.08672],[74.80127,34.08664],[74.80127,34.08651],[74.80127,34.08633],[74.80129,34.08574],[74.80128,34.08547],[74.80127,34.08539],[74.80127,34.08534],[74.80129,34.0853],[74.8013,34.08526],[74.80129,34.08521],[74.80116,34.08485],[74.80114,34.08477],[74.80105,34.08441],[74.80089,34.08378],[74.80085,34.08365],[74.80081,34.08352],[74.80081,34.08349],[74.80079,34.08346],[74.80076,34.08344],[74.80081,34.08338],[74.80098,34.08318],[74.80113,34.08293],[74.80114,34.08292],[74.80117,34.0828],[74.80121,34.08264],[74.80121,34.0825],[74.80122,34.0824],[74.80118,34.08221],[74.80114,34.08203],[74.80109,34.08184],[74.80101,34.08155],[74.80097,34.08141],[74.80094,34.08132],[74.80087,34.08116],[74.80069,34.08078],[74.80068,34.08078],[74.80051,34.08051],[74.80027,34.08012],[74.80025,34.08009],[74.80005,34.07979],[74.79996,34.07966],[74.79999,34.07963],[74.80001,34.0796],[74.80001,34.07956],[74.80001,34.07952],[74.79998,34.07949],[74.79995,34.07947],[74.79994,34.07946],[74.7999,34.07945],[74.79986,34.07945],[74.79985,34.07945],[74.79983,34.07945],[74.7998,34.07946],[74.79976,34.07949],[74.79974,34.07952],[74.79973,34.07956],[74.79974,34.0796],[74.79976,34.07964],[74.79971,34.0797],[74.79934,34.08021],[74.79926,34.08032],[74.79892,34.08076],[74.7989,34.08078],[74.79877,34.08096],[74.79854,34.08129],[74.79851,34.08135],[74.79842,34.08152],[74.79835,34.08148],[74.79784,34.08123],[74.79782,34.08123],[74.79741,34.0811],[74.79732,34.08109],[74.79724,34.08107],[74.7972,34.08106],[74.79717,34.08105],[74.79709,34.08104],[74.79707,34.08104],[74.79703,34.08102],[74.79685,34.08095],[74.79675,34.08092],[74.79663,34.0809],[74.79628,34.08083],[74.79614,34.08082],[74.79582,34.08078],[74.79546,34.08076],[74.7952,34.08073],[74.79514,34.08072],[74.79503,34.0807],[74.79431,34.08056],[74.79438,34.08043],[74.79439,34.0804],[74.79447,34.07974],[74.79453,34.07921],[74.79454,34.07919],[74.79462,34.07825],[74.79465,34.07787],[74.79469,34.07731],[74.79477,34.0761],[74.79478,34.07576],[74.79482,34.07563],[74.79485,34.07559],[74.79493,34.07552],[74.7948,34.07546],[74.79473,34.07552],[74.79468,34.07561],[74.79465,34.07575],[74.79462,34.07608],[74.79461,34.07652],[74.79458,34.07731],[74.79451,34.07823],[74.79449,34.07847],[74.79393,34.07837],[74.79393,34.07837],[74.79385,34.07834],[74.7938,34.07831],[74.79379,34.07828],[74.79378,34.07824],[74.79376,34.07777],[74.79374,34.07771],[74.79371,34.07768],[74.79366,34.07768],[74.79337,34.0778],[74.79331,34.07781],[74.79327,34.0778],[74.79324,34.07778],[74.79324,34.07777],[74.79322,34.07772],[74.79323,34.07767],[74.79324,34.07753],[74.79324,34.07745],[74.79322,34.07737],[74.79317,34.07726],[74.79309,34.07699],[74.79304,34.07657],[74.79305,34.07611],[74.79306,34.07584],[74.79307,34.07547],[74.79413,34.07546],[74.79422,34.07546],[74.79465,34.07547],[74.79473,34.07552],[74.79468,34.07561],[74.79465,34.07575],[74.79462,34.07608],[74.79461,34.07652],[74.79458,34.07731],[74.79457,34.07752],[74.79452,34.07819],[74.79451,34.07823],[74.79449,34.07847],[74.79444,34.07916],[74.79444,34.07921],[74.79439,34.07961],[74.79437,34.07975],[74.79429,34.08019],[74.79429,34.08019]]}},{"type":"Feature","properties":{"corridor_id":12,"od":"Nowhatta (old city) \u2194 Karan Nagar (SMHS / Medical College area) via Chotta Bazar / Medical College Road. Short central hospital-access corridor.","matched":"Batamaloo to Womens College Batpora via Rainawari","matched_id":"SSCL-17","n_runs":22,"n_drivers":9,"obs_km":5.7,"plan_km":4.5,"overlap":0.41,"kind":"plan"},"geometry":{"type":"LineString","coordinates":[[74.77963,34.06871],[74.78014,34.06896],[74.78024,34.06902],[74.78027,34.06908],[74.78024,34.06918],[74.78026,34.06922],[74.78034,34.0693],[74.78052,34.06939],[74.78068,34.06946],[74.78094,34.06902],[74.78123,34.06917],[74.78172,34.06884],[74.78199,34.06869],[74.78232,34.06847],[74.7824,34.06855],[74.78277,34.06886],[74.78319,34.06916],[74.78358,34.06942],[74.78398,34.06966],[74.78442,34.06994],[74.78464,34.07007],[74.78502,34.07032],[74.78561,34.07069],[74.7858,34.07077],[74.78593,34.07082],[74.78607,34.07084],[74.78622,34.07083],[74.78637,34.07078],[74.7865,34.0707],[74.7866,34.07062],[74.7867,34.0706],[74.7868,34.0706],[74.78687,34.07062],[74.78711,34.07072],[74.78795,34.07111],[74.78845,34.07134],[74.78854,34.07142],[74.78862,34.07153],[74.78865,34.07164],[74.78864,34.07178],[74.78841,34.07271],[74.78828,34.07321],[74.78808,34.07395],[74.78803,34.07404],[74.78802,34.0741],[74.78795,34.07438],[74.78793,34.07451],[74.78792,34.07463],[74.78792,34.07481],[74.78794,34.07497],[74.78799,34.0751],[74.78805,34.0752],[74.78816,34.07529],[74.78829,34.07534],[74.78841,34.07538],[74.78862,34.0754],[74.7892,34.07542],[74.78968,34.07547],[74.79059,34.07552],[74.79141,34.07556],[74.79178,34.07556],[74.79193,34.07556],[74.79213,34.07555],[74.79231,34.07552],[74.79248,34.07549],[74.7927,34.07547],[74.79305,34.07548],[74.79307,34.07547],[74.79413,34.07546],[74.79422,34.07546],[74.79465,34.07547],[74.79473,34.07552],[74.79485,34.07559],[74.79493,34.07552],[74.79539,34.07532],[74.79541,34.07531],[74.79567,34.07519],[74.79604,34.07505],[74.79644,34.07489],[74.79689,34.07469],[74.79703,34.07462],[74.79745,34.07528],[74.79813,34.07634],[74.79849,34.07699],[74.79898,34.07786],[74.79922,34.07828],[74.79939,34.07859],[74.79943,34.07867],[74.79967,34.0791],[74.79977,34.07932],[74.79983,34.07945],[74.7998,34.07946],[74.79976,34.07949],[74.79974,34.07952],[74.79973,34.07956],[74.79974,34.0796],[74.79976,34.07964],[74.79979,34.07966],[74.79983,34.07968],[74.79988,34.07968],[74.79992,34.07968],[74.79996,34.07966],[74.80005,34.07979],[74.80025,34.08009],[74.80051,34.08051],[74.80069,34.08078],[74.80087,34.08116],[74.80094,34.08132],[74.80101,34.08155],[74.80109,34.08184],[74.80114,34.08203],[74.80122,34.0824],[74.80121,34.0825],[74.80121,34.08264],[74.80117,34.0828],[74.80113,34.08293],[74.80098,34.08318],[74.80081,34.08338],[74.80076,34.08344],[74.80073,34.08344],[74.8007,34.08344],[74.80066,34.08344],[74.80063,34.08347],[74.80061,34.0835],[74.80061,34.08353],[74.80063,34.08357],[74.80066,34.08359],[74.8007,34.0836],[74.80074,34.0836],[74.80081,34.08387],[74.80101,34.08465],[74.80104,34.08478],[74.80107,34.08489],[74.8012,34.08523],[74.80122,34.08528],[74.80124,34.08531],[74.80127,34.08534],[74.80128,34.08547],[74.80129,34.08574],[74.80127,34.08651],[74.80127,34.08664],[74.80165,34.08672],[74.80189,34.08683],[74.8021,34.08698],[74.80225,34.08705],[74.8023,34.08708],[74.80237,34.0871],[74.80272,34.0872],[74.8028,34.08723],[74.80312,34.08729],[74.80347,34.08735],[74.80354,34.08736],[74.80383,34.08742],[74.80423,34.08748],[74.80453,34.08754],[74.8047,34.08759],[74.805,34.08772],[74.80515,34.08779],[74.80522,34.08781],[74.80536,34.08783],[74.80549,34.08785],[74.80576,34.08786],[74.80584,34.08786],[74.80623,34.0878],[74.80714,34.08767],[74.80773,34.08761],[74.8083,34.08749]]}},{"type":"Feature","properties":{"corridor_id":13,"od":"Karan Nagar \u2194 Nawa Kadal via Noor Bagh (NW Srinagar, Qamarwari area).","matched":"Parimpora to Saidakadal","matched_id":"FDR-106","n_runs":15,"n_drivers":2,"obs_km":5.7,"plan_km":9.7,"overlap":0.34,"kind":"observed"},"geometry":{"type":"LineString","coordinates":[[74.79605,34.08569],[74.79596,34.08588],[74.79586,34.08611],[74.79582,34.08622],[74.79578,34.0863],[74.79577,34.08633],[74.79573,34.08637],[74.79544,34.08682],[74.79527,34.08708],[74.79522,34.08715],[74.7949,34.08763],[74.79459,34.08811],[74.79452,34.08821],[74.79441,34.08837],[74.79429,34.08847],[74.79416,34.08858],[74.79409,34.08856],[74.79402,34.08855],[74.79397,34.08855],[74.79387,34.08856],[74.79387,34.08856],[74.79376,34.08856],[74.79358,34.08854],[74.7932,34.08849],[74.79312,34.08849],[74.79296,34.08848],[74.79254,34.08841],[74.79228,34.08838],[74.79192,34.08833],[74.79174,34.08833],[74.79164,34.08836],[74.79121,34.08853],[74.79112,34.08857],[74.79107,34.08859],[74.79071,34.08874],[74.79045,34.0888],[74.7904,34.0888],[74.79031,34.0888],[74.79022,34.08881],[74.7901,34.08882],[74.78991,34.08884],[74.78952,34.08887],[74.78948,34.08888],[74.78938,34.0889],[74.78924,34.08895],[74.78915,34.08896],[74.78884,34.08898],[74.78854,34.08898],[74.78847,34.08898],[74.78784,34.08898],[74.78768,34.08898],[74.78766,34.08898],[74.7876,34.08898],[74.78737,34.08895],[74.78686,34.08894],[74.78676,34.08893],[74.78637,34.08891],[74.78588,34.08889],[74.78521,34.08886],[74.78511,34.08886],[74.78499,34.08889],[74.78487,34.08893],[74.7848,34.08897],[74.78475,34.089],[74.78442,34.08918],[74.78408,34.08931],[74.78381,34.08939],[74.78362,34.08946],[74.78318,34.08962],[74.78306,34.08967],[74.78279,34.08977],[74.78255,34.08986],[74.78196,34.09014],[74.78179,34.09022],[74.78147,34.09037],[74.78097,34.09063],[74.78093,34.09065],[74.78044,34.09092],[74.78028,34.09098],[74.78022,34.091],[74.77994,34.09107],[74.77946,34.09117],[74.77929,34.09121],[74.77872,34.09132],[74.77847,34.09138],[74.77837,34.09142],[74.77825,34.09136],[74.77822,34.09133],[74.7782,34.09136],[74.77814,34.09154],[74.77814,34.0916],[74.77794,34.09162],[74.77781,34.09164],[74.77765,34.09163],[74.77754,34.0916],[74.77726,34.09152],[74.77748,34.0912],[74.77756,34.09109],[74.77751,34.09106],[74.77749,34.09105],[74.77741,34.09117],[74.77652,34.09247],[74.77629,34.09245],[74.77622,34.09245],[74.77617,34.09246],[74.77613,34.09247],[74.77601,34.09254],[74.77593,34.0926],[74.77581,34.09266],[74.77551,34.0928],[74.77506,34.09292],[74.77498,34.0924],[74.77496,34.09237],[74.77492,34.09235],[74.77488,34.09234],[74.77478,34.09235],[74.77473,34.09234],[74.7747,34.09231],[74.77468,34.09225],[74.7746,34.09162],[74.77457,34.09156],[74.77456,34.09154],[74.77455,34.09153],[74.77453,34.09153],[74.77451,34.09153],[74.77388,34.09169],[74.7732,34.09181],[74.77309,34.09184],[74.77305,34.09185],[74.77303,34.09185],[74.77301,34.09185],[74.77297,34.09183],[74.77289,34.09177],[74.77286,34.09175],[74.77282,34.09174],[74.77274,34.09175],[74.77241,34.09181],[74.77237,34.09152],[74.77234,34.09115],[74.77235,34.09087],[74.77233,34.0907],[74.77226,34.09023],[74.77256,34.09005],[74.7729,34.08981],[74.77345,34.08955],[74.77357,34.0894],[74.77364,34.08923],[74.7737,34.08902],[74.77396,34.08875],[74.77422,34.08855],[74.7745,34.08833],[74.77473,34.08816],[74.77507,34.08785],[74.77589,34.08831],[74.77611,34.08826],[74.77621,34.08826],[74.77743,34.08895],[74.77763,34.08903],[74.77861,34.08934],[74.77863,34.08934],[74.77863,34.08934],[74.77863,34.08934],[74.77839,34.08969],[74.77824,34.08991],[74.77799,34.09028],[74.77782,34.09052],[74.77754,34.09098],[74.77749,34.09105],[74.77741,34.09117],[74.77702,34.09173],[74.77661,34.09233],[74.77652,34.09247],[74.77626,34.09284],[74.77623,34.09289],[74.77574,34.09355],[74.77571,34.09359],[74.77559,34.09376],[74.77538,34.09405],[74.77522,34.0943],[74.77491,34.09475],[74.77481,34.09489],[74.7742,34.0958],[74.77419,34.09581],[74.77408,34.09595],[74.77393,34.09609],[74.77374,34.09625],[74.77357,34.09638],[74.77336,34.09654],[74.77276,34.09698],[74.77266,34.09705],[74.77257,34.09712],[74.77176,34.09772],[74.77147,34.09793],[74.77113,34.09816],[74.77098,34.09827],[74.77032,34.09873],[74.77001,34.09894],[74.76949,34.0993],[74.76869,34.09985],[74.76842,34.10003],[74.76833,34.10009],[74.76791,34.10039],[74.76779,34.10047],[74.76768,34.10055],[74.76756,34.10062],[74.76749,34.10067],[74.7671,34.10092],[74.76647,34.10133],[74.76629,34.10145],[74.76567,34.10187],[74.76484,34.10243]]}},{"type":"Feature","properties":{"corridor_id":13,"od":"Karan Nagar \u2194 Nawa Kadal via Noor Bagh (NW Srinagar, Qamarwari area).","matched":"Parimpora to Saidakadal","matched_id":"FDR-106","n_runs":15,"n_drivers":2,"obs_km":5.7,"plan_km":9.7,"overlap":0.34,"kind":"plan"},"geometry":{"type":"LineString","coordinates":[[74.74745,34.11119],[74.74749,34.11109],[74.74755,34.11094],[74.7476,34.11085],[74.74768,34.11069],[74.7477,34.11064],[74.7477,34.11059],[74.74769,34.11053],[74.74767,34.11045],[74.74767,34.11037],[74.74767,34.11023],[74.7473,34.11023],[74.74735,34.10988],[74.74734,34.10975],[74.74732,34.10966],[74.74727,34.10956],[74.74716,34.10936],[74.74695,34.10898],[74.74685,34.10879],[74.74684,34.10878],[74.74682,34.10873],[74.74724,34.1086],[74.74807,34.10836],[74.74839,34.10825],[74.74851,34.10822],[74.75022,34.10769],[74.75142,34.10731],[74.75251,34.10697],[74.75324,34.10675],[74.75421,34.10643],[74.75424,34.10642],[74.75459,34.10631],[74.75476,34.10626],[74.75486,34.10622],[74.75496,34.10618],[74.75505,34.10615],[74.7551,34.10613],[74.75527,34.10606],[74.75602,34.10587],[74.75666,34.1057],[74.75689,34.10562],[74.75722,34.1055],[74.75763,34.10536],[74.75869,34.10497],[74.75995,34.10455],[74.76016,34.10451],[74.76042,34.10441],[74.76081,34.10427],[74.76114,34.10414],[74.76141,34.10403],[74.7616,34.10395],[74.76185,34.10385],[74.76192,34.10382],[74.76211,34.10375],[74.76235,34.10366],[74.76249,34.10361],[74.76282,34.10349],[74.76323,34.10332],[74.7634,34.10326],[74.76354,34.1032],[74.76381,34.10309],[74.764,34.10302],[74.76421,34.10293],[74.76437,34.10285],[74.76445,34.1028],[74.76453,34.10274],[74.76463,34.10267],[74.76466,34.10265],[74.76504,34.10241],[74.76541,34.10215],[74.76575,34.10191],[74.7658,34.10188],[74.76616,34.10163],[74.7665,34.1014],[74.76705,34.10106],[74.76735,34.10087],[74.76742,34.10083],[74.76767,34.10067],[74.76799,34.10046],[74.76848,34.10009],[74.76906,34.09969],[74.76923,34.09957],[74.76953,34.09937],[74.77008,34.099],[74.77068,34.09859],[74.771,34.09835],[74.77131,34.09814],[74.77179,34.0978],[74.77223,34.09747],[74.77292,34.09698],[74.77335,34.09665],[74.7737,34.09638],[74.77389,34.09624],[74.77408,34.09607],[74.77423,34.09591],[74.77441,34.09563],[74.77483,34.09497],[74.77521,34.09442],[74.77532,34.09427],[74.7758,34.09358],[74.77622,34.09301],[74.77643,34.0927],[74.7766,34.09244],[74.77678,34.09219],[74.77715,34.09168],[74.77726,34.09152],[74.77748,34.0912],[74.77756,34.09109],[74.77809,34.09132],[74.7782,34.09136],[74.77825,34.09136],[74.77837,34.09142],[74.7786,34.09162],[74.7791,34.09201],[74.78018,34.09285],[74.78107,34.09362],[74.78136,34.09387],[74.78147,34.09398],[74.78158,34.09412],[74.78233,34.09493],[74.78278,34.0954],[74.78343,34.09612],[74.78347,34.09616],[74.78358,34.09626],[74.78367,34.09631],[74.78373,34.09634],[74.78383,34.09636],[74.78392,34.09636],[74.78426,34.09631],[74.78483,34.09613],[74.78538,34.09605],[74.78596,34.09604],[74.78629,34.09599],[74.78687,34.09589],[74.78726,34.09586],[74.78744,34.09584],[74.788,34.0958],[74.78882,34.09577],[74.78933,34.09569],[74.78987,34.09559],[74.79019,34.09555],[74.79067,34.09554],[74.79095,34.09554],[74.79184,34.09555],[74.79191,34.09554],[74.79214,34.09554],[74.7925,34.09553],[74.79323,34.0954],[74.794,34.09527],[74.79451,34.09516],[74.79489,34.09507],[74.79511,34.09502],[74.79537,34.09498],[74.79579,34.09502],[74.79627,34.09511],[74.79648,34.09517],[74.7974,34.09541],[74.79814,34.09574],[74.79821,34.09578],[74.79843,34.09588],[74.79871,34.09609],[74.79959,34.09672],[74.80004,34.09718],[74.80019,34.09734],[74.80043,34.09757],[74.80063,34.09771],[74.80137,34.09824],[74.80176,34.09852],[74.80208,34.09881],[74.80221,34.09889],[74.80232,34.09894],[74.80257,34.099],[74.803,34.0991],[74.80323,34.09917],[74.80348,34.09926],[74.80355,34.0993],[74.80363,34.09936],[74.80385,34.09948],[74.80407,34.0996],[74.80429,34.09968],[74.80448,34.09971],[74.8047,34.09972],[74.80492,34.09971],[74.80512,34.09964],[74.80524,34.09957],[74.80549,34.09942],[74.80562,34.09952],[74.80572,34.09962],[74.80584,34.0997],[74.80593,34.09974],[74.80634,34.09988],[74.8067,34.10003],[74.80702,34.10016],[74.80802,34.10055],[74.80856,34.10074],[74.80931,34.10098],[74.80942,34.101],[74.80949,34.10102],[74.80966,34.10061],[74.80979,34.10027],[74.80984,34.10015],[74.80989,34.10004],[74.80995,34.09995],[74.81002,34.09986],[74.81011,34.09976],[74.81018,34.09968],[74.81034,34.09947],[74.81048,34.09928],[74.81055,34.09918],[74.81058,34.0991],[74.81062,34.09902],[74.81065,34.09893],[74.81068,34.09882],[74.81071,34.0987],[74.81076,34.09859],[74.81085,34.09847],[74.81094,34.09837],[74.81104,34.09829],[74.81105,34.09832],[74.81108,34.09834],[74.81135,34.09844],[74.81139,34.09844],[74.81142,34.09844],[74.81144,34.09842],[74.81154,34.09851],[74.81176,34.09866],[74.81193,34.09875],[74.81203,34.09879],[74.81218,34.09884],[74.81226,34.09886],[74.81282,34.09895],[74.8131,34.09902],[74.81332,34.09911],[74.81341,34.09915],[74.8136,34.09922],[74.8139,34.09933],[74.81411,34.09936],[74.81443,34.09936],[74.81448,34.09933],[74.81472,34.09923],[74.81518,34.09914],[74.81553,34.09908],[74.81584,34.09902],[74.81613,34.09898],[74.81642,34.09896],[74.81655,34.099],[74.81724,34.09907],[74.81755,34.09907],[74.81793,34.09899],[74.81827,34.09893],[74.81853,34.09893],[74.81885,34.09898],[74.81937,34.09911],[74.82011,34.09928],[74.82023,34.09932],[74.82147,34.0996],[74.82192,34.09971],[74.82197,34.09972],[74.82237,34.09981],[74.82226,34.10029],[74.82223,34.10117],[74.82221,34.1013],[74.8222,34.10135],[74.8221,34.10172],[74.82208,34.10189],[74.82206,34.102],[74.82208,34.10217],[74.82211,34.10226],[74.82214,34.10233],[74.82225,34.10249],[74.82246,34.10272],[74.8226,34.10285],[74.82295,34.10307],[74.82315,34.10318],[74.82338,34.10328],[74.82432,34.1036],[74.82482,34.10376],[74.82526,34.1039],[74.82541,34.10395],[74.82643,34.10427],[74.82695,34.1044],[74.82731,34.10448],[74.82744,34.1045],[74.82763,34.10399],[74.82765,34.10393],[74.82769,34.10388],[74.82771,34.10386],[74.82777,34.10382],[74.82788,34.10379],[74.82791,34.10378],[74.82794,34.10375],[74.82795,34.10373],[74.82795,34.10371],[74.82795,34.10362]]}},{"type":"Feature","properties":{"corridor_id":14,"od":"Batamaloo (main Srinagar terminal) \u2194 Budgam / Badgam (Budgam district HQ) via Peerbagh.","matched":"","matched_id":"","n_runs":9,"n_drivers":3,"obs_km":13.5,"plan_km":null,"overlap":null,"kind":"observed"},"geometry":{"type":"LineString","coordinates":[[74.79422,34.07546],[74.79465,34.07547],[74.79468,34.07542],[74.79425,34.07541],[74.79417,34.07541],[74.79338,34.0754],[74.7932,34.0754],[74.79274,34.07541],[74.79256,34.07541],[74.79243,34.07542],[74.79225,34.07546],[74.79213,34.07549],[74.79199,34.07549],[74.79177,34.07549],[74.79173,34.07549],[74.7909,34.07548],[74.79062,34.07546],[74.79059,34.07546],[74.79025,34.07543],[74.78969,34.07541],[74.78945,34.07538],[74.78929,34.07537],[74.78895,34.07535],[74.78891,34.07535],[74.78851,34.07533],[74.78843,34.07532],[74.7883,34.07529],[74.78818,34.07523],[74.7881,34.07516],[74.78808,34.07514],[74.78802,34.07503],[74.78797,34.07483],[74.78798,34.07462],[74.78802,34.07439],[74.78809,34.07405],[74.78808,34.07395],[74.78815,34.0737],[74.78828,34.07321],[74.78834,34.07298],[74.78841,34.07271],[74.78864,34.07178],[74.78865,34.07164],[74.78862,34.07154],[74.78862,34.07153],[74.78854,34.07142],[74.78845,34.07134],[74.78795,34.07111],[74.7879,34.07109],[74.78711,34.07072],[74.78687,34.07062],[74.7868,34.0706],[74.7867,34.0706],[74.7866,34.07062],[74.78644,34.07066],[74.78633,34.0707],[74.78623,34.07074],[74.78614,34.07075],[74.7861,34.07075],[74.78595,34.07073],[74.78583,34.07069],[74.78566,34.0706],[74.78526,34.07037],[74.78516,34.07031],[74.78468,34.07],[74.78447,34.06987],[74.78435,34.06978],[74.78406,34.0696],[74.78388,34.06949],[74.78327,34.06911],[74.78315,34.06904],[74.78284,34.0688],[74.78271,34.0687],[74.78247,34.0685],[74.7824,34.06842],[74.78211,34.06809],[74.78208,34.06805],[74.78161,34.06753],[74.78118,34.06705],[74.78103,34.06686],[74.78082,34.06662],[74.78046,34.06622],[74.78043,34.06618],[74.7804,34.06615],[74.7796,34.06529],[74.7795,34.06519],[74.77989,34.06505],[74.78034,34.06489],[74.78107,34.06462],[74.78126,34.06455],[74.78161,34.06445],[74.78202,34.06431],[74.78225,34.0642],[74.78251,34.06408],[74.78279,34.06394],[74.78308,34.06378],[74.78355,34.06351],[74.78362,34.06347],[74.78374,34.06338],[74.78405,34.06309],[74.78428,34.06287],[74.78437,34.06277],[74.78457,34.06256],[74.78463,34.06249],[74.78465,34.06247],[74.78491,34.0622],[74.78513,34.06192],[74.78528,34.06173],[74.7854,34.06155],[74.78549,34.06141],[74.7856,34.06121],[74.78567,34.06106],[74.78568,34.06105],[74.78572,34.06094],[74.78578,34.06077],[74.78586,34.06052],[74.78591,34.0603],[74.78599,34.05998],[74.78603,34.05987],[74.78614,34.05953],[74.78626,34.05913],[74.78637,34.05871],[74.78642,34.05849],[74.78647,34.05829],[74.78652,34.05812],[74.78657,34.05794],[74.78666,34.05752],[74.78677,34.05709],[74.78681,34.05686],[74.78694,34.0562],[74.78706,34.05556],[74.78714,34.05517],[74.7872,34.05468],[74.78723,34.05439],[74.78745,34.05257],[74.78746,34.0525],[74.7875,34.05226],[74.78758,34.05186],[74.78798,34.0498],[74.788,34.04973],[74.7882,34.04879],[74.78838,34.04794],[74.78848,34.04793],[74.78849,34.04769],[74.78861,34.04734],[74.78862,34.04727],[74.78869,34.04684],[74.78871,34.04671],[74.78887,34.04591],[74.78896,34.04546],[74.78903,34.04512],[74.78906,34.04496],[74.78913,34.04464],[74.78918,34.04446],[74.78928,34.04382],[74.7893,34.04371],[74.78946,34.04303],[74.78946,34.04266],[74.78958,34.04223],[74.78961,34.04208],[74.78974,34.04142],[74.78983,34.04097],[74.79008,34.03975],[74.79019,34.03921],[74.79037,34.03832],[74.7904,34.03816],[74.79044,34.03798],[74.79045,34.03788],[74.79047,34.03774],[74.79049,34.03764],[74.79013,34.03782],[74.78987,34.03799],[74.78971,34.03809],[74.78925,34.0384],[74.7888,34.0387],[74.7886,34.03886],[74.78844,34.03893],[74.78832,34.03895],[74.7882,34.03895],[74.78812,34.03892],[74.78804,34.03889],[74.78787,34.03878],[74.78782,34.03875],[74.78764,34.03862],[74.78715,34.03821],[74.78703,34.0381],[74.787,34.03807],[74.78677,34.03786],[74.78667,34.03776],[74.78653,34.03766],[74.78634,34.03751],[74.78611,34.03737],[74.78588,34.03721],[74.78566,34.03704],[74.78552,34.03691],[74.78541,34.03677],[74.78533,34.03668],[74.78513,34.03639],[74.78499,34.03615],[74.78491,34.03602],[74.78432,34.03497],[74.78406,34.03452],[74.78402,34.03445],[74.78401,34.03443],[74.78381,34.03409],[74.7836,34.03379],[74.78347,34.0336],[74.78334,34.03346],[74.78324,34.03335],[74.78308,34.03318],[74.78292,34.03302],[74.78258,34.03272],[74.78198,34.03215],[74.78194,34.03211],[74.7818,34.032],[74.78166,34.03189],[74.78136,34.03163],[74.78117,34.03144],[74.78105,34.0313],[74.78049,34.03061],[74.78048,34.03061],[74.78002,34.0301],[74.77988,34.02993],[74.77969,34.0297],[74.77958,34.02956],[74.77903,34.02887],[74.77885,34.02866],[74.77844,34.02815],[74.77842,34.02813],[74.77817,34.02784],[74.77787,34.02755],[74.77774,34.02742],[74.7776,34.02728],[74.77734,34.02699],[74.77692,34.02646],[74.77691,34.02645],[74.77617,34.02556],[74.77606,34.02544],[74.7757,34.02507],[74.77548,34.02484],[74.77524,34.02459],[74.77497,34.02432],[74.77496,34.0243],[74.77451,34.02385],[74.7744,34.02375],[74.77438,34.02373],[74.77383,34.02324],[74.77374,34.02318],[74.77346,34.02299],[74.77335,34.02293],[74.77318,34.02283],[74.77294,34.0227],[74.77253,34.02246],[74.77235,34.02237],[74.77205,34.02219],[74.77116,34.02171],[74.77063,34.02141],[74.77043,34.02131],[74.7704,34.02129],[74.77031,34.02124],[74.77025,34.02131],[74.77016,34.02141],[74.7701,34.02148],[74.77003,34.02156],[74.76998,34.02161],[74.7699,34.02167],[74.76978,34.02172],[74.76968,34.02178],[74.76947,34.02185],[74.76933,34.02193],[74.76902,34.02203],[74.76896,34.02205],[74.7687,34.02214],[74.76833,34.02227],[74.76791,34.02242],[74.76776,34.02247],[74.76769,34.02249],[74.76762,34.02252],[74.76726,34.02264],[74.76715,34.02268],[74.76618,34.02301],[74.76597,34.02308],[74.76576,34.02317],[74.76542,34.02331],[74.76534,34.02334],[74.76467,34.02366],[74.76427,34.0238],[74.76397,34.0239],[74.76361,34.02402],[74.76275,34.02428],[74.76274,34.02428],[74.76257,34.02434],[74.76241,34.02442],[74.76203,34.02459],[74.7618,34.02468],[74.76163,34.02475],[74.76151,34.02479],[74.76092,34.02497],[74.75955,34.0254],[74.75828,34.02581],[74.75795,34.02592],[74.75695,34.02633],[74.75621,34.02664],[74.75583,34.02683],[74.75573,34.02689],[74.75531,34.02716],[74.75459,34.02763],[74.75401,34.02799],[74.75314,34.02846],[74.7531,34.02849],[74.75249,34.02882],[74.75247,34.02883],[74.75218,34.02902],[74.75189,34.02924],[74.7516,34.02951],[74.75147,34.02963],[74.75135,34.0297],[74.75123,34.02973],[74.75112,34.02974],[74.75102,34.02973],[74.75101,34.02973],[74.75002,34.02952],[74.74958,34.02942],[74.74937,34.02937],[74.74923,34.02928],[74.74907,34.02914],[74.74871,34.02872],[74.74858,34.02855],[74.74849,34.02843],[74.74842,34.0283],[74.74839,34.02825],[74.7481,34.02763],[74.74804,34.02755],[74.74799,34.0275],[74.74793,34.02748],[74.74785,34.02744],[74.74773,34.0274],[74.74754,34.02736],[74.74701,34.02732],[74.74688,34.02733],[74.74679,34.02734],[74.74636,34.02747],[74.74614,34.02754],[74.74604,34.02756],[74.74594,34.02755],[74.74585,34.02753],[74.74578,34.02746],[74.74572,34.02737],[74.74568,34.0273],[74.74566,34.02727],[74.74544,34.02682],[74.74531,34.02669],[74.74516,34.02657],[74.745,34.02648],[74.74487,34.02646],[74.74452,34.02645],[74.7442,34.02646],[74.74411,34.02646],[74.74389,34.02646],[74.74373,34.02647],[74.74362,34.02649],[74.74317,34.02656],[74.74308,34.02658],[74.74301,34.02659],[74.74283,34.02662],[74.74196,34.0267],[74.74183,34.02672],[74.74178,34.02675],[74.74172,34.0268],[74.74125,34.02739],[74.74122,34.02742],[74.74079,34.02805],[74.74067,34.02822],[74.74053,34.02837],[74.74002,34.02886],[74.73996,34.02891],[74.7399,34.02896],[74.73983,34.029],[74.73973,34.02904],[74.73955,34.02911],[74.73921,34.02922],[74.73906,34.02927],[74.739,34.02929],[74.73884,34.02937],[74.73876,34.02942],[74.73872,34.02945],[74.73858,34.02957],[74.73829,34.02983],[74.73784,34.03026],[74.73783,34.03027],[74.73778,34.03029],[74.73772,34.03031],[74.73763,34.03033],[74.73759,34.03032],[74.73704,34.02996],[74.73695,34.02991],[74.73652,34.02961],[74.73643,34.02953],[74.73635,34.02943],[74.7362,34.02923],[74.73603,34.02901],[74.73586,34.02878],[74.73571,34.02858],[74.7356,34.02839],[74.7355,34.02817],[74.73548,34.02815],[74.73527,34.02777],[74.73517,34.02761],[74.73479,34.0271],[74.7347,34.02699],[74.7346,34.02688],[74.73459,34.02687],[74.7342,34.02642],[74.73403,34.02622],[74.73398,34.02616],[74.73397,34.02615],[74.73395,34.02608],[74.73394,34.026],[74.734,34.02526],[74.734,34.02518],[74.73398,34.02514],[74.73392,34.02506],[74.73382,34.02499],[74.73367,34.02492],[74.73355,34.02488],[74.73349,34.02487],[74.73331,34.02484],[74.73318,34.02483],[74.73303,34.0248],[74.73273,34.02476],[74.73222,34.02465],[74.73218,34.02464],[74.73206,34.02461],[74.73186,34.02455],[74.73174,34.02452],[74.73165,34.02449],[74.73124,34.02427],[74.73115,34.02421],[74.73099,34.02412],[74.73057,34.02398],[74.73055,34.02397],[74.73035,34.02388],[74.7302,34.02382],[74.73012,34.02376],[74.73009,34.02373],[74.73004,34.02366],[74.73002,34.02362],[74.73002,34.02361],[74.72995,34.02344],[74.72988,34.02326],[74.72984,34.0232],[74.7298,34.02315],[74.7297,34.02308],[74.72955,34.02299],[74.72937,34.02291],[74.72902,34.02274],[74.72892,34.02265],[74.72885,34.02258],[74.72877,34.02246],[74.72875,34.02243],[74.72864,34.02224],[74.72853,34.02211],[74.72864,34.02224],[74.72872,34.02239]]}},{"type":"Feature","properties":{"corridor_id":15,"od":"Rambagh (SW-central Srinagar) \u2194 Ellahibagh (NE) via Rainawari \u2014 a long cross-city diagonal along the Dal-east side.","matched":"Batamaloo to Hazratbal via Khanyar","matched_id":"SSCL-03","n_runs":7,"n_drivers":4,"obs_km":18.3,"plan_km":12.9,"overlap":0.39,"kind":"observed"},"geometry":{"type":"LineString","coordinates":[[74.80405,34.05104],[74.80356,34.05066],[74.80347,34.05058],[74.80305,34.0502],[74.80293,34.05008],[74.80289,34.05003],[74.80255,34.04959],[74.80252,34.04954],[74.80259,34.04948],[74.80268,34.04944],[74.80257,34.04943],[74.80246,34.04957],[74.80234,34.04969],[74.80215,34.04977],[74.80178,34.04986],[74.80178,34.04994],[74.80175,34.05029],[74.80175,34.05032],[74.80153,34.05031],[74.80084,34.05027],[74.80036,34.05016],[74.80014,34.05008],[74.7998,34.04996],[74.79892,34.04964],[74.79845,34.04956],[74.79794,34.04951],[74.79753,34.04955],[74.79712,34.04963],[74.79753,34.04955],[74.79794,34.04951],[74.79845,34.04956],[74.7988,34.04962],[74.79892,34.04964],[74.7998,34.04996],[74.80014,34.05008],[74.80036,34.05016],[74.80059,34.05021],[74.80084,34.05027],[74.80153,34.05031],[74.80175,34.05032],[74.80175,34.05029],[74.80178,34.04994],[74.80178,34.04986],[74.80179,34.04977],[74.80199,34.04972],[74.80215,34.04967],[74.80228,34.04962],[74.8024,34.04956],[74.80245,34.04963],[74.8028,34.05007],[74.80296,34.05026],[74.80327,34.05055],[74.80345,34.05069],[74.80368,34.05087],[74.80379,34.05096],[74.80431,34.05139],[74.8045,34.05157],[74.80457,34.05168],[74.80465,34.0518],[74.80471,34.05199],[74.80473,34.05217],[74.80472,34.05229],[74.80472,34.0523],[74.80467,34.05261],[74.8046,34.05322],[74.80458,34.05347],[74.80457,34.05374],[74.80457,34.05374],[74.80456,34.05383],[74.80446,34.05422],[74.80433,34.05464],[74.80431,34.05475],[74.80429,34.05494],[74.80427,34.05506],[74.80419,34.05528],[74.80414,34.05537],[74.80405,34.05553],[74.80367,34.05628],[74.80347,34.05676],[74.80333,34.05702],[74.8033,34.05709],[74.80311,34.05754],[74.80269,34.05864],[74.80261,34.05898],[74.80257,34.05916],[74.80253,34.0593],[74.80248,34.05945],[74.80245,34.05973],[74.80238,34.06029],[74.80236,34.06109],[74.80236,34.06115],[74.80237,34.06121],[74.8024,34.06141],[74.80241,34.06157],[74.80245,34.06192],[74.80246,34.06204],[74.80254,34.0624],[74.80267,34.063],[74.80275,34.06327],[74.80286,34.06367],[74.8029,34.06377],[74.80292,34.06384],[74.80299,34.06406],[74.80304,34.0642],[74.8032,34.06462],[74.80323,34.0647],[74.80331,34.06497],[74.80338,34.06519],[74.80343,34.06548],[74.80348,34.06573],[74.80352,34.06599],[74.80355,34.06612],[74.80357,34.06626],[74.80361,34.06655],[74.8036,34.06676],[74.8036,34.06696],[74.80358,34.06706],[74.80356,34.06726],[74.80351,34.06775],[74.80347,34.0681],[74.80346,34.06827],[74.80343,34.06891],[74.80342,34.06902],[74.8034,34.06923],[74.80337,34.06941],[74.80336,34.06958],[74.80336,34.06959],[74.80335,34.06977],[74.80335,34.07008],[74.80337,34.07039],[74.80345,34.07064],[74.80352,34.07085],[74.80371,34.07113],[74.80381,34.07141],[74.80383,34.07147],[74.80389,34.07164],[74.804,34.07162],[74.80415,34.07161],[74.80419,34.07161],[74.80429,34.07162],[74.80466,34.07164],[74.80475,34.07164],[74.80476,34.07164],[74.80542,34.07167],[74.80546,34.07167],[74.80591,34.07167],[74.80601,34.07162],[74.80615,34.07163],[74.80726,34.07165],[74.8073,34.07166],[74.80873,34.07169],[74.8088,34.0717],[74.80895,34.07173],[74.80908,34.07188],[74.80926,34.07191],[74.80926,34.07203],[74.80929,34.07207],[74.80957,34.07253],[74.80985,34.07297],[74.8099,34.07305],[74.81034,34.07365],[74.81048,34.07383],[74.81073,34.07417],[74.81084,34.07428],[74.811,34.0744],[74.81122,34.07455],[74.81132,34.07468],[74.81139,34.07481],[74.81145,34.07495],[74.8115,34.07507],[74.81155,34.07525],[74.81156,34.07528],[74.81161,34.07544],[74.81167,34.07559],[74.81177,34.07579],[74.81216,34.07652],[74.81222,34.07665],[74.81241,34.07707],[74.81246,34.07714],[74.81255,34.07721],[74.81279,34.07731],[74.81297,34.07737],[74.81312,34.0774],[74.81313,34.07753],[74.81315,34.07776],[74.81316,34.07784],[74.81317,34.07791],[74.81319,34.07826],[74.81319,34.07833],[74.81341,34.07836],[74.81358,34.07838],[74.81389,34.0784],[74.81404,34.0784],[74.81417,34.07841],[74.81435,34.07844],[74.81523,34.07856],[74.81605,34.07872],[74.8162,34.07875],[74.81641,34.0788],[74.81675,34.07887],[74.81735,34.07895],[74.81752,34.07899],[74.81768,34.07903],[74.81818,34.07921],[74.8187,34.07937],[74.8189,34.07943],[74.81905,34.07948],[74.81945,34.07955],[74.81954,34.07958],[74.81966,34.07961],[74.81973,34.07962],[74.81983,34.07963],[74.81987,34.07964],[74.81988,34.07966],[74.8199,34.07968],[74.81988,34.07978],[74.81978,34.08034],[74.81973,34.08062],[74.81972,34.08068],[74.81964,34.081],[74.81955,34.08133],[74.8194,34.08176],[74.81934,34.08199],[74.81934,34.082],[74.81932,34.08208],[74.8193,34.08221],[74.81929,34.08239],[74.81931,34.0826],[74.8194,34.08323],[74.81949,34.08322],[74.81958,34.08321],[74.81976,34.0832],[74.8208,34.08311],[74.82102,34.08311],[74.82111,34.08311],[74.82125,34.08313],[74.82141,34.08317],[74.82142,34.08318],[74.82159,34.08324],[74.8218,34.08336],[74.82209,34.08356],[74.82218,34.08363],[74.82257,34.08421],[74.8229,34.0847],[74.82278,34.0848],[74.82273,34.08487],[74.82269,34.08494],[74.82268,34.08504],[74.82269,34.08512],[74.82272,34.0852],[74.82278,34.08528],[74.82287,34.08538],[74.82291,34.08542],[74.823,34.08552],[74.82314,34.08568],[74.8232,34.08578],[74.82329,34.08592],[74.82334,34.08603],[74.8234,34.08616],[74.82342,34.08623],[74.82343,34.08626],[74.82343,34.08629],[74.82341,34.08632],[74.82308,34.08681],[74.82305,34.08684],[74.82295,34.08694],[74.82287,34.08702],[74.82281,34.0871],[74.82277,34.08716],[74.82273,34.08723],[74.8227,34.08731],[74.82264,34.08747],[74.82251,34.08782],[74.8224,34.08807],[74.82228,34.08831],[74.82218,34.0885],[74.82208,34.08869],[74.82199,34.08885],[74.82194,34.08894],[74.82187,34.08904],[74.82176,34.08917],[74.82174,34.08921],[74.82171,34.08927],[74.82161,34.08935],[74.82149,34.08946],[74.82125,34.08969],[74.82116,34.08972],[74.82109,34.0898],[74.82076,34.09015],[74.82054,34.0904],[74.82049,34.09046],[74.82025,34.09076],[74.82014,34.09089],[74.82004,34.09099],[74.81987,34.09114],[74.81984,34.09121],[74.81971,34.09131],[74.8196,34.09141],[74.81943,34.09159],[74.81942,34.09161],[74.81928,34.09177],[74.81938,34.09198],[74.81949,34.0922],[74.81985,34.09298],[74.81998,34.09325],[74.82009,34.09347],[74.82012,34.09354],[74.82031,34.09392],[74.82059,34.09447],[74.82068,34.09469],[74.82075,34.09483],[74.82077,34.0949],[74.82112,34.09556],[74.82133,34.09592],[74.82133,34.09593],[74.82143,34.09613],[74.82152,34.09629],[74.82186,34.09684],[74.82197,34.09701],[74.82213,34.09723],[74.82226,34.09732],[74.82266,34.09757],[74.82277,34.09764],[74.82288,34.09775],[74.8229,34.09776],[74.82299,34.09788],[74.82305,34.09802],[74.82293,34.09832],[74.82281,34.09859],[74.82274,34.09877],[74.82272,34.09886],[74.8226,34.09914],[74.82246,34.09953],[74.82241,34.09968],[74.82237,34.09981],[74.82226,34.10029],[74.82223,34.10117],[74.82221,34.1013],[74.8222,34.10135],[74.82219,34.10139],[74.8221,34.10172],[74.82208,34.10189],[74.82206,34.102],[74.82208,34.10217],[74.82211,34.10226],[74.82214,34.10233],[74.82225,34.10249],[74.82246,34.10272],[74.82247,34.10273],[74.8226,34.10285],[74.82295,34.10307],[74.82315,34.10318],[74.82338,34.10328],[74.82399,34.10349],[74.82432,34.1036],[74.82482,34.10376],[74.82526,34.1039],[74.82541,34.10395],[74.82584,34.10409],[74.82643,34.10427],[74.82695,34.1044],[74.82731,34.10448],[74.82744,34.1045],[74.82754,34.10452],[74.82778,34.10455],[74.82821,34.10459],[74.82852,34.1046],[74.82897,34.10453],[74.82904,34.10452],[74.82923,34.10447],[74.82924,34.10447],[74.82958,34.10442],[74.82972,34.10441],[74.82985,34.10442],[74.83002,34.10444],[74.83016,34.10446],[74.83138,34.10461],[74.83146,34.10462],[74.8315,34.10463],[74.83157,34.10464],[74.83177,34.10467],[74.83186,34.1047],[74.83187,34.1047],[74.83193,34.10472],[74.832,34.10475],[74.83205,34.10478],[74.83214,34.10485],[74.83229,34.105],[74.8324,34.10514],[74.83246,34.10522],[74.83262,34.10543],[74.83303,34.10597],[74.83309,34.10605],[74.83373,34.10695],[74.83412,34.10745],[74.83427,34.10764],[74.83446,34.1079],[74.83475,34.10828],[74.83514,34.10879],[74.8354,34.10913],[74.83555,34.10932],[74.83578,34.10961],[74.83597,34.10984],[74.83616,34.11007],[74.83621,34.11012],[74.83624,34.11016],[74.83644,34.1104],[74.83648,34.11045],[74.83684,34.11089],[74.83693,34.111],[74.83703,34.11111],[74.83725,34.11137],[74.83728,34.1114],[74.83737,34.11151],[74.83743,34.11165],[74.83744,34.1117],[74.83746,34.11176],[74.83747,34.11194],[74.83746,34.11214],[74.83744,34.11239],[74.83742,34.11251],[74.8374,34.11257],[74.83736,34.11264],[74.8373,34.11274],[74.83723,34.11283],[74.83718,34.11289],[74.83714,34.11295],[74.83709,34.11301],[74.83703,34.11311],[74.83701,34.11315],[74.83678,34.11359],[74.83673,34.11363],[74.83662,34.11383],[74.83657,34.11393],[74.83654,34.114],[74.83626,34.11484],[74.83606,34.11543],[74.83604,34.11552],[74.83594,34.11598],[74.83586,34.11644],[74.83583,34.11661],[74.8358,34.11674],[74.83575,34.11702],[74.83567,34.11774],[74.83563,34.11833],[74.83561,34.1186],[74.83558,34.11882],[74.83551,34.11928],[74.83544,34.11974],[74.83541,34.12],[74.83536,34.12029],[74.83536,34.12032],[74.83531,34.12067],[74.8353,34.12077],[74.83529,34.12084],[74.8353,34.12089],[74.83535,34.12101],[74.83543,34.12109],[74.83545,34.12115],[74.83556,34.12143],[74.83564,34.12163],[74.83565,34.12166],[74.83595,34.1224],[74.83617,34.12297],[74.83621,34.12305],[74.83626,34.12323],[74.83629,34.12329],[74.83631,34.12334],[74.83636,34.12348],[74.83648,34.12372],[74.83653,34.12383],[74.83668,34.12407],[74.83671,34.12411],[74.83691,34.12437],[74.83723,34.12485],[74.83732,34.12499],[74.83746,34.1252],[74.83764,34.1254],[74.83811,34.12589],[74.83845,34.12627],[74.83869,34.12654],[74.83877,34.12666],[74.83883,34.12678],[74.8388,34.12682],[74.8388,34.12683],[74.83879,34.12688],[74.8388,34.12713],[74.83882,34.1276],[74.83881,34.1277],[74.83878,34.12772],[74.83876,34.12774],[74.83875,34.12778],[74.83875,34.12781],[74.83877,34.12783],[74.83879,34.12785],[74.83876,34.12808],[74.83873,34.12823],[74.83857,34.12906],[74.83857,34.12916],[74.83858,34.1292],[74.83859,34.12923],[74.8387,34.12921],[74.8388,34.12921],[74.83902,34.12923],[74.83912,34.12925],[74.83917,34.12926],[74.83933,34.12929],[74.83965,34.12936],[74.84002,34.12943],[74.84055,34.12952],[74.84083,34.12957],[74.84086,34.12957],[74.841,34.12958],[74.84112,34.1296],[74.8413,34.12963],[74.84142,34.12966],[74.84152,34.12969],[74.8416,34.12973],[74.84171,34.12979],[74.84168,34.12982],[74.84171,34.12979],[74.8416,34.12973],[74.84152,34.12969],[74.84142,34.12966],[74.8413,34.12963],[74.84112,34.1296],[74.841,34.12958],[74.84086,34.12957],[74.84055,34.12952],[74.84002,34.12943],[74.83965,34.12936],[74.83961,34.12935],[74.83933,34.12929],[74.83917,34.12926],[74.83902,34.12923],[74.8388,34.12921],[74.8387,34.12921],[74.83867,34.12915],[74.83866,34.12907],[74.83875,34.12862],[74.83886,34.12808],[74.83891,34.12784],[74.83893,34.12782],[74.83894,34.12779],[74.83894,34.12777],[74.83893,34.12774],[74.83891,34.12772],[74.83888,34.1277],[74.83885,34.1277],[74.83881,34.1277],[74.83878,34.12772],[74.83876,34.12774],[74.83781,34.12769],[74.83739,34.12766],[74.83688,34.12763],[74.83686,34.12763],[74.83633,34.12759],[74.83608,34.12757],[74.83601,34.12757],[74.83535,34.12753],[74.83478,34.12748],[74.83454,34.12746],[74.83412,34.12742],[74.83376,34.12739],[74.83313,34.12735],[74.833,34.12734],[74.83285,34.12734],[74.83257,34.12732],[74.83237,34.12732],[74.83229,34.12733],[74.83223,34.12734],[74.83219,34.12736],[74.83216,34.12739],[74.83212,34.12744],[74.83207,34.12755],[74.83206,34.1276],[74.83199,34.12779],[74.83191,34.12799],[74.83186,34.12816],[74.83183,34.12832],[74.83182,34.12839],[74.83178,34.12859],[74.83177,34.12878],[74.83173,34.12909],[74.83171,34.12924],[74.83169,34.12938],[74.83165,34.12955],[74.8316,34.12967],[74.83157,34.12974],[74.83154,34.12981],[74.8314,34.13006],[74.83128,34.1303],[74.83112,34.13064],[74.83093,34.13101],[74.83088,34.1311],[74.83088,34.13111],[74.83081,34.13122],[74.83074,34.13134],[74.83061,34.13152],[74.83048,34.13171],[74.83041,34.13182],[74.83037,34.13194],[74.83034,34.13209],[74.83028,34.13241],[74.83028,34.13249],[74.83025,34.13268],[74.83025,34.13269],[74.8302,34.13292],[74.83012,34.13325],[74.83001,34.13355],[74.82996,34.13366],[74.8299,34.13377],[74.82981,34.1339],[74.82956,34.13425],[74.82938,34.13452],[74.82922,34.13477],[74.82921,34.13478],[74.82916,34.13485],[74.82915,34.13486],[74.82897,34.13511],[74.8289,34.13522],[74.82861,34.13563],[74.82857,34.13565],[74.82851,34.13567],[74.82843,34.1357],[74.82835,34.13571],[74.8284,34.13577],[74.82851,34.13587],[74.82864,34.13594],[74.82879,34.136],[74.82891,34.13606],[74.82922,34.13616],[74.82973,34.13631],[74.83017,34.13642],[74.83024,34.13644],[74.83044,34.1365],[74.8309,34.13661],[74.83124,34.13669],[74.83142,34.13674],[74.83157,34.13677],[74.83189,34.13685],[74.83157,34.13677],[74.83153,34.13676],[74.83142,34.13674],[74.83124,34.13669],[74.8309,34.13661],[74.83044,34.1365],[74.83017,34.13642],[74.82983,34.13634],[74.82973,34.13631],[74.82922,34.13616],[74.82891,34.13606],[74.82864,34.13594],[74.82851,34.13587],[74.8284,34.13577],[74.82835,34.13571],[74.82832,34.13571],[74.82827,34.13572],[74.8282,34.13572],[74.82808,34.1357],[74.82807,34.1357],[74.82797,34.13568],[74.82781,34.13563],[74.82766,34.13558],[74.8275,34.1355],[74.82726,34.13536],[74.82665,34.13495],[74.82661,34.13493],[74.82631,34.13471],[74.82629,34.1347],[74.82597,34.13449],[74.82566,34.13431],[74.82538,34.13417],[74.82483,34.13389],[74.82474,34.13384],[74.82464,34.13383],[74.82441,34.13374],[74.82449,34.1339],[74.8246,34.13405],[74.82478,34.13429],[74.82527,34.13493],[74.82549,34.13528],[74.82562,34.13549],[74.82567,34.13555],[74.82595,34.13591],[74.82647,34.13656],[74.82658,34.1367],[74.82668,34.13688],[74.82668,34.13688],[74.82679,34.1371],[74.82687,34.13728],[74.82697,34.13749],[74.82707,34.13766],[74.82716,34.13781],[74.82734,34.13805],[74.82747,34.1382],[74.82756,34.13833],[74.82766,34.13845],[74.82784,34.13869],[74.82828,34.13923],[74.82842,34.1394],[74.82849,34.13947],[74.82868,34.13966],[74.82875,34.13972],[74.82895,34.13994],[74.82916,34.1402],[74.82937,34.14047],[74.8295,34.14063],[74.82995,34.14118],[74.83016,34.14142],[74.83027,34.14154],[74.83047,34.14179],[74.83079,34.1422],[74.83113,34.14265],[74.83061,34.1429],[74.83054,34.14294],[74.8302,34.1431],[74.82986,34.14323],[74.82986,34.14323],[74.82973,34.14328],[74.82951,34.14338],[74.82925,34.1435],[74.82896,34.14365],[74.82868,34.14379],[74.82844,34.14394],[74.82837,34.14398],[74.82802,34.14419],[74.82787,34.14428],[74.82772,34.14437],[74.8277,34.14438],[74.82745,34.14452],[74.8272,34.14466],[74.82712,34.14471],[74.82702,34.14479],[74.82694,34.14486],[74.82689,34.14491],[74.8268,34.14502],[74.82657,34.14527],[74.82652,34.14533],[74.82636,34.14553],[74.82617,34.14574],[74.82608,34.14583]]}},{"type":"Feature","properties":{"corridor_id":15,"od":"Rambagh (SW-central Srinagar) \u2194 Ellahibagh (NE) via Rainawari \u2014 a long cross-city diagonal along the Dal-east side.","matched":"Batamaloo to Hazratbal via Khanyar","matched_id":"SSCL-03","n_runs":7,"n_drivers":4,"obs_km":18.3,"plan_km":12.9,"overlap":0.39,"kind":"plan"},"geometry":{"type":"LineString","coordinates":[[74.77963,34.06871],[74.78024,34.06902],[74.78024,34.06918],[74.78034,34.0693],[74.78068,34.06946],[74.78123,34.06917],[74.78199,34.06869],[74.7824,34.06855],[74.78319,34.06916],[74.78398,34.06966],[74.78464,34.07007],[74.78561,34.07069],[74.78593,34.07082],[74.78622,34.07083],[74.7865,34.0707],[74.7867,34.0706],[74.78687,34.07062],[74.78795,34.07111],[74.78854,34.07142],[74.78865,34.07164],[74.78841,34.07271],[74.78808,34.07395],[74.78802,34.0741],[74.78793,34.07451],[74.78792,34.07481],[74.78799,34.0751],[74.78816,34.07529],[74.78841,34.07538],[74.7892,34.07542],[74.79059,34.07552],[74.79178,34.07556],[74.79213,34.07555],[74.79248,34.07549],[74.79305,34.07548],[74.79413,34.07546],[74.79465,34.07547],[74.79485,34.07559],[74.79539,34.07532],[74.79567,34.07519],[74.79644,34.07489],[74.79703,34.07462],[74.79896,34.07377],[74.79959,34.07348],[74.80187,34.07242],[74.80354,34.07166],[74.80387,34.07157],[74.80498,34.07159],[74.80601,34.07162],[74.80726,34.07165],[74.8088,34.0717],[74.80925,34.07181],[74.81029,34.07205],[74.81094,34.07224],[74.81114,34.07229],[74.81129,34.07233],[74.81314,34.07281],[74.81578,34.07346],[74.81605,34.07352],[74.81838,34.07405],[74.81991,34.07443],[74.82129,34.07475],[74.82086,34.07597],[74.81995,34.07831],[74.81985,34.07863],[74.8199,34.07924],[74.8199,34.07957],[74.81987,34.07961],[74.81988,34.07966],[74.81988,34.07978],[74.81972,34.08068],[74.81955,34.08133],[74.81934,34.08199],[74.8193,34.08221],[74.81931,34.0826],[74.81941,34.08332],[74.81945,34.08369],[74.81942,34.08399],[74.81918,34.08489],[74.81907,34.08521],[74.81904,34.08545],[74.81883,34.08577],[74.81871,34.08585],[74.81754,34.08758],[74.81733,34.08781],[74.81626,34.08877],[74.81591,34.08915],[74.81503,34.09034],[74.81596,34.09092],[74.81651,34.09127],[74.81674,34.09151],[74.81722,34.09237],[74.8173,34.09248],[74.81752,34.09256],[74.81776,34.09238],[74.81794,34.09228],[74.81815,34.09222],[74.81859,34.09215],[74.81882,34.09209],[74.81899,34.09203],[74.81913,34.09194],[74.81938,34.09198],[74.81998,34.09325],[74.82012,34.09354],[74.82059,34.09447],[74.82077,34.0949],[74.82133,34.09592],[74.82152,34.09629],[74.82197,34.09701],[74.82226,34.09732],[74.82277,34.09764],[74.82299,34.09788],[74.82293,34.09832],[74.82274,34.09877],[74.8226,34.09914],[74.82237,34.09981],[74.82223,34.10117],[74.8222,34.10135],[74.82208,34.10189],[74.82208,34.10217],[74.82214,34.10233],[74.82246,34.10272],[74.82295,34.10307],[74.82338,34.10328],[74.82482,34.10376],[74.82541,34.10395],[74.82695,34.1044],[74.82744,34.1045],[74.82821,34.10459],[74.82897,34.10453],[74.82923,34.10447],[74.82972,34.10441],[74.83002,34.10444],[74.83138,34.10461],[74.8315,34.10463],[74.83177,34.10467],[74.83193,34.10472],[74.83205,34.10478],[74.83229,34.105],[74.83246,34.10522],[74.83309,34.10605],[74.83427,34.10764],[74.83475,34.10828],[74.83555,34.10932],[74.83597,34.10984],[74.83624,34.11016],[74.83648,34.11045],[74.83693,34.111],[74.83725,34.11137],[74.83743,34.11165],[74.83746,34.11176],[74.83746,34.11214],[74.83742,34.11251],[74.83736,34.11264],[74.83723,34.11283],[74.83709,34.11301],[74.83701,34.11315],[74.83673,34.11363],[74.83657,34.11393],[74.83606,34.11543],[74.83594,34.11598],[74.8358,34.11674],[74.83567,34.11774],[74.83558,34.11882],[74.83544,34.11974],[74.83536,34.12032],[74.8353,34.12077],[74.8353,34.12089],[74.83543,34.12109],[74.83556,34.12143],[74.83595,34.1224],[74.83621,34.12305],[74.83631,34.12334],[74.83648,34.12372],[74.83668,34.12407],[74.83691,34.12437],[74.83746,34.1252],[74.83811,34.12589],[74.83869,34.12654],[74.83883,34.12678],[74.83879,34.12688],[74.83882,34.1276],[74.83878,34.12772],[74.83875,34.12778],[74.83877,34.12783],[74.83876,34.12808],[74.83857,34.12916],[74.83859,34.12923],[74.83901,34.12984],[74.83917,34.12995],[74.84015,34.13034],[74.84081,34.13111],[74.84096,34.13147],[74.84103,34.13183],[74.84124,34.13183],[74.84145,34.13187],[74.84183,34.13207],[74.84206,34.13215],[74.84217,34.13214]]}},{"type":"Feature","properties":{"corridor_id":18,"od":"Sadrebal \u2194 Gulab Bagh via Nowshera (N/NE Srinagar). Part of the NE-Srinagar local cluster.","matched":"Srinagar to Gulabagh","matched_id":"FDR-144","n_runs":5,"n_drivers":2,"obs_km":10.3,"plan_km":14.0,"overlap":0.34,"kind":"observed"},"geometry":{"type":"LineString","coordinates":[[74.82848,34.13585],[74.82851,34.13587],[74.82864,34.13594],[74.82891,34.13606],[74.82916,34.13614],[74.82922,34.13616],[74.82973,34.13631],[74.83006,34.1364],[74.83017,34.13642],[74.83044,34.1365],[74.8309,34.13661],[74.83124,34.13669],[74.83142,34.13674],[74.83157,34.13677],[74.83159,34.13678],[74.83215,34.13692],[74.83215,34.13692],[74.8324,34.13699],[74.83216,34.13833],[74.8324,34.13699],[74.83215,34.13692],[74.83215,34.13692],[74.83157,34.13677],[74.83142,34.13674],[74.83124,34.13669],[74.83113,34.13666],[74.8309,34.13661],[74.83044,34.1365],[74.83017,34.13642],[74.83015,34.13642],[74.82973,34.13631],[74.82922,34.13616],[74.82891,34.13606],[74.82864,34.13594],[74.82851,34.13587],[74.82846,34.13583],[74.8284,34.13577],[74.82835,34.13571],[74.82832,34.13571],[74.82827,34.13572],[74.8282,34.13572],[74.82807,34.1357],[74.82797,34.13568],[74.82781,34.13563],[74.82766,34.13558],[74.82757,34.13553],[74.8275,34.1355],[74.82726,34.13536],[74.82665,34.13495],[74.82661,34.13493],[74.82659,34.13491],[74.82629,34.1347],[74.826,34.13451],[74.82597,34.13449],[74.82566,34.13431],[74.82542,34.13419],[74.82538,34.13417],[74.82483,34.13389],[74.82474,34.13384],[74.82464,34.13383],[74.82441,34.13374],[74.82433,34.13365],[74.8242,34.13355],[74.82414,34.13351],[74.824,34.1334],[74.82393,34.13335],[74.82354,34.13305],[74.82344,34.13299],[74.82333,34.13291],[74.82311,34.13275],[74.823,34.13267],[74.82297,34.13262],[74.82294,34.1326],[74.82258,34.13235],[74.82254,34.13232],[74.82246,34.13226],[74.82231,34.13215],[74.82227,34.13212],[74.82218,34.13207],[74.82213,34.13205],[74.82205,34.13203],[74.822,34.132],[74.8218,34.1319],[74.82177,34.13188],[74.82173,34.13185],[74.82171,34.13181],[74.82168,34.13171],[74.82162,34.13155],[74.82155,34.13139],[74.82148,34.13125],[74.82141,34.13112],[74.82132,34.13097],[74.82123,34.13085],[74.82113,34.13073],[74.82089,34.13049],[74.82071,34.13035],[74.82063,34.13029],[74.82055,34.13024],[74.82043,34.13015],[74.8203,34.13006],[74.82016,34.12995],[74.82003,34.12985],[74.8198,34.12962],[74.81978,34.12959],[74.81963,34.12945],[74.81937,34.12918],[74.8193,34.12912],[74.81921,34.12904],[74.81911,34.12896],[74.81902,34.1289],[74.81892,34.12883],[74.81869,34.12866],[74.81865,34.12863],[74.81865,34.12862],[74.81862,34.12859],[74.81855,34.12848],[74.81848,34.12833],[74.81839,34.1281],[74.81829,34.12793],[74.81822,34.12782],[74.8182,34.12778],[74.81806,34.12759],[74.8179,34.12764],[74.81761,34.12769],[74.81748,34.12772],[74.81736,34.12773],[74.81717,34.12774],[74.81709,34.12775],[74.81699,34.12778],[74.8168,34.12785],[74.81675,34.12787],[74.81654,34.12796],[74.81633,34.12804],[74.81608,34.12815],[74.81595,34.1282],[74.81574,34.12829],[74.81559,34.12832],[74.81556,34.12832],[74.81537,34.12835],[74.81517,34.12837],[74.81509,34.12837],[74.81477,34.12843],[74.81433,34.1285],[74.81433,34.12881],[74.81432,34.12894],[74.81433,34.12936],[74.81427,34.12936],[74.8142,34.12937],[74.81414,34.12939],[74.81413,34.12946],[74.81413,34.12949],[74.8141,34.1298],[74.81409,34.13012],[74.81409,34.13026],[74.81408,34.13075],[74.81408,34.13105],[74.81407,34.13114],[74.81409,34.13157],[74.81415,34.13167],[74.81434,34.13201],[74.81443,34.13216],[74.81448,34.13225],[74.81453,34.13235],[74.81452,34.13241],[74.81444,34.13246],[74.81437,34.1325],[74.81425,34.13254],[74.81374,34.13265],[74.81374,34.13265],[74.81355,34.13229],[74.81344,34.1321],[74.81336,34.13202],[74.81331,34.13198],[74.8133,34.13197],[74.81326,34.13194],[74.81272,34.13157],[74.81269,34.13152],[74.81268,34.13147],[74.81268,34.13142],[74.81267,34.13135],[74.81265,34.13125],[74.81263,34.13117],[74.81263,34.13114],[74.81265,34.13112],[74.8127,34.13107],[74.81265,34.13099],[74.81262,34.13091],[74.81258,34.13086],[74.81246,34.13076],[74.81231,34.13062],[74.8123,34.1306],[74.81224,34.1305],[74.81223,34.13042],[74.81226,34.1303],[74.8123,34.13006],[74.81232,34.12989],[74.81232,34.12985],[74.81233,34.12974],[74.81233,34.12942],[74.81195,34.12942],[74.8118,34.12942],[74.81176,34.12942],[74.81171,34.12942],[74.81157,34.12944],[74.81098,34.12948],[74.81093,34.12948],[74.81067,34.12949],[74.81041,34.12947],[74.81035,34.12947],[74.81021,34.12945],[74.81006,34.12943],[74.80986,34.1294],[74.80931,34.12929],[74.80894,34.12922],[74.80848,34.12913],[74.80833,34.1291],[74.80835,34.12889],[74.80836,34.1288],[74.80836,34.12859],[74.80837,34.12858],[74.80837,34.12843],[74.80831,34.1279],[74.80831,34.12788],[74.80831,34.12778],[74.80833,34.12767],[74.80833,34.12763],[74.80836,34.12748],[74.80841,34.12736],[74.80845,34.12712],[74.80848,34.1269],[74.80853,34.12672],[74.80861,34.12657],[74.80866,34.12645],[74.80866,34.12645],[74.80886,34.12596],[74.8089,34.12586],[74.80893,34.12574],[74.80897,34.12561],[74.80898,34.12553],[74.80899,34.12545],[74.809,34.12531],[74.809,34.12514],[74.80901,34.12491],[74.80902,34.12482],[74.80906,34.12461],[74.80911,34.12432],[74.80902,34.12432],[74.80871,34.12436],[74.80856,34.12438],[74.80837,34.12441],[74.80819,34.12444],[74.80803,34.12447],[74.80786,34.12451],[74.80781,34.12452],[74.80755,34.12458],[74.80737,34.12464],[74.80722,34.12472],[74.80695,34.12487],[74.80688,34.12491],[74.80684,34.12492],[74.8068,34.12494],[74.80663,34.12501],[74.80655,34.12505],[74.80644,34.1251],[74.80633,34.12516],[74.80633,34.12544],[74.80634,34.12552],[74.80634,34.12576],[74.80633,34.12608],[74.80632,34.1262],[74.80631,34.12638],[74.80626,34.12683],[74.80622,34.12709],[74.80621,34.12716],[74.80621,34.12719],[74.80618,34.12739],[74.80615,34.12755],[74.80603,34.12788],[74.80595,34.12813],[74.80591,34.12823],[74.80579,34.12859],[74.80569,34.12885],[74.80565,34.12896],[74.80553,34.12927],[74.80545,34.12947],[74.80536,34.12971],[74.80534,34.12974],[74.80531,34.12983],[74.80526,34.12998],[74.80526,34.13],[74.80524,34.13004],[74.80517,34.13023],[74.8051,34.13043],[74.80508,34.13047],[74.80499,34.13068],[74.80492,34.13086],[74.80491,34.1309],[74.80487,34.13102],[74.80483,34.13119],[74.80477,34.13146],[74.80472,34.13162],[74.80468,34.13177],[74.80468,34.13179],[74.80464,34.13191],[74.80459,34.13212],[74.80454,34.13228],[74.80449,34.13241],[74.80446,34.1325],[74.80441,34.13273],[74.80434,34.13306],[74.80429,34.13323],[74.80425,34.13333],[74.80423,34.13337],[74.8042,34.13343],[74.80414,34.13351],[74.80406,34.13362],[74.80399,34.13372],[74.80393,34.13384],[74.80386,34.13399],[74.80382,34.13413],[74.8038,34.13428],[74.80377,34.13446],[74.80376,34.13452],[74.80371,34.13473],[74.80369,34.13485],[74.80364,34.13496],[74.80349,34.13527],[74.80342,34.13541],[74.80337,34.1355],[74.80332,34.13559],[74.80325,34.13564],[74.80325,34.13564],[74.80333,34.13566],[74.80349,34.13571],[74.80377,34.13579],[74.80409,34.13588],[74.80452,34.136],[74.8047,34.13605],[74.80509,34.13618],[74.80536,34.13626],[74.80576,34.13638],[74.80581,34.1364],[74.80587,34.13642],[74.80631,34.13656],[74.80669,34.13667],[74.80683,34.13671],[74.807,34.13676],[74.80743,34.13689],[74.80755,34.13693],[74.80763,34.13694],[74.80772,34.13695],[74.80779,34.13694],[74.80787,34.13692],[74.808,34.13687],[74.80814,34.13683],[74.80832,34.13679],[74.80869,34.13671],[74.80869,34.13682],[74.80869,34.13687],[74.80864,34.13737],[74.80861,34.13777],[74.80859,34.1379],[74.80856,34.13847],[74.80855,34.13872],[74.80853,34.13902],[74.80851,34.13967],[74.80851,34.1397],[74.80848,34.14034],[74.80847,34.14064],[74.80846,34.141],[74.80846,34.14102],[74.80844,34.14159],[74.80841,34.1422],[74.80839,34.14233],[74.80838,34.1425],[74.80833,34.14285],[74.80832,34.14294],[74.80831,34.14301],[74.80831,34.14318],[74.80832,34.14333],[74.80832,34.14336],[74.80834,34.14366],[74.80836,34.14393],[74.80837,34.144],[74.80838,34.14432],[74.80838,34.14451],[74.80839,34.1447],[74.80843,34.14514],[74.80843,34.14518],[74.80844,34.14525],[74.80849,34.14592],[74.8085,34.14611],[74.8085,34.14618],[74.80853,34.14664],[74.80854,34.14699],[74.80857,34.14766],[74.80858,34.14773],[74.80859,34.14808],[74.8086,34.1483],[74.80861,34.14839],[74.80862,34.14864],[74.80862,34.14884],[74.80862,34.149],[74.80863,34.14931],[74.80862,34.14959],[74.8086,34.15006],[74.80859,34.15029],[74.80858,34.15063],[74.80857,34.15095],[74.80856,34.15108],[74.80856,34.15108],[74.80855,34.15122],[74.80853,34.15133],[74.80849,34.15155],[74.80844,34.15187],[74.80842,34.152],[74.8085,34.15198],[74.80864,34.15192],[74.80892,34.15183],[74.80907,34.1518],[74.80926,34.15177],[74.8096,34.15173],[74.80986,34.15171],[74.81001,34.1517],[74.81012,34.1517],[74.81012,34.1517],[74.81042,34.15167],[74.81077,34.15165],[74.81101,34.15164],[74.81121,34.15163],[74.81198,34.15155],[74.81204,34.15155],[74.81206,34.15155],[74.8123,34.15152],[74.81238,34.15151],[74.81245,34.15148],[74.81283,34.15131],[74.81292,34.15126],[74.81319,34.15113],[74.8134,34.15104],[74.81352,34.15099],[74.81393,34.15081],[74.81395,34.1508],[74.81541,34.15017],[74.81543,34.15026],[74.81542,34.15046],[74.81539,34.1511],[74.81538,34.15114],[74.81534,34.15207],[74.81534,34.15214],[74.81534,34.15237],[74.81531,34.15277],[74.81531,34.15293],[74.8153,34.15312],[74.81526,34.15355],[74.81525,34.15372],[74.81524,34.15381],[74.81517,34.15462],[74.81515,34.15505],[74.81516,34.15514],[74.81516,34.15522],[74.81518,34.15532],[74.81531,34.15567],[74.81541,34.156],[74.81542,34.15601],[74.81546,34.15626],[74.81549,34.15642],[74.81554,34.1568],[74.81555,34.15685],[74.81558,34.15697],[74.81581,34.15747],[74.81616,34.15827],[74.81637,34.15874],[74.8165,34.15904],[74.81673,34.1596],[74.81693,34.16008],[74.81701,34.16025],[74.81707,34.16038],[74.8172,34.16078],[74.81729,34.16102]]}},{"type":"Feature","properties":{"corridor_id":18,"od":"Sadrebal \u2194 Gulab Bagh via Nowshera (N/NE Srinagar). Part of the NE-Srinagar local cluster.","matched":"Srinagar to Gulabagh","matched_id":"FDR-144","n_runs":5,"n_drivers":2,"obs_km":10.3,"plan_km":14.0,"overlap":0.34,"kind":"plan"},"geometry":{"type":"LineString","coordinates":[[74.8205,34.07457],[74.82086,34.07597],[74.81987,34.07851],[74.8199,34.07924],[74.81988,34.07959],[74.81988,34.07966],[74.81973,34.08062],[74.81955,34.08133],[74.81932,34.08208],[74.81931,34.0826],[74.81944,34.0835],[74.81942,34.08399],[74.81909,34.08515],[74.81904,34.08545],[74.81876,34.08581],[74.81754,34.08758],[74.81722,34.0879],[74.81591,34.08915],[74.81552,34.09063],[74.81651,34.09127],[74.81684,34.09164],[74.8173,34.09248],[74.81722,34.09285],[74.81692,34.09311],[74.81629,34.09347],[74.81562,34.0938],[74.81513,34.09411],[74.814,34.09483],[74.81365,34.09513],[74.81346,34.09545],[74.81286,34.0966],[74.81236,34.09721],[74.81196,34.09764],[74.81152,34.09825],[74.81113,34.09821],[74.81105,34.09826],[74.81085,34.09847],[74.81068,34.09882],[74.81058,34.0991],[74.81008,34.09968],[74.80983,34.10001],[74.80942,34.101],[74.80905,34.10203],[74.80888,34.10266],[74.80884,34.10296],[74.8088,34.104],[74.80886,34.10479],[74.80895,34.10547],[74.80897,34.10616],[74.80904,34.10737],[74.80917,34.1082],[74.80928,34.1091],[74.80934,34.1094],[74.8094,34.10982],[74.80939,34.11013],[74.80933,34.11118],[74.80917,34.1114],[74.8086,34.11217],[74.80804,34.11298],[74.8076,34.11339],[74.80679,34.1141],[74.80654,34.11444],[74.80651,34.1145],[74.80644,34.11472],[74.80634,34.11523],[74.8063,34.11575],[74.80631,34.117],[74.8064,34.11862],[74.80659,34.11951],[74.80672,34.12004],[74.80682,34.12076],[74.80685,34.12124],[74.80684,34.12153],[74.8068,34.12178],[74.80656,34.12256],[74.8064,34.12319],[74.8064,34.1237],[74.80631,34.12481],[74.80633,34.12516],[74.80633,34.12608],[74.80626,34.12683],[74.80618,34.12739],[74.80595,34.12813],[74.80553,34.12927],[74.80531,34.12983],[74.80524,34.13004],[74.80508,34.13047],[74.80487,34.13102],[74.80472,34.13162],[74.80459,34.13212],[74.80441,34.13273],[74.80425,34.13333],[74.80406,34.13362],[74.80386,34.13399],[74.80376,34.13452],[74.80364,34.13496],[74.80337,34.1355],[74.80314,34.13586],[74.80304,34.13606],[74.80315,34.13603],[74.80377,34.13579],[74.80536,34.13626],[74.80631,34.13656],[74.80743,34.13689],[74.80772,34.13695],[74.808,34.13687],[74.80869,34.13671],[74.80859,34.1379],[74.80851,34.13967],[74.80846,34.14102],[74.80838,34.1425],[74.80831,34.14301],[74.80834,34.14366],[74.80838,34.14451],[74.80844,34.14525],[74.80853,34.14664],[74.80858,34.14773],[74.80862,34.14864],[74.80862,34.14959],[74.80857,34.15095],[74.80853,34.15133],[74.80841,34.15206],[74.80835,34.15339],[74.80827,34.15559],[74.80828,34.15697],[74.80827,34.15798],[74.80823,34.15938],[74.80825,34.15995],[74.8083,34.16067],[74.80838,34.16308],[74.80844,34.16504],[74.80844,34.16615],[74.80844,34.16693],[74.80843,34.16749],[74.8084,34.16891],[74.8084,34.16988],[74.80838,34.17045],[74.80834,34.17147],[74.80823,34.17267],[74.80809,34.17409],[74.80788,34.177],[74.8078,34.17821],[74.80769,34.17974],[74.80774,34.18035],[74.8087,34.17984],[74.80936,34.17959],[74.81041,34.17968],[74.81068,34.17986],[74.81084,34.18021],[74.81126,34.18023],[74.81276,34.18005],[74.81293,34.18007],[74.8131,34.18019],[74.81361,34.18021],[74.81391,34.1802],[74.81427,34.18022],[74.81443,34.1801],[74.81498,34.17987],[74.81517,34.17983],[74.81549,34.17997],[74.81588,34.18022],[74.81626,34.18021],[74.81663,34.18009]]}}]}