{"type":"FeatureCollection","features":[{"type":"Feature","properties":{"kmh":10.9,"n":1953},"geometry":{"type":"Point","coordinates":[74.7954,34.0785]}},{"type":"Feature","properties":{"kmh":11.0,"n":1135},"geometry":{"type":"Point","coordinates":[74.7954,34.0815]}},{"type":"Feature","properties":{"kmh":23.9,"n":1187},"geometry":{"type":"Point","coordinates":[74.7918,34.0815]}},{"type":"Feature","properties":{"kmh":32.0,"n":824},"geometry":{"type":"Point","coordinates":[74.7882,34.0815]}},{"type":"Feature","properties":{"kmh":23.9,"n":1341},"geometry":{"type":"Point","coordinates":[74.7846,34.0815]}},{"type":"Feature","properties":{"kmh":19.1,"n":372},"geometry":{"type":"Point","coordinates":[74.781,34.0785]}},{"type":"Feature","properties":{"kmh":19.0,"n":188},"geometry":{"type":"Point","coordinates":[74.7774,34.0785]}},{"type":"Feature","properties":{"kmh":12.1,"n":293},"geometry":{"type":"Point","coordinates":[74.7774,34.0755]}},{"type":"Feature","properties":{"kmh":15.8,"n":395},"geometry":{"type":"Point","coordinates":[74.7738,34.0755]}},{"type":"Feature","properties":{"kmh":12.4,"n":57},"geometry":{"type":"Point","coordinates":[74.7702,34.0755]}},{"type":"Feature","properties":{"kmh":18.0,"n":337},"geometry":{"type":"Point","coordinates":[74.7702,34.0725]}},{"type":"Feature","properties":{"kmh":15.0,"n":479},"geometry":{"type":"Point","coordinates":[74.7666,34.0725]}},{"type":"Feature","properties":{"kmh":16.8,"n":256},"geometry":{"type":"Point","coordinates":[74.763,34.0695]}},{"type":"Feature","properties":{"kmh":16.1,"n":353},"geometry":{"type":"Point","coordinates":[74.7594,34.0695]}},{"type":"Feature","properties":{"kmh":19.1,"n":249},"geometry":{"type":"Point","coordinates":[74.7594,34.0665]}},{"type":"Feature","properties":{"kmh":18.2,"n":144},"geometry":{"type":"Point","coordinates":[74.7594,34.0635]}},{"type":"Feature","properties":{"kmh":14.5,"n":115},"geometry":{"type":"Point","coordinates":[74.7558,34.0635]}},{"type":"Feature","properties":{"kmh":20.4,"n":188},"geometry":{"type":"Point","coordinates":[74.7558,34.0605]}},{"type":"Feature","properties":{"kmh":13.7,"n":91},"geometry":{"type":"Point","coordinates":[74.7522,34.0605]}},{"type":"Feature","properties":{"kmh":21.7,"n":114},"geometry":{"type":"Point","coordinates":[74.7522,34.0575]}},{"type":"Feature","properties":{"kmh":19.5,"n":141},"geometry":{"type":"Point","coordinates":[74.7486,34.0575]}},{"type":"Feature","properties":{"kmh":17.9,"n":75},"geometry":{"type":"Point","coordinates":[74.7486,34.0545]}},{"type":"Feature","properties":{"kmh":14.7,"n":223},"geometry":{"type":"Point","coordinates":[74.745,34.0545]}},{"type":"Feature","properties":{"kmh":23.9,"n":152},"geometry":{"type":"Point","coordinates":[74.7414,34.0515]}},{"type":"Feature","properties":{"kmh":28.2,"n":109},"geometry":{"type":"Point","coordinates":[74.7378,34.0485]}},{"type":"Feature","properties":{"kmh":24.9,"n":72},"geometry":{"type":"Point","coordinates":[74.7342,34.0485]}},{"type":"Feature","properties":{"kmh":26.3,"n":92},"geometry":{"type":"Point","coordinates":[74.7342,34.0455]}},{"type":"Feature","properties":{"kmh":19.7,"n":77},"geometry":{"type":"Point","coordinates":[74.7306,34.0455]}},{"type":"Feature","properties":{"kmh":24.1,"n":100},"geometry":{"type":"Point","coordinates":[74.7306,34.0425]}},{"type":"Feature","properties":{"kmh":31.7,"n":94},"geometry":{"type":"Point","coordinates":[74.727,34.0425]}},{"type":"Feature","properties":{"kmh":32.4,"n":118},"geometry":{"type":"Point","coordinates":[74.7234,34.0395]}},{"type":"Feature","properties":{"kmh":22.9,"n":79},"geometry":{"type":"Point","coordinates":[74.7198,34.0395]}},{"type":"Feature","properties":{"kmh":12.6,"n":158},"geometry":{"type":"Point","coordinates":[74.7198,34.0365]}},{"type":"Feature","properties":{"kmh":10.4,"n":369},"geometry":{"type":"Point","coordinates":[74.7234,34.0155]}},{"type":"Feature","properties":{"kmh":19.8,"n":574},"geometry":{"type":"Point","coordinates":[74.7234,34.0185]}},{"type":"Feature","properties":{"kmh":22.3,"n":678},"geometry":{"type":"Point","coordinates":[74.727,34.0215]}},{"type":"Feature","properties":{"kmh":11.1,"n":383},"geometry":{"type":"Point","coordinates":[74.7306,34.0215]}},{"type":"Feature","properties":{"kmh":9.8,"n":3599},"geometry":{"type":"Point","coordinates":[74.7954,34.0755]}},{"type":"Feature","properties":{"kmh":17.9,"n":2261},"geometry":{"type":"Point","coordinates":[74.799,34.0755]}},{"type":"Feature","properties":{"kmh":22.7,"n":2769},"geometry":{"type":"Point","coordinates":[74.799,34.0725]}},{"type":"Feature","properties":{"kmh":14.8,"n":7058},"geometry":{"type":"Point","coordinates":[74.8026,34.0725]}},{"type":"Feature","properties":{"kmh":17.2,"n":4156},"geometry":{"type":"Point","coordinates":[74.8386,34.1265]}},{"type":"Feature","properties":{"kmh":20.3,"n":689},"geometry":{"type":"Point","coordinates":[74.8386,34.1235]}},{"type":"Feature","properties":{"kmh":25.8,"n":1611},"geometry":{"type":"Point","coordinates":[74.835,34.1235]}},{"type":"Feature","properties":{"kmh":24.2,"n":2134},"geometry":{"type":"Point","coordinates":[74.835,34.1205]}},{"type":"Feature","properties":{"kmh":32.3,"n":1573},"geometry":{"type":"Point","coordinates":[74.835,34.1175]}},{"type":"Feature","properties":{"kmh":30.1,"n":1471},"geometry":{"type":"Point","coordinates":[74.835,34.1145]}},{"type":"Feature","properties":{"kmh":28.0,"n":369},"geometry":{"type":"Point","coordinates":[74.8386,34.1145]}},{"type":"Feature","properties":{"kmh":26.2,"n":1545},"geometry":{"type":"Point","coordinates":[74.8386,34.1115]}},{"type":"Feature","properties":{"kmh":25.5,"n":753},"geometry":{"type":"Point","coordinates":[74.835,34.1115]}},{"type":"Feature","properties":{"kmh":23.3,"n":2666},"geometry":{"type":"Point","coordinates":[74.835,34.1085]}},{"type":"Feature","properties":{"kmh":23.9,"n":600},"geometry":{"type":"Point","coordinates":[74.835,34.1055]}},{"type":"Feature","properties":{"kmh":25.7,"n":2561},"geometry":{"type":"Point","coordinates":[74.8314,34.1055]}},{"type":"Feature","properties":{"kmh":18.4,"n":2674},"geometry":{"type":"Point","coordinates":[74.8278,34.1055]}},{"type":"Feature","properties":{"kmh":27.2,"n":297},"geometry":{"type":"Point","coordinates":[74.8242,34.1055]}},{"type":"Feature","properties":{"kmh":28.1,"n":1803},"geometry":{"type":"Point","coordinates":[74.8242,34.1025]}},{"type":"Feature","properties":{"kmh":14.7,"n":1884},"geometry":{"type":"Point","coordinates":[74.8206,34.1025]}},{"type":"Feature","properties":{"kmh":18.7,"n":1846},"geometry":{"type":"Point","coordinates":[74.8206,34.0995]}},{"type":"Feature","properties":{"kmh":12.3,"n":3048},"geometry":{"type":"Point","coordinates":[74.8242,34.0995]}},{"type":"Feature","properties":{"kmh":14.5,"n":1066},"geometry":{"type":"Point","coordinates":[74.8242,34.0965]}},{"type":"Feature","properties":{"kmh":15.8,"n":3315},"geometry":{"type":"Point","coordinates":[74.8206,34.0965]}},{"type":"Feature","properties":{"kmh":17.4,"n":3745},"geometry":{"type":"Point","coordinates":[74.8206,34.0935]}},{"type":"Feature","properties":{"kmh":16.0,"n":9893},"geometry":{"type":"Point","coordinates":[74.8206,34.0905]}},{"type":"Feature","properties":{"kmh":22.3,"n":2040},"geometry":{"type":"Point","coordinates":[74.8206,34.0875]}},{"type":"Feature","properties":{"kmh":18.6,"n":4908},"geometry":{"type":"Point","coordinates":[74.8242,34.0875]}},{"type":"Feature","properties":{"kmh":11.3,"n":10870},"geometry":{"type":"Point","coordinates":[74.8242,34.0845]}},{"type":"Feature","properties":{"kmh":19.1,"n":2189},"geometry":{"type":"Point","coordinates":[74.8242,34.0815]}},{"type":"Feature","properties":{"kmh":16.8,"n":7176},"geometry":{"type":"Point","coordinates":[74.8278,34.0815]}},{"type":"Feature","properties":{"kmh":12.4,"n":5407},"geometry":{"type":"Point","coordinates":[74.8278,34.0785]}},{"type":"Feature","properties":{"kmh":8.1,"n":2778},"geometry":{"type":"Point","coordinates":[74.8314,34.0785]}},{"type":"Feature","properties":{"kmh":12.4,"n":9247},"geometry":{"type":"Point","coordinates":[74.8314,34.0755]}},{"type":"Feature","properties":{"kmh":12.8,"n":20050},"geometry":{"type":"Point","coordinates":[74.8278,34.0755]}},{"type":"Feature","properties":{"kmh":17.2,"n":14457},"geometry":{"type":"Point","coordinates":[74.8278,34.0725]}},{"type":"Feature","properties":{"kmh":13.7,"n":25497},"geometry":{"type":"Point","coordinates":[74.8278,34.0695]}},{"type":"Feature","properties":{"kmh":24.7,"n":14420},"geometry":{"type":"Point","coordinates":[74.8242,34.0695]}},{"type":"Feature","properties":{"kmh":25.4,"n":10240},"geometry":{"type":"Point","coordinates":[74.8206,34.0695]}},{"type":"Feature","properties":{"kmh":28.6,"n":9797},"geometry":{"type":"Point","coordinates":[74.817,34.0695]}},{"type":"Feature","properties":{"kmh":29.4,"n":5523},"geometry":{"type":"Point","coordinates":[74.8134,34.0695]}},{"type":"Feature","properties":{"kmh":23.1,"n":6157},"geometry":{"type":"Point","coordinates":[74.8134,34.0665]}},{"type":"Feature","properties":{"kmh":15.1,"n":22065},"geometry":{"type":"Point","coordinates":[74.8098,34.0665]}},{"type":"Feature","properties":{"kmh":14.6,"n":4881},"geometry":{"type":"Point","coordinates":[74.8062,34.0665]}},{"type":"Feature","properties":{"kmh":24.0,"n":7958},"geometry":{"type":"Point","coordinates":[74.8062,34.0635]}},{"type":"Feature","properties":{"kmh":13.8,"n":11048},"geometry":{"type":"Point","coordinates":[74.8026,34.0635]}},{"type":"Feature","properties":{"kmh":12.1,"n":14648},"geometry":{"type":"Point","coordinates":[74.8026,34.0665]}},{"type":"Feature","properties":{"kmh":24.6,"n":3088},"geometry":{"type":"Point","coordinates":[74.8386,34.1295]}},{"type":"Feature","properties":{"kmh":14.4,"n":1484},"geometry":{"type":"Point","coordinates":[74.8422,34.1295]}},{"type":"Feature","properties":{"kmh":9.9,"n":2524},"geometry":{"type":"Point","coordinates":[74.8422,34.1325]}},{"type":"Feature","properties":{"kmh":6.5,"n":351},"geometry":{"type":"Point","coordinates":[74.8314,34.0695]}},{"type":"Feature","properties":{"kmh":8.7,"n":588},"geometry":{"type":"Point","coordinates":[74.8278,34.0665]}},{"type":"Feature","properties":{"kmh":33.4,"n":361},"geometry":{"type":"Point","coordinates":[74.8422,34.1355]}},{"type":"Feature","properties":{"kmh":30.2,"n":280},"geometry":{"type":"Point","coordinates":[74.8386,34.1355]}},{"type":"Feature","properties":{"kmh":24.4,"n":764},"geometry":{"type":"Point","coordinates":[74.8386,34.1385]}},{"type":"Feature","properties":{"kmh":16.8,"n":104},"geometry":{"type":"Point","coordinates":[74.8386,34.1325]}},{"type":"Feature","properties":{"kmh":19.4,"n":231},"geometry":{"type":"Point","coordinates":[74.8242,34.0665]}},{"type":"Feature","properties":{"kmh":9.4,"n":157},"geometry":{"type":"Point","coordinates":[74.8206,34.0665]}},{"type":"Feature","properties":{"kmh":23.2,"n":65},"geometry":{"type":"Point","coordinates":[74.8206,34.0635]}},{"type":"Feature","properties":{"kmh":22.7,"n":141},"geometry":{"type":"Point","coordinates":[74.817,34.0635]}},{"type":"Feature","properties":{"kmh":14.7,"n":258},"geometry":{"type":"Point","coordinates":[74.8134,34.0635]}},{"type":"Feature","properties":{"kmh":14.8,"n":233},"geometry":{"type":"Point","coordinates":[74.8098,34.0635]}},{"type":"Feature","properties":{"kmh":27.6,"n":1404},"geometry":{"type":"Point","coordinates":[74.8026,34.0605]}},{"type":"Feature","properties":{"kmh":28.3,"n":1385},"geometry":{"type":"Point","coordinates":[74.8026,34.0575]}},{"type":"Feature","properties":{"kmh":20.8,"n":1697},"geometry":{"type":"Point","coordinates":[74.8026,34.0545]}},{"type":"Feature","properties":{"kmh":17.8,"n":981},"geometry":{"type":"Point","coordinates":[74.8062,34.0545]}},{"type":"Feature","properties":{"kmh":20.2,"n":575},"geometry":{"type":"Point","coordinates":[74.8062,34.0515]}},{"type":"Feature","properties":{"kmh":18.0,"n":1320},"geometry":{"type":"Point","coordinates":[74.8026,34.0515]}},{"type":"Feature","properties":{"kmh":21.5,"n":603},"geometry":{"type":"Point","coordinates":[74.8026,34.0485]}},{"type":"Feature","properties":{"kmh":21.4,"n":474},"geometry":{"type":"Point","coordinates":[74.8026,34.0455]}},{"type":"Feature","properties":{"kmh":34.8,"n":117},"geometry":{"type":"Point","coordinates":[74.8026,34.0425]}},{"type":"Feature","properties":{"kmh":36.0,"n":209},"geometry":{"type":"Point","coordinates":[74.799,34.0425]}},{"type":"Feature","properties":{"kmh":35.0,"n":279},"geometry":{"type":"Point","coordinates":[74.799,34.0395]}},{"type":"Feature","properties":{"kmh":29.9,"n":238},"geometry":{"type":"Point","coordinates":[74.7954,34.0395]}},{"type":"Feature","properties":{"kmh":32.5,"n":149},"geometry":{"type":"Point","coordinates":[74.7954,34.0365]}},{"type":"Feature","properties":{"kmh":21.0,"n":586},"geometry":{"type":"Point","coordinates":[74.7918,34.0365]}},{"type":"Feature","properties":{"kmh":42.7,"n":88},"geometry":{"type":"Point","coordinates":[74.7918,34.0335]}},{"type":"Feature","properties":{"kmh":26.3,"n":112},"geometry":{"type":"Point","coordinates":[74.7954,34.0305]}},{"type":"Feature","properties":{"kmh":21.7,"n":87},"geometry":{"type":"Point","coordinates":[74.799,34.0305]}},{"type":"Feature","properties":{"kmh":24.3,"n":182},"geometry":{"type":"Point","coordinates":[74.799,34.0275]}},{"type":"Feature","properties":{"kmh":23.8,"n":88},"geometry":{"type":"Point","coordinates":[74.799,34.0245]}},{"type":"Feature","properties":{"kmh":18.8,"n":104},"geometry":{"type":"Point","coordinates":[74.799,34.0215]}},{"type":"Feature","properties":{"kmh":41.7,"n":91},"geometry":{"type":"Point","coordinates":[74.8026,34.0275]}},{"type":"Feature","properties":{"kmh":46.1,"n":42},"geometry":{"type":"Point","coordinates":[74.8062,34.0275]}},{"type":"Feature","properties":{"kmh":39.9,"n":108},"geometry":{"type":"Point","coordinates":[74.8098,34.0245]}},{"type":"Feature","properties":{"kmh":47.0,"n":79},"geometry":{"type":"Point","coordinates":[74.8134,34.0245]}},{"type":"Feature","properties":{"kmh":45.7,"n":74},"geometry":{"type":"Point","coordinates":[74.817,34.0245]}},{"type":"Feature","properties":{"kmh":38.6,"n":63},"geometry":{"type":"Point","coordinates":[74.8206,34.0245]}},{"type":"Feature","properties":{"kmh":29.2,"n":202},"geometry":{"type":"Point","coordinates":[74.8242,34.0275]}},{"type":"Feature","properties":{"kmh":37.3,"n":124},"geometry":{"type":"Point","coordinates":[74.8278,34.0275]}},{"type":"Feature","properties":{"kmh":22.7,"n":310},"geometry":{"type":"Point","coordinates":[74.8314,34.0275]}},{"type":"Feature","properties":{"kmh":39.8,"n":291},"geometry":{"type":"Point","coordinates":[74.835,34.0305]}},{"type":"Feature","properties":{"kmh":38.0,"n":298},"geometry":{"type":"Point","coordinates":[74.8386,34.0305]}},{"type":"Feature","properties":{"kmh":21.9,"n":401},"geometry":{"type":"Point","coordinates":[74.8422,34.0305]}},{"type":"Feature","properties":{"kmh":29.9,"n":978},"geometry":{"type":"Point","coordinates":[74.8458,34.0305]}},{"type":"Feature","properties":{"kmh":12.0,"n":561},"geometry":{"type":"Point","coordinates":[74.8458,34.0335]}},{"type":"Feature","properties":{"kmh":25.6,"n":1099},"geometry":{"type":"Point","coordinates":[74.8494,34.0335]}},{"type":"Feature","properties":{"kmh":19.1,"n":1352},"geometry":{"type":"Point","coordinates":[74.853,34.0335]}},{"type":"Feature","properties":{"kmh":40.0,"n":616},"geometry":{"type":"Point","coordinates":[74.8566,34.0335]}},{"type":"Feature","properties":{"kmh":34.8,"n":146},"geometry":{"type":"Point","coordinates":[74.8566,34.0365]}},{"type":"Feature","properties":{"kmh":42.1,"n":724},"geometry":{"type":"Point","coordinates":[74.8602,34.0365]}},{"type":"Feature","properties":{"kmh":37.6,"n":772},"geometry":{"type":"Point","coordinates":[74.8638,34.0365]}},{"type":"Feature","properties":{"kmh":34.7,"n":796},"geometry":{"type":"Point","coordinates":[74.8674,34.0365]}},{"type":"Feature","properties":{"kmh":30.2,"n":732},"geometry":{"type":"Point","coordinates":[74.871,34.0395]}},{"type":"Feature","properties":{"kmh":16.6,"n":764},"geometry":{"type":"Point","coordinates":[74.8674,34.0455]}},{"type":"Feature","properties":{"kmh":34.8,"n":815},"geometry":{"type":"Point","coordinates":[74.835,34.1265]}},{"type":"Feature","properties":{"kmh":24.7,"n":491},"geometry":{"type":"Point","coordinates":[74.8314,34.1265]}},{"type":"Feature","properties":{"kmh":30.6,"n":871},"geometry":{"type":"Point","coordinates":[74.8314,34.1295]}},{"type":"Feature","properties":{"kmh":26.8,"n":1004},"geometry":{"type":"Point","coordinates":[74.8314,34.1325]}},{"type":"Feature","properties":{"kmh":13.4,"n":4040},"geometry":{"type":"Point","coordinates":[74.8314,34.1355]}},{"type":"Feature","properties":{"kmh":16.9,"n":4735},"geometry":{"type":"Point","coordinates":[74.8278,34.1355]}},{"type":"Feature","properties":{"kmh":12.9,"n":7302},"geometry":{"type":"Point","coordinates":[74.817,34.0935]}},{"type":"Feature","properties":{"kmh":19.9,"n":2815},"geometry":{"type":"Point","coordinates":[74.817,34.0905]}},{"type":"Feature","properties":{"kmh":15.3,"n":7510},"geometry":{"type":"Point","coordinates":[74.8134,34.0905]}},{"type":"Feature","properties":{"kmh":24.2,"n":6884},"geometry":{"type":"Point","coordinates":[74.817,34.0875]}},{"type":"Feature","properties":{"kmh":17.5,"n":7895},"geometry":{"type":"Point","coordinates":[74.8206,34.0845]}},{"type":"Feature","properties":{"kmh":22.5,"n":6563},"geometry":{"type":"Point","coordinates":[74.8206,34.0815]}},{"type":"Feature","properties":{"kmh":18.6,"n":5663},"geometry":{"type":"Point","coordinates":[74.8206,34.0785]}},{"type":"Feature","properties":{"kmh":20.3,"n":4971},"geometry":{"type":"Point","coordinates":[74.8206,34.0755]}},{"type":"Feature","properties":{"kmh":30.3,"n":3254},"geometry":{"type":"Point","coordinates":[74.8242,34.0755]}},{"type":"Feature","properties":{"kmh":13.0,"n":5781},"geometry":{"type":"Point","coordinates":[74.9178,34.0215]}},{"type":"Feature","properties":{"kmh":25.5,"n":1123},"geometry":{"type":"Point","coordinates":[74.9178,34.0245]}},{"type":"Feature","properties":{"kmh":28.6,"n":3073},"geometry":{"type":"Point","coordinates":[74.9142,34.0245]}},{"type":"Feature","properties":{"kmh":21.1,"n":862},"geometry":{"type":"Point","coordinates":[74.9106,34.0245]}},{"type":"Feature","properties":{"kmh":29.6,"n":3385},"geometry":{"type":"Point","coordinates":[74.9106,34.0275]}},{"type":"Feature","properties":{"kmh":34.4,"n":3068},"geometry":{"type":"Point","coordinates":[74.907,34.0305]}},{"type":"Feature","properties":{"kmh":32.7,"n":2802},"geometry":{"type":"Point","coordinates":[74.9034,34.0335]}},{"type":"Feature","properties":{"kmh":18.1,"n":2560},"geometry":{"type":"Point","coordinates":[74.8998,34.0335]}},{"type":"Feature","properties":{"kmh":21.7,"n":1521},"geometry":{"type":"Point","coordinates":[74.8998,34.0365]}},{"type":"Feature","properties":{"kmh":36.7,"n":2251},"geometry":{"type":"Point","coordinates":[74.8962,34.0365]}},{"type":"Feature","properties":{"kmh":27.6,"n":2865},"geometry":{"type":"Point","coordinates":[74.8926,34.0365]}},{"type":"Feature","properties":{"kmh":33.2,"n":1061},"geometry":{"type":"Point","coordinates":[74.889,34.0365]}},{"type":"Feature","properties":{"kmh":35.8,"n":1425},"geometry":{"type":"Point","coordinates":[74.889,34.0395]}},{"type":"Feature","properties":{"kmh":24.2,"n":3183},"geometry":{"type":"Point","coordinates":[74.8854,34.0395]}},{"type":"Feature","properties":{"kmh":22.3,"n":3913},"geometry":{"type":"Point","coordinates":[74.8818,34.0395]}},{"type":"Feature","properties":{"kmh":10.2,"n":10601},"geometry":{"type":"Point","coordinates":[74.8782,34.0395]}},{"type":"Feature","properties":{"kmh":21.8,"n":6643},"geometry":{"type":"Point","coordinates":[74.8746,34.0425]}},{"type":"Feature","properties":{"kmh":22.4,"n":2702},"geometry":{"type":"Point","coordinates":[74.871,34.0425]}},{"type":"Feature","properties":{"kmh":28.5,"n":5794},"geometry":{"type":"Point","coordinates":[74.871,34.0455]}},{"type":"Feature","properties":{"kmh":21.1,"n":6853},"geometry":{"type":"Point","coordinates":[74.8674,34.0485]}},{"type":"Feature","properties":{"kmh":22.3,"n":3091},"geometry":{"type":"Point","coordinates":[74.8638,34.0485]}},{"type":"Feature","properties":{"kmh":34.4,"n":4588},"geometry":{"type":"Point","coordinates":[74.8638,34.0515]}},{"type":"Feature","properties":{"kmh":22.6,"n":6699},"geometry":{"type":"Point","coordinates":[74.8602,34.0545]}},{"type":"Feature","properties":{"kmh":20.1,"n":2591},"geometry":{"type":"Point","coordinates":[74.8602,34.0575]}},{"type":"Feature","properties":{"kmh":26.3,"n":5679},"geometry":{"type":"Point","coordinates":[74.8566,34.0575]}},{"type":"Feature","properties":{"kmh":27.8,"n":774},"geometry":{"type":"Point","coordinates":[74.8566,34.0605]}},{"type":"Feature","properties":{"kmh":21.9,"n":7310},"geometry":{"type":"Point","coordinates":[74.853,34.0605]}},{"type":"Feature","properties":{"kmh":18.2,"n":1015},"geometry":{"type":"Point","coordinates":[74.8494,34.0605]}},{"type":"Feature","properties":{"kmh":24.0,"n":7091},"geometry":{"type":"Point","coordinates":[74.8494,34.0635]}},{"type":"Feature","properties":{"kmh":17.5,"n":721},"geometry":{"type":"Point","coordinates":[74.8458,34.0635]}},{"type":"Feature","properties":{"kmh":22.4,"n":7810},"geometry":{"type":"Point","coordinates":[74.8458,34.0665]}},{"type":"Feature","properties":{"kmh":18.2,"n":519},"geometry":{"type":"Point","coordinates":[74.8458,34.0695]}},{"type":"Feature","properties":{"kmh":21.4,"n":8176},"geometry":{"type":"Point","coordinates":[74.8422,34.0695]}},{"type":"Feature","properties":{"kmh":13.0,"n":1948},"geometry":{"type":"Point","coordinates":[74.8386,34.0695]}},{"type":"Feature","properties":{"kmh":16.8,"n":7346},"geometry":{"type":"Point","coordinates":[74.8386,34.0725]}},{"type":"Feature","properties":{"kmh":17.0,"n":5635},"geometry":{"type":"Point","coordinates":[74.835,34.0725]}},{"type":"Feature","properties":{"kmh":21.0,"n":3563},"geometry":{"type":"Point","coordinates":[74.835,34.0755]}},{"type":"Feature","properties":{"kmh":37.6,"n":70},"geometry":{"type":"Point","coordinates":[74.8638,34.0545]}},{"type":"Feature","properties":{"kmh":10.6,"n":2551},"geometry":{"type":"Point","coordinates":[74.9178,34.0185]}},{"type":"Feature","properties":{"kmh":24.0,"n":4250},"geometry":{"type":"Point","coordinates":[74.9142,34.0185]}},{"type":"Feature","properties":{"kmh":29.8,"n":2385},"geometry":{"type":"Point","coordinates":[74.9106,34.0155]}},{"type":"Feature","properties":{"kmh":16.3,"n":3006},"geometry":{"type":"Point","coordinates":[74.9142,34.0125]}},{"type":"Feature","properties":{"kmh":36.8,"n":212},"geometry":{"type":"Point","coordinates":[74.9034,34.0305]}},{"type":"Feature","properties":{"kmh":30.3,"n":1260},"geometry":{"type":"Point","coordinates":[74.8746,34.0395]}},{"type":"Feature","properties":{"kmh":28.4,"n":261},"geometry":{"type":"Point","coordinates":[74.9142,34.0155]}},{"type":"Feature","properties":{"kmh":25.7,"n":45},"geometry":{"type":"Point","coordinates":[74.9106,34.0185]}},{"type":"Feature","properties":{"kmh":26.8,"n":1198},"geometry":{"type":"Point","coordinates":[74.9142,34.0095]}},{"type":"Feature","properties":{"kmh":30.5,"n":1080},"geometry":{"type":"Point","coordinates":[74.9142,34.0065]}},{"type":"Feature","properties":{"kmh":31.0,"n":1066},"geometry":{"type":"Point","coordinates":[74.9142,34.0035]}},{"type":"Feature","properties":{"kmh":27.6,"n":347},"geometry":{"type":"Point","coordinates":[74.9142,34.0005]}},{"type":"Feature","properties":{"kmh":14.4,"n":921},"geometry":{"type":"Point","coordinates":[74.9178,34.0005]}},{"type":"Feature","properties":{"kmh":19.2,"n":529},"geometry":{"type":"Point","coordinates":[74.9106,34.0125]}},{"type":"Feature","properties":{"kmh":8.1,"n":252},"geometry":{"type":"Point","coordinates":[74.9178,34.0275]}},{"type":"Feature","properties":{"kmh":7.6,"n":106},"geometry":{"type":"Point","coordinates":[74.9142,34.0275]}},{"type":"Feature","properties":{"kmh":6.8,"n":301},"geometry":{"type":"Point","coordinates":[74.9142,34.0305]}},{"type":"Feature","properties":{"kmh":6.0,"n":593},"geometry":{"type":"Point","coordinates":[74.9142,34.0335]}},{"type":"Feature","properties":{"kmh":12.8,"n":19859},"geometry":{"type":"Point","coordinates":[74.8026,34.1355]}},{"type":"Feature","properties":{"kmh":19.2,"n":7164},"geometry":{"type":"Point","coordinates":[74.8026,34.1325]}},{"type":"Feature","properties":{"kmh":18.0,"n":7447},"geometry":{"type":"Point","coordinates":[74.8062,34.1325]}},{"type":"Feature","properties":{"kmh":15.2,"n":14638},"geometry":{"type":"Point","coordinates":[74.8062,34.1295]}},{"type":"Feature","properties":{"kmh":19.0,"n":11889},"geometry":{"type":"Point","coordinates":[74.8062,34.1265]}},{"type":"Feature","properties":{"kmh":26.2,"n":8523},"geometry":{"type":"Point","coordinates":[74.8062,34.1235]}},{"type":"Feature","properties":{"kmh":15.0,"n":13765},"geometry":{"type":"Point","coordinates":[74.8062,34.1205]}},{"type":"Feature","properties":{"kmh":19.6,"n":10456},"geometry":{"type":"Point","coordinates":[74.8062,34.1175]}},{"type":"Feature","properties":{"kmh":16.0,"n":13463},"geometry":{"type":"Point","coordinates":[74.8062,34.1145]}},{"type":"Feature","properties":{"kmh":17.9,"n":12261},"geometry":{"type":"Point","coordinates":[74.8098,34.1115]}},{"type":"Feature","properties":{"kmh":12.5,"n":13004},"geometry":{"type":"Point","coordinates":[74.8098,34.1085]}},{"type":"Feature","properties":{"kmh":20.0,"n":9996},"geometry":{"type":"Point","coordinates":[74.8098,34.1055]}},{"type":"Feature","properties":{"kmh":19.0,"n":10728},"geometry":{"type":"Point","coordinates":[74.8098,34.1025]}},{"type":"Feature","properties":{"kmh":12.3,"n":10875},"geometry":{"type":"Point","coordinates":[74.8098,34.0995]}},{"type":"Feature","properties":{"kmh":12.5,"n":1786},"geometry":{"type":"Point","coordinates":[74.8134,34.0995]}},{"type":"Feature","properties":{"kmh":14.8,"n":7801},"geometry":{"type":"Point","coordinates":[74.8134,34.0965]}},{"type":"Feature","properties":{"kmh":15.2,"n":17408},"geometry":{"type":"Point","coordinates":[74.8134,34.0935]}},{"type":"Feature","properties":{"kmh":40.8,"n":152},"geometry":{"type":"Point","coordinates":[74.871,34.0365]}},{"type":"Feature","properties":{"kmh":23.4,"n":944},"geometry":{"type":"Point","coordinates":[74.8458,34.0275]}},{"type":"Feature","properties":{"kmh":10.5,"n":599},"geometry":{"type":"Point","coordinates":[74.8458,34.0245]}},{"type":"Feature","properties":{"kmh":25.1,"n":338},"geometry":{"type":"Point","coordinates":[74.817,34.0845]}},{"type":"Feature","properties":{"kmh":16.8,"n":6581},"geometry":{"type":"Point","coordinates":[74.8098,34.0935]}},{"type":"Feature","properties":{"kmh":19.0,"n":525},"geometry":{"type":"Point","coordinates":[74.8062,34.0935]}},{"type":"Feature","properties":{"kmh":17.9,"n":5908},"geometry":{"type":"Point","coordinates":[74.8062,34.0965]}},{"type":"Feature","properties":{"kmh":16.9,"n":9176},"geometry":{"type":"Point","coordinates":[74.8062,34.0995]}},{"type":"Feature","properties":{"kmh":21.7,"n":3434},"geometry":{"type":"Point","coordinates":[74.8026,34.0995]}},{"type":"Feature","properties":{"kmh":13.4,"n":11205},"geometry":{"type":"Point","coordinates":[74.8026,34.1385]}},{"type":"Feature","properties":{"kmh":23.0,"n":828},"geometry":{"type":"Point","coordinates":[74.799,34.1325]}},{"type":"Feature","properties":{"kmh":24.9,"n":1420},"geometry":{"type":"Point","coordinates":[74.799,34.1295]}},{"type":"Feature","properties":{"kmh":23.3,"n":1382},"geometry":{"type":"Point","coordinates":[74.7954,34.1265]}},{"type":"Feature","properties":{"kmh":19.3,"n":1766},"geometry":{"type":"Point","coordinates":[74.7954,34.1235]}},{"type":"Feature","properties":{"kmh":28.0,"n":1094},"geometry":{"type":"Point","coordinates":[74.7954,34.1205]}},{"type":"Feature","properties":{"kmh":22.5,"n":1219},"geometry":{"type":"Point","coordinates":[74.7954,34.1175]}},{"type":"Feature","properties":{"kmh":25.4,"n":1182},"geometry":{"type":"Point","coordinates":[74.7954,34.1145]}},{"type":"Feature","properties":{"kmh":27.9,"n":1029},"geometry":{"type":"Point","coordinates":[74.7954,34.1115]}},{"type":"Feature","properties":{"kmh":18.7,"n":1366},"geometry":{"type":"Point","coordinates":[74.7954,34.1085]}},{"type":"Feature","properties":{"kmh":17.8,"n":1513},"geometry":{"type":"Point","coordinates":[74.7954,34.1055]}},{"type":"Feature","properties":{"kmh":25.2,"n":1129},"geometry":{"type":"Point","coordinates":[74.7954,34.1025]}},{"type":"Feature","properties":{"kmh":26.0,"n":1098},"geometry":{"type":"Point","coordinates":[74.7954,34.0995]}},{"type":"Feature","properties":{"kmh":19.6,"n":643},"geometry":{"type":"Point","coordinates":[74.7954,34.0965]}},{"type":"Feature","properties":{"kmh":11.7,"n":3712},"geometry":{"type":"Point","coordinates":[74.7918,34.0965]}},{"type":"Feature","properties":{"kmh":19.7,"n":95},"geometry":{"type":"Point","coordinates":[74.7954,34.0935]}},{"type":"Feature","properties":{"kmh":18.2,"n":498},"geometry":{"type":"Point","coordinates":[74.799,34.0965]}},{"type":"Feature","properties":{"kmh":15.4,"n":235},"geometry":{"type":"Point","coordinates":[74.799,34.0935]}},{"type":"Feature","properties":{"kmh":21.3,"n":77},"geometry":{"type":"Point","coordinates":[74.799,34.0905]}},{"type":"Feature","properties":{"kmh":8.7,"n":314},"geometry":{"type":"Point","coordinates":[74.8026,34.0905]}},{"type":"Feature","properties":{"kmh":10.7,"n":523},"geometry":{"type":"Point","coordinates":[74.8026,34.0875]}},{"type":"Feature","properties":{"kmh":8.3,"n":425},"geometry":{"type":"Point","coordinates":[74.8062,34.0875]}},{"type":"Feature","properties":{"kmh":21.0,"n":120},"geometry":{"type":"Point","coordinates":[74.8098,34.0875]}},{"type":"Feature","properties":{"kmh":27.1,"n":167},"geometry":{"type":"Point","coordinates":[74.8134,34.0875]}},{"type":"Feature","properties":{"kmh":30.2,"n":168},"geometry":{"type":"Point","coordinates":[74.8098,34.0845]}},{"type":"Feature","properties":{"kmh":20.8,"n":303},"geometry":{"type":"Point","coordinates":[74.8134,34.0815]}},{"type":"Feature","properties":{"kmh":19.2,"n":47},"geometry":{"type":"Point","coordinates":[74.817,34.0815]}},{"type":"Feature","properties":{"kmh":36.5,"n":49},"geometry":{"type":"Point","coordinates":[74.8602,34.0515]}},{"type":"Feature","properties":{"kmh":19.0,"n":244},"geometry":{"type":"Point","coordinates":[74.8098,34.1145]}},{"type":"Feature","properties":{"kmh":30.8,"n":44},"geometry":{"type":"Point","coordinates":[74.7954,34.1295]}},{"type":"Feature","properties":{"kmh":12.9,"n":108},"geometry":{"type":"Point","coordinates":[74.8062,34.1115]}},{"type":"Feature","properties":{"kmh":10.6,"n":862},"geometry":{"type":"Point","coordinates":[74.799,34.1265]}},{"type":"Feature","properties":{"kmh":16.9,"n":1466},"geometry":{"type":"Point","coordinates":[74.7918,34.0935]}},{"type":"Feature","properties":{"kmh":17.4,"n":1599},"geometry":{"type":"Point","coordinates":[74.7918,34.0905]}},{"type":"Feature","properties":{"kmh":20.0,"n":73},"geometry":{"type":"Point","coordinates":[74.7954,34.0905]}},{"type":"Feature","properties":{"kmh":18.1,"n":2160},"geometry":{"type":"Point","coordinates":[74.7954,34.0875]}},{"type":"Feature","properties":{"kmh":22.3,"n":3525},"geometry":{"type":"Point","coordinates":[74.8062,34.1355]}},{"type":"Feature","properties":{"kmh":16.4,"n":3107},"geometry":{"type":"Point","coordinates":[74.8098,34.1355]}},{"type":"Feature","properties":{"kmh":17.2,"n":1279},"geometry":{"type":"Point","coordinates":[74.8098,34.1325]}},{"type":"Feature","properties":{"kmh":13.6,"n":1816},"geometry":{"type":"Point","coordinates":[74.8134,34.1325]}},{"type":"Feature","properties":{"kmh":18.2,"n":1542},"geometry":{"type":"Point","coordinates":[74.8134,34.1355]}},{"type":"Feature","properties":{"kmh":19.8,"n":1594},"geometry":{"type":"Point","coordinates":[74.817,34.1355]}},{"type":"Feature","properties":{"kmh":17.1,"n":158},"geometry":{"type":"Point","coordinates":[74.817,34.1325]}},{"type":"Feature","properties":{"kmh":21.5,"n":972},"geometry":{"type":"Point","coordinates":[74.8206,34.1355]}},{"type":"Feature","properties":{"kmh":22.8,"n":2181},"geometry":{"type":"Point","coordinates":[74.8242,34.1355]}},{"type":"Feature","properties":{"kmh":20.2,"n":1300},"geometry":{"type":"Point","coordinates":[74.8242,34.1325]}},{"type":"Feature","properties":{"kmh":22.2,"n":647},"geometry":{"type":"Point","coordinates":[74.8206,34.1325]}},{"type":"Feature","properties":{"kmh":21.0,"n":1170},"geometry":{"type":"Point","coordinates":[74.8206,34.1295]}},{"type":"Feature","properties":{"kmh":23.7,"n":532},"geometry":{"type":"Point","coordinates":[74.817,34.1295]}},{"type":"Feature","properties":{"kmh":20.3,"n":1061},"geometry":{"type":"Point","coordinates":[74.817,34.1265]}},{"type":"Feature","properties":{"kmh":21.8,"n":563},"geometry":{"type":"Point","coordinates":[74.817,34.1235]}},{"type":"Feature","properties":{"kmh":22.1,"n":123},"geometry":{"type":"Point","coordinates":[74.817,34.1205]}},{"type":"Feature","properties":{"kmh":23.0,"n":602},"geometry":{"type":"Point","coordinates":[74.8134,34.1205]}},{"type":"Feature","properties":{"kmh":17.4,"n":281},"geometry":{"type":"Point","coordinates":[74.8062,34.1085]}},{"type":"Feature","properties":{"kmh":10.8,"n":82},"geometry":{"type":"Point","coordinates":[74.8062,34.1055]}},{"type":"Feature","properties":{"kmh":7.2,"n":434},"geometry":{"type":"Point","coordinates":[74.8026,34.1055]}},{"type":"Feature","properties":{"kmh":25.6,"n":125},"geometry":{"type":"Point","coordinates":[74.835,34.1565]}},{"type":"Feature","properties":{"kmh":26.8,"n":42},"geometry":{"type":"Point","coordinates":[74.8314,34.1565]}},{"type":"Feature","properties":{"kmh":17.9,"n":2240},"geometry":{"type":"Point","coordinates":[74.817,34.1505]}},{"type":"Feature","properties":{"kmh":18.0,"n":2865},"geometry":{"type":"Point","coordinates":[74.8134,34.1505]}},{"type":"Feature","properties":{"kmh":20.0,"n":4347},"geometry":{"type":"Point","coordinates":[74.8098,34.1505]}},{"type":"Feature","properties":{"kmh":28.5,"n":1709},"geometry":{"type":"Point","coordinates":[74.8098,34.1475]}},{"type":"Feature","properties":{"kmh":29.0,"n":1734},"geometry":{"type":"Point","coordinates":[74.8098,34.1445]}},{"type":"Feature","properties":{"kmh":27.7,"n":1844},"geometry":{"type":"Point","coordinates":[74.8098,34.1415]}},{"type":"Feature","properties":{"kmh":27.3,"n":1959},"geometry":{"type":"Point","coordinates":[74.8098,34.1385]}},{"type":"Feature","properties":{"kmh":9.8,"n":2248},"geometry":{"type":"Point","coordinates":[74.7954,34.0845]}},{"type":"Feature","properties":{"kmh":15.8,"n":588},"geometry":{"type":"Point","coordinates":[74.799,34.0845]}},{"type":"Feature","properties":{"kmh":16.9,"n":2000},"geometry":{"type":"Point","coordinates":[74.799,34.0815]}},{"type":"Feature","properties":{"kmh":30.6,"n":101},"geometry":{"type":"Point","coordinates":[74.7846,34.0845]}},{"type":"Feature","properties":{"kmh":31.9,"n":672},"geometry":{"type":"Point","coordinates":[74.781,34.0845]}},{"type":"Feature","properties":{"kmh":30.3,"n":691},"geometry":{"type":"Point","coordinates":[74.781,34.0875]}},{"type":"Feature","properties":{"kmh":15.6,"n":263},"geometry":{"type":"Point","coordinates":[74.7774,34.0875]}},{"type":"Feature","properties":{"kmh":12.4,"n":3698},"geometry":{"type":"Point","coordinates":[74.7774,34.0905]}},{"type":"Feature","properties":{"kmh":11.6,"n":1744},"geometry":{"type":"Point","coordinates":[74.7774,34.0935]}},{"type":"Feature","properties":{"kmh":22.1,"n":813},"geometry":{"type":"Point","coordinates":[74.7738,34.0935]}},{"type":"Feature","properties":{"kmh":26.4,"n":1591},"geometry":{"type":"Point","coordinates":[74.7738,34.0965]}},{"type":"Feature","properties":{"kmh":8.1,"n":2923},"geometry":{"type":"Point","coordinates":[74.7702,34.0965]}},{"type":"Feature","properties":{"kmh":27.9,"n":1134},"geometry":{"type":"Point","coordinates":[74.7702,34.0995]}},{"type":"Feature","properties":{"kmh":10.4,"n":958},"geometry":{"type":"Point","coordinates":[74.7666,34.0995]}},{"type":"Feature","properties":{"kmh":24.2,"n":863},"geometry":{"type":"Point","coordinates":[74.7666,34.1025]}},{"type":"Feature","properties":{"kmh":10.4,"n":1184},"geometry":{"type":"Point","coordinates":[74.763,34.1025]}},{"type":"Feature","properties":{"kmh":19.4,"n":371},"geometry":{"type":"Point","coordinates":[74.7594,34.1055]}},{"type":"Feature","properties":{"kmh":16.9,"n":473},"geometry":{"type":"Point","coordinates":[74.7558,34.1055]}},{"type":"Feature","properties":{"kmh":32.0,"n":135},"geometry":{"type":"Point","coordinates":[74.7522,34.1055]}},{"type":"Feature","properties":{"kmh":34.3,"n":152},"geometry":{"type":"Point","coordinates":[74.7522,34.1085]}},{"type":"Feature","properties":{"kmh":29.2,"n":312},"geometry":{"type":"Point","coordinates":[74.7486,34.1085]}},{"type":"Feature","properties":{"kmh":14.3,"n":468},"geometry":{"type":"Point","coordinates":[74.745,34.1085]}},{"type":"Feature","properties":{"kmh":44.8,"n":205},"geometry":{"type":"Point","coordinates":[74.7414,34.1085]}},{"type":"Feature","properties":{"kmh":38.1,"n":186},"geometry":{"type":"Point","coordinates":[74.7378,34.1115]}},{"type":"Feature","properties":{"kmh":35.6,"n":246},"geometry":{"type":"Point","coordinates":[74.7342,34.1115]}},{"type":"Feature","properties":{"kmh":32.0,"n":248},"geometry":{"type":"Point","coordinates":[74.7306,34.1115]}},{"type":"Feature","properties":{"kmh":23.9,"n":300},"geometry":{"type":"Point","coordinates":[74.727,34.1115]}},{"type":"Feature","properties":{"kmh":35.3,"n":234},"geometry":{"type":"Point","coordinates":[74.7234,34.1115]}},{"type":"Feature","properties":{"kmh":37.6,"n":222},"geometry":{"type":"Point","coordinates":[74.7198,34.1115]}},{"type":"Feature","properties":{"kmh":33.6,"n":224},"geometry":{"type":"Point","coordinates":[74.7162,34.1115]}},{"type":"Feature","properties":{"kmh":37.9,"n":194},"geometry":{"type":"Point","coordinates":[74.7126,34.1145]}},{"type":"Feature","properties":{"kmh":40.4,"n":208},"geometry":{"type":"Point","coordinates":[74.709,34.1145]}},{"type":"Feature","properties":{"kmh":41.8,"n":203},"geometry":{"type":"Point","coordinates":[74.7054,34.1145]}},{"type":"Feature","properties":{"kmh":42.1,"n":93},"geometry":{"type":"Point","coordinates":[74.7018,34.1145]}},{"type":"Feature","properties":{"kmh":32.6,"n":136},"geometry":{"type":"Point","coordinates":[74.7018,34.1175]}},{"type":"Feature","properties":{"kmh":20.3,"n":321},"geometry":{"type":"Point","coordinates":[74.6982,34.1175]}},{"type":"Feature","properties":{"kmh":27.7,"n":266},"geometry":{"type":"Point","coordinates":[74.6946,34.1175]}},{"type":"Feature","properties":{"kmh":32.3,"n":187},"geometry":{"type":"Point","coordinates":[74.691,34.1175]}},{"type":"Feature","properties":{"kmh":18.0,"n":94},"geometry":{"type":"Point","coordinates":[74.691,34.1205]}},{"type":"Feature","properties":{"kmh":23.6,"n":271},"geometry":{"type":"Point","coordinates":[74.6874,34.1205]}},{"type":"Feature","properties":{"kmh":18.1,"n":318},"geometry":{"type":"Point","coordinates":[74.6838,34.1205]}},{"type":"Feature","properties":{"kmh":13.5,"n":445},"geometry":{"type":"Point","coordinates":[74.6802,34.1205]}},{"type":"Feature","properties":{"kmh":18.8,"n":389},"geometry":{"type":"Point","coordinates":[74.6766,34.1205]}},{"type":"Feature","properties":{"kmh":8.0,"n":125},"geometry":{"type":"Point","coordinates":[74.6766,34.1175]}},{"type":"Feature","properties":{"kmh":6.2,"n":778},"geometry":{"type":"Point","coordinates":[74.673,34.1175]}},{"type":"Feature","properties":{"kmh":5.8,"n":69},"geometry":{"type":"Point","coordinates":[74.6694,34.1175]}},{"type":"Feature","properties":{"kmh":6.0,"n":267},"geometry":{"type":"Point","coordinates":[74.6694,34.1205]}},{"type":"Feature","properties":{"kmh":22.3,"n":75},"geometry":{"type":"Point","coordinates":[75.2886,34.3035]}},{"type":"Feature","properties":{"kmh":17.3,"n":74},"geometry":{"type":"Point","coordinates":[75.2742,34.3095]}},{"type":"Feature","properties":{"kmh":26.6,"n":47},"geometry":{"type":"Point","coordinates":[75.2706,34.3125]}},{"type":"Feature","properties":{"kmh":32.6,"n":47},"geometry":{"type":"Point","coordinates":[75.267,34.3125]}},{"type":"Feature","properties":{"kmh":20.3,"n":61},"geometry":{"type":"Point","coordinates":[75.2634,34.3095]}},{"type":"Feature","properties":{"kmh":31.6,"n":67},"geometry":{"type":"Point","coordinates":[75.2634,34.3065]}},{"type":"Feature","properties":{"kmh":20.5,"n":51},"geometry":{"type":"Point","coordinates":[75.195,34.2945]}},{"type":"Feature","properties":{"kmh":22.3,"n":60},"geometry":{"type":"Point","coordinates":[75.195,34.2915]}},{"type":"Feature","properties":{"kmh":24.6,"n":53},"geometry":{"type":"Point","coordinates":[75.1914,34.2885]}},{"type":"Feature","properties":{"kmh":25.7,"n":56},"geometry":{"type":"Point","coordinates":[75.1878,34.2855]}},{"type":"Feature","properties":{"kmh":25.3,"n":44},"geometry":{"type":"Point","coordinates":[75.177,34.2765]}},{"type":"Feature","properties":{"kmh":36.5,"n":50},"geometry":{"type":"Point","coordinates":[75.177,34.2735]}},{"type":"Feature","properties":{"kmh":28.3,"n":61},"geometry":{"type":"Point","coordinates":[75.1734,34.2735]}},{"type":"Feature","properties":{"kmh":30.0,"n":60},"geometry":{"type":"Point","coordinates":[75.1698,34.2705]}},{"type":"Feature","properties":{"kmh":32.6,"n":65},"geometry":{"type":"Point","coordinates":[75.1662,34.2705]}},{"type":"Feature","properties":{"kmh":26.2,"n":76},"geometry":{"type":"Point","coordinates":[75.1626,34.2705]}},{"type":"Feature","properties":{"kmh":24.0,"n":93},"geometry":{"type":"Point","coordinates":[75.159,34.2705]}},{"type":"Feature","properties":{"kmh":20.5,"n":75},"geometry":{"type":"Point","coordinates":[75.1554,34.2705]}},{"type":"Feature","properties":{"kmh":13.9,"n":163},"geometry":{"type":"Point","coordinates":[75.1518,34.2675]}},{"type":"Feature","properties":{"kmh":23.2,"n":77},"geometry":{"type":"Point","coordinates":[75.1482,34.2675]}},{"type":"Feature","properties":{"kmh":44.4,"n":44},"geometry":{"type":"Point","coordinates":[75.1446,34.2675]}},{"type":"Feature","properties":{"kmh":35.5,"n":57},"geometry":{"type":"Point","coordinates":[75.141,34.2675]}},{"type":"Feature","properties":{"kmh":36.4,"n":69},"geometry":{"type":"Point","coordinates":[75.1374,34.2645]}},{"type":"Feature","properties":{"kmh":40.2,"n":50},"geometry":{"type":"Point","coordinates":[75.1338,34.2645]}},{"type":"Feature","properties":{"kmh":36.6,"n":46},"geometry":{"type":"Point","coordinates":[75.1302,34.2615]}},{"type":"Feature","properties":{"kmh":37.7,"n":59},"geometry":{"type":"Point","coordinates":[75.1266,34.2615]}},{"type":"Feature","properties":{"kmh":37.9,"n":49},"geometry":{"type":"Point","coordinates":[75.123,34.2615]}},{"type":"Feature","properties":{"kmh":38.4,"n":61},"geometry":{"type":"Point","coordinates":[75.1194,34.2585]}},{"type":"Feature","properties":{"kmh":39.5,"n":52},"geometry":{"type":"Point","coordinates":[75.1158,34.2585]}},{"type":"Feature","properties":{"kmh":32.1,"n":69},"geometry":{"type":"Point","coordinates":[75.1122,34.2585]}},{"type":"Feature","properties":{"kmh":32.8,"n":70},"geometry":{"type":"Point","coordinates":[75.1086,34.2585]}},{"type":"Feature","properties":{"kmh":40.4,"n":52},"geometry":{"type":"Point","coordinates":[75.105,34.2585]}},{"type":"Feature","properties":{"kmh":42.2,"n":44},"geometry":{"type":"Point","coordinates":[75.1014,34.2585]}},{"type":"Feature","properties":{"kmh":35.6,"n":59},"geometry":{"type":"Point","coordinates":[75.0978,34.2585]}},{"type":"Feature","properties":{"kmh":34.5,"n":53},"geometry":{"type":"Point","coordinates":[75.0942,34.2585]}},{"type":"Feature","properties":{"kmh":29.0,"n":76},"geometry":{"type":"Point","coordinates":[75.0906,34.2585]}},{"type":"Feature","properties":{"kmh":37.2,"n":40},"geometry":{"type":"Point","coordinates":[75.087,34.2555]}},{"type":"Feature","properties":{"kmh":37.3,"n":62},"geometry":{"type":"Point","coordinates":[75.0834,34.2555]}},{"type":"Feature","properties":{"kmh":37.1,"n":69},"geometry":{"type":"Point","coordinates":[75.0762,34.2525]}},{"type":"Feature","properties":{"kmh":41.9,"n":46},"geometry":{"type":"Point","coordinates":[75.0726,34.2495]}},{"type":"Feature","properties":{"kmh":37.4,"n":63},"geometry":{"type":"Point","coordinates":[75.0654,34.2435]}},{"type":"Feature","properties":{"kmh":48.1,"n":47},"geometry":{"type":"Point","coordinates":[75.0618,34.2405]}},{"type":"Feature","properties":{"kmh":35.5,"n":75},"geometry":{"type":"Point","coordinates":[75.0582,34.2375]}},{"type":"Feature","properties":{"kmh":37.0,"n":71},"geometry":{"type":"Point","coordinates":[75.0546,34.2345]}},{"type":"Feature","properties":{"kmh":32.5,"n":83},"geometry":{"type":"Point","coordinates":[75.051,34.2315]}},{"type":"Feature","properties":{"kmh":36.7,"n":66},"geometry":{"type":"Point","coordinates":[75.0474,34.2285]}},{"type":"Feature","properties":{"kmh":37.4,"n":60},"geometry":{"type":"Point","coordinates":[75.0438,34.2285]}},{"type":"Feature","properties":{"kmh":30.4,"n":91},"geometry":{"type":"Point","coordinates":[75.0402,34.2255]}},{"type":"Feature","properties":{"kmh":31.2,"n":84},"geometry":{"type":"Point","coordinates":[75.0366,34.2255]}},{"type":"Feature","properties":{"kmh":39.0,"n":62},"geometry":{"type":"Point","coordinates":[75.033,34.2255]}},{"type":"Feature","properties":{"kmh":36.0,"n":44},"geometry":{"type":"Point","coordinates":[75.0294,34.2255]}},{"type":"Feature","properties":{"kmh":44.9,"n":49},"geometry":{"type":"Point","coordinates":[75.0258,34.2255]}},{"type":"Feature","properties":{"kmh":41.7,"n":51},"geometry":{"type":"Point","coordinates":[75.0222,34.2255]}},{"type":"Feature","properties":{"kmh":23.6,"n":79},"geometry":{"type":"Point","coordinates":[75.0186,34.2225]}},{"type":"Feature","properties":{"kmh":35.3,"n":60},"geometry":{"type":"Point","coordinates":[75.015,34.2225]}},{"type":"Feature","properties":{"kmh":39.1,"n":62},"geometry":{"type":"Point","coordinates":[75.0114,34.2225]}},{"type":"Feature","properties":{"kmh":42.7,"n":47},"geometry":{"type":"Point","coordinates":[75.0078,34.2225]}},{"type":"Feature","properties":{"kmh":34.8,"n":76},"geometry":{"type":"Point","coordinates":[75.0006,34.2255]}},{"type":"Feature","properties":{"kmh":38.5,"n":60},"geometry":{"type":"Point","coordinates":[74.997,34.2255]}},{"type":"Feature","properties":{"kmh":14.8,"n":121},"geometry":{"type":"Point","coordinates":[74.9934,34.2285]}},{"type":"Feature","properties":{"kmh":36.0,"n":63},"geometry":{"type":"Point","coordinates":[74.9898,34.2285]}},{"type":"Feature","properties":{"kmh":39.8,"n":62},"geometry":{"type":"Point","coordinates":[74.9862,34.2315]}},{"type":"Feature","properties":{"kmh":42.5,"n":43},"geometry":{"type":"Point","coordinates":[74.9826,34.2315]}},{"type":"Feature","properties":{"kmh":43.5,"n":47},"geometry":{"type":"Point","coordinates":[74.979,34.2315]}},{"type":"Feature","properties":{"kmh":40.2,"n":53},"geometry":{"type":"Point","coordinates":[74.9754,34.2315]}},{"type":"Feature","properties":{"kmh":38.9,"n":45},"geometry":{"type":"Point","coordinates":[74.9682,34.2315]}},{"type":"Feature","properties":{"kmh":42.7,"n":48},"geometry":{"type":"Point","coordinates":[74.9574,34.2375]}},{"type":"Feature","properties":{"kmh":44.4,"n":41},"geometry":{"type":"Point","coordinates":[74.9538,34.2405]}},{"type":"Feature","properties":{"kmh":44.3,"n":42},"geometry":{"type":"Point","coordinates":[74.9502,34.2405]}},{"type":"Feature","properties":{"kmh":37.5,"n":44},"geometry":{"type":"Point","coordinates":[74.9466,34.2435]}},{"type":"Feature","properties":{"kmh":40.6,"n":47},"geometry":{"type":"Point","coordinates":[74.943,34.2435]}},{"type":"Feature","properties":{"kmh":48.5,"n":45},"geometry":{"type":"Point","coordinates":[74.9394,34.2465]}},{"type":"Feature","properties":{"kmh":46.0,"n":44},"geometry":{"type":"Point","coordinates":[74.9358,34.2465]}},{"type":"Feature","properties":{"kmh":40.4,"n":48},"geometry":{"type":"Point","coordinates":[74.9322,34.2465]}},{"type":"Feature","properties":{"kmh":34.4,"n":54},"geometry":{"type":"Point","coordinates":[74.9286,34.2465]}},{"type":"Feature","properties":{"kmh":39.4,"n":55},"geometry":{"type":"Point","coordinates":[74.9214,34.2495]}},{"type":"Feature","properties":{"kmh":36.2,"n":68},"geometry":{"type":"Point","coordinates":[74.9178,34.2525]}},{"type":"Feature","properties":{"kmh":42.4,"n":76},"geometry":{"type":"Point","coordinates":[74.9142,34.2555]}},{"type":"Feature","properties":{"kmh":34.3,"n":77},"geometry":{"type":"Point","coordinates":[74.9106,34.2585]}},{"type":"Feature","properties":{"kmh":30.7,"n":48},"geometry":{"type":"Point","coordinates":[74.907,34.2615]}},{"type":"Feature","properties":{"kmh":20.4,"n":66},"geometry":{"type":"Point","coordinates":[74.9034,34.2615]}},{"type":"Feature","properties":{"kmh":11.3,"n":58},"geometry":{"type":"Point","coordinates":[74.9034,34.2645]}},{"type":"Feature","properties":{"kmh":24.1,"n":84},"geometry":{"type":"Point","coordinates":[74.8998,34.2645]}},{"type":"Feature","properties":{"kmh":36.4,"n":49},"geometry":{"type":"Point","coordinates":[74.8962,34.2675]}},{"type":"Feature","properties":{"kmh":49.7,"n":46},"geometry":{"type":"Point","coordinates":[74.8926,34.2705]}},{"type":"Feature","properties":{"kmh":40.0,"n":49},"geometry":{"type":"Point","coordinates":[74.889,34.2735]}},{"type":"Feature","properties":{"kmh":17.3,"n":82},"geometry":{"type":"Point","coordinates":[74.8854,34.2735]}},{"type":"Feature","properties":{"kmh":42.3,"n":47},"geometry":{"type":"Point","coordinates":[74.8818,34.2765]}},{"type":"Feature","properties":{"kmh":40.8,"n":49},"geometry":{"type":"Point","coordinates":[74.8746,34.2795]}},{"type":"Feature","properties":{"kmh":39.1,"n":50},"geometry":{"type":"Point","coordinates":[74.871,34.2795]}},{"type":"Feature","properties":{"kmh":43.1,"n":47},"geometry":{"type":"Point","coordinates":[74.8602,34.2825]}},{"type":"Feature","properties":{"kmh":23.2,"n":83},"geometry":{"type":"Point","coordinates":[74.8566,34.2825]}},{"type":"Feature","properties":{"kmh":41.9,"n":53},"geometry":{"type":"Point","coordinates":[74.853,34.2825]}},{"type":"Feature","properties":{"kmh":38.9,"n":57},"geometry":{"type":"Point","coordinates":[74.8494,34.2825]}},{"type":"Feature","properties":{"kmh":46.0,"n":57},"geometry":{"type":"Point","coordinates":[74.8458,34.2855]}},{"type":"Feature","properties":{"kmh":44.5,"n":47},"geometry":{"type":"Point","coordinates":[74.8422,34.2855]}},{"type":"Feature","properties":{"kmh":44.3,"n":60},"geometry":{"type":"Point","coordinates":[74.8386,34.2885]}},{"type":"Feature","properties":{"kmh":43.5,"n":52},"geometry":{"type":"Point","coordinates":[74.835,34.2885]}},{"type":"Feature","properties":{"kmh":49.8,"n":51},"geometry":{"type":"Point","coordinates":[74.8314,34.2885]}},{"type":"Feature","properties":{"kmh":39.0,"n":65},"geometry":{"type":"Point","coordinates":[74.8278,34.2885]}},{"type":"Feature","properties":{"kmh":40.9,"n":62},"geometry":{"type":"Point","coordinates":[74.8242,34.2855]}},{"type":"Feature","properties":{"kmh":37.9,"n":42},"geometry":{"type":"Point","coordinates":[74.8206,34.2855]}},{"type":"Feature","properties":{"kmh":16.2,"n":87},"geometry":{"type":"Point","coordinates":[74.817,34.2825]}},{"type":"Feature","properties":{"kmh":14.3,"n":88},"geometry":{"type":"Point","coordinates":[74.8134,34.2825]}},{"type":"Feature","properties":{"kmh":16.4,"n":101},"geometry":{"type":"Point","coordinates":[74.8098,34.2795]}},{"type":"Feature","properties":{"kmh":31.9,"n":60},"geometry":{"type":"Point","coordinates":[74.8062,34.2765]}},{"type":"Feature","properties":{"kmh":25.6,"n":48},"geometry":{"type":"Point","coordinates":[74.7198,34.2405]}},{"type":"Feature","properties":{"kmh":15.4,"n":72},"geometry":{"type":"Point","coordinates":[74.7162,34.2405]}},{"type":"Feature","properties":{"kmh":33.5,"n":47},"geometry":{"type":"Point","coordinates":[74.7198,34.1265]}},{"type":"Feature","properties":{"kmh":44.9,"n":41},"geometry":{"type":"Point","coordinates":[74.7018,34.1475]}},{"type":"Feature","properties":{"kmh":56.5,"n":47},"geometry":{"type":"Point","coordinates":[74.6658,34.1355]}},{"type":"Feature","properties":{"kmh":53.3,"n":49},"geometry":{"type":"Point","coordinates":[74.6694,34.1325]}},{"type":"Feature","properties":{"kmh":46.6,"n":49},"geometry":{"type":"Point","coordinates":[74.6694,34.1295]}},{"type":"Feature","properties":{"kmh":50.8,"n":40},"geometry":{"type":"Point","coordinates":[74.673,34.1265]}},{"type":"Feature","properties":{"kmh":32.2,"n":41},"geometry":{"type":"Point","coordinates":[74.5506,34.1685]}},{"type":"Feature","properties":{"kmh":38.0,"n":57},"geometry":{"type":"Point","coordinates":[74.5506,34.1655]}},{"type":"Feature","properties":{"kmh":15.7,"n":98},"geometry":{"type":"Point","coordinates":[74.5542,34.1625]}},{"type":"Feature","properties":{"kmh":22.1,"n":89},"geometry":{"type":"Point","coordinates":[74.5542,34.1595]}},{"type":"Feature","properties":{"kmh":33.0,"n":81},"geometry":{"type":"Point","coordinates":[74.5578,34.1565]}},{"type":"Feature","properties":{"kmh":36.2,"n":68},"geometry":{"type":"Point","coordinates":[74.5614,34.1535]}},{"type":"Feature","properties":{"kmh":42.6,"n":48},"geometry":{"type":"Point","coordinates":[74.565,34.1505]}},{"type":"Feature","properties":{"kmh":43.1,"n":44},"geometry":{"type":"Point","coordinates":[74.5686,34.1505]}},{"type":"Feature","properties":{"kmh":49.2,"n":43},"geometry":{"type":"Point","coordinates":[74.5758,34.1445]}},{"type":"Feature","properties":{"kmh":37.5,"n":57},"geometry":{"type":"Point","coordinates":[74.583,34.1415]}},{"type":"Feature","properties":{"kmh":44.2,"n":47},"geometry":{"type":"Point","coordinates":[74.5902,34.1415]}},{"type":"Feature","properties":{"kmh":29.5,"n":65},"geometry":{"type":"Point","coordinates":[74.5938,34.1415]}},{"type":"Feature","properties":{"kmh":49.2,"n":52},"geometry":{"type":"Point","coordinates":[74.5974,34.1445]}},{"type":"Feature","properties":{"kmh":52.3,"n":40},"geometry":{"type":"Point","coordinates":[74.601,34.1475]}},{"type":"Feature","properties":{"kmh":47.9,"n":44},"geometry":{"type":"Point","coordinates":[74.6046,34.1475]}},{"type":"Feature","properties":{"kmh":32.3,"n":64},"geometry":{"type":"Point","coordinates":[74.6154,34.1505]}},{"type":"Feature","properties":{"kmh":38.3,"n":58},"geometry":{"type":"Point","coordinates":[74.619,34.1505]}},{"type":"Feature","properties":{"kmh":33.0,"n":56},"geometry":{"type":"Point","coordinates":[74.6226,34.1505]}},{"type":"Feature","properties":{"kmh":37.6,"n":51},"geometry":{"type":"Point","coordinates":[74.6262,34.1505]}},{"type":"Feature","properties":{"kmh":57.7,"n":40},"geometry":{"type":"Point","coordinates":[74.6478,34.1415]}},{"type":"Feature","properties":{"kmh":49.1,"n":44},"geometry":{"type":"Point","coordinates":[74.7558,34.1025]}},{"type":"Feature","properties":{"kmh":33.7,"n":42},"geometry":{"type":"Point","coordinates":[74.7558,34.0995]}},{"type":"Feature","properties":{"kmh":9.8,"n":94},"geometry":{"type":"Point","coordinates":[74.7594,34.0995]}},{"type":"Feature","properties":{"kmh":14.2,"n":114},"geometry":{"type":"Point","coordinates":[74.7594,34.0965]}},{"type":"Feature","properties":{"kmh":46.7,"n":60},"geometry":{"type":"Point","coordinates":[74.7594,34.0935]}},{"type":"Feature","properties":{"kmh":11.4,"n":70},"geometry":{"type":"Point","coordinates":[74.7594,34.0905]}},{"type":"Feature","properties":{"kmh":49.5,"n":51},"geometry":{"type":"Point","coordinates":[74.763,34.0875]}},{"type":"Feature","properties":{"kmh":25.8,"n":137},"geometry":{"type":"Point","coordinates":[74.763,34.0845]}},{"type":"Feature","properties":{"kmh":45.5,"n":71},"geometry":{"type":"Point","coordinates":[74.763,34.0815]}},{"type":"Feature","properties":{"kmh":40.7,"n":78},"geometry":{"type":"Point","coordinates":[74.7666,34.0785]}},{"type":"Feature","properties":{"kmh":39.9,"n":95},"geometry":{"type":"Point","coordinates":[74.7666,34.0755]}},{"type":"Feature","properties":{"kmh":52.0,"n":81},"geometry":{"type":"Point","coordinates":[74.7702,34.0695]}},{"type":"Feature","properties":{"kmh":48.3,"n":51},"geometry":{"type":"Point","coordinates":[74.7738,34.0665]}},{"type":"Feature","properties":{"kmh":45.1,"n":76},"geometry":{"type":"Point","coordinates":[74.7774,34.0665]}},{"type":"Feature","properties":{"kmh":20.1,"n":88},"geometry":{"type":"Point","coordinates":[74.781,34.0665]}},{"type":"Feature","properties":{"kmh":39.0,"n":76},"geometry":{"type":"Point","coordinates":[74.781,34.0635]}},{"type":"Feature","properties":{"kmh":34.1,"n":98},"geometry":{"type":"Point","coordinates":[74.7846,34.0635]}},{"type":"Feature","properties":{"kmh":33.7,"n":112},"geometry":{"type":"Point","coordinates":[74.7846,34.0605]}},{"type":"Feature","properties":{"kmh":34.7,"n":40},"geometry":{"type":"Point","coordinates":[74.7846,34.0575]}},{"type":"Feature","properties":{"kmh":32.8,"n":87},"geometry":{"type":"Point","coordinates":[74.7882,34.0575]}},{"type":"Feature","properties":{"kmh":41.0,"n":78},"geometry":{"type":"Point","coordinates":[74.7882,34.0545]}},{"type":"Feature","properties":{"kmh":44.6,"n":66},"geometry":{"type":"Point","coordinates":[74.7882,34.0515]}},{"type":"Feature","properties":{"kmh":46.0,"n":60},"geometry":{"type":"Point","coordinates":[74.7882,34.0485]}},{"type":"Feature","properties":{"kmh":41.2,"n":83},"geometry":{"type":"Point","coordinates":[74.7882,34.0455]}},{"type":"Feature","properties":{"kmh":18.8,"n":173},"geometry":{"type":"Point","coordinates":[74.7882,34.0425]}},{"type":"Feature","properties":{"kmh":20.7,"n":475},"geometry":{"type":"Point","coordinates":[74.7882,34.0395]}},{"type":"Feature","properties":{"kmh":29.1,"n":159},"geometry":{"type":"Point","coordinates":[74.8602,34.0335]}},{"type":"Feature","properties":{"kmh":57.4,"n":107},"geometry":{"type":"Point","coordinates":[74.8638,34.0305]}},{"type":"Feature","properties":{"kmh":59.9,"n":91},"geometry":{"type":"Point","coordinates":[74.8674,34.0275]}},{"type":"Feature","properties":{"kmh":60.8,"n":53},"geometry":{"type":"Point","coordinates":[74.871,34.0245]}},{"type":"Feature","properties":{"kmh":63.0,"n":78},"geometry":{"type":"Point","coordinates":[74.8746,34.0245]}},{"type":"Feature","properties":{"kmh":59.5,"n":54},"geometry":{"type":"Point","coordinates":[74.8782,34.0215]}},{"type":"Feature","properties":{"kmh":60.8,"n":70},"geometry":{"type":"Point","coordinates":[74.8818,34.0215]}},{"type":"Feature","properties":{"kmh":62.3,"n":71},"geometry":{"type":"Point","coordinates":[74.8854,34.0215]}},{"type":"Feature","properties":{"kmh":54.7,"n":62},"geometry":{"type":"Point","coordinates":[74.889,34.0185]}},{"type":"Feature","properties":{"kmh":45.5,"n":98},"geometry":{"type":"Point","coordinates":[74.8926,34.0185]}},{"type":"Feature","properties":{"kmh":59.2,"n":94},"geometry":{"type":"Point","coordinates":[74.8926,34.0155]}},{"type":"Feature","properties":{"kmh":57.2,"n":61},"geometry":{"type":"Point","coordinates":[74.8962,34.0125]}},{"type":"Feature","properties":{"kmh":65.6,"n":78},"geometry":{"type":"Point","coordinates":[74.8962,34.0095]}},{"type":"Feature","properties":{"kmh":65.6,"n":47},"geometry":{"type":"Point","coordinates":[74.8962,34.0065]}},{"type":"Feature","properties":{"kmh":63.0,"n":84},"geometry":{"type":"Point","coordinates":[74.8998,34.0035]}},{"type":"Feature","properties":{"kmh":56.5,"n":81},"geometry":{"type":"Point","coordinates":[74.8998,34.0005]}},{"type":"Feature","properties":{"kmh":36.1,"n":268},"geometry":{"type":"Point","coordinates":[74.9034,33.9975]}},{"type":"Feature","properties":{"kmh":64.3,"n":81},"geometry":{"type":"Point","coordinates":[74.907,33.9945]}},{"type":"Feature","properties":{"kmh":64.9,"n":48},"geometry":{"type":"Point","coordinates":[74.9106,33.9915]}},{"type":"Feature","properties":{"kmh":64.1,"n":66},"geometry":{"type":"Point","coordinates":[74.9142,33.9915]}},{"type":"Feature","properties":{"kmh":55.9,"n":73},"geometry":{"type":"Point","coordinates":[74.9178,33.9915]}},{"type":"Feature","properties":{"kmh":41.2,"n":130},"geometry":{"type":"Point","coordinates":[74.9214,33.9945]}},{"type":"Feature","properties":{"kmh":58.1,"n":91},"geometry":{"type":"Point","coordinates":[74.925,33.9945]}},{"type":"Feature","properties":{"kmh":58.9,"n":99},"geometry":{"type":"Point","coordinates":[74.9286,33.9915]}},{"type":"Feature","properties":{"kmh":48.9,"n":100},"geometry":{"type":"Point","coordinates":[74.9322,33.9885]}},{"type":"Feature","properties":{"kmh":57.4,"n":53},"geometry":{"type":"Point","coordinates":[74.9322,33.9855]}},{"type":"Feature","properties":{"kmh":61.6,"n":56},"geometry":{"type":"Point","coordinates":[74.9358,33.9855]}},{"type":"Feature","properties":{"kmh":60.9,"n":74},"geometry":{"type":"Point","coordinates":[74.9358,33.9825]}},{"type":"Feature","properties":{"kmh":59.4,"n":101},"geometry":{"type":"Point","coordinates":[74.9394,33.9795]}},{"type":"Feature","properties":{"kmh":57.9,"n":94},"geometry":{"type":"Point","coordinates":[74.943,33.9765]}},{"type":"Feature","properties":{"kmh":61.7,"n":55},"geometry":{"type":"Point","coordinates":[74.9466,33.9765]}},{"type":"Feature","properties":{"kmh":55.0,"n":46},"geometry":{"type":"Point","coordinates":[74.9466,33.9735]}},{"type":"Feature","properties":{"kmh":56.4,"n":105},"geometry":{"type":"Point","coordinates":[74.9502,33.9735]}},{"type":"Feature","properties":{"kmh":57.6,"n":98},"geometry":{"type":"Point","coordinates":[74.9538,33.9705]}},{"type":"Feature","properties":{"kmh":51.8,"n":49},"geometry":{"type":"Point","coordinates":[74.9574,33.9705]}},{"type":"Feature","properties":{"kmh":45.8,"n":99},"geometry":{"type":"Point","coordinates":[74.9574,33.9675]}},{"type":"Feature","properties":{"kmh":43.7,"n":69},"geometry":{"type":"Point","coordinates":[74.961,33.9675]}},{"type":"Feature","properties":{"kmh":46.0,"n":54},"geometry":{"type":"Point","coordinates":[74.961,33.9645]}},{"type":"Feature","properties":{"kmh":49.6,"n":140},"geometry":{"type":"Point","coordinates":[74.9646,33.9645]}},{"type":"Feature","properties":{"kmh":53.7,"n":145},"geometry":{"type":"Point","coordinates":[74.9682,33.9615]}},{"type":"Feature","properties":{"kmh":59.0,"n":99},"geometry":{"type":"Point","coordinates":[74.9718,33.9585]}},{"type":"Feature","properties":{"kmh":55.6,"n":63},"geometry":{"type":"Point","coordinates":[74.9754,33.9585]}},{"type":"Feature","properties":{"kmh":55.9,"n":45},"geometry":{"type":"Point","coordinates":[74.9754,33.9555]}},{"type":"Feature","properties":{"kmh":54.3,"n":91},"geometry":{"type":"Point","coordinates":[74.979,33.9555]}},{"type":"Feature","properties":{"kmh":52.2,"n":55},"geometry":{"type":"Point","coordinates":[74.9826,33.9555]}},{"type":"Feature","properties":{"kmh":57.5,"n":93},"geometry":{"type":"Point","coordinates":[74.9826,33.9525]}},{"type":"Feature","properties":{"kmh":54.2,"n":106},"geometry":{"type":"Point","coordinates":[74.9862,33.9495]}},{"type":"Feature","properties":{"kmh":45.1,"n":41},"geometry":{"type":"Point","coordinates":[74.9862,33.9465]}},{"type":"Feature","properties":{"kmh":50.4,"n":64},"geometry":{"type":"Point","coordinates":[74.9898,33.9465]}},{"type":"Feature","properties":{"kmh":54.9,"n":56},"geometry":{"type":"Point","coordinates":[74.9862,33.9435]}},{"type":"Feature","properties":{"kmh":56.9,"n":78},"geometry":{"type":"Point","coordinates":[74.9862,33.9405]}},{"type":"Feature","properties":{"kmh":61.1,"n":71},"geometry":{"type":"Point","coordinates":[74.9862,33.9375]}},{"type":"Feature","properties":{"kmh":62.6,"n":63},"geometry":{"type":"Point","coordinates":[74.9898,33.9345]}},{"type":"Feature","properties":{"kmh":65.1,"n":45},"geometry":{"type":"Point","coordinates":[74.9898,33.9315]}},{"type":"Feature","properties":{"kmh":65.8,"n":67},"geometry":{"type":"Point","coordinates":[74.9934,33.9285]}},{"type":"Feature","properties":{"kmh":63.8,"n":67},"geometry":{"type":"Point","coordinates":[74.9934,33.9255]}},{"type":"Feature","properties":{"kmh":63.2,"n":71},"geometry":{"type":"Point","coordinates":[74.997,33.9225]}},{"type":"Feature","properties":{"kmh":64.7,"n":44},"geometry":{"type":"Point","coordinates":[75.0006,33.9195]}},{"type":"Feature","properties":{"kmh":64.4,"n":43},"geometry":{"type":"Point","coordinates":[75.0006,33.9165]}},{"type":"Feature","properties":{"kmh":62.4,"n":51},"geometry":{"type":"Point","coordinates":[75.0042,33.9165]}},{"type":"Feature","properties":{"kmh":60.3,"n":74},"geometry":{"type":"Point","coordinates":[75.0078,33.9135]}},{"type":"Feature","properties":{"kmh":58.4,"n":84},"geometry":{"type":"Point","coordinates":[75.0114,33.9105]}},{"type":"Feature","properties":{"kmh":51.5,"n":52},"geometry":{"type":"Point","coordinates":[75.015,33.9105]}},{"type":"Feature","properties":{"kmh":63.2,"n":55},"geometry":{"type":"Point","coordinates":[75.015,33.9075]}},{"type":"Feature","properties":{"kmh":66.7,"n":71},"geometry":{"type":"Point","coordinates":[75.0186,33.9045]}},{"type":"Feature","properties":{"kmh":59.9,"n":70},"geometry":{"type":"Point","coordinates":[75.0222,33.9015]}},{"type":"Feature","properties":{"kmh":59.4,"n":67},"geometry":{"type":"Point","coordinates":[75.0222,33.8985]}},{"type":"Feature","properties":{"kmh":66.9,"n":55},"geometry":{"type":"Point","coordinates":[75.0258,33.8955]}},{"type":"Feature","properties":{"kmh":63.5,"n":60},"geometry":{"type":"Point","coordinates":[75.0258,33.8925]}},{"type":"Feature","properties":{"kmh":61.4,"n":63},"geometry":{"type":"Point","coordinates":[75.0258,33.8895]}},{"type":"Feature","properties":{"kmh":64.2,"n":67},"geometry":{"type":"Point","coordinates":[75.0294,33.8865]}},{"type":"Feature","properties":{"kmh":59.5,"n":81},"geometry":{"type":"Point","coordinates":[75.033,33.8835]}},{"type":"Feature","properties":{"kmh":62.0,"n":73},"geometry":{"type":"Point","coordinates":[75.0366,33.8805]}},{"type":"Feature","properties":{"kmh":60.3,"n":72},"geometry":{"type":"Point","coordinates":[75.0402,33.8775]}},{"type":"Feature","properties":{"kmh":16.0,"n":176},"geometry":{"type":"Point","coordinates":[75.0438,33.8745]}},{"type":"Feature","properties":{"kmh":63.5,"n":58},"geometry":{"type":"Point","coordinates":[75.0474,33.8685]}},{"type":"Feature","properties":{"kmh":63.7,"n":52},"geometry":{"type":"Point","coordinates":[75.0474,33.8655]}},{"type":"Feature","properties":{"kmh":62.5,"n":55},"geometry":{"type":"Point","coordinates":[75.0474,33.8625]}},{"type":"Feature","properties":{"kmh":61.2,"n":57},"geometry":{"type":"Point","coordinates":[75.0474,33.8595]}},{"type":"Feature","properties":{"kmh":64.4,"n":51},"geometry":{"type":"Point","coordinates":[75.0474,33.8565]}},{"type":"Feature","properties":{"kmh":63.7,"n":52},"geometry":{"type":"Point","coordinates":[75.051,33.8535]}},{"type":"Feature","properties":{"kmh":65.0,"n":66},"geometry":{"type":"Point","coordinates":[75.051,33.8505]}},{"type":"Feature","properties":{"kmh":66.3,"n":62},"geometry":{"type":"Point","coordinates":[75.0546,33.8475]}},{"type":"Feature","properties":{"kmh":63.0,"n":52},"geometry":{"type":"Point","coordinates":[75.0582,33.8445]}},{"type":"Feature","properties":{"kmh":63.6,"n":51},"geometry":{"type":"Point","coordinates":[75.0618,33.8415]}},{"type":"Feature","properties":{"kmh":59.5,"n":59},"geometry":{"type":"Point","coordinates":[75.0654,33.8355]}},{"type":"Feature","properties":{"kmh":48.8,"n":82},"geometry":{"type":"Point","coordinates":[75.069,33.8325]}},{"type":"Feature","properties":{"kmh":47.1,"n":46},"geometry":{"type":"Point","coordinates":[75.0726,33.8295]}},{"type":"Feature","properties":{"kmh":50.9,"n":79},"geometry":{"type":"Point","coordinates":[75.0726,33.8265]}},{"type":"Feature","properties":{"kmh":60.1,"n":59},"geometry":{"type":"Point","coordinates":[75.0726,33.8235]}},{"type":"Feature","properties":{"kmh":61.9,"n":67},"geometry":{"type":"Point","coordinates":[75.0762,33.8205]}},{"type":"Feature","properties":{"kmh":60.3,"n":50},"geometry":{"type":"Point","coordinates":[75.0762,33.8175]}},{"type":"Feature","properties":{"kmh":45.2,"n":98},"geometry":{"type":"Point","coordinates":[75.0798,33.8145]}},{"type":"Feature","properties":{"kmh":43.6,"n":59},"geometry":{"type":"Point","coordinates":[75.0798,33.8115]}},{"type":"Feature","properties":{"kmh":52.3,"n":48},"geometry":{"type":"Point","coordinates":[75.0834,33.8085]}},{"type":"Feature","properties":{"kmh":52.6,"n":55},"geometry":{"type":"Point","coordinates":[75.087,33.8055]}},{"type":"Feature","properties":{"kmh":49.6,"n":54},"geometry":{"type":"Point","coordinates":[75.0906,33.8025]}},{"type":"Feature","properties":{"kmh":44.3,"n":54},"geometry":{"type":"Point","coordinates":[75.0942,33.7995]}},{"type":"Feature","properties":{"kmh":41.3,"n":52},"geometry":{"type":"Point","coordinates":[75.0978,33.7965]}},{"type":"Feature","properties":{"kmh":39.1,"n":53},"geometry":{"type":"Point","coordinates":[75.1014,33.7935]}},{"type":"Feature","properties":{"kmh":19.1,"n":46},"geometry":{"type":"Point","coordinates":[75.105,33.7935]}},{"type":"Feature","properties":{"kmh":21.2,"n":107},"geometry":{"type":"Point","coordinates":[75.105,33.7905]}},{"type":"Feature","properties":{"kmh":23.4,"n":98},"geometry":{"type":"Point","coordinates":[75.105,33.7875]}},{"type":"Feature","properties":{"kmh":40.4,"n":53},"geometry":{"type":"Point","coordinates":[75.3066,33.9615]}},{"type":"Feature","properties":{"kmh":30.0,"n":118},"geometry":{"type":"Point","coordinates":[75.3102,33.9675]}},{"type":"Feature","properties":{"kmh":26.4,"n":117},"geometry":{"type":"Point","coordinates":[75.3138,33.9705]}},{"type":"Feature","properties":{"kmh":41.8,"n":61},"geometry":{"type":"Point","coordinates":[75.3138,33.9735]}},{"type":"Feature","properties":{"kmh":30.3,"n":87},"geometry":{"type":"Point","coordinates":[75.3174,33.9765]}},{"type":"Feature","properties":{"kmh":19.8,"n":72},"geometry":{"type":"Point","coordinates":[75.3174,33.9795]}},{"type":"Feature","properties":{"kmh":28.8,"n":86},"geometry":{"type":"Point","coordinates":[75.321,33.9825]}},{"type":"Feature","properties":{"kmh":30.5,"n":78},"geometry":{"type":"Point","coordinates":[75.3174,33.9855]}},{"type":"Feature","properties":{"kmh":32.7,"n":101},"geometry":{"type":"Point","coordinates":[75.3174,33.9885]}},{"type":"Feature","properties":{"kmh":31.5,"n":104},"geometry":{"type":"Point","coordinates":[75.3174,33.9915]}},{"type":"Feature","properties":{"kmh":32.5,"n":61},"geometry":{"type":"Point","coordinates":[75.3174,33.9945]}},{"type":"Feature","properties":{"kmh":31.0,"n":66},"geometry":{"type":"Point","coordinates":[75.3174,33.9975]}},{"type":"Feature","properties":{"kmh":35.0,"n":60},"geometry":{"type":"Point","coordinates":[75.3174,34.0005]}},{"type":"Feature","properties":{"kmh":25.0,"n":96},"geometry":{"type":"Point","coordinates":[75.3174,34.0035]}},{"type":"Feature","properties":{"kmh":33.7,"n":78},"geometry":{"type":"Point","coordinates":[75.3174,34.0065]}},{"type":"Feature","properties":{"kmh":15.4,"n":119},"geometry":{"type":"Point","coordinates":[75.3174,34.0095]}},{"type":"Feature","properties":{"kmh":9.9,"n":204},"geometry":{"type":"Point","coordinates":[75.3174,34.0125]}},{"type":"Feature","properties":{"kmh":11.5,"n":178},"geometry":{"type":"Point","coordinates":[75.3174,34.0155]}},{"type":"Feature","properties":{"kmh":12.6,"n":158},"geometry":{"type":"Point","coordinates":[75.3174,34.0185]}},{"type":"Feature","properties":{"kmh":14.8,"n":104},"geometry":{"type":"Point","coordinates":[75.3174,34.0215]}},{"type":"Feature","properties":{"kmh":33.0,"n":60},"geometry":{"type":"Point","coordinates":[75.321,34.0215]}},{"type":"Feature","properties":{"kmh":35.6,"n":58},"geometry":{"type":"Point","coordinates":[75.321,34.0245]}},{"type":"Feature","properties":{"kmh":22.4,"n":92},"geometry":{"type":"Point","coordinates":[75.321,34.0275]}},{"type":"Feature","properties":{"kmh":23.6,"n":80},"geometry":{"type":"Point","coordinates":[75.321,34.0305]}},{"type":"Feature","properties":{"kmh":32.5,"n":65},"geometry":{"type":"Point","coordinates":[75.3246,34.0335]}},{"type":"Feature","properties":{"kmh":16.3,"n":93},"geometry":{"type":"Point","coordinates":[75.3246,34.0365]}},{"type":"Feature","properties":{"kmh":15.1,"n":41},"geometry":{"type":"Point","coordinates":[75.3282,34.0365]}},{"type":"Feature","properties":{"kmh":23.9,"n":78},"geometry":{"type":"Point","coordinates":[75.3282,34.0395]}},{"type":"Feature","properties":{"kmh":23.9,"n":61},"geometry":{"type":"Point","coordinates":[75.3318,34.0425]}},{"type":"Feature","properties":{"kmh":27.0,"n":45},"geometry":{"type":"Point","coordinates":[75.3354,34.0425]}},{"type":"Feature","properties":{"kmh":31.4,"n":76},"geometry":{"type":"Point","coordinates":[75.339,34.0455]}},{"type":"Feature","properties":{"kmh":23.6,"n":81},"geometry":{"type":"Point","coordinates":[75.3426,34.0455]}},{"type":"Feature","properties":{"kmh":26.3,"n":73},"geometry":{"type":"Point","coordinates":[75.3426,34.0485]}},{"type":"Feature","properties":{"kmh":23.0,"n":110},"geometry":{"type":"Point","coordinates":[75.3462,34.0515]}},{"type":"Feature","properties":{"kmh":11.8,"n":99},"geometry":{"type":"Point","coordinates":[75.3498,34.0515]}},{"type":"Feature","properties":{"kmh":7.9,"n":144},"geometry":{"type":"Point","coordinates":[75.3534,34.0515]}},{"type":"Feature","properties":{"kmh":42.1,"n":45},"geometry":{"type":"Point","coordinates":[75.3102,33.9645]}},{"type":"Feature","properties":{"kmh":34.1,"n":60},"geometry":{"type":"Point","coordinates":[75.3066,33.9585]}},{"type":"Feature","properties":{"kmh":36.6,"n":43},"geometry":{"type":"Point","coordinates":[75.303,33.9555]}},{"type":"Feature","properties":{"kmh":43.5,"n":40},"geometry":{"type":"Point","coordinates":[75.2994,33.9495]}},{"type":"Feature","properties":{"kmh":38.4,"n":45},"geometry":{"type":"Point","coordinates":[75.2994,33.9465]}},{"type":"Feature","properties":{"kmh":28.4,"n":58},"geometry":{"type":"Point","coordinates":[75.2958,33.9435]}},{"type":"Feature","properties":{"kmh":38.6,"n":49},"geometry":{"type":"Point","coordinates":[75.2958,33.9405]}},{"type":"Feature","properties":{"kmh":39.6,"n":44},"geometry":{"type":"Point","coordinates":[75.2922,33.9345]}},{"type":"Feature","properties":{"kmh":40.6,"n":47},"geometry":{"type":"Point","coordinates":[75.2922,33.9315]}},{"type":"Feature","properties":{"kmh":37.6,"n":49},"geometry":{"type":"Point","coordinates":[75.2886,33.9285]}},{"type":"Feature","properties":{"kmh":37.0,"n":54},"geometry":{"type":"Point","coordinates":[75.2886,33.9255]}},{"type":"Feature","properties":{"kmh":37.4,"n":47},"geometry":{"type":"Point","coordinates":[75.2886,33.9225]}},{"type":"Feature","properties":{"kmh":43.9,"n":41},"geometry":{"type":"Point","coordinates":[75.2886,33.9195]}},{"type":"Feature","properties":{"kmh":42.3,"n":47},"geometry":{"type":"Point","coordinates":[75.2886,33.9165]}},{"type":"Feature","properties":{"kmh":38.9,"n":54},"geometry":{"type":"Point","coordinates":[75.285,33.9135]}},{"type":"Feature","properties":{"kmh":32.4,"n":63},"geometry":{"type":"Point","coordinates":[75.285,33.9105]}},{"type":"Feature","properties":{"kmh":49.6,"n":42},"geometry":{"type":"Point","coordinates":[75.285,33.9075]}},{"type":"Feature","properties":{"kmh":47.6,"n":40},"geometry":{"type":"Point","coordinates":[75.2814,33.9015]}},{"type":"Feature","properties":{"kmh":39.2,"n":49},"geometry":{"type":"Point","coordinates":[75.2814,33.8985]}},{"type":"Feature","properties":{"kmh":24.0,"n":79},"geometry":{"type":"Point","coordinates":[75.2814,33.8955]}},{"type":"Feature","properties":{"kmh":40.3,"n":43},"geometry":{"type":"Point","coordinates":[75.2814,33.8925]}},{"type":"Feature","properties":{"kmh":47.0,"n":44},"geometry":{"type":"Point","coordinates":[75.2814,33.8895]}},{"type":"Feature","properties":{"kmh":41.1,"n":47},"geometry":{"type":"Point","coordinates":[75.2814,33.8805]}},{"type":"Feature","properties":{"kmh":35.2,"n":56},"geometry":{"type":"Point","coordinates":[75.2778,33.8745]}},{"type":"Feature","properties":{"kmh":40.0,"n":46},"geometry":{"type":"Point","coordinates":[75.2778,33.8715]}},{"type":"Feature","properties":{"kmh":40.6,"n":48},"geometry":{"type":"Point","coordinates":[75.2778,33.8685]}},{"type":"Feature","properties":{"kmh":22.2,"n":97},"geometry":{"type":"Point","coordinates":[75.2778,33.8655]}},{"type":"Feature","properties":{"kmh":11.2,"n":317},"geometry":{"type":"Point","coordinates":[75.2778,33.8625]}},{"type":"Feature","properties":{"kmh":26.2,"n":95},"geometry":{"type":"Point","coordinates":[75.2778,33.8595]}},{"type":"Feature","properties":{"kmh":40.9,"n":63},"geometry":{"type":"Point","coordinates":[75.2742,33.8565]}},{"type":"Feature","properties":{"kmh":42.2,"n":61},"geometry":{"type":"Point","coordinates":[75.2706,33.8535]}},{"type":"Feature","properties":{"kmh":44.7,"n":53},"geometry":{"type":"Point","coordinates":[75.267,33.8475]}},{"type":"Feature","properties":{"kmh":39.1,"n":43},"geometry":{"type":"Point","coordinates":[75.2634,33.8445]}},{"type":"Feature","properties":{"kmh":44.6,"n":45},"geometry":{"type":"Point","coordinates":[75.2634,33.8415]}},{"type":"Feature","properties":{"kmh":42.6,"n":50},"geometry":{"type":"Point","coordinates":[75.2598,33.8355]}},{"type":"Feature","properties":{"kmh":43.3,"n":43},"geometry":{"type":"Point","coordinates":[75.2598,33.8325]}},{"type":"Feature","properties":{"kmh":36.7,"n":50},"geometry":{"type":"Point","coordinates":[75.2562,33.8295]}},{"type":"Feature","properties":{"kmh":44.2,"n":50},"geometry":{"type":"Point","coordinates":[75.2562,33.8265]}},{"type":"Feature","properties":{"kmh":29.7,"n":57},"geometry":{"type":"Point","coordinates":[75.2562,33.8235]}},{"type":"Feature","properties":{"kmh":40.8,"n":57},"geometry":{"type":"Point","coordinates":[75.2526,33.8205]}},{"type":"Feature","properties":{"kmh":38.5,"n":51},"geometry":{"type":"Point","coordinates":[75.2526,33.8175]}},{"type":"Feature","properties":{"kmh":29.0,"n":72},"geometry":{"type":"Point","coordinates":[75.249,33.8145]}},{"type":"Feature","properties":{"kmh":35.6,"n":61},"geometry":{"type":"Point","coordinates":[75.249,33.8115]}},{"type":"Feature","properties":{"kmh":32.0,"n":61},"geometry":{"type":"Point","coordinates":[75.249,33.8085]}},{"type":"Feature","properties":{"kmh":36.6,"n":54},"geometry":{"type":"Point","coordinates":[75.249,33.8055]}},{"type":"Feature","properties":{"kmh":45.9,"n":45},"geometry":{"type":"Point","coordinates":[75.249,33.8025]}},{"type":"Feature","properties":{"kmh":45.1,"n":56},"geometry":{"type":"Point","coordinates":[75.2454,33.7965]}},{"type":"Feature","properties":{"kmh":37.6,"n":53},"geometry":{"type":"Point","coordinates":[75.2454,33.7935]}},{"type":"Feature","properties":{"kmh":31.7,"n":74},"geometry":{"type":"Point","coordinates":[75.2454,33.7905]}},{"type":"Feature","properties":{"kmh":36.2,"n":58},"geometry":{"type":"Point","coordinates":[75.2418,33.7875]}},{"type":"Feature","properties":{"kmh":46.8,"n":51},"geometry":{"type":"Point","coordinates":[75.2418,33.7845]}},{"type":"Feature","properties":{"kmh":51.8,"n":45},"geometry":{"type":"Point","coordinates":[75.2382,33.7815]}},{"type":"Feature","properties":{"kmh":43.7,"n":47},"geometry":{"type":"Point","coordinates":[75.231,33.7725]}},{"type":"Feature","properties":{"kmh":44.4,"n":44},"geometry":{"type":"Point","coordinates":[75.2238,33.7695]}},{"type":"Feature","properties":{"kmh":47.6,"n":47},"geometry":{"type":"Point","coordinates":[75.2202,33.7725]}},{"type":"Feature","properties":{"kmh":45.4,"n":49},"geometry":{"type":"Point","coordinates":[75.2166,33.7725]}},{"type":"Feature","properties":{"kmh":38.4,"n":75},"geometry":{"type":"Point","coordinates":[75.213,33.7725]}},{"type":"Feature","properties":{"kmh":41.6,"n":57},"geometry":{"type":"Point","coordinates":[75.2094,33.7695]}},{"type":"Feature","properties":{"kmh":45.4,"n":43},"geometry":{"type":"Point","coordinates":[75.2094,33.7665]}},{"type":"Feature","properties":{"kmh":47.0,"n":41},"geometry":{"type":"Point","coordinates":[75.2058,33.7635]}},{"type":"Feature","properties":{"kmh":45.3,"n":42},"geometry":{"type":"Point","coordinates":[75.2058,33.7605]}},{"type":"Feature","properties":{"kmh":38.2,"n":44},"geometry":{"type":"Point","coordinates":[75.2022,33.7545]}},{"type":"Feature","properties":{"kmh":40.7,"n":43},"geometry":{"type":"Point","coordinates":[75.1986,33.7515]}},{"type":"Feature","properties":{"kmh":45.7,"n":45},"geometry":{"type":"Point","coordinates":[75.1914,33.7485]}},{"type":"Feature","properties":{"kmh":27.8,"n":57},"geometry":{"type":"Point","coordinates":[75.1878,33.7455]}},{"type":"Feature","properties":{"kmh":44.6,"n":48},"geometry":{"type":"Point","coordinates":[75.1806,33.7425]}},{"type":"Feature","properties":{"kmh":46.2,"n":43},"geometry":{"type":"Point","coordinates":[75.177,33.7395]}},{"type":"Feature","properties":{"kmh":38.3,"n":50},"geometry":{"type":"Point","coordinates":[75.1698,33.7365]}},{"type":"Feature","properties":{"kmh":37.9,"n":46},"geometry":{"type":"Point","coordinates":[75.1662,33.7365]}},{"type":"Feature","properties":{"kmh":41.1,"n":52},"geometry":{"type":"Point","coordinates":[75.1626,33.7365]}},{"type":"Feature","properties":{"kmh":21.3,"n":80},"geometry":{"type":"Point","coordinates":[75.159,33.7365]}},{"type":"Feature","properties":{"kmh":30.1,"n":66},"geometry":{"type":"Point","coordinates":[75.1554,33.7365]}},{"type":"Feature","properties":{"kmh":28.4,"n":71},"geometry":{"type":"Point","coordinates":[75.1518,33.7365]}},{"type":"Feature","properties":{"kmh":23.9,"n":88},"geometry":{"type":"Point","coordinates":[75.1482,33.7365]}},{"type":"Feature","properties":{"kmh":21.3,"n":85},"geometry":{"type":"Point","coordinates":[75.1446,33.7395]}},{"type":"Feature","properties":{"kmh":32.9,"n":72},"geometry":{"type":"Point","coordinates":[75.141,33.7395]}},{"type":"Feature","properties":{"kmh":17.0,"n":131},"geometry":{"type":"Point","coordinates":[75.1374,33.7395]}},{"type":"Feature","properties":{"kmh":22.1,"n":101},"geometry":{"type":"Point","coordinates":[75.1338,33.7395]}},{"type":"Feature","properties":{"kmh":30.1,"n":50},"geometry":{"type":"Point","coordinates":[75.1302,33.7395]}},{"type":"Feature","properties":{"kmh":38.9,"n":42},"geometry":{"type":"Point","coordinates":[75.1302,33.7425]}},{"type":"Feature","properties":{"kmh":25.6,"n":78},"geometry":{"type":"Point","coordinates":[75.1266,33.7425]}},{"type":"Feature","properties":{"kmh":31.4,"n":42},"geometry":{"type":"Point","coordinates":[75.123,33.7485]}},{"type":"Feature","properties":{"kmh":39.6,"n":41},"geometry":{"type":"Point","coordinates":[75.1194,33.7515]}},{"type":"Feature","properties":{"kmh":40.0,"n":44},"geometry":{"type":"Point","coordinates":[75.1194,33.7575]}},{"type":"Feature","properties":{"kmh":20.6,"n":122},"geometry":{"type":"Point","coordinates":[74.7882,34.0725]}},{"type":"Feature","properties":{"kmh":26.3,"n":91},"geometry":{"type":"Point","coordinates":[74.7846,34.0695]}},{"type":"Feature","properties":{"kmh":5.3,"n":195},"geometry":{"type":"Point","coordinates":[74.781,34.0695]}},{"type":"Feature","properties":{"kmh":22.6,"n":54},"geometry":{"type":"Point","coordinates":[74.817,34.0605]}},{"type":"Feature","properties":{"kmh":19.6,"n":52},"geometry":{"type":"Point","coordinates":[74.8206,34.0605]}},{"type":"Feature","properties":{"kmh":17.8,"n":46},"geometry":{"type":"Point","coordinates":[74.835,34.0665]}},{"type":"Feature","properties":{"kmh":7.9,"n":366},"geometry":{"type":"Point","coordinates":[74.8314,34.0665]}},{"type":"Feature","properties":{"kmh":14.9,"n":161},"geometry":{"type":"Point","coordinates":[74.8314,34.0815]}},{"type":"Feature","properties":{"kmh":10.0,"n":69},"geometry":{"type":"Point","coordinates":[74.835,34.0815]}},{"type":"Feature","properties":{"kmh":9.0,"n":175},"geometry":{"type":"Point","coordinates":[74.835,34.0845]}},{"type":"Feature","properties":{"kmh":10.9,"n":127},"geometry":{"type":"Point","coordinates":[74.8386,34.0845]}},{"type":"Feature","properties":{"kmh":17.0,"n":62},"geometry":{"type":"Point","coordinates":[74.8386,34.0875]}},{"type":"Feature","properties":{"kmh":17.3,"n":122},"geometry":{"type":"Point","coordinates":[74.8422,34.0875]}},{"type":"Feature","properties":{"kmh":16.7,"n":66},"geometry":{"type":"Point","coordinates":[74.8458,34.0905]}},{"type":"Feature","properties":{"kmh":23.1,"n":76},"geometry":{"type":"Point","coordinates":[74.8494,34.0875]}},{"type":"Feature","properties":{"kmh":33.1,"n":50},"geometry":{"type":"Point","coordinates":[74.853,34.0845]}},{"type":"Feature","properties":{"kmh":38.2,"n":42},"geometry":{"type":"Point","coordinates":[74.8566,34.0815]}},{"type":"Feature","properties":{"kmh":31.1,"n":40},"geometry":{"type":"Point","coordinates":[74.8602,34.0815]}},{"type":"Feature","properties":{"kmh":26.3,"n":92},"geometry":{"type":"Point","coordinates":[74.8638,34.0845]}},{"type":"Feature","properties":{"kmh":33.1,"n":47},"geometry":{"type":"Point","coordinates":[74.8674,34.0875]}},{"type":"Feature","properties":{"kmh":34.1,"n":68},"geometry":{"type":"Point","coordinates":[74.8674,34.0905]}},{"type":"Feature","properties":{"kmh":30.4,"n":83},"geometry":{"type":"Point","coordinates":[74.871,34.0935]}},{"type":"Feature","properties":{"kmh":18.3,"n":253},"geometry":{"type":"Point","coordinates":[74.8746,34.0935]}},{"type":"Feature","properties":{"kmh":13.1,"n":100},"geometry":{"type":"Point","coordinates":[74.8782,34.0935]}},{"type":"Feature","properties":{"kmh":28.1,"n":50},"geometry":{"type":"Point","coordinates":[74.8746,34.0965]}},{"type":"Feature","properties":{"kmh":32.0,"n":42},"geometry":{"type":"Point","coordinates":[74.871,34.0965]}},{"type":"Feature","properties":{"kmh":30.9,"n":40},"geometry":{"type":"Point","coordinates":[74.8746,34.0995]}},{"type":"Feature","properties":{"kmh":25.1,"n":76},"geometry":{"type":"Point","coordinates":[74.8782,34.0995]}},{"type":"Feature","properties":{"kmh":29.5,"n":85},"geometry":{"type":"Point","coordinates":[74.8782,34.1025]}},{"type":"Feature","properties":{"kmh":34.5,"n":61},"geometry":{"type":"Point","coordinates":[74.8782,34.1055]}},{"type":"Feature","properties":{"kmh":34.0,"n":49},"geometry":{"type":"Point","coordinates":[74.8746,34.1085]}},{"type":"Feature","properties":{"kmh":36.9,"n":65},"geometry":{"type":"Point","coordinates":[74.8782,34.1115]}},{"type":"Feature","properties":{"kmh":32.2,"n":69},"geometry":{"type":"Point","coordinates":[74.8782,34.1145]}},{"type":"Feature","properties":{"kmh":29.0,"n":90},"geometry":{"type":"Point","coordinates":[74.8818,34.1175]}},{"type":"Feature","properties":{"kmh":30.6,"n":60},"geometry":{"type":"Point","coordinates":[74.8818,34.1205]}},{"type":"Feature","properties":{"kmh":8.7,"n":253},"geometry":{"type":"Point","coordinates":[74.8782,34.1235]}},{"type":"Feature","properties":{"kmh":6.3,"n":251},"geometry":{"type":"Point","coordinates":[74.8782,34.1265]}},{"type":"Feature","properties":{"kmh":19.5,"n":4346},"geometry":{"type":"Point","coordinates":[74.8026,34.0695]}},{"type":"Feature","properties":{"kmh":7.3,"n":392},"geometry":{"type":"Point","coordinates":[74.7918,34.0755]}},{"type":"Feature","properties":{"kmh":18.8,"n":112},"geometry":{"type":"Point","coordinates":[74.7882,34.0755]}},{"type":"Feature","properties":{"kmh":21.9,"n":642},"geometry":{"type":"Point","coordinates":[74.8098,34.1205]}},{"type":"Feature","properties":{"kmh":19.7,"n":817},"geometry":{"type":"Point","coordinates":[74.8386,34.1415]}},{"type":"Feature","properties":{"kmh":22.1,"n":605},"geometry":{"type":"Point","coordinates":[74.8386,34.1445]}},{"type":"Feature","properties":{"kmh":24.9,"n":507},"geometry":{"type":"Point","coordinates":[74.8386,34.1475]}},{"type":"Feature","properties":{"kmh":27.2,"n":337},"geometry":{"type":"Point","coordinates":[74.8386,34.1505]}},{"type":"Feature","properties":{"kmh":11.5,"n":489},"geometry":{"type":"Point","coordinates":[74.835,34.1505]}},{"type":"Feature","properties":{"kmh":27.5,"n":136},"geometry":{"type":"Point","coordinates":[74.835,34.1535]}},{"type":"Feature","properties":{"kmh":23.9,"n":175},"geometry":{"type":"Point","coordinates":[74.8314,34.1595]}},{"type":"Feature","properties":{"kmh":24.0,"n":62},"geometry":{"type":"Point","coordinates":[74.8314,34.1625]}},{"type":"Feature","properties":{"kmh":25.5,"n":86},"geometry":{"type":"Point","coordinates":[74.8278,34.1625]}},{"type":"Feature","properties":{"kmh":24.9,"n":178},"geometry":{"type":"Point","coordinates":[74.8278,34.1655]}},{"type":"Feature","properties":{"kmh":27.7,"n":134},"geometry":{"type":"Point","coordinates":[74.8242,34.1685]}},{"type":"Feature","properties":{"kmh":25.2,"n":65},"geometry":{"type":"Point","coordinates":[74.8206,34.1685]}},{"type":"Feature","properties":{"kmh":32.2,"n":114},"geometry":{"type":"Point","coordinates":[74.8206,34.1715]}},{"type":"Feature","properties":{"kmh":26.1,"n":106},"geometry":{"type":"Point","coordinates":[74.8206,34.1745]}},{"type":"Feature","properties":{"kmh":25.7,"n":86},"geometry":{"type":"Point","coordinates":[74.817,34.1775]}},{"type":"Feature","properties":{"kmh":17.0,"n":108},"geometry":{"type":"Point","coordinates":[74.817,34.1805]}},{"type":"Feature","properties":{"kmh":36.6,"n":73},"geometry":{"type":"Point","coordinates":[74.8062,34.1925]}},{"type":"Feature","properties":{"kmh":23.5,"n":127},"geometry":{"type":"Point","coordinates":[74.8062,34.1955]}},{"type":"Feature","properties":{"kmh":13.2,"n":401},"geometry":{"type":"Point","coordinates":[74.8062,34.1985]}},{"type":"Feature","properties":{"kmh":11.4,"n":97},"geometry":{"type":"Point","coordinates":[74.8062,34.2015]}},{"type":"Feature","properties":{"kmh":24.3,"n":182},"geometry":{"type":"Point","coordinates":[74.8026,34.2015]}},{"type":"Feature","properties":{"kmh":18.1,"n":209},"geometry":{"type":"Point","coordinates":[74.799,34.2045]}},{"type":"Feature","properties":{"kmh":24.2,"n":160},"geometry":{"type":"Point","coordinates":[74.7954,34.2075]}},{"type":"Feature","properties":{"kmh":28.1,"n":136},"geometry":{"type":"Point","coordinates":[74.7918,34.2075]}},{"type":"Feature","properties":{"kmh":20.4,"n":41},"geometry":{"type":"Point","coordinates":[74.7882,34.2075]}},{"type":"Feature","properties":{"kmh":23.6,"n":151},"geometry":{"type":"Point","coordinates":[74.7882,34.2105]}},{"type":"Feature","properties":{"kmh":16.8,"n":156},"geometry":{"type":"Point","coordinates":[74.7846,34.2135]}},{"type":"Feature","properties":{"kmh":17.6,"n":63},"geometry":{"type":"Point","coordinates":[74.781,34.2135]}},{"type":"Feature","properties":{"kmh":14.5,"n":195},"geometry":{"type":"Point","coordinates":[74.781,34.2165]}},{"type":"Feature","properties":{"kmh":12.2,"n":99},"geometry":{"type":"Point","coordinates":[74.781,34.2195]}},{"type":"Feature","properties":{"kmh":19.1,"n":88},"geometry":{"type":"Point","coordinates":[74.7774,34.2225]}},{"type":"Feature","properties":{"kmh":20.8,"n":47},"geometry":{"type":"Point","coordinates":[74.7774,34.2255]}},{"type":"Feature","properties":{"kmh":26.1,"n":85},"geometry":{"type":"Point","coordinates":[74.7774,34.2285]}},{"type":"Feature","properties":{"kmh":33.2,"n":42},"geometry":{"type":"Point","coordinates":[74.7774,34.2315]}},{"type":"Feature","properties":{"kmh":37.7,"n":60},"geometry":{"type":"Point","coordinates":[74.781,34.2345]}},{"type":"Feature","properties":{"kmh":34.4,"n":53},"geometry":{"type":"Point","coordinates":[74.7846,34.2405]}},{"type":"Feature","properties":{"kmh":25.2,"n":72},"geometry":{"type":"Point","coordinates":[74.7846,34.2435]}},{"type":"Feature","properties":{"kmh":35.4,"n":64},"geometry":{"type":"Point","coordinates":[74.7882,34.2495]}},{"type":"Feature","properties":{"kmh":26.0,"n":70},"geometry":{"type":"Point","coordinates":[74.7882,34.2525]}},{"type":"Feature","properties":{"kmh":31.7,"n":40},"geometry":{"type":"Point","coordinates":[74.7918,34.2555]}},{"type":"Feature","properties":{"kmh":28.4,"n":78},"geometry":{"type":"Point","coordinates":[74.7918,34.2585]}},{"type":"Feature","properties":{"kmh":20.7,"n":66},"geometry":{"type":"Point","coordinates":[74.7918,34.2615]}},{"type":"Feature","properties":{"kmh":29.4,"n":78},"geometry":{"type":"Point","coordinates":[74.7954,34.2645]}},{"type":"Feature","properties":{"kmh":38.3,"n":52},"geometry":{"type":"Point","coordinates":[74.799,34.2675]}},{"type":"Feature","properties":{"kmh":31.5,"n":54},"geometry":{"type":"Point","coordinates":[74.8026,34.2705]}},{"type":"Feature","properties":{"kmh":22.8,"n":102},"geometry":{"type":"Point","coordinates":[74.8062,34.2735]}},{"type":"Feature","properties":{"kmh":20.8,"n":128},"geometry":{"type":"Point","coordinates":[75.285,34.3035]}},{"type":"Feature","properties":{"kmh":19.2,"n":72},"geometry":{"type":"Point","coordinates":[75.2814,34.3035]}},{"type":"Feature","properties":{"kmh":23.5,"n":68},"geometry":{"type":"Point","coordinates":[75.2814,34.3065]}},{"type":"Feature","properties":{"kmh":23.9,"n":63},"geometry":{"type":"Point","coordinates":[75.2778,34.3065]}},{"type":"Feature","properties":{"kmh":11.2,"n":55},"geometry":{"type":"Point","coordinates":[75.2742,34.3065]}},{"type":"Feature","properties":{"kmh":15.5,"n":94},"geometry":{"type":"Point","coordinates":[75.2706,34.3095]}},{"type":"Feature","properties":{"kmh":32.6,"n":53},"geometry":{"type":"Point","coordinates":[75.267,34.3095]}},{"type":"Feature","properties":{"kmh":43.1,"n":58},"geometry":{"type":"Point","coordinates":[74.8062,34.1895]}},{"type":"Feature","properties":{"kmh":39.4,"n":63},"geometry":{"type":"Point","coordinates":[74.8062,34.1865]}},{"type":"Feature","properties":{"kmh":40.9,"n":51},"geometry":{"type":"Point","coordinates":[74.8062,34.1835]}},{"type":"Feature","properties":{"kmh":32.2,"n":68},"geometry":{"type":"Point","coordinates":[74.8062,34.1805]}},{"type":"Feature","properties":{"kmh":45.6,"n":43},"geometry":{"type":"Point","coordinates":[74.8062,34.1775]}},{"type":"Feature","properties":{"kmh":39.4,"n":67},"geometry":{"type":"Point","coordinates":[74.8098,34.1715]}},{"type":"Feature","properties":{"kmh":27.6,"n":100},"geometry":{"type":"Point","coordinates":[74.8098,34.1685]}},{"type":"Feature","properties":{"kmh":42.0,"n":69},"geometry":{"type":"Point","coordinates":[74.8098,34.1655]}},{"type":"Feature","properties":{"kmh":41.7,"n":68},"geometry":{"type":"Point","coordinates":[74.8098,34.1625]}},{"type":"Feature","properties":{"kmh":31.6,"n":87},"geometry":{"type":"Point","coordinates":[74.8098,34.1595]}},{"type":"Feature","properties":{"kmh":42.0,"n":70},"geometry":{"type":"Point","coordinates":[74.8098,34.1565]}},{"type":"Feature","properties":{"kmh":16.2,"n":308},"geometry":{"type":"Point","coordinates":[74.8098,34.1535]}},{"type":"Feature","properties":{"kmh":15.9,"n":1817},"geometry":{"type":"Point","coordinates":[74.799,34.0785]}},{"type":"Feature","properties":{"kmh":26.3,"n":182},"geometry":{"type":"Point","coordinates":[74.8026,34.0785]}},{"type":"Feature","properties":{"kmh":20.7,"n":349},"geometry":{"type":"Point","coordinates":[74.8026,34.0755]}},{"type":"Feature","properties":{"kmh":12.8,"n":1289},"geometry":{"type":"Point","coordinates":[74.8062,34.0755]}},{"type":"Feature","properties":{"kmh":14.3,"n":4522},"geometry":{"type":"Point","coordinates":[74.8062,34.0725]}},{"type":"Feature","properties":{"kmh":10.9,"n":5439},"geometry":{"type":"Point","coordinates":[74.8098,34.0725]}},{"type":"Feature","properties":{"kmh":18.6,"n":1315},"geometry":{"type":"Point","coordinates":[74.8134,34.0725]}},{"type":"Feature","properties":{"kmh":18.1,"n":1109},"geometry":{"type":"Point","coordinates":[74.817,34.0725]}},{"type":"Feature","properties":{"kmh":18.4,"n":162},"geometry":{"type":"Point","coordinates":[74.817,34.0755]}},{"type":"Feature","properties":{"kmh":33.0,"n":40},"geometry":{"type":"Point","coordinates":[74.8242,34.0725]}},{"type":"Feature","properties":{"kmh":15.3,"n":60},"geometry":{"type":"Point","coordinates":[74.8206,34.0725]}},{"type":"Feature","properties":{"kmh":7.4,"n":115},"geometry":{"type":"Point","coordinates":[74.8098,34.0695]}},{"type":"Feature","properties":{"kmh":5.9,"n":258},"geometry":{"type":"Point","coordinates":[74.8062,34.0695]}},{"type":"Feature","properties":{"kmh":25.4,"n":744},"geometry":{"type":"Point","coordinates":[74.7882,34.0965]}},{"type":"Feature","properties":{"kmh":17.2,"n":1184},"geometry":{"type":"Point","coordinates":[74.7846,34.0965]}},{"type":"Feature","properties":{"kmh":22.8,"n":147},"geometry":{"type":"Point","coordinates":[74.781,34.0965]}},{"type":"Feature","properties":{"kmh":17.1,"n":1407},"geometry":{"type":"Point","coordinates":[74.781,34.0935]}},{"type":"Feature","properties":{"kmh":22.9,"n":384},"geometry":{"type":"Point","coordinates":[74.781,34.0905]}},{"type":"Feature","properties":{"kmh":11.1,"n":682},"geometry":{"type":"Point","coordinates":[74.8062,34.1385]}},{"type":"Feature","properties":{"kmh":24.2,"n":599},"geometry":{"type":"Point","coordinates":[74.817,34.1535]}},{"type":"Feature","properties":{"kmh":23.4,"n":354},"geometry":{"type":"Point","coordinates":[74.8134,34.1535]}},{"type":"Feature","properties":{"kmh":13.1,"n":217},"geometry":{"type":"Point","coordinates":[74.8134,34.1565]}},{"type":"Feature","properties":{"kmh":18.7,"n":997},"geometry":{"type":"Point","coordinates":[74.817,34.1565]}},{"type":"Feature","properties":{"kmh":16.3,"n":1238},"geometry":{"type":"Point","coordinates":[74.817,34.1595]}},{"type":"Feature","properties":{"kmh":7.5,"n":311},"geometry":{"type":"Point","coordinates":[74.817,34.1625]}},{"type":"Feature","properties":{"kmh":6.8,"n":87},"geometry":{"type":"Point","coordinates":[74.8278,34.1805]}},{"type":"Feature","properties":{"kmh":9.1,"n":125},"geometry":{"type":"Point","coordinates":[74.8278,34.1775]}},{"type":"Feature","properties":{"kmh":15.8,"n":78},"geometry":{"type":"Point","coordinates":[74.7882,34.0365]}},{"type":"Feature","properties":{"kmh":33.6,"n":253},"geometry":{"type":"Point","coordinates":[74.7846,34.0365]}},{"type":"Feature","properties":{"kmh":35.9,"n":172},"geometry":{"type":"Point","coordinates":[74.7846,34.0335]}},{"type":"Feature","properties":{"kmh":23.2,"n":141},"geometry":{"type":"Point","coordinates":[74.781,34.0335]}},{"type":"Feature","properties":{"kmh":30.5,"n":304},"geometry":{"type":"Point","coordinates":[74.781,34.0305]}},{"type":"Feature","properties":{"kmh":31.2,"n":297},"geometry":{"type":"Point","coordinates":[74.7774,34.0275]}},{"type":"Feature","properties":{"kmh":31.9,"n":102},"geometry":{"type":"Point","coordinates":[74.7774,34.0245]}},{"type":"Feature","properties":{"kmh":34.3,"n":215},"geometry":{"type":"Point","coordinates":[74.7738,34.0245]}},{"type":"Feature","properties":{"kmh":31.4,"n":114},"geometry":{"type":"Point","coordinates":[74.7738,34.0215]}},{"type":"Feature","properties":{"kmh":20.3,"n":426},"geometry":{"type":"Point","coordinates":[74.7702,34.0215]}},{"type":"Feature","properties":{"kmh":20.7,"n":68},"geometry":{"type":"Point","coordinates":[74.7918,34.0995]}},{"type":"Feature","properties":{"kmh":6.3,"n":336},"geometry":{"type":"Point","coordinates":[74.7918,34.0785]}},{"type":"Feature","properties":{"kmh":14.0,"n":206},"geometry":{"type":"Point","coordinates":[74.8026,34.0815]}},{"type":"Feature","properties":{"kmh":12.0,"n":311},"geometry":{"type":"Point","coordinates":[74.8026,34.0845]}},{"type":"Feature","properties":{"kmh":6.9,"n":91},"geometry":{"type":"Point","coordinates":[74.8062,34.0845]}},{"type":"Feature","properties":{"kmh":23.3,"n":87},"geometry":{"type":"Point","coordinates":[74.8062,34.0485]}},{"type":"Feature","properties":{"kmh":21.6,"n":121},"geometry":{"type":"Point","coordinates":[74.8098,34.0485]}},{"type":"Feature","properties":{"kmh":23.0,"n":112},"geometry":{"type":"Point","coordinates":[74.8134,34.0455]}},{"type":"Feature","properties":{"kmh":26.3,"n":75},"geometry":{"type":"Point","coordinates":[74.817,34.0455]}},{"type":"Feature","properties":{"kmh":28.7,"n":89},"geometry":{"type":"Point","coordinates":[74.817,34.0425]}},{"type":"Feature","properties":{"kmh":29.5,"n":52},"geometry":{"type":"Point","coordinates":[74.817,34.0395]}},{"type":"Feature","properties":{"kmh":23.7,"n":76},"geometry":{"type":"Point","coordinates":[74.817,34.0365]}},{"type":"Feature","properties":{"kmh":11.5,"n":56},"geometry":{"type":"Point","coordinates":[74.8206,34.0365]}},{"type":"Feature","properties":{"kmh":29.8,"n":74},"geometry":{"type":"Point","coordinates":[74.8206,34.0335]}},{"type":"Feature","properties":{"kmh":27.0,"n":55},"geometry":{"type":"Point","coordinates":[74.8206,34.0305]}},{"type":"Feature","properties":{"kmh":23.1,"n":180},"geometry":{"type":"Point","coordinates":[74.7846,34.0905]}},{"type":"Feature","properties":{"kmh":20.3,"n":156},"geometry":{"type":"Point","coordinates":[74.7846,34.0875]}},{"type":"Feature","properties":{"kmh":15.7,"n":369},"geometry":{"type":"Point","coordinates":[74.7882,34.0875]}},{"type":"Feature","properties":{"kmh":9.7,"n":158},"geometry":{"type":"Point","coordinates":[74.7882,34.0905]}},{"type":"Feature","properties":{"kmh":18.3,"n":405},"geometry":{"type":"Point","coordinates":[74.7918,34.0875]}},{"type":"Feature","properties":{"kmh":35.6,"n":45},"geometry":{"type":"Point","coordinates":[74.529,34.1865]}},{"type":"Feature","properties":{"kmh":38.8,"n":52},"geometry":{"type":"Point","coordinates":[74.5254,34.1895]}},{"type":"Feature","properties":{"kmh":42.7,"n":40},"geometry":{"type":"Point","coordinates":[74.5218,34.1925]}},{"type":"Feature","properties":{"kmh":28.2,"n":77},"geometry":{"type":"Point","coordinates":[74.4894,34.2345]}},{"type":"Feature","properties":{"kmh":24.2,"n":78},"geometry":{"type":"Point","coordinates":[74.4642,34.2705]}},{"type":"Feature","properties":{"kmh":18.4,"n":93},"geometry":{"type":"Point","coordinates":[74.4642,34.2735]}},{"type":"Feature","properties":{"kmh":26.6,"n":66},"geometry":{"type":"Point","coordinates":[74.4642,34.2765]}},{"type":"Feature","properties":{"kmh":26.0,"n":60},"geometry":{"type":"Point","coordinates":[74.4642,34.2795]}},{"type":"Feature","properties":{"kmh":20.3,"n":128},"geometry":{"type":"Point","coordinates":[74.4642,34.2825]}},{"type":"Feature","properties":{"kmh":9.4,"n":219},"geometry":{"type":"Point","coordinates":[74.4642,34.2855]}},{"type":"Feature","properties":{"kmh":20.4,"n":618},"geometry":{"type":"Point","coordinates":[74.817,34.0995]}},{"type":"Feature","properties":{"kmh":6.9,"n":57},"geometry":{"type":"Point","coordinates":[74.799,34.1355]}},{"type":"Feature","properties":{"kmh":13.1,"n":255},"geometry":{"type":"Point","coordinates":[74.7054,34.0755]}},{"type":"Feature","properties":{"kmh":15.6,"n":47},"geometry":{"type":"Point","coordinates":[74.7054,34.0725]}},{"type":"Feature","properties":{"kmh":21.8,"n":147},"geometry":{"type":"Point","coordinates":[74.709,34.0725]}},{"type":"Feature","properties":{"kmh":19.4,"n":130},"geometry":{"type":"Point","coordinates":[74.709,34.0695]}},{"type":"Feature","properties":{"kmh":23.6,"n":50},"geometry":{"type":"Point","coordinates":[74.7126,34.0695]}},{"type":"Feature","properties":{"kmh":31.2,"n":105},"geometry":{"type":"Point","coordinates":[74.7126,34.0665]}},{"type":"Feature","properties":{"kmh":29.4,"n":117},"geometry":{"type":"Point","coordinates":[74.7126,34.0635]}},{"type":"Feature","properties":{"kmh":20.6,"n":134},"geometry":{"type":"Point","coordinates":[74.7126,34.0605]}},{"type":"Feature","properties":{"kmh":24.8,"n":121},"geometry":{"type":"Point","coordinates":[74.7126,34.0575]}},{"type":"Feature","properties":{"kmh":24.8,"n":137},"geometry":{"type":"Point","coordinates":[74.7126,34.0545]}},{"type":"Feature","properties":{"kmh":24.5,"n":135},"geometry":{"type":"Point","coordinates":[74.7126,34.0515]}},{"type":"Feature","properties":{"kmh":26.1,"n":116},"geometry":{"type":"Point","coordinates":[74.709,34.0485]}},{"type":"Feature","properties":{"kmh":28.2,"n":87},"geometry":{"type":"Point","coordinates":[74.709,34.0455]}},{"type":"Feature","properties":{"kmh":13.3,"n":193},"geometry":{"type":"Point","coordinates":[74.7054,34.0425]}},{"type":"Feature","properties":{"kmh":31.0,"n":75},"geometry":{"type":"Point","coordinates":[74.709,34.0425]}},{"type":"Feature","properties":{"kmh":33.8,"n":53},"geometry":{"type":"Point","coordinates":[74.7126,34.0425]}},{"type":"Feature","properties":{"kmh":26.8,"n":104},"geometry":{"type":"Point","coordinates":[74.7162,34.0395]}},{"type":"Feature","properties":{"kmh":31.5,"n":64},"geometry":{"type":"Point","coordinates":[74.709,34.0785]}},{"type":"Feature","properties":{"kmh":31.2,"n":67},"geometry":{"type":"Point","coordinates":[74.7126,34.0815]}},{"type":"Feature","properties":{"kmh":41.8,"n":41},"geometry":{"type":"Point","coordinates":[74.7162,34.0815]}},{"type":"Feature","properties":{"kmh":41.7,"n":42},"geometry":{"type":"Point","coordinates":[74.7198,34.0815]}},{"type":"Feature","properties":{"kmh":31.5,"n":59},"geometry":{"type":"Point","coordinates":[74.7234,34.0815]}},{"type":"Feature","properties":{"kmh":20.4,"n":109},"geometry":{"type":"Point","coordinates":[74.7234,34.0875]}},{"type":"Feature","properties":{"kmh":17.0,"n":137},"geometry":{"type":"Point","coordinates":[74.727,34.0905]}},{"type":"Feature","properties":{"kmh":17.1,"n":103},"geometry":{"type":"Point","coordinates":[74.7306,34.0905]}},{"type":"Feature","properties":{"kmh":28.9,"n":62},"geometry":{"type":"Point","coordinates":[74.7342,34.0875]}},{"type":"Feature","properties":{"kmh":9.7,"n":132},"geometry":{"type":"Point","coordinates":[74.7378,34.0875]}},{"type":"Feature","properties":{"kmh":6.1,"n":1319},"geometry":{"type":"Point","coordinates":[74.8278,34.0995]}},{"type":"Feature","properties":{"kmh":7.1,"n":307},"geometry":{"type":"Point","coordinates":[74.8314,34.0995]}},{"type":"Feature","properties":{"kmh":5.7,"n":194},"geometry":{"type":"Point","coordinates":[74.835,34.1025]}},{"type":"Feature","properties":{"kmh":7.3,"n":113},"geometry":{"type":"Point","coordinates":[74.763,34.0995]}},{"type":"Feature","properties":{"kmh":28.7,"n":151},"geometry":{"type":"Point","coordinates":[74.7666,34.0215]}},{"type":"Feature","properties":{"kmh":29.9,"n":102},"geometry":{"type":"Point","coordinates":[74.7666,34.0245]}},{"type":"Feature","properties":{"kmh":30.0,"n":240},"geometry":{"type":"Point","coordinates":[74.763,34.0245]}},{"type":"Feature","properties":{"kmh":34.5,"n":196},"geometry":{"type":"Point","coordinates":[74.7594,34.0245]}},{"type":"Feature","properties":{"kmh":33.4,"n":240},"geometry":{"type":"Point","coordinates":[74.7558,34.0275]}},{"type":"Feature","properties":{"kmh":30.4,"n":128},"geometry":{"type":"Point","coordinates":[74.7522,34.0275]}},{"type":"Feature","properties":{"kmh":28.2,"n":156},"geometry":{"type":"Point","coordinates":[74.7522,34.0305]}},{"type":"Feature","properties":{"kmh":26.2,"n":114},"geometry":{"type":"Point","coordinates":[74.7486,34.0305]}},{"type":"Feature","properties":{"kmh":30.4,"n":211},"geometry":{"type":"Point","coordinates":[74.7486,34.0275]}},{"type":"Feature","properties":{"kmh":27.2,"n":296},"geometry":{"type":"Point","coordinates":[74.745,34.0275]}},{"type":"Feature","properties":{"kmh":23.4,"n":500},"geometry":{"type":"Point","coordinates":[74.7414,34.0275]}},{"type":"Feature","properties":{"kmh":12.5,"n":1638},"geometry":{"type":"Point","coordinates":[74.7378,34.0305]}},{"type":"Feature","properties":{"kmh":24.4,"n":719},"geometry":{"type":"Point","coordinates":[74.7342,34.0275]}},{"type":"Feature","properties":{"kmh":15.7,"n":925},"geometry":{"type":"Point","coordinates":[74.7342,34.0245]}},{"type":"Feature","properties":{"kmh":20.4,"n":937},"geometry":{"type":"Point","coordinates":[74.7306,34.0245]}},{"type":"Feature","properties":{"kmh":26.0,"n":142},"geometry":{"type":"Point","coordinates":[74.7234,34.0125]}},{"type":"Feature","properties":{"kmh":30.1,"n":99},"geometry":{"type":"Point","coordinates":[74.727,34.0095]}},{"type":"Feature","properties":{"kmh":26.9,"n":85},"geometry":{"type":"Point","coordinates":[74.7306,34.0065]}},{"type":"Feature","properties":{"kmh":29.5,"n":73},"geometry":{"type":"Point","coordinates":[74.7306,34.0035]}},{"type":"Feature","properties":{"kmh":27.9,"n":110},"geometry":{"type":"Point","coordinates":[74.7342,34.0005]}},{"type":"Feature","properties":{"kmh":27.7,"n":115},"geometry":{"type":"Point","coordinates":[74.7378,33.9975]}},{"type":"Feature","properties":{"kmh":23.5,"n":121},"geometry":{"type":"Point","coordinates":[74.7414,33.9945]}},{"type":"Feature","properties":{"kmh":20.1,"n":117},"geometry":{"type":"Point","coordinates":[74.745,33.9915]}},{"type":"Feature","properties":{"kmh":21.2,"n":51},"geometry":{"type":"Point","coordinates":[74.745,33.9885]}},{"type":"Feature","properties":{"kmh":19.9,"n":136},"geometry":{"type":"Point","coordinates":[74.7486,33.9885]}},{"type":"Feature","properties":{"kmh":12.6,"n":231},"geometry":{"type":"Point","coordinates":[74.7522,33.9855]}},{"type":"Feature","properties":{"kmh":10.6,"n":183},"geometry":{"type":"Point","coordinates":[74.7558,33.9885]}},{"type":"Feature","properties":{"kmh":10.3,"n":215},"geometry":{"type":"Point","coordinates":[74.7594,33.9885]}},{"type":"Feature","properties":{"kmh":10.8,"n":178},"geometry":{"type":"Point","coordinates":[74.763,33.9885]}},{"type":"Feature","properties":{"kmh":9.7,"n":89},"geometry":{"type":"Point","coordinates":[74.763,33.9855]}},{"type":"Feature","properties":{"kmh":10.4,"n":130},"geometry":{"type":"Point","coordinates":[74.7666,33.9855]}},{"type":"Feature","properties":{"kmh":8.4,"n":111},"geometry":{"type":"Point","coordinates":[74.7666,33.9825]}},{"type":"Feature","properties":{"kmh":8.1,"n":362},"geometry":{"type":"Point","coordinates":[74.7414,34.0305]}},{"type":"Feature","properties":{"kmh":17.4,"n":1298},"geometry":{"type":"Point","coordinates":[74.8314,34.0725]}},{"type":"Feature","properties":{"kmh":22.2,"n":74},"geometry":{"type":"Point","coordinates":[74.8674,34.1595]}},{"type":"Feature","properties":{"kmh":9.7,"n":105},"geometry":{"type":"Point","coordinates":[74.8638,34.1595]}},{"type":"Feature","properties":{"kmh":17.9,"n":118},"geometry":{"type":"Point","coordinates":[74.8638,34.1625]}},{"type":"Feature","properties":{"kmh":30.2,"n":74},"geometry":{"type":"Point","coordinates":[74.8602,34.1625]}},{"type":"Feature","properties":{"kmh":30.1,"n":56},"geometry":{"type":"Point","coordinates":[74.8566,34.1625]}},{"type":"Feature","properties":{"kmh":21.0,"n":218},"geometry":{"type":"Point","coordinates":[74.853,34.1655]}},{"type":"Feature","properties":{"kmh":25.3,"n":62},"geometry":{"type":"Point","coordinates":[74.8494,34.1655]}},{"type":"Feature","properties":{"kmh":28.8,"n":169},"geometry":{"type":"Point","coordinates":[74.8494,34.1625]}},{"type":"Feature","properties":{"kmh":27.6,"n":108},"geometry":{"type":"Point","coordinates":[74.8494,34.1595]}},{"type":"Feature","properties":{"kmh":21.7,"n":483},"geometry":{"type":"Point","coordinates":[74.8458,34.1595]}},{"type":"Feature","properties":{"kmh":28.1,"n":133},"geometry":{"type":"Point","coordinates":[74.8422,34.1595]}},{"type":"Feature","properties":{"kmh":25.1,"n":461},"geometry":{"type":"Point","coordinates":[74.8422,34.1565]}},{"type":"Feature","properties":{"kmh":20.0,"n":549},"geometry":{"type":"Point","coordinates":[74.8386,34.1535]}},{"type":"Feature","properties":{"kmh":14.2,"n":93},"geometry":{"type":"Point","coordinates":[74.8278,34.0845]}},{"type":"Feature","properties":{"kmh":8.6,"n":100},"geometry":{"type":"Point","coordinates":[74.8314,34.0875]}},{"type":"Feature","properties":{"kmh":13.4,"n":1111},"geometry":{"type":"Point","coordinates":[74.8026,34.1205]}},{"type":"Feature","properties":{"kmh":12.4,"n":596},"geometry":{"type":"Point","coordinates":[74.799,34.1205]}},{"type":"Feature","properties":{"kmh":14.7,"n":947},"geometry":{"type":"Point","coordinates":[74.799,34.1235]}},{"type":"Feature","properties":{"kmh":13.8,"n":144},"geometry":{"type":"Point","coordinates":[74.8062,34.0815]}},{"type":"Feature","properties":{"kmh":15.9,"n":3706},"geometry":{"type":"Point","coordinates":[74.8026,34.1415]}},{"type":"Feature","properties":{"kmh":18.3,"n":465},"geometry":{"type":"Point","coordinates":[74.799,34.1415]}},{"type":"Feature","properties":{"kmh":21.0,"n":60},"geometry":{"type":"Point","coordinates":[74.8206,34.1055]}},{"type":"Feature","properties":{"kmh":16.4,"n":64},"geometry":{"type":"Point","coordinates":[74.8206,34.1085]}},{"type":"Feature","properties":{"kmh":23.4,"n":527},"geometry":{"type":"Point","coordinates":[74.8098,34.1235]}},{"type":"Feature","properties":{"kmh":18.1,"n":771},"geometry":{"type":"Point","coordinates":[74.8098,34.1265]}},{"type":"Feature","properties":{"kmh":11.8,"n":1388},"geometry":{"type":"Point","coordinates":[74.8098,34.1295]}},{"type":"Feature","properties":{"kmh":15.0,"n":3507},"geometry":{"type":"Point","coordinates":[74.8134,34.0785]}},{"type":"Feature","properties":{"kmh":26.1,"n":1826},"geometry":{"type":"Point","coordinates":[74.817,34.0785]}},{"type":"Feature","properties":{"kmh":8.0,"n":394},"geometry":{"type":"Point","coordinates":[74.9682,34.0005]}},{"type":"Feature","properties":{"kmh":35.0,"n":177},"geometry":{"type":"Point","coordinates":[74.9646,34.0005]}},{"type":"Feature","properties":{"kmh":38.3,"n":153},"geometry":{"type":"Point","coordinates":[74.961,34.0005]}},{"type":"Feature","properties":{"kmh":38.4,"n":145},"geometry":{"type":"Point","coordinates":[74.9574,34.0005]}},{"type":"Feature","properties":{"kmh":37.1,"n":159},"geometry":{"type":"Point","coordinates":[74.9538,34.0005]}},{"type":"Feature","properties":{"kmh":35.2,"n":67},"geometry":{"type":"Point","coordinates":[74.9502,34.0005]}},{"type":"Feature","properties":{"kmh":21.4,"n":244},"geometry":{"type":"Point","coordinates":[74.9502,34.0035]}},{"type":"Feature","properties":{"kmh":34.5,"n":192},"geometry":{"type":"Point","coordinates":[74.9466,34.0035]}},{"type":"Feature","properties":{"kmh":38.9,"n":184},"geometry":{"type":"Point","coordinates":[74.943,34.0065]}},{"type":"Feature","properties":{"kmh":38.2,"n":161},"geometry":{"type":"Point","coordinates":[74.9394,34.0065]}},{"type":"Feature","properties":{"kmh":38.1,"n":162},"geometry":{"type":"Point","coordinates":[74.9358,34.0065]}},{"type":"Feature","properties":{"kmh":28.0,"n":242},"geometry":{"type":"Point","coordinates":[74.9322,34.0065]}},{"type":"Feature","properties":{"kmh":19.1,"n":333},"geometry":{"type":"Point","coordinates":[74.9286,34.0065]}},{"type":"Feature","properties":{"kmh":20.9,"n":267},"geometry":{"type":"Point","coordinates":[74.925,34.0065]}},{"type":"Feature","properties":{"kmh":15.1,"n":76},"geometry":{"type":"Point","coordinates":[74.925,34.0095]}},{"type":"Feature","properties":{"kmh":23.2,"n":318},"geometry":{"type":"Point","coordinates":[74.9214,34.0095]}},{"type":"Feature","properties":{"kmh":25.9,"n":245},"geometry":{"type":"Point","coordinates":[74.9214,34.0125]}},{"type":"Feature","properties":{"kmh":23.3,"n":205},"geometry":{"type":"Point","coordinates":[74.9214,34.0155]}},{"type":"Feature","properties":{"kmh":17.1,"n":125},"geometry":{"type":"Point","coordinates":[74.9178,34.0155]}},{"type":"Feature","properties":{"kmh":17.6,"n":62},"geometry":{"type":"Point","coordinates":[74.9214,34.0185]}},{"type":"Feature","properties":{"kmh":9.3,"n":49},"geometry":{"type":"Point","coordinates":[74.9106,34.0305]}},{"type":"Feature","properties":{"kmh":19.9,"n":388},"geometry":{"type":"Point","coordinates":[74.9178,33.9975]}},{"type":"Feature","properties":{"kmh":18.4,"n":78},"geometry":{"type":"Point","coordinates":[74.9934,33.9975]}},{"type":"Feature","properties":{"kmh":19.3,"n":79},"geometry":{"type":"Point","coordinates":[74.9898,33.9975]}},{"type":"Feature","properties":{"kmh":29.1,"n":50},"geometry":{"type":"Point","coordinates":[74.9826,34.0005]}},{"type":"Feature","properties":{"kmh":30.0,"n":57},"geometry":{"type":"Point","coordinates":[74.979,34.0005]}},{"type":"Feature","properties":{"kmh":32.8,"n":44},"geometry":{"type":"Point","coordinates":[74.9754,34.0005]}},{"type":"Feature","properties":{"kmh":30.7,"n":69},"geometry":{"type":"Point","coordinates":[74.9718,34.0005]}},{"type":"Feature","properties":{"kmh":21.2,"n":62},"geometry":{"type":"Point","coordinates":[74.907,34.0125]}},{"type":"Feature","properties":{"kmh":27.1,"n":196},"geometry":{"type":"Point","coordinates":[74.907,34.0095]}},{"type":"Feature","properties":{"kmh":30.6,"n":180},"geometry":{"type":"Point","coordinates":[74.907,34.0065]}},{"type":"Feature","properties":{"kmh":34.4,"n":103},"geometry":{"type":"Point","coordinates":[74.907,34.0035]}},{"type":"Feature","properties":{"kmh":35.1,"n":48},"geometry":{"type":"Point","coordinates":[74.9034,34.0035]}},{"type":"Feature","properties":{"kmh":37.5,"n":139},"geometry":{"type":"Point","coordinates":[74.9034,34.0005]}},{"type":"Feature","properties":{"kmh":6.1,"n":157},"geometry":{"type":"Point","coordinates":[74.9682,33.9975]}},{"type":"Feature","properties":{"kmh":15.1,"n":89},"geometry":{"type":"Point","coordinates":[74.8026,34.1265]}},{"type":"Feature","properties":{"kmh":13.8,"n":54},"geometry":{"type":"Point","coordinates":[74.9178,34.0395]}},{"type":"Feature","properties":{"kmh":25.2,"n":49},"geometry":{"type":"Point","coordinates":[74.907,34.0365]}},{"type":"Feature","properties":{"kmh":25.0,"n":208},"geometry":{"type":"Point","coordinates":[74.9034,33.9945]}},{"type":"Feature","properties":{"kmh":26.6,"n":77},"geometry":{"type":"Point","coordinates":[74.8782,34.1295]}},{"type":"Feature","properties":{"kmh":16.1,"n":113},"geometry":{"type":"Point","coordinates":[74.8782,34.1325]}},{"type":"Feature","properties":{"kmh":24.2,"n":69},"geometry":{"type":"Point","coordinates":[74.8782,34.1355]}},{"type":"Feature","properties":{"kmh":28.9,"n":50},"geometry":{"type":"Point","coordinates":[74.8746,34.1385]}},{"type":"Feature","properties":{"kmh":29.2,"n":50},"geometry":{"type":"Point","coordinates":[74.8746,34.1415]}},{"type":"Feature","properties":{"kmh":10.3,"n":198},"geometry":{"type":"Point","coordinates":[74.871,34.1475]}},{"type":"Feature","properties":{"kmh":13.9,"n":180},"geometry":{"type":"Point","coordinates":[74.871,34.1505]}},{"type":"Feature","properties":{"kmh":20.6,"n":50},"geometry":{"type":"Point","coordinates":[74.8962,34.1565]}},{"type":"Feature","properties":{"kmh":21.2,"n":56},"geometry":{"type":"Point","coordinates":[74.8926,34.1565]}},{"type":"Feature","properties":{"kmh":20.7,"n":57},"geometry":{"type":"Point","coordinates":[74.889,34.1565]}},{"type":"Feature","properties":{"kmh":25.7,"n":50},"geometry":{"type":"Point","coordinates":[74.8818,34.1535]}},{"type":"Feature","properties":{"kmh":21.9,"n":53},"geometry":{"type":"Point","coordinates":[74.8782,34.1535]}},{"type":"Feature","properties":{"kmh":20.2,"n":50},"geometry":{"type":"Point","coordinates":[74.8674,34.1475]}},{"type":"Feature","properties":{"kmh":24.7,"n":69},"geometry":{"type":"Point","coordinates":[74.8638,34.1445]}},{"type":"Feature","properties":{"kmh":16.2,"n":63},"geometry":{"type":"Point","coordinates":[74.8602,34.1415]}},{"type":"Feature","properties":{"kmh":26.7,"n":122},"geometry":{"type":"Point","coordinates":[74.8602,34.1445]}},{"type":"Feature","properties":{"kmh":35.4,"n":62},"geometry":{"type":"Point","coordinates":[74.8566,34.1475]}},{"type":"Feature","properties":{"kmh":36.1,"n":87},"geometry":{"type":"Point","coordinates":[74.853,34.1475]}},{"type":"Feature","properties":{"kmh":36.9,"n":86},"geometry":{"type":"Point","coordinates":[74.8494,34.1475]}},{"type":"Feature","properties":{"kmh":37.1,"n":65},"geometry":{"type":"Point","coordinates":[74.8458,34.1475]}},{"type":"Feature","properties":{"kmh":36.9,"n":115},"geometry":{"type":"Point","coordinates":[74.8422,34.1445]}},{"type":"Feature","properties":{"kmh":35.7,"n":119},"geometry":{"type":"Point","coordinates":[74.8422,34.1415]}},{"type":"Feature","properties":{"kmh":6.8,"n":479},"geometry":{"type":"Point","coordinates":[74.8314,34.1085]}},{"type":"Feature","properties":{"kmh":20.0,"n":71},"geometry":{"type":"Point","coordinates":[74.8638,34.1685]}},{"type":"Feature","properties":{"kmh":7.0,"n":66},"geometry":{"type":"Point","coordinates":[74.8674,34.1685]}},{"type":"Feature","properties":{"kmh":25.0,"n":57},"geometry":{"type":"Point","coordinates":[74.8602,34.1685]}},{"type":"Feature","properties":{"kmh":25.5,"n":54},"geometry":{"type":"Point","coordinates":[74.8566,34.1685]}},{"type":"Feature","properties":{"kmh":7.6,"n":142},"geometry":{"type":"Point","coordinates":[74.799,34.1385]}},{"type":"Feature","properties":{"kmh":19.3,"n":172},"geometry":{"type":"Point","coordinates":[74.8098,34.0785]}},{"type":"Feature","properties":{"kmh":16.9,"n":1481},"geometry":{"type":"Point","coordinates":[74.8098,34.0755]}},{"type":"Feature","properties":{"kmh":11.9,"n":1731},"geometry":{"type":"Point","coordinates":[74.8134,34.0755]}},{"type":"Feature","properties":{"kmh":21.8,"n":2609},"geometry":{"type":"Point","coordinates":[74.8026,34.1445]}},{"type":"Feature","properties":{"kmh":21.5,"n":2658},"geometry":{"type":"Point","coordinates":[74.8026,34.1475]}},{"type":"Feature","properties":{"kmh":18.3,"n":2900},"geometry":{"type":"Point","coordinates":[74.8026,34.1505]}},{"type":"Feature","properties":{"kmh":12.0,"n":1669},"geometry":{"type":"Point","coordinates":[74.8026,34.1535]}},{"type":"Feature","properties":{"kmh":17.1,"n":679},"geometry":{"type":"Point","coordinates":[74.8026,34.1565]}},{"type":"Feature","properties":{"kmh":17.9,"n":447},"geometry":{"type":"Point","coordinates":[74.8026,34.1595]}},{"type":"Feature","properties":{"kmh":26.4,"n":61},"geometry":{"type":"Point","coordinates":[74.799,34.1595]}},{"type":"Feature","properties":{"kmh":30.4,"n":65},"geometry":{"type":"Point","coordinates":[74.7954,34.1625]}},{"type":"Feature","properties":{"kmh":34.8,"n":41},"geometry":{"type":"Point","coordinates":[74.7918,34.1655]}},{"type":"Feature","properties":{"kmh":34.4,"n":42},"geometry":{"type":"Point","coordinates":[74.7918,34.1685]}},{"type":"Feature","properties":{"kmh":33.1,"n":44},"geometry":{"type":"Point","coordinates":[74.7882,34.1685]}},{"type":"Feature","properties":{"kmh":20.8,"n":109},"geometry":{"type":"Point","coordinates":[74.7774,34.1685]}},{"type":"Feature","properties":{"kmh":25.9,"n":67},"geometry":{"type":"Point","coordinates":[74.7774,34.1715]}},{"type":"Feature","properties":{"kmh":25.4,"n":43},"geometry":{"type":"Point","coordinates":[74.7738,34.1745]}},{"type":"Feature","properties":{"kmh":13.2,"n":87},"geometry":{"type":"Point","coordinates":[74.7774,34.1745]}},{"type":"Feature","properties":{"kmh":7.9,"n":126},"geometry":{"type":"Point","coordinates":[74.7774,34.1775]}},{"type":"Feature","properties":{"kmh":21.5,"n":278},"geometry":{"type":"Point","coordinates":[74.8026,34.1625]}},{"type":"Feature","properties":{"kmh":17.4,"n":49},"geometry":{"type":"Point","coordinates":[74.8026,34.1655]}},{"type":"Feature","properties":{"kmh":24.8,"n":207},"geometry":{"type":"Point","coordinates":[74.8062,34.1655]}},{"type":"Feature","properties":{"kmh":17.3,"n":287},"geometry":{"type":"Point","coordinates":[74.8062,34.1685]}},{"type":"Feature","properties":{"kmh":14.1,"n":2166},"geometry":{"type":"Point","coordinates":[74.8242,34.1475]}},{"type":"Feature","properties":{"kmh":18.1,"n":1637},"geometry":{"type":"Point","coordinates":[74.8206,34.1475]}},{"type":"Feature","properties":{"kmh":22.2,"n":313},"geometry":{"type":"Point","coordinates":[74.817,34.1475]}},{"type":"Feature","properties":{"kmh":8.9,"n":305},"geometry":{"type":"Point","coordinates":[74.8062,34.0785]}},{"type":"Feature","properties":{"kmh":18.3,"n":75},"geometry":{"type":"Point","coordinates":[74.8134,34.1235]}},{"type":"Feature","properties":{"kmh":8.6,"n":66},"geometry":{"type":"Point","coordinates":[74.8026,34.1085]}},{"type":"Feature","properties":{"kmh":22.7,"n":134},"geometry":{"type":"Point","coordinates":[74.799,34.1055]}},{"type":"Feature","properties":{"kmh":11.5,"n":3851},"geometry":{"type":"Point","coordinates":[74.799,34.0515]}},{"type":"Feature","properties":{"kmh":13.3,"n":1812},"geometry":{"type":"Point","coordinates":[74.8134,34.1295]}},{"type":"Feature","properties":{"kmh":35.8,"n":134},"geometry":{"type":"Point","coordinates":[74.9034,33.9915]}},{"type":"Feature","properties":{"kmh":33.9,"n":139},"geometry":{"type":"Point","coordinates":[74.9034,33.9885]}},{"type":"Feature","properties":{"kmh":35.0,"n":136},"geometry":{"type":"Point","coordinates":[74.9034,33.9855]}},{"type":"Feature","properties":{"kmh":27.8,"n":181},"geometry":{"type":"Point","coordinates":[74.9034,33.9825]}},{"type":"Feature","properties":{"kmh":29.4,"n":183},"geometry":{"type":"Point","coordinates":[74.9034,33.9795]}},{"type":"Feature","properties":{"kmh":19.9,"n":271},"geometry":{"type":"Point","coordinates":[74.9034,33.9765]}},{"type":"Feature","properties":{"kmh":6.6,"n":432},"geometry":{"type":"Point","coordinates":[74.9034,33.9735]}},{"type":"Feature","properties":{"kmh":21.5,"n":227},"geometry":{"type":"Point","coordinates":[74.8062,34.1535]}},{"type":"Feature","properties":{"kmh":12.9,"n":53},"geometry":{"type":"Point","coordinates":[74.8062,34.1415]}},{"type":"Feature","properties":{"kmh":9.3,"n":1127},"geometry":{"type":"Point","coordinates":[74.8242,34.1445]}},{"type":"Feature","properties":{"kmh":14.7,"n":888},"geometry":{"type":"Point","coordinates":[74.8278,34.1445]}},{"type":"Feature","properties":{"kmh":18.3,"n":847},"geometry":{"type":"Point","coordinates":[74.7954,34.0515]}},{"type":"Feature","properties":{"kmh":25.0,"n":223},"geometry":{"type":"Point","coordinates":[74.799,34.0485]}},{"type":"Feature","properties":{"kmh":22.9,"n":122},"geometry":{"type":"Point","coordinates":[74.7954,34.0485]}},{"type":"Feature","properties":{"kmh":15.8,"n":673},"geometry":{"type":"Point","coordinates":[74.7954,34.0545]}},{"type":"Feature","properties":{"kmh":20.9,"n":400},"geometry":{"type":"Point","coordinates":[74.7918,34.0545]}},{"type":"Feature","properties":{"kmh":30.1,"n":60},"geometry":{"type":"Point","coordinates":[74.799,34.0545]}},{"type":"Feature","properties":{"kmh":24.3,"n":47},"geometry":{"type":"Point","coordinates":[74.6874,34.1655]}},{"type":"Feature","properties":{"kmh":14.4,"n":47},"geometry":{"type":"Point","coordinates":[74.6766,34.1805]}},{"type":"Feature","properties":{"kmh":15.4,"n":69},"geometry":{"type":"Point","coordinates":[74.673,34.1805]}},{"type":"Feature","properties":{"kmh":17.6,"n":55},"geometry":{"type":"Point","coordinates":[74.6514,34.2255]}},{"type":"Feature","properties":{"kmh":21.2,"n":87},"geometry":{"type":"Point","coordinates":[74.6514,34.2285]}},{"type":"Feature","properties":{"kmh":19.7,"n":79},"geometry":{"type":"Point","coordinates":[74.6478,34.2315]}},{"type":"Feature","properties":{"kmh":18.9,"n":91},"geometry":{"type":"Point","coordinates":[74.6406,34.2345]}},{"type":"Feature","properties":{"kmh":36.0,"n":41},"geometry":{"type":"Point","coordinates":[74.6406,34.2375]}},{"type":"Feature","properties":{"kmh":39.6,"n":48},"geometry":{"type":"Point","coordinates":[74.6334,34.2405]}},{"type":"Feature","properties":{"kmh":26.8,"n":67},"geometry":{"type":"Point","coordinates":[74.6226,34.2465]}},{"type":"Feature","properties":{"kmh":39.0,"n":44},"geometry":{"type":"Point","coordinates":[74.6154,34.2495]}},{"type":"Feature","properties":{"kmh":20.8,"n":67},"geometry":{"type":"Point","coordinates":[74.6082,34.2525]}},{"type":"Feature","properties":{"kmh":33.3,"n":44},"geometry":{"type":"Point","coordinates":[74.6046,34.2525]}},{"type":"Feature","properties":{"kmh":33.2,"n":46},"geometry":{"type":"Point","coordinates":[74.601,34.2525]}},{"type":"Feature","properties":{"kmh":37.2,"n":42},"geometry":{"type":"Point","coordinates":[74.5974,34.2525]}},{"type":"Feature","properties":{"kmh":35.9,"n":40},"geometry":{"type":"Point","coordinates":[74.5794,34.2465]}},{"type":"Feature","properties":{"kmh":13.6,"n":92},"geometry":{"type":"Point","coordinates":[74.5758,34.2465]}},{"type":"Feature","properties":{"kmh":36.1,"n":42},"geometry":{"type":"Point","coordinates":[74.5722,34.2465]}},{"type":"Feature","properties":{"kmh":27.0,"n":51},"geometry":{"type":"Point","coordinates":[74.5686,34.2465]}},{"type":"Feature","properties":{"kmh":12.3,"n":119},"geometry":{"type":"Point","coordinates":[74.565,34.2495]}},{"type":"Feature","properties":{"kmh":27.2,"n":47},"geometry":{"type":"Point","coordinates":[74.565,34.2465]}},{"type":"Feature","properties":{"kmh":6.7,"n":47},"geometry":{"type":"Point","coordinates":[74.6406,34.2315]}},{"type":"Feature","properties":{"kmh":14.1,"n":173},"geometry":{"type":"Point","coordinates":[74.8314,34.1445]}},{"type":"Feature","properties":{"kmh":13.9,"n":510},"geometry":{"type":"Point","coordinates":[74.8314,34.1415]}},{"type":"Feature","properties":{"kmh":17.3,"n":99},"geometry":{"type":"Point","coordinates":[74.8278,34.1415]}},{"type":"Feature","properties":{"kmh":18.7,"n":336},"geometry":{"type":"Point","coordinates":[74.8278,34.1385]}},{"type":"Feature","properties":{"kmh":22.9,"n":419},"geometry":{"type":"Point","coordinates":[74.817,34.1385]}},{"type":"Feature","properties":{"kmh":22.1,"n":373},"geometry":{"type":"Point","coordinates":[74.817,34.1415]}},{"type":"Feature","properties":{"kmh":19.7,"n":243},"geometry":{"type":"Point","coordinates":[74.8206,34.1415]}},{"type":"Feature","properties":{"kmh":18.7,"n":341},"geometry":{"type":"Point","coordinates":[74.8206,34.1445]}},{"type":"Feature","properties":{"kmh":18.4,"n":182},"geometry":{"type":"Point","coordinates":[74.835,34.1415]}},{"type":"Feature","properties":{"kmh":33.8,"n":53},"geometry":{"type":"Point","coordinates":[75.1086,33.7125]}},{"type":"Feature","properties":{"kmh":31.4,"n":47},"geometry":{"type":"Point","coordinates":[75.2814,33.5985]}},{"type":"Feature","properties":{"kmh":28.4,"n":55},"geometry":{"type":"Point","coordinates":[75.2958,33.5895]}},{"type":"Feature","properties":{"kmh":8.7,"n":85},"geometry":{"type":"Point","coordinates":[74.8278,34.1475]}},{"type":"Feature","properties":{"kmh":5.8,"n":733},"geometry":{"type":"Point","coordinates":[74.8026,34.1235]}},{"type":"Feature","properties":{"kmh":16.7,"n":888},"geometry":{"type":"Point","coordinates":[74.8566,32.7375]}},{"type":"Feature","properties":{"kmh":20.2,"n":762},"geometry":{"type":"Point","coordinates":[74.8566,32.7345]}},{"type":"Feature","properties":{"kmh":19.0,"n":142},"geometry":{"type":"Point","coordinates":[74.8566,32.7315]}},{"type":"Feature","properties":{"kmh":12.5,"n":1120},"geometry":{"type":"Point","coordinates":[74.8566,32.7285]}},{"type":"Feature","properties":{"kmh":12.1,"n":2143},"geometry":{"type":"Point","coordinates":[74.8566,32.7255]}},{"type":"Feature","properties":{"kmh":9.4,"n":102},"geometry":{"type":"Point","coordinates":[74.853,32.7255]}},{"type":"Feature","properties":{"kmh":9.0,"n":126},"geometry":{"type":"Point","coordinates":[74.853,32.7285]}},{"type":"Feature","properties":{"kmh":12.4,"n":255},"geometry":{"type":"Point","coordinates":[74.8494,32.7285]}},{"type":"Feature","properties":{"kmh":26.0,"n":104},"geometry":{"type":"Point","coordinates":[74.8458,32.7315]}},{"type":"Feature","properties":{"kmh":14.6,"n":164},"geometry":{"type":"Point","coordinates":[74.8422,32.7315]}},{"type":"Feature","properties":{"kmh":27.7,"n":166},"geometry":{"type":"Point","coordinates":[74.8386,32.7345]}},{"type":"Feature","properties":{"kmh":24.0,"n":162},"geometry":{"type":"Point","coordinates":[74.835,32.7375]}},{"type":"Feature","properties":{"kmh":30.1,"n":83},"geometry":{"type":"Point","coordinates":[74.835,32.7405]}},{"type":"Feature","properties":{"kmh":29.5,"n":48},"geometry":{"type":"Point","coordinates":[74.8314,32.7405]}},{"type":"Feature","properties":{"kmh":24.1,"n":137},"geometry":{"type":"Point","coordinates":[74.8314,32.7435]}},{"type":"Feature","properties":{"kmh":32.7,"n":76},"geometry":{"type":"Point","coordinates":[74.8278,32.7435]}},{"type":"Feature","properties":{"kmh":26.4,"n":45},"geometry":{"type":"Point","coordinates":[74.8278,32.7465]}},{"type":"Feature","properties":{"kmh":22.9,"n":173},"geometry":{"type":"Point","coordinates":[74.8242,32.7465]}},{"type":"Feature","properties":{"kmh":33.6,"n":66},"geometry":{"type":"Point","coordinates":[74.8242,32.7495]}},{"type":"Feature","properties":{"kmh":32.7,"n":104},"geometry":{"type":"Point","coordinates":[74.8206,32.7495]}},{"type":"Feature","properties":{"kmh":33.1,"n":68},"geometry":{"type":"Point","coordinates":[74.817,32.7495]}},{"type":"Feature","properties":{"kmh":28.5,"n":87},"geometry":{"type":"Point","coordinates":[74.8134,32.7525]}},{"type":"Feature","properties":{"kmh":32.3,"n":102},"geometry":{"type":"Point","coordinates":[74.8134,32.7555]}},{"type":"Feature","properties":{"kmh":28.4,"n":167},"geometry":{"type":"Point","coordinates":[74.8098,32.7585]}},{"type":"Feature","properties":{"kmh":41.4,"n":117},"geometry":{"type":"Point","coordinates":[74.8062,32.7615]}},{"type":"Feature","properties":{"kmh":35.7,"n":69},"geometry":{"type":"Point","coordinates":[74.8062,32.7645]}},{"type":"Feature","properties":{"kmh":26.1,"n":83},"geometry":{"type":"Point","coordinates":[74.8026,32.7645]}},{"type":"Feature","properties":{"kmh":30.1,"n":133},"geometry":{"type":"Point","coordinates":[74.8026,32.7675]}},{"type":"Feature","properties":{"kmh":32.8,"n":150},"geometry":{"type":"Point","coordinates":[74.799,32.7705]}},{"type":"Feature","properties":{"kmh":41.1,"n":119},"geometry":{"type":"Point","coordinates":[74.7954,32.7735]}},{"type":"Feature","properties":{"kmh":42.5,"n":90},"geometry":{"type":"Point","coordinates":[74.7918,32.7765]}},{"type":"Feature","properties":{"kmh":40.5,"n":91},"geometry":{"type":"Point","coordinates":[74.7918,32.7795]}},{"type":"Feature","properties":{"kmh":41.0,"n":89},"geometry":{"type":"Point","coordinates":[74.7882,32.7825]}},{"type":"Feature","properties":{"kmh":32.2,"n":88},"geometry":{"type":"Point","coordinates":[74.7882,32.7855]}},{"type":"Feature","properties":{"kmh":34.4,"n":56},"geometry":{"type":"Point","coordinates":[74.7846,32.7855]}},{"type":"Feature","properties":{"kmh":42.3,"n":86},"geometry":{"type":"Point","coordinates":[74.7846,32.7885]}},{"type":"Feature","properties":{"kmh":25.2,"n":55},"geometry":{"type":"Point","coordinates":[74.781,32.7885]}},{"type":"Feature","properties":{"kmh":35.5,"n":133},"geometry":{"type":"Point","coordinates":[74.781,32.7915]}},{"type":"Feature","properties":{"kmh":28.4,"n":151},"geometry":{"type":"Point","coordinates":[74.781,32.7945]}},{"type":"Feature","properties":{"kmh":31.8,"n":71},"geometry":{"type":"Point","coordinates":[74.781,32.7975]}},{"type":"Feature","properties":{"kmh":29.9,"n":63},"geometry":{"type":"Point","coordinates":[74.7846,32.7975]}},{"type":"Feature","properties":{"kmh":43.2,"n":83},"geometry":{"type":"Point","coordinates":[74.781,32.8005]}},{"type":"Feature","properties":{"kmh":34.7,"n":89},"geometry":{"type":"Point","coordinates":[74.7774,32.8005]}},{"type":"Feature","properties":{"kmh":34.3,"n":65},"geometry":{"type":"Point","coordinates":[74.7738,32.8005]}},{"type":"Feature","properties":{"kmh":41.8,"n":78},"geometry":{"type":"Point","coordinates":[74.7738,32.8035]}},{"type":"Feature","properties":{"kmh":43.8,"n":78},"geometry":{"type":"Point","coordinates":[74.7738,32.8065]}},{"type":"Feature","properties":{"kmh":38.0,"n":94},"geometry":{"type":"Point","coordinates":[74.7702,32.8065]}},{"type":"Feature","properties":{"kmh":29.6,"n":47},"geometry":{"type":"Point","coordinates":[74.7702,32.8095]}},{"type":"Feature","properties":{"kmh":23.0,"n":103},"geometry":{"type":"Point","coordinates":[74.7666,32.8095]}},{"type":"Feature","properties":{"kmh":34.8,"n":59},"geometry":{"type":"Point","coordinates":[74.763,32.8095]}},{"type":"Feature","properties":{"kmh":33.2,"n":59},"geometry":{"type":"Point","coordinates":[74.7594,32.8095]}},{"type":"Feature","properties":{"kmh":34.1,"n":62},"geometry":{"type":"Point","coordinates":[74.7558,32.8095]}},{"type":"Feature","properties":{"kmh":29.8,"n":57},"geometry":{"type":"Point","coordinates":[74.7522,32.8095]}},{"type":"Feature","properties":{"kmh":28.9,"n":47},"geometry":{"type":"Point","coordinates":[74.7522,32.8125]}},{"type":"Feature","properties":{"kmh":28.3,"n":52},"geometry":{"type":"Point","coordinates":[74.7486,32.8125]}},{"type":"Feature","properties":{"kmh":33.4,"n":58},"geometry":{"type":"Point","coordinates":[74.7486,32.8155]}},{"type":"Feature","properties":{"kmh":21.4,"n":105},"geometry":{"type":"Point","coordinates":[74.745,32.8185]}},{"type":"Feature","properties":{"kmh":11.9,"n":118},"geometry":{"type":"Point","coordinates":[74.7414,32.8215]}},{"type":"Feature","properties":{"kmh":7.6,"n":168},"geometry":{"type":"Point","coordinates":[74.7378,32.8245]}},{"type":"Feature","properties":{"kmh":25.7,"n":90},"geometry":{"type":"Point","coordinates":[74.7342,32.8245]}},{"type":"Feature","properties":{"kmh":9.5,"n":58},"geometry":{"type":"Point","coordinates":[74.7342,32.8275]}},{"type":"Feature","properties":{"kmh":20.6,"n":113},"geometry":{"type":"Point","coordinates":[74.7306,32.8245]}},{"type":"Feature","properties":{"kmh":37.7,"n":68},"geometry":{"type":"Point","coordinates":[74.727,32.8215]}},{"type":"Feature","properties":{"kmh":30.9,"n":52},"geometry":{"type":"Point","coordinates":[74.7234,32.8185]}},{"type":"Feature","properties":{"kmh":33.9,"n":64},"geometry":{"type":"Point","coordinates":[74.7198,32.8185]}},{"type":"Feature","properties":{"kmh":23.5,"n":130},"geometry":{"type":"Point","coordinates":[74.7162,32.8185]}},{"type":"Feature","properties":{"kmh":30.7,"n":64},"geometry":{"type":"Point","coordinates":[74.7126,32.8155]}},{"type":"Feature","properties":{"kmh":26.6,"n":60},"geometry":{"type":"Point","coordinates":[74.709,32.8125]}},{"type":"Feature","properties":{"kmh":36.5,"n":45},"geometry":{"type":"Point","coordinates":[74.709,32.8095]}},{"type":"Feature","properties":{"kmh":35.3,"n":47},"geometry":{"type":"Point","coordinates":[74.709,32.8065]}},{"type":"Feature","properties":{"kmh":23.2,"n":72},"geometry":{"type":"Point","coordinates":[74.709,32.8035]}},{"type":"Feature","properties":{"kmh":19.0,"n":83},"geometry":{"type":"Point","coordinates":[74.8458,32.7345]}},{"type":"Feature","properties":{"kmh":17.4,"n":51},"geometry":{"type":"Point","coordinates":[74.8494,32.7345]}},{"type":"Feature","properties":{"kmh":8.5,"n":841},"geometry":{"type":"Point","coordinates":[75.1374,32.9235]}},{"type":"Feature","properties":{"kmh":8.0,"n":524},"geometry":{"type":"Point","coordinates":[75.1338,32.9235]}},{"type":"Feature","properties":{"kmh":14.7,"n":1017},"geometry":{"type":"Point","coordinates":[75.1338,32.9265]}},{"type":"Feature","properties":{"kmh":10.7,"n":2414},"geometry":{"type":"Point","coordinates":[75.1374,32.9265]}},{"type":"Feature","properties":{"kmh":16.7,"n":804},"geometry":{"type":"Point","coordinates":[75.1302,32.9265]}},{"type":"Feature","properties":{"kmh":19.5,"n":183},"geometry":{"type":"Point","coordinates":[75.1302,32.9235]}},{"type":"Feature","properties":{"kmh":27.6,"n":533},"geometry":{"type":"Point","coordinates":[75.1266,32.9235]}},{"type":"Feature","properties":{"kmh":22.8,"n":82},"geometry":{"type":"Point","coordinates":[75.1266,32.9205]}},{"type":"Feature","properties":{"kmh":29.0,"n":520},"geometry":{"type":"Point","coordinates":[75.123,32.9205]}},{"type":"Feature","properties":{"kmh":38.3,"n":48},"geometry":{"type":"Point","coordinates":[75.1194,32.9205]}},{"type":"Feature","properties":{"kmh":19.3,"n":604},"geometry":{"type":"Point","coordinates":[75.1194,32.9175]}},{"type":"Feature","properties":{"kmh":23.2,"n":69},"geometry":{"type":"Point","coordinates":[75.1158,32.9175]}},{"type":"Feature","properties":{"kmh":18.1,"n":586},"geometry":{"type":"Point","coordinates":[75.1158,32.9205]}},{"type":"Feature","properties":{"kmh":32.8,"n":135},"geometry":{"type":"Point","coordinates":[75.1122,32.9205]}},{"type":"Feature","properties":{"kmh":33.2,"n":337},"geometry":{"type":"Point","coordinates":[75.1122,32.9175]}},{"type":"Feature","properties":{"kmh":29.5,"n":439},"geometry":{"type":"Point","coordinates":[75.1086,32.9175]}},{"type":"Feature","properties":{"kmh":23.9,"n":127},"geometry":{"type":"Point","coordinates":[75.105,32.9175]}},{"type":"Feature","properties":{"kmh":17.3,"n":601},"geometry":{"type":"Point","coordinates":[75.105,32.9145]}},{"type":"Feature","properties":{"kmh":25.3,"n":133},"geometry":{"type":"Point","coordinates":[75.1014,32.9115]}},{"type":"Feature","properties":{"kmh":34.5,"n":52},"geometry":{"type":"Point","coordinates":[75.0978,32.9115]}},{"type":"Feature","properties":{"kmh":28.2,"n":132},"geometry":{"type":"Point","coordinates":[75.0978,32.9085]}},{"type":"Feature","properties":{"kmh":23.0,"n":144},"geometry":{"type":"Point","coordinates":[75.0978,32.9055]}},{"type":"Feature","properties":{"kmh":24.1,"n":119},"geometry":{"type":"Point","coordinates":[75.0942,32.9055]}},{"type":"Feature","properties":{"kmh":22.4,"n":135},"geometry":{"type":"Point","coordinates":[75.0906,32.9055]}},{"type":"Feature","properties":{"kmh":23.4,"n":146},"geometry":{"type":"Point","coordinates":[75.087,32.9055]}},{"type":"Feature","properties":{"kmh":27.9,"n":138},"geometry":{"type":"Point","coordinates":[75.0834,32.9085]}},{"type":"Feature","properties":{"kmh":25.2,"n":170},"geometry":{"type":"Point","coordinates":[75.0798,32.9085]}},{"type":"Feature","properties":{"kmh":27.1,"n":57},"geometry":{"type":"Point","coordinates":[75.0762,32.9085]}},{"type":"Feature","properties":{"kmh":40.7,"n":83},"geometry":{"type":"Point","coordinates":[75.0762,32.9055]}},{"type":"Feature","properties":{"kmh":28.4,"n":85},"geometry":{"type":"Point","coordinates":[75.0726,32.9055]}},{"type":"Feature","properties":{"kmh":30.1,"n":107},"geometry":{"type":"Point","coordinates":[75.0726,32.9025]}},{"type":"Feature","properties":{"kmh":30.0,"n":50},"geometry":{"type":"Point","coordinates":[75.069,32.9025]}},{"type":"Feature","properties":{"kmh":20.2,"n":195},"geometry":{"type":"Point","coordinates":[75.069,32.8995]}},{"type":"Feature","properties":{"kmh":24.3,"n":141},"geometry":{"type":"Point","coordinates":[75.069,32.8965]}},{"type":"Feature","properties":{"kmh":27.5,"n":540},"geometry":{"type":"Point","coordinates":[75.1374,32.9025]}},{"type":"Feature","properties":{"kmh":52.1,"n":263},"geometry":{"type":"Point","coordinates":[75.1374,32.8995]}},{"type":"Feature","properties":{"kmh":56.7,"n":196},"geometry":{"type":"Point","coordinates":[75.1374,32.8965]}},{"type":"Feature","properties":{"kmh":54.6,"n":82},"geometry":{"type":"Point","coordinates":[75.1338,32.8965]}},{"type":"Feature","properties":{"kmh":48.7,"n":310},"geometry":{"type":"Point","coordinates":[75.1338,32.8935]}},{"type":"Feature","properties":{"kmh":48.4,"n":319},"geometry":{"type":"Point","coordinates":[75.1338,32.8905]}},{"type":"Feature","properties":{"kmh":57.4,"n":87},"geometry":{"type":"Point","coordinates":[75.1302,32.8905]}},{"type":"Feature","properties":{"kmh":54.8,"n":173},"geometry":{"type":"Point","coordinates":[75.1302,32.8875]}},{"type":"Feature","properties":{"kmh":55.3,"n":448},"geometry":{"type":"Point","coordinates":[75.1266,32.8875]}},{"type":"Feature","properties":{"kmh":64.9,"n":230},"geometry":{"type":"Point","coordinates":[75.1266,32.8845]}},{"type":"Feature","properties":{"kmh":59.0,"n":150},"geometry":{"type":"Point","coordinates":[75.1266,32.8815]}},{"type":"Feature","properties":{"kmh":57.4,"n":153},"geometry":{"type":"Point","coordinates":[75.123,32.8815]}},{"type":"Feature","properties":{"kmh":57.2,"n":252},"geometry":{"type":"Point","coordinates":[75.123,32.8785]}},{"type":"Feature","properties":{"kmh":55.3,"n":141},"geometry":{"type":"Point","coordinates":[75.1194,32.8785]}},{"type":"Feature","properties":{"kmh":62.6,"n":222},"geometry":{"type":"Point","coordinates":[75.1194,32.8755]}},{"type":"Feature","properties":{"kmh":59.9,"n":111},"geometry":{"type":"Point","coordinates":[75.1194,32.8725]}},{"type":"Feature","properties":{"kmh":59.5,"n":129},"geometry":{"type":"Point","coordinates":[75.1158,32.8725]}},{"type":"Feature","properties":{"kmh":53.2,"n":199},"geometry":{"type":"Point","coordinates":[75.1158,32.8695]}},{"type":"Feature","properties":{"kmh":56.4,"n":55},"geometry":{"type":"Point","coordinates":[75.1122,32.8695]}},{"type":"Feature","properties":{"kmh":57.6,"n":206},"geometry":{"type":"Point","coordinates":[75.1122,32.8725]}},{"type":"Feature","properties":{"kmh":65.9,"n":142},"geometry":{"type":"Point","coordinates":[75.1086,32.8725]}},{"type":"Feature","properties":{"kmh":65.6,"n":129},"geometry":{"type":"Point","coordinates":[75.1086,32.8755]}},{"type":"Feature","properties":{"kmh":61.5,"n":213},"geometry":{"type":"Point","coordinates":[75.105,32.8755]}},{"type":"Feature","properties":{"kmh":58.6,"n":207},"geometry":{"type":"Point","coordinates":[75.1014,32.8755]}},{"type":"Feature","properties":{"kmh":58.0,"n":237},"geometry":{"type":"Point","coordinates":[75.0978,32.8755]}},{"type":"Feature","properties":{"kmh":59.5,"n":203},"geometry":{"type":"Point","coordinates":[75.0942,32.8725]}},{"type":"Feature","properties":{"kmh":57.7,"n":107},"geometry":{"type":"Point","coordinates":[75.0906,32.8725]}},{"type":"Feature","properties":{"kmh":54.3,"n":169},"geometry":{"type":"Point","coordinates":[75.0906,32.8755]}},{"type":"Feature","properties":{"kmh":57.7,"n":307},"geometry":{"type":"Point","coordinates":[75.087,32.8755]}},{"type":"Feature","properties":{"kmh":57.3,"n":220},"geometry":{"type":"Point","coordinates":[75.0834,32.8755]}},{"type":"Feature","properties":{"kmh":61.9,"n":206},"geometry":{"type":"Point","coordinates":[75.0834,32.8725]}},{"type":"Feature","properties":{"kmh":54.2,"n":317},"geometry":{"type":"Point","coordinates":[75.0798,32.8725]}},{"type":"Feature","properties":{"kmh":52.8,"n":166},"geometry":{"type":"Point","coordinates":[75.0762,32.8725]}},{"type":"Feature","properties":{"kmh":56.9,"n":155},"geometry":{"type":"Point","coordinates":[75.0762,32.8755]}},{"type":"Feature","properties":{"kmh":59.0,"n":149},"geometry":{"type":"Point","coordinates":[75.0726,32.8755]}},{"type":"Feature","properties":{"kmh":56.8,"n":232},"geometry":{"type":"Point","coordinates":[75.0726,32.8785]}},{"type":"Feature","properties":{"kmh":55.4,"n":214},"geometry":{"type":"Point","coordinates":[75.069,32.8785]}},{"type":"Feature","properties":{"kmh":58.6,"n":276},"geometry":{"type":"Point","coordinates":[75.0654,32.8815]}},{"type":"Feature","properties":{"kmh":61.2,"n":83},"geometry":{"type":"Point","coordinates":[75.0654,32.8845]}},{"type":"Feature","properties":{"kmh":58.8,"n":245},"geometry":{"type":"Point","coordinates":[75.0618,32.8845]}},{"type":"Feature","properties":{"kmh":63.0,"n":279},"geometry":{"type":"Point","coordinates":[75.0582,32.8875]}},{"type":"Feature","properties":{"kmh":64.5,"n":245},"geometry":{"type":"Point","coordinates":[75.0546,32.8905]}},{"type":"Feature","properties":{"kmh":60.8,"n":58},"geometry":{"type":"Point","coordinates":[75.0546,32.8935]}},{"type":"Feature","properties":{"kmh":63.7,"n":216},"geometry":{"type":"Point","coordinates":[75.051,32.8935]}},{"type":"Feature","properties":{"kmh":56.9,"n":98},"geometry":{"type":"Point","coordinates":[75.051,32.8965]}},{"type":"Feature","properties":{"kmh":31.2,"n":570},"geometry":{"type":"Point","coordinates":[75.0474,32.8965]}},{"type":"Feature","properties":{"kmh":42.5,"n":282},"geometry":{"type":"Point","coordinates":[75.0438,32.8965]}},{"type":"Feature","properties":{"kmh":30.1,"n":191},"geometry":{"type":"Point","coordinates":[75.0438,32.8995]}},{"type":"Feature","properties":{"kmh":46.8,"n":394},"geometry":{"type":"Point","coordinates":[75.0402,32.8995]}},{"type":"Feature","properties":{"kmh":56.6,"n":295},"geometry":{"type":"Point","coordinates":[75.0366,32.8995]}},{"type":"Feature","properties":{"kmh":52.9,"n":247},"geometry":{"type":"Point","coordinates":[75.033,32.8995]}},{"type":"Feature","properties":{"kmh":53.7,"n":68},"geometry":{"type":"Point","coordinates":[75.033,32.8965]}},{"type":"Feature","properties":{"kmh":53.3,"n":323},"geometry":{"type":"Point","coordinates":[75.0294,32.8965]}},{"type":"Feature","properties":{"kmh":56.5,"n":331},"geometry":{"type":"Point","coordinates":[75.0258,32.8965]}},{"type":"Feature","properties":{"kmh":60.1,"n":126},"geometry":{"type":"Point","coordinates":[75.0222,32.8965]}},{"type":"Feature","properties":{"kmh":59.8,"n":190},"geometry":{"type":"Point","coordinates":[75.0222,32.8995]}},{"type":"Feature","properties":{"kmh":56.8,"n":337},"geometry":{"type":"Point","coordinates":[75.0186,32.8995]}},{"type":"Feature","properties":{"kmh":55.3,"n":342},"geometry":{"type":"Point","coordinates":[75.015,32.8995]}},{"type":"Feature","properties":{"kmh":58.5,"n":368},"geometry":{"type":"Point","coordinates":[75.0114,32.9025]}},{"type":"Feature","properties":{"kmh":60.6,"n":377},"geometry":{"type":"Point","coordinates":[75.0078,32.9055]}},{"type":"Feature","properties":{"kmh":58.4,"n":362},"geometry":{"type":"Point","coordinates":[75.0042,32.9085]}},{"type":"Feature","properties":{"kmh":55.7,"n":61},"geometry":{"type":"Point","coordinates":[75.0006,32.9085]}},{"type":"Feature","properties":{"kmh":52.6,"n":398},"geometry":{"type":"Point","coordinates":[75.0006,32.9115]}},{"type":"Feature","properties":{"kmh":54.1,"n":92},"geometry":{"type":"Point","coordinates":[74.997,32.9115]}},{"type":"Feature","properties":{"kmh":59.8,"n":352},"geometry":{"type":"Point","coordinates":[74.997,32.9145]}},{"type":"Feature","properties":{"kmh":60.6,"n":345},"geometry":{"type":"Point","coordinates":[74.9934,32.9175]}},{"type":"Feature","properties":{"kmh":61.1,"n":180},"geometry":{"type":"Point","coordinates":[74.9934,32.9205]}},{"type":"Feature","properties":{"kmh":64.4,"n":130},"geometry":{"type":"Point","coordinates":[74.9898,32.9205]}},{"type":"Feature","properties":{"kmh":62.9,"n":298},"geometry":{"type":"Point","coordinates":[74.9898,32.9235]}},{"type":"Feature","properties":{"kmh":54.7,"n":131},"geometry":{"type":"Point","coordinates":[74.9898,32.9265]}},{"type":"Feature","properties":{"kmh":57.4,"n":236},"geometry":{"type":"Point","coordinates":[74.9862,32.9265]}},{"type":"Feature","properties":{"kmh":60.0,"n":298},"geometry":{"type":"Point","coordinates":[74.9862,32.9295]}},{"type":"Feature","properties":{"kmh":63.8,"n":293},"geometry":{"type":"Point","coordinates":[74.9862,32.9325]}},{"type":"Feature","properties":{"kmh":63.4,"n":225},"geometry":{"type":"Point","coordinates":[74.9862,32.9355]}},{"type":"Feature","properties":{"kmh":63.2,"n":65},"geometry":{"type":"Point","coordinates":[74.9826,32.9355]}},{"type":"Feature","properties":{"kmh":61.1,"n":311},"geometry":{"type":"Point","coordinates":[74.9826,32.9385]}},{"type":"Feature","properties":{"kmh":58.6,"n":316},"geometry":{"type":"Point","coordinates":[74.9826,32.9415]}},{"type":"Feature","properties":{"kmh":50.5,"n":373},"geometry":{"type":"Point","coordinates":[74.9826,32.9445]}},{"type":"Feature","properties":{"kmh":30.0,"n":391},"geometry":{"type":"Point","coordinates":[74.9826,32.9475]}},{"type":"Feature","properties":{"kmh":17.2,"n":136},"geometry":{"type":"Point","coordinates":[74.9286,32.9895]}},{"type":"Feature","properties":{"kmh":14.1,"n":84},"geometry":{"type":"Point","coordinates":[74.9286,32.9925]}},{"type":"Feature","properties":{"kmh":8.8,"n":111},"geometry":{"type":"Point","coordinates":[74.9322,32.9925]}},{"type":"Feature","properties":{"kmh":15.3,"n":160},"geometry":{"type":"Point","coordinates":[74.925,32.9895]}},{"type":"Feature","properties":{"kmh":38.9,"n":103},"geometry":{"type":"Point","coordinates":[75.051,32.8995]}},{"type":"Feature","properties":{"kmh":32.1,"n":178},"geometry":{"type":"Point","coordinates":[75.0546,32.8965]}},{"type":"Feature","properties":{"kmh":34.0,"n":130},"geometry":{"type":"Point","coordinates":[75.0582,32.8935]}},{"type":"Feature","properties":{"kmh":41.8,"n":74},"geometry":{"type":"Point","coordinates":[75.0618,32.8935]}},{"type":"Feature","properties":{"kmh":22.5,"n":172},"geometry":{"type":"Point","coordinates":[75.0654,32.8935]}},{"type":"Feature","properties":{"kmh":41.0,"n":315},"geometry":{"type":"Point","coordinates":[75.3066,33.1665]}},{"type":"Feature","properties":{"kmh":39.4,"n":192},"geometry":{"type":"Point","coordinates":[75.3102,33.1665]}},{"type":"Feature","properties":{"kmh":38.1,"n":322},"geometry":{"type":"Point","coordinates":[75.3102,33.1635]}},{"type":"Feature","properties":{"kmh":39.8,"n":270},"geometry":{"type":"Point","coordinates":[75.3102,33.1605]}},{"type":"Feature","properties":{"kmh":32.6,"n":363},"geometry":{"type":"Point","coordinates":[75.3066,33.1575]}},{"type":"Feature","properties":{"kmh":40.8,"n":279},"geometry":{"type":"Point","coordinates":[75.3066,33.1545]}},{"type":"Feature","properties":{"kmh":39.9,"n":293},"geometry":{"type":"Point","coordinates":[75.3066,33.1515]}},{"type":"Feature","properties":{"kmh":37.5,"n":321},"geometry":{"type":"Point","coordinates":[75.3066,33.1485]}},{"type":"Feature","properties":{"kmh":42.0,"n":108},"geometry":{"type":"Point","coordinates":[75.3066,33.1455]}},{"type":"Feature","properties":{"kmh":41.0,"n":187},"geometry":{"type":"Point","coordinates":[75.303,33.1455]}},{"type":"Feature","properties":{"kmh":44.0,"n":260},"geometry":{"type":"Point","coordinates":[75.303,33.1425]}},{"type":"Feature","properties":{"kmh":39.0,"n":228},"geometry":{"type":"Point","coordinates":[75.303,33.1395]}},{"type":"Feature","properties":{"kmh":41.0,"n":145},"geometry":{"type":"Point","coordinates":[75.2994,33.1395]}},{"type":"Feature","properties":{"kmh":43.0,"n":292},"geometry":{"type":"Point","coordinates":[75.2994,33.1365]}},{"type":"Feature","properties":{"kmh":37.9,"n":131},"geometry":{"type":"Point","coordinates":[75.2994,33.1335]}},{"type":"Feature","properties":{"kmh":28.7,"n":292},"geometry":{"type":"Point","coordinates":[75.2958,33.1335]}},{"type":"Feature","properties":{"kmh":19.1,"n":1247},"geometry":{"type":"Point","coordinates":[75.2958,33.1305]}},{"type":"Feature","properties":{"kmh":22.7,"n":485},"geometry":{"type":"Point","coordinates":[75.2922,33.1305]}},{"type":"Feature","properties":{"kmh":21.8,"n":1032},"geometry":{"type":"Point","coordinates":[75.1374,32.9295]}},{"type":"Feature","properties":{"kmh":13.6,"n":1036},"geometry":{"type":"Point","coordinates":[75.141,32.9295]}},{"type":"Feature","properties":{"kmh":15.0,"n":915},"geometry":{"type":"Point","coordinates":[75.141,32.9325]}},{"type":"Feature","properties":{"kmh":11.3,"n":2020},"geometry":{"type":"Point","coordinates":[75.1446,32.9325]}},{"type":"Feature","properties":{"kmh":20.1,"n":734},"geometry":{"type":"Point","coordinates":[75.1446,32.9355]}},{"type":"Feature","properties":{"kmh":20.6,"n":928},"geometry":{"type":"Point","coordinates":[75.1482,32.9355]}},{"type":"Feature","properties":{"kmh":22.9,"n":1131},"geometry":{"type":"Point","coordinates":[75.1518,32.9355]}},{"type":"Feature","properties":{"kmh":33.7,"n":545},"geometry":{"type":"Point","coordinates":[75.1518,32.9325]}},{"type":"Feature","properties":{"kmh":25.0,"n":784},"geometry":{"type":"Point","coordinates":[75.1518,32.9385]}},{"type":"Feature","properties":{"kmh":33.8,"n":246},"geometry":{"type":"Point","coordinates":[75.1554,32.9385]}},{"type":"Feature","properties":{"kmh":20.3,"n":164},"geometry":{"type":"Point","coordinates":[75.159,32.9385]}},{"type":"Feature","properties":{"kmh":16.6,"n":138},"geometry":{"type":"Point","coordinates":[75.159,32.9415]}},{"type":"Feature","properties":{"kmh":38.7,"n":535},"geometry":{"type":"Point","coordinates":[75.1554,32.9415]}},{"type":"Feature","properties":{"kmh":23.7,"n":100},"geometry":{"type":"Point","coordinates":[75.1626,32.9385]}},{"type":"Feature","properties":{"kmh":13.7,"n":284},"geometry":{"type":"Point","coordinates":[75.1662,32.9385]}},{"type":"Feature","properties":{"kmh":29.4,"n":73},"geometry":{"type":"Point","coordinates":[75.1662,32.9415]}},{"type":"Feature","properties":{"kmh":24.8,"n":75},"geometry":{"type":"Point","coordinates":[75.1626,32.9445]}},{"type":"Feature","properties":{"kmh":23.5,"n":73},"geometry":{"type":"Point","coordinates":[75.1662,32.9475]}},{"type":"Feature","properties":{"kmh":24.8,"n":92},"geometry":{"type":"Point","coordinates":[75.1698,32.9445]}},{"type":"Feature","properties":{"kmh":17.1,"n":49},"geometry":{"type":"Point","coordinates":[75.1698,32.9415]}},{"type":"Feature","properties":{"kmh":20.4,"n":51},"geometry":{"type":"Point","coordinates":[75.1734,32.9415]}},{"type":"Feature","properties":{"kmh":27.2,"n":80},"geometry":{"type":"Point","coordinates":[75.1734,32.9385]}},{"type":"Feature","properties":{"kmh":18.8,"n":72},"geometry":{"type":"Point","coordinates":[75.177,32.9385]}},{"type":"Feature","properties":{"kmh":21.4,"n":64},"geometry":{"type":"Point","coordinates":[75.177,32.9355]}},{"type":"Feature","properties":{"kmh":20.3,"n":127},"geometry":{"type":"Point","coordinates":[75.1734,32.9355]}},{"type":"Feature","properties":{"kmh":20.1,"n":117},"geometry":{"type":"Point","coordinates":[75.1734,32.9325]}},{"type":"Feature","properties":{"kmh":18.0,"n":94},"geometry":{"type":"Point","coordinates":[75.177,32.9295]}},{"type":"Feature","properties":{"kmh":20.8,"n":132},"geometry":{"type":"Point","coordinates":[75.177,32.9265]}},{"type":"Feature","properties":{"kmh":20.2,"n":173},"geometry":{"type":"Point","coordinates":[75.1734,32.9265]}},{"type":"Feature","properties":{"kmh":30.7,"n":58},"geometry":{"type":"Point","coordinates":[75.177,32.9235]}},{"type":"Feature","properties":{"kmh":20.1,"n":130},"geometry":{"type":"Point","coordinates":[75.1806,32.9235]}},{"type":"Feature","properties":{"kmh":19.3,"n":47},"geometry":{"type":"Point","coordinates":[75.1806,32.9265]}},{"type":"Feature","properties":{"kmh":21.9,"n":45},"geometry":{"type":"Point","coordinates":[75.1842,32.9265]}},{"type":"Feature","properties":{"kmh":26.0,"n":73},"geometry":{"type":"Point","coordinates":[75.1842,32.9235]}},{"type":"Feature","properties":{"kmh":21.4,"n":73},"geometry":{"type":"Point","coordinates":[75.1878,32.9235]}},{"type":"Feature","properties":{"kmh":23.2,"n":73},"geometry":{"type":"Point","coordinates":[75.1878,32.9265]}},{"type":"Feature","properties":{"kmh":29.4,"n":44},"geometry":{"type":"Point","coordinates":[75.1914,32.9235]}},{"type":"Feature","properties":{"kmh":14.9,"n":106},"geometry":{"type":"Point","coordinates":[75.195,32.9235]}},{"type":"Feature","properties":{"kmh":26.9,"n":77},"geometry":{"type":"Point","coordinates":[75.2022,32.9235]}},{"type":"Feature","properties":{"kmh":29.9,"n":74},"geometry":{"type":"Point","coordinates":[75.2058,32.9205]}},{"type":"Feature","properties":{"kmh":28.1,"n":43},"geometry":{"type":"Point","coordinates":[75.2058,32.9175]}},{"type":"Feature","properties":{"kmh":27.1,"n":55},"geometry":{"type":"Point","coordinates":[75.2094,32.9145]}},{"type":"Feature","properties":{"kmh":28.1,"n":57},"geometry":{"type":"Point","coordinates":[75.2202,32.9145]}},{"type":"Feature","properties":{"kmh":23.4,"n":67},"geometry":{"type":"Point","coordinates":[75.2238,32.9145]}},{"type":"Feature","properties":{"kmh":28.7,"n":57},"geometry":{"type":"Point","coordinates":[75.2274,32.9145]}},{"type":"Feature","properties":{"kmh":26.7,"n":55},"geometry":{"type":"Point","coordinates":[75.231,32.9145]}},{"type":"Feature","properties":{"kmh":23.7,"n":81},"geometry":{"type":"Point","coordinates":[75.231,32.9175]}},{"type":"Feature","properties":{"kmh":30.6,"n":68},"geometry":{"type":"Point","coordinates":[75.2346,32.9055]}},{"type":"Feature","properties":{"kmh":31.5,"n":43},"geometry":{"type":"Point","coordinates":[75.2382,32.9055]}},{"type":"Feature","properties":{"kmh":13.7,"n":74},"geometry":{"type":"Point","coordinates":[75.2382,32.9025]}},{"type":"Feature","properties":{"kmh":13.1,"n":234},"geometry":{"type":"Point","coordinates":[75.2418,32.9055]}},{"type":"Feature","properties":{"kmh":17.3,"n":114},"geometry":{"type":"Point","coordinates":[75.2454,32.9085]}},{"type":"Feature","properties":{"kmh":25.2,"n":74},"geometry":{"type":"Point","coordinates":[75.249,32.9085]}},{"type":"Feature","properties":{"kmh":29.0,"n":90},"geometry":{"type":"Point","coordinates":[75.2526,32.9115]}},{"type":"Feature","properties":{"kmh":29.3,"n":71},"geometry":{"type":"Point","coordinates":[75.2562,32.9115]}},{"type":"Feature","properties":{"kmh":26.4,"n":114},"geometry":{"type":"Point","coordinates":[75.2562,32.9145]}},{"type":"Feature","properties":{"kmh":19.2,"n":67},"geometry":{"type":"Point","coordinates":[75.2562,32.9175]}},{"type":"Feature","properties":{"kmh":23.9,"n":107},"geometry":{"type":"Point","coordinates":[75.2562,32.9085]}},{"type":"Feature","properties":{"kmh":25.5,"n":76},"geometry":{"type":"Point","coordinates":[75.2598,32.9055]}},{"type":"Feature","properties":{"kmh":20.9,"n":56},"geometry":{"type":"Point","coordinates":[75.2634,32.9055]}},{"type":"Feature","properties":{"kmh":22.6,"n":76},"geometry":{"type":"Point","coordinates":[75.2634,32.9025]}},{"type":"Feature","properties":{"kmh":18.8,"n":85},"geometry":{"type":"Point","coordinates":[75.2634,32.8995]}},{"type":"Feature","properties":{"kmh":18.4,"n":90},"geometry":{"type":"Point","coordinates":[75.2598,32.8935]}},{"type":"Feature","properties":{"kmh":17.3,"n":80},"geometry":{"type":"Point","coordinates":[75.2634,32.8935]}},{"type":"Feature","properties":{"kmh":29.4,"n":50},"geometry":{"type":"Point","coordinates":[75.267,32.8935]}},{"type":"Feature","properties":{"kmh":27.1,"n":40},"geometry":{"type":"Point","coordinates":[75.267,32.8905]}},{"type":"Feature","properties":{"kmh":11.9,"n":59},"geometry":{"type":"Point","coordinates":[75.2706,32.8935]}},{"type":"Feature","properties":{"kmh":21.6,"n":67},"geometry":{"type":"Point","coordinates":[75.2706,32.8905]}},{"type":"Feature","properties":{"kmh":15.5,"n":110},"geometry":{"type":"Point","coordinates":[75.2706,32.8875]}},{"type":"Feature","properties":{"kmh":19.7,"n":76},"geometry":{"type":"Point","coordinates":[75.2814,32.8875]}},{"type":"Feature","properties":{"kmh":19.9,"n":51},"geometry":{"type":"Point","coordinates":[75.2598,32.8965]}},{"type":"Feature","properties":{"kmh":17.2,"n":45},"geometry":{"type":"Point","coordinates":[75.2634,32.8965]}},{"type":"Feature","properties":{"kmh":37.1,"n":180},"geometry":{"type":"Point","coordinates":[75.1518,32.9295]}},{"type":"Feature","properties":{"kmh":21.7,"n":551},"geometry":{"type":"Point","coordinates":[75.1158,33.0075]}},{"type":"Feature","properties":{"kmh":21.0,"n":426},"geometry":{"type":"Point","coordinates":[75.1194,33.0105]}},{"type":"Feature","properties":{"kmh":21.3,"n":99},"geometry":{"type":"Point","coordinates":[75.1194,33.0075]}},{"type":"Feature","properties":{"kmh":26.4,"n":226},"geometry":{"type":"Point","coordinates":[75.1158,33.0045]}},{"type":"Feature","properties":{"kmh":22.5,"n":674},"geometry":{"type":"Point","coordinates":[75.1122,33.0045]}},{"type":"Feature","properties":{"kmh":18.1,"n":102},"geometry":{"type":"Point","coordinates":[75.1086,33.0045]}},{"type":"Feature","properties":{"kmh":21.7,"n":69},"geometry":{"type":"Point","coordinates":[75.1086,33.0015]}},{"type":"Feature","properties":{"kmh":24.7,"n":447},"geometry":{"type":"Point","coordinates":[75.1122,33.0015]}},{"type":"Feature","properties":{"kmh":25.7,"n":160},"geometry":{"type":"Point","coordinates":[75.1158,33.0015]}},{"type":"Feature","properties":{"kmh":29.1,"n":403},"geometry":{"type":"Point","coordinates":[75.1158,32.9985]}},{"type":"Feature","properties":{"kmh":32.0,"n":107},"geometry":{"type":"Point","coordinates":[75.1158,32.9955]}},{"type":"Feature","properties":{"kmh":28.7,"n":412},"geometry":{"type":"Point","coordinates":[75.1194,32.9955]}},{"type":"Feature","properties":{"kmh":21.3,"n":568},"geometry":{"type":"Point","coordinates":[75.123,32.9925]}},{"type":"Feature","properties":{"kmh":20.6,"n":163},"geometry":{"type":"Point","coordinates":[75.123,32.9895]}},{"type":"Feature","properties":{"kmh":22.5,"n":401},"geometry":{"type":"Point","coordinates":[75.1194,32.9895]}},{"type":"Feature","properties":{"kmh":23.6,"n":903},"geometry":{"type":"Point","coordinates":[75.1194,32.9865]}},{"type":"Feature","properties":{"kmh":24.7,"n":595},"geometry":{"type":"Point","coordinates":[75.1194,32.9835]}},{"type":"Feature","properties":{"kmh":22.9,"n":1251},"geometry":{"type":"Point","coordinates":[75.123,32.9835]}},{"type":"Feature","properties":{"kmh":22.6,"n":537},"geometry":{"type":"Point","coordinates":[75.123,32.9865]}},{"type":"Feature","properties":{"kmh":28.8,"n":868},"geometry":{"type":"Point","coordinates":[75.123,32.9805]}},{"type":"Feature","properties":{"kmh":25.8,"n":348},"geometry":{"type":"Point","coordinates":[75.1194,32.9805]}},{"type":"Feature","properties":{"kmh":10.4,"n":86},"geometry":{"type":"Point","coordinates":[75.1194,32.9775]}},{"type":"Feature","properties":{"kmh":30.4,"n":73},"geometry":{"type":"Point","coordinates":[75.1266,32.9835]}},{"type":"Feature","properties":{"kmh":27.6,"n":561},"geometry":{"type":"Point","coordinates":[75.123,32.9775]}},{"type":"Feature","properties":{"kmh":32.2,"n":509},"geometry":{"type":"Point","coordinates":[75.1266,32.9805]}},{"type":"Feature","properties":{"kmh":16.3,"n":443},"geometry":{"type":"Point","coordinates":[75.1266,32.9775]}},{"type":"Feature","properties":{"kmh":34.8,"n":298},"geometry":{"type":"Point","coordinates":[75.1266,32.9745]}},{"type":"Feature","properties":{"kmh":42.2,"n":257},"geometry":{"type":"Point","coordinates":[75.123,32.9715]}},{"type":"Feature","properties":{"kmh":18.7,"n":252},"geometry":{"type":"Point","coordinates":[75.123,32.9685]}},{"type":"Feature","properties":{"kmh":33.0,"n":328},"geometry":{"type":"Point","coordinates":[75.1194,32.9685]}},{"type":"Feature","properties":{"kmh":22.7,"n":246},"geometry":{"type":"Point","coordinates":[75.1158,32.9715]}},{"type":"Feature","properties":{"kmh":15.9,"n":574},"geometry":{"type":"Point","coordinates":[75.1158,32.9685]}},{"type":"Feature","properties":{"kmh":22.7,"n":693},"geometry":{"type":"Point","coordinates":[75.1158,32.9655]}},{"type":"Feature","properties":{"kmh":29.9,"n":375},"geometry":{"type":"Point","coordinates":[75.1158,32.9625]}},{"type":"Feature","properties":{"kmh":33.9,"n":288},"geometry":{"type":"Point","coordinates":[75.1158,32.9595]}},{"type":"Feature","properties":{"kmh":29.9,"n":164},"geometry":{"type":"Point","coordinates":[75.1122,32.9565]}},{"type":"Feature","properties":{"kmh":34.6,"n":144},"geometry":{"type":"Point","coordinates":[75.1158,32.9565]}},{"type":"Feature","properties":{"kmh":40.3,"n":64},"geometry":{"type":"Point","coordinates":[75.1122,32.9535]}},{"type":"Feature","properties":{"kmh":31.9,"n":202},"geometry":{"type":"Point","coordinates":[75.1158,32.9535]}},{"type":"Feature","properties":{"kmh":44.7,"n":62},"geometry":{"type":"Point","coordinates":[75.1158,32.9505]}},{"type":"Feature","properties":{"kmh":44.7,"n":151},"geometry":{"type":"Point","coordinates":[75.1122,32.9505]}},{"type":"Feature","properties":{"kmh":37.1,"n":259},"geometry":{"type":"Point","coordinates":[75.1122,32.9475]}},{"type":"Feature","properties":{"kmh":38.9,"n":244},"geometry":{"type":"Point","coordinates":[75.1122,32.9445]}},{"type":"Feature","properties":{"kmh":33.7,"n":270},"geometry":{"type":"Point","coordinates":[75.1122,32.9415]}},{"type":"Feature","properties":{"kmh":38.9,"n":225},"geometry":{"type":"Point","coordinates":[75.1086,32.9385]}},{"type":"Feature","properties":{"kmh":43.7,"n":233},"geometry":{"type":"Point","coordinates":[75.1086,32.9355]}},{"type":"Feature","properties":{"kmh":13.1,"n":195},"geometry":{"type":"Point","coordinates":[75.1086,32.9325]}},{"type":"Feature","properties":{"kmh":45.4,"n":128},"geometry":{"type":"Point","coordinates":[75.105,32.9325]}},{"type":"Feature","properties":{"kmh":25.3,"n":303},"geometry":{"type":"Point","coordinates":[75.105,32.9295]}},{"type":"Feature","properties":{"kmh":28.9,"n":312},"geometry":{"type":"Point","coordinates":[75.105,32.9265]}},{"type":"Feature","properties":{"kmh":37.9,"n":160},"geometry":{"type":"Point","coordinates":[75.105,32.9235]}},{"type":"Feature","properties":{"kmh":37.8,"n":108},"geometry":{"type":"Point","coordinates":[75.1014,32.9235]}},{"type":"Feature","properties":{"kmh":34.0,"n":289},"geometry":{"type":"Point","coordinates":[75.1014,32.9205]}},{"type":"Feature","properties":{"kmh":21.5,"n":599},"geometry":{"type":"Point","coordinates":[75.1014,32.9175]}},{"type":"Feature","properties":{"kmh":10.4,"n":701},"geometry":{"type":"Point","coordinates":[75.1446,32.9295]}},{"type":"Feature","properties":{"kmh":9.0,"n":146},"geometry":{"type":"Point","coordinates":[75.141,32.9265]}},{"type":"Feature","properties":{"kmh":12.7,"n":85},"geometry":{"type":"Point","coordinates":[75.1374,32.9205]}},{"type":"Feature","properties":{"kmh":15.9,"n":40},"geometry":{"type":"Point","coordinates":[75.1338,32.9205]}},{"type":"Feature","properties":{"kmh":17.3,"n":40},"geometry":{"type":"Point","coordinates":[75.1338,32.9175]}},{"type":"Feature","properties":{"kmh":15.2,"n":142},"geometry":{"type":"Point","coordinates":[75.1302,32.9175]}},{"type":"Feature","properties":{"kmh":15.5,"n":140},"geometry":{"type":"Point","coordinates":[75.1302,32.9145]}},{"type":"Feature","properties":{"kmh":22.4,"n":51},"geometry":{"type":"Point","coordinates":[75.1302,32.9115]}},{"type":"Feature","properties":{"kmh":28.2,"n":86},"geometry":{"type":"Point","coordinates":[75.1338,32.9115]}},{"type":"Feature","properties":{"kmh":21.4,"n":120},"geometry":{"type":"Point","coordinates":[75.1338,32.9085]}},{"type":"Feature","properties":{"kmh":16.7,"n":95},"geometry":{"type":"Point","coordinates":[75.1338,32.9055]}},{"type":"Feature","properties":{"kmh":19.4,"n":1070},"geometry":{"type":"Point","coordinates":[75.1374,32.9055]}},{"type":"Feature","properties":{"kmh":15.6,"n":167},"geometry":{"type":"Point","coordinates":[75.141,32.9055]}},{"type":"Feature","properties":{"kmh":19.3,"n":173},"geometry":{"type":"Point","coordinates":[75.141,32.9025]}},{"type":"Feature","properties":{"kmh":27.3,"n":81},"geometry":{"type":"Point","coordinates":[75.141,32.8995]}},{"type":"Feature","properties":{"kmh":50.6,"n":168},"geometry":{"type":"Point","coordinates":[74.979,32.9475]}},{"type":"Feature","properties":{"kmh":48.4,"n":465},"geometry":{"type":"Point","coordinates":[74.979,32.9505]}},{"type":"Feature","properties":{"kmh":58.3,"n":387},"geometry":{"type":"Point","coordinates":[74.9754,32.9535]}},{"type":"Feature","properties":{"kmh":58.3,"n":110},"geometry":{"type":"Point","coordinates":[74.9754,32.9565]}},{"type":"Feature","properties":{"kmh":59.7,"n":355},"geometry":{"type":"Point","coordinates":[74.9718,32.9565]}},{"type":"Feature","properties":{"kmh":60.6,"n":293},"geometry":{"type":"Point","coordinates":[74.9682,32.9565]}},{"type":"Feature","properties":{"kmh":56.5,"n":324},"geometry":{"type":"Point","coordinates":[74.9646,32.9565]}},{"type":"Feature","properties":{"kmh":51.5,"n":334},"geometry":{"type":"Point","coordinates":[74.9646,32.9535]}},{"type":"Feature","properties":{"kmh":54.3,"n":406},"geometry":{"type":"Point","coordinates":[74.9646,32.9505]}},{"type":"Feature","properties":{"kmh":53.9,"n":328},"geometry":{"type":"Point","coordinates":[74.9682,32.9475]}},{"type":"Feature","properties":{"kmh":56.0,"n":331},"geometry":{"type":"Point","coordinates":[74.9682,32.9445]}},{"type":"Feature","properties":{"kmh":59.3,"n":309},"geometry":{"type":"Point","coordinates":[74.9682,32.9415]}},{"type":"Feature","properties":{"kmh":62.0,"n":272},"geometry":{"type":"Point","coordinates":[74.9682,32.9385]}},{"type":"Feature","properties":{"kmh":62.1,"n":210},"geometry":{"type":"Point","coordinates":[74.9682,32.9355]}},{"type":"Feature","properties":{"kmh":62.3,"n":90},"geometry":{"type":"Point","coordinates":[74.9646,32.9355]}},{"type":"Feature","properties":{"kmh":65.8,"n":73},"geometry":{"type":"Point","coordinates":[74.9646,32.9325]}},{"type":"Feature","properties":{"kmh":62.9,"n":195},"geometry":{"type":"Point","coordinates":[74.9682,32.9325]}},{"type":"Feature","properties":{"kmh":58.1,"n":410},"geometry":{"type":"Point","coordinates":[74.9682,32.9295]}},{"type":"Feature","properties":{"kmh":58.9,"n":276},"geometry":{"type":"Point","coordinates":[74.9682,32.9265]}},{"type":"Feature","properties":{"kmh":56.0,"n":320},"geometry":{"type":"Point","coordinates":[74.9682,32.9235]}},{"type":"Feature","properties":{"kmh":59.5,"n":264},"geometry":{"type":"Point","coordinates":[74.9682,32.9205]}},{"type":"Feature","properties":{"kmh":62.2,"n":63},"geometry":{"type":"Point","coordinates":[74.9682,32.9175]}},{"type":"Feature","properties":{"kmh":60.5,"n":191},"geometry":{"type":"Point","coordinates":[74.9646,32.9175]}},{"type":"Feature","properties":{"kmh":61.1,"n":110},"geometry":{"type":"Point","coordinates":[74.9646,32.9145]}},{"type":"Feature","properties":{"kmh":60.6,"n":167},"geometry":{"type":"Point","coordinates":[74.9682,32.9145]}},{"type":"Feature","properties":{"kmh":54.5,"n":307},"geometry":{"type":"Point","coordinates":[74.9682,32.9115]}},{"type":"Feature","properties":{"kmh":45.5,"n":194},"geometry":{"type":"Point","coordinates":[74.9682,32.9085]}},{"type":"Feature","properties":{"kmh":55.1,"n":149},"geometry":{"type":"Point","coordinates":[74.9646,32.9085]}},{"type":"Feature","properties":{"kmh":55.7,"n":290},"geometry":{"type":"Point","coordinates":[74.9646,32.9055]}},{"type":"Feature","properties":{"kmh":44.2,"n":375},"geometry":{"type":"Point","coordinates":[74.9682,32.9025]}},{"type":"Feature","properties":{"kmh":53.7,"n":343},"geometry":{"type":"Point","coordinates":[74.9682,32.8995]}},{"type":"Feature","properties":{"kmh":55.9,"n":276},"geometry":{"type":"Point","coordinates":[74.9682,32.8965]}},{"type":"Feature","properties":{"kmh":56.3,"n":340},"geometry":{"type":"Point","coordinates":[74.9646,32.8935]}},{"type":"Feature","properties":{"kmh":55.6,"n":359},"geometry":{"type":"Point","coordinates":[74.961,32.8935]}},{"type":"Feature","properties":{"kmh":50.4,"n":296},"geometry":{"type":"Point","coordinates":[74.9574,32.8935]}},{"type":"Feature","properties":{"kmh":19.1,"n":314},"geometry":{"type":"Point","coordinates":[74.9574,32.8965]}},{"type":"Feature","properties":{"kmh":29.7,"n":197},"geometry":{"type":"Point","coordinates":[74.9538,32.8965]}},{"type":"Feature","properties":{"kmh":33.7,"n":584},"geometry":{"type":"Point","coordinates":[74.9538,32.8935]}},{"type":"Feature","properties":{"kmh":42.1,"n":466},"geometry":{"type":"Point","coordinates":[74.9574,32.8905]}},{"type":"Feature","properties":{"kmh":35.7,"n":564},"geometry":{"type":"Point","coordinates":[74.9574,32.8875]}},{"type":"Feature","properties":{"kmh":35.6,"n":542},"geometry":{"type":"Point","coordinates":[74.9574,32.8845]}},{"type":"Feature","properties":{"kmh":34.6,"n":567},"geometry":{"type":"Point","coordinates":[74.9574,32.8815]}},{"type":"Feature","properties":{"kmh":45.1,"n":400},"geometry":{"type":"Point","coordinates":[74.9538,32.8785]}},{"type":"Feature","properties":{"kmh":43.4,"n":102},"geometry":{"type":"Point","coordinates":[74.9538,32.8755]}},{"type":"Feature","properties":{"kmh":52.2,"n":278},"geometry":{"type":"Point","coordinates":[74.9574,32.8755]}},{"type":"Feature","properties":{"kmh":60.6,"n":302},"geometry":{"type":"Point","coordinates":[74.9574,32.8725]}},{"type":"Feature","properties":{"kmh":62.6,"n":334},"geometry":{"type":"Point","coordinates":[74.9574,32.8695]}},{"type":"Feature","properties":{"kmh":59.7,"n":324},"geometry":{"type":"Point","coordinates":[74.961,32.8665]}},{"type":"Feature","properties":{"kmh":59.5,"n":325},"geometry":{"type":"Point","coordinates":[74.961,32.8635]}},{"type":"Feature","properties":{"kmh":51.7,"n":383},"geometry":{"type":"Point","coordinates":[74.961,32.8605]}},{"type":"Feature","properties":{"kmh":50.9,"n":181},"geometry":{"type":"Point","coordinates":[74.961,32.8575]}},{"type":"Feature","properties":{"kmh":45.5,"n":104},"geometry":{"type":"Point","coordinates":[74.9574,32.8485]}},{"type":"Feature","properties":{"kmh":55.1,"n":137},"geometry":{"type":"Point","coordinates":[74.9538,32.8485]}},{"type":"Feature","properties":{"kmh":51.4,"n":136},"geometry":{"type":"Point","coordinates":[74.9502,32.8515]}},{"type":"Feature","properties":{"kmh":54.8,"n":229},"geometry":{"type":"Point","coordinates":[74.9502,32.8485]}},{"type":"Feature","properties":{"kmh":60.3,"n":238},"geometry":{"type":"Point","coordinates":[74.9466,32.8485]}},{"type":"Feature","properties":{"kmh":61.0,"n":92},"geometry":{"type":"Point","coordinates":[74.9466,32.8455]}},{"type":"Feature","properties":{"kmh":59.6,"n":249},"geometry":{"type":"Point","coordinates":[74.943,32.8455]}},{"type":"Feature","properties":{"kmh":52.8,"n":262},"geometry":{"type":"Point","coordinates":[74.943,32.8425]}},{"type":"Feature","properties":{"kmh":43.8,"n":175},"geometry":{"type":"Point","coordinates":[74.9394,32.8425]}},{"type":"Feature","properties":{"kmh":17.3,"n":923},"geometry":{"type":"Point","coordinates":[74.9394,32.8395]}},{"type":"Feature","properties":{"kmh":41.4,"n":497},"geometry":{"type":"Point","coordinates":[74.9394,32.8365]}},{"type":"Feature","properties":{"kmh":52.5,"n":336},"geometry":{"type":"Point","coordinates":[74.9394,32.8335]}},{"type":"Feature","properties":{"kmh":46.4,"n":507},"geometry":{"type":"Point","coordinates":[74.9358,32.8305]}},{"type":"Feature","properties":{"kmh":47.9,"n":1057},"geometry":{"type":"Point","coordinates":[74.9322,32.8305]}},{"type":"Feature","properties":{"kmh":50.0,"n":375},"geometry":{"type":"Point","coordinates":[74.9322,32.8335]}},{"type":"Feature","properties":{"kmh":53.9,"n":336},"geometry":{"type":"Point","coordinates":[74.9286,32.8335]}},{"type":"Feature","properties":{"kmh":31.4,"n":362},"geometry":{"type":"Point","coordinates":[74.9286,32.8365]}},{"type":"Feature","properties":{"kmh":31.3,"n":631},"geometry":{"type":"Point","coordinates":[74.925,32.8365]}},{"type":"Feature","properties":{"kmh":27.5,"n":276},"geometry":{"type":"Point","coordinates":[74.9214,32.8365]}},{"type":"Feature","properties":{"kmh":24.8,"n":590},"geometry":{"type":"Point","coordinates":[74.9214,32.8395]}},{"type":"Feature","properties":{"kmh":34.4,"n":526},"geometry":{"type":"Point","coordinates":[74.9178,32.8395]}},{"type":"Feature","properties":{"kmh":37.6,"n":93},"geometry":{"type":"Point","coordinates":[74.9142,32.8395]}},{"type":"Feature","properties":{"kmh":46.6,"n":409},"geometry":{"type":"Point","coordinates":[74.9142,32.8365]}},{"type":"Feature","properties":{"kmh":59.4,"n":197},"geometry":{"type":"Point","coordinates":[74.9106,32.8365]}},{"type":"Feature","properties":{"kmh":62.3,"n":150},"geometry":{"type":"Point","coordinates":[74.9106,32.8335]}},{"type":"Feature","properties":{"kmh":55.2,"n":333},"geometry":{"type":"Point","coordinates":[74.907,32.8335]}},{"type":"Feature","properties":{"kmh":55.8,"n":168},"geometry":{"type":"Point","coordinates":[74.9034,32.8335]}},{"type":"Feature","properties":{"kmh":56.9,"n":302},"geometry":{"type":"Point","coordinates":[74.9034,32.8305]}},{"type":"Feature","properties":{"kmh":53.6,"n":314},"geometry":{"type":"Point","coordinates":[74.9034,32.8275]}},{"type":"Feature","properties":{"kmh":36.1,"n":261},"geometry":{"type":"Point","coordinates":[74.8998,32.8275]}},{"type":"Feature","properties":{"kmh":38.8,"n":542},"geometry":{"type":"Point","coordinates":[74.8998,32.8245]}},{"type":"Feature","properties":{"kmh":33.4,"n":478},"geometry":{"type":"Point","coordinates":[74.8998,32.8215]}},{"type":"Feature","properties":{"kmh":49.4,"n":332},"geometry":{"type":"Point","coordinates":[74.8998,32.8185]}},{"type":"Feature","properties":{"kmh":59.3,"n":312},"geometry":{"type":"Point","coordinates":[74.8962,32.8155]}},{"type":"Feature","properties":{"kmh":57.9,"n":281},"geometry":{"type":"Point","coordinates":[74.8962,32.8125]}},{"type":"Feature","properties":{"kmh":58.4,"n":311},"geometry":{"type":"Point","coordinates":[74.8962,32.8095]}},{"type":"Feature","properties":{"kmh":55.8,"n":285},"geometry":{"type":"Point","coordinates":[74.8962,32.8065]}},{"type":"Feature","properties":{"kmh":48.9,"n":381},"geometry":{"type":"Point","coordinates":[74.8962,32.8035]}},{"type":"Feature","properties":{"kmh":54.7,"n":333},"geometry":{"type":"Point","coordinates":[74.8998,32.8005]}},{"type":"Feature","properties":{"kmh":53.4,"n":337},"geometry":{"type":"Point","coordinates":[74.8998,32.7975]}},{"type":"Feature","properties":{"kmh":51.6,"n":411},"geometry":{"type":"Point","coordinates":[74.8998,32.7945]}},{"type":"Feature","properties":{"kmh":51.5,"n":110},"geometry":{"type":"Point","coordinates":[74.8998,32.7915]}},{"type":"Feature","properties":{"kmh":52.0,"n":366},"geometry":{"type":"Point","coordinates":[74.8962,32.7915]}},{"type":"Feature","properties":{"kmh":55.0,"n":350},"geometry":{"type":"Point","coordinates":[74.8926,32.7915]}},{"type":"Feature","properties":{"kmh":59.5,"n":172},"geometry":{"type":"Point","coordinates":[74.889,32.7915]}},{"type":"Feature","properties":{"kmh":57.7,"n":316},"geometry":{"type":"Point","coordinates":[74.889,32.7885]}},{"type":"Feature","properties":{"kmh":52.4,"n":339},"geometry":{"type":"Point","coordinates":[74.889,32.7855]}},{"type":"Feature","properties":{"kmh":51.1,"n":412},"geometry":{"type":"Point","coordinates":[74.889,32.7825]}},{"type":"Feature","properties":{"kmh":42.3,"n":525},"geometry":{"type":"Point","coordinates":[74.8854,32.7795]}},{"type":"Feature","properties":{"kmh":30.9,"n":429},"geometry":{"type":"Point","coordinates":[74.8854,32.7765]}},{"type":"Feature","properties":{"kmh":36.3,"n":282},"geometry":{"type":"Point","coordinates":[74.8818,32.7765]}},{"type":"Feature","properties":{"kmh":37.5,"n":547},"geometry":{"type":"Point","coordinates":[74.8818,32.7735]}},{"type":"Feature","properties":{"kmh":31.0,"n":52},"geometry":{"type":"Point","coordinates":[74.8818,32.7705]}},{"type":"Feature","properties":{"kmh":28.3,"n":725},"geometry":{"type":"Point","coordinates":[74.8782,32.7675]}},{"type":"Feature","properties":{"kmh":31.5,"n":708},"geometry":{"type":"Point","coordinates":[74.8782,32.7645]}},{"type":"Feature","properties":{"kmh":21.6,"n":116},"geometry":{"type":"Point","coordinates":[74.889,32.7195]}},{"type":"Feature","properties":{"kmh":21.6,"n":120},"geometry":{"type":"Point","coordinates":[74.889,32.7165]}},{"type":"Feature","properties":{"kmh":14.7,"n":63},"geometry":{"type":"Point","coordinates":[74.8926,32.7165]}},{"type":"Feature","properties":{"kmh":7.0,"n":255},"geometry":{"type":"Point","coordinates":[74.889,32.7135]}},{"type":"Feature","properties":{"kmh":6.5,"n":164},"geometry":{"type":"Point","coordinates":[74.889,32.7105]}},{"type":"Feature","properties":{"kmh":22.7,"n":43},"geometry":{"type":"Point","coordinates":[74.8926,32.7135]}},{"type":"Feature","properties":{"kmh":15.1,"n":425},"geometry":{"type":"Point","coordinates":[74.8854,32.7135]}},{"type":"Feature","properties":{"kmh":11.3,"n":428},"geometry":{"type":"Point","coordinates":[74.8854,32.7105]}},{"type":"Feature","properties":{"kmh":18.1,"n":362},"geometry":{"type":"Point","coordinates":[74.8746,32.7105]}},{"type":"Feature","properties":{"kmh":26.7,"n":283},"geometry":{"type":"Point","coordinates":[74.871,32.7105]}},{"type":"Feature","properties":{"kmh":29.4,"n":162},"geometry":{"type":"Point","coordinates":[74.871,32.7135]}},{"type":"Feature","properties":{"kmh":27.2,"n":155},"geometry":{"type":"Point","coordinates":[74.8674,32.7165]}},{"type":"Feature","properties":{"kmh":32.8,"n":102},"geometry":{"type":"Point","coordinates":[74.8638,32.7165]}},{"type":"Feature","properties":{"kmh":22.2,"n":70},"geometry":{"type":"Point","coordinates":[74.8638,32.7195]}},{"type":"Feature","properties":{"kmh":22.3,"n":699},"geometry":{"type":"Point","coordinates":[74.8602,32.7195]}},{"type":"Feature","properties":{"kmh":18.0,"n":891},"geometry":{"type":"Point","coordinates":[74.8602,32.7165]}},{"type":"Feature","properties":{"kmh":33.5,"n":165},"geometry":{"type":"Point","coordinates":[74.8566,32.7195]}},{"type":"Feature","properties":{"kmh":23.0,"n":862},"geometry":{"type":"Point","coordinates":[74.8566,32.7225]}},{"type":"Feature","properties":{"kmh":10.4,"n":1309},"geometry":{"type":"Point","coordinates":[74.8602,32.7285]}},{"type":"Feature","properties":{"kmh":10.3,"n":2816},"geometry":{"type":"Point","coordinates":[74.8602,32.7315]}},{"type":"Feature","properties":{"kmh":26.5,"n":74},"geometry":{"type":"Point","coordinates":[74.8566,32.7405]}},{"type":"Feature","properties":{"kmh":33.0,"n":467},"geometry":{"type":"Point","coordinates":[74.8602,32.7405]}},{"type":"Feature","properties":{"kmh":17.3,"n":1012},"geometry":{"type":"Point","coordinates":[74.8602,32.7435]}},{"type":"Feature","properties":{"kmh":18.2,"n":50},"geometry":{"type":"Point","coordinates":[74.8602,32.7465]}},{"type":"Feature","properties":{"kmh":15.4,"n":1177},"geometry":{"type":"Point","coordinates":[74.8638,32.7465]}},{"type":"Feature","properties":{"kmh":25.2,"n":103},"geometry":{"type":"Point","coordinates":[74.8638,32.7495]}},{"type":"Feature","properties":{"kmh":33.6,"n":482},"geometry":{"type":"Point","coordinates":[74.8674,32.7495]}},{"type":"Feature","properties":{"kmh":35.0,"n":476},"geometry":{"type":"Point","coordinates":[74.871,32.7495]}},{"type":"Feature","properties":{"kmh":33.0,"n":542},"geometry":{"type":"Point","coordinates":[74.871,32.7525]}},{"type":"Feature","properties":{"kmh":31.1,"n":232},"geometry":{"type":"Point","coordinates":[74.8746,32.7525]}},{"type":"Feature","properties":{"kmh":32.3,"n":545},"geometry":{"type":"Point","coordinates":[74.8746,32.7555]}},{"type":"Feature","properties":{"kmh":29.8,"n":638},"geometry":{"type":"Point","coordinates":[74.8746,32.7585]}},{"type":"Feature","properties":{"kmh":36.5,"n":252},"geometry":{"type":"Point","coordinates":[74.8782,32.7585]}},{"type":"Feature","properties":{"kmh":33.0,"n":607},"geometry":{"type":"Point","coordinates":[74.8782,32.7615]}},{"type":"Feature","properties":{"kmh":18.2,"n":166},"geometry":{"type":"Point","coordinates":[74.8746,32.7615]}},{"type":"Feature","properties":{"kmh":32.1,"n":91},"geometry":{"type":"Point","coordinates":[74.8746,32.7675]}},{"type":"Feature","properties":{"kmh":31.8,"n":750},"geometry":{"type":"Point","coordinates":[74.8782,32.7705]}},{"type":"Feature","properties":{"kmh":38.2,"n":91},"geometry":{"type":"Point","coordinates":[74.8782,32.7735]}},{"type":"Feature","properties":{"kmh":37.1,"n":68},"geometry":{"type":"Point","coordinates":[74.8854,32.7825]}},{"type":"Feature","properties":{"kmh":35.0,"n":45},"geometry":{"type":"Point","coordinates":[74.8854,32.7855]}},{"type":"Feature","properties":{"kmh":22.3,"n":89},"geometry":{"type":"Point","coordinates":[74.8962,32.8215]}},{"type":"Feature","properties":{"kmh":46.6,"n":50},"geometry":{"type":"Point","coordinates":[74.9358,32.8335]}},{"type":"Feature","properties":{"kmh":42.0,"n":259},"geometry":{"type":"Point","coordinates":[75.2706,33.2205]}},{"type":"Feature","properties":{"kmh":34.3,"n":253},"geometry":{"type":"Point","coordinates":[75.2706,33.2175]}},{"type":"Feature","properties":{"kmh":30.7,"n":138},"geometry":{"type":"Point","coordinates":[75.2742,33.2175]}},{"type":"Feature","properties":{"kmh":33.7,"n":337},"geometry":{"type":"Point","coordinates":[75.2742,33.2145]}},{"type":"Feature","properties":{"kmh":30.3,"n":430},"geometry":{"type":"Point","coordinates":[75.2742,33.2115]}},{"type":"Feature","properties":{"kmh":40.9,"n":339},"geometry":{"type":"Point","coordinates":[75.2778,33.2085]}},{"type":"Feature","properties":{"kmh":39.2,"n":306},"geometry":{"type":"Point","coordinates":[75.2814,33.2055]}},{"type":"Feature","properties":{"kmh":39.3,"n":290},"geometry":{"type":"Point","coordinates":[75.285,33.2055]}},{"type":"Feature","properties":{"kmh":41.2,"n":156},"geometry":{"type":"Point","coordinates":[75.2886,33.2055]}},{"type":"Feature","properties":{"kmh":39.1,"n":141},"geometry":{"type":"Point","coordinates":[75.2886,33.2025]}},{"type":"Feature","properties":{"kmh":44.6,"n":317},"geometry":{"type":"Point","coordinates":[75.2922,33.2025]}},{"type":"Feature","properties":{"kmh":43.9,"n":310},"geometry":{"type":"Point","coordinates":[75.2958,33.1995]}},{"type":"Feature","properties":{"kmh":40.0,"n":164},"geometry":{"type":"Point","coordinates":[75.2958,33.1965]}},{"type":"Feature","properties":{"kmh":32.4,"n":269},"geometry":{"type":"Point","coordinates":[75.2994,33.1965]}},{"type":"Feature","properties":{"kmh":33.1,"n":405},"geometry":{"type":"Point","coordinates":[75.2994,33.1935]}},{"type":"Feature","properties":{"kmh":39.8,"n":237},"geometry":{"type":"Point","coordinates":[75.2994,33.1905]}},{"type":"Feature","properties":{"kmh":41.7,"n":149},"geometry":{"type":"Point","coordinates":[75.2994,33.1875]}},{"type":"Feature","properties":{"kmh":42.6,"n":111},"geometry":{"type":"Point","coordinates":[75.303,33.1875]}},{"type":"Feature","properties":{"kmh":44.5,"n":240},"geometry":{"type":"Point","coordinates":[75.303,33.1845]}},{"type":"Feature","properties":{"kmh":42.5,"n":235},"geometry":{"type":"Point","coordinates":[75.2994,33.1815]}},{"type":"Feature","properties":{"kmh":35.2,"n":402},"geometry":{"type":"Point","coordinates":[75.2994,33.1725]}},{"type":"Feature","properties":{"kmh":44.4,"n":256},"geometry":{"type":"Point","coordinates":[75.2994,33.1695]}},{"type":"Feature","properties":{"kmh":37.8,"n":241},"geometry":{"type":"Point","coordinates":[75.2958,33.1695]}},{"type":"Feature","properties":{"kmh":39.2,"n":311},"geometry":{"type":"Point","coordinates":[75.303,33.1695]}},{"type":"Feature","properties":{"kmh":38.0,"n":50},"geometry":{"type":"Point","coordinates":[75.3066,33.1695]}},{"type":"Feature","properties":{"kmh":20.9,"n":849},"geometry":{"type":"Point","coordinates":[75.2778,33.0465]}},{"type":"Feature","properties":{"kmh":38.5,"n":589},"geometry":{"type":"Point","coordinates":[75.2778,33.0435]}},{"type":"Feature","properties":{"kmh":35.2,"n":691},"geometry":{"type":"Point","coordinates":[75.2778,33.0405]}},{"type":"Feature","properties":{"kmh":29.2,"n":917},"geometry":{"type":"Point","coordinates":[75.2778,33.0375]}},{"type":"Feature","properties":{"kmh":45.9,"n":71},"geometry":{"type":"Point","coordinates":[75.2778,33.0345]}},{"type":"Feature","properties":{"kmh":41.7,"n":473},"geometry":{"type":"Point","coordinates":[75.2742,33.0345]}},{"type":"Feature","properties":{"kmh":45.4,"n":547},"geometry":{"type":"Point","coordinates":[75.2706,33.0345]}},{"type":"Feature","properties":{"kmh":45.5,"n":167},"geometry":{"type":"Point","coordinates":[75.267,33.0345]}},{"type":"Feature","properties":{"kmh":48.4,"n":506},"geometry":{"type":"Point","coordinates":[75.267,33.0315]}},{"type":"Feature","properties":{"kmh":48.5,"n":156},"geometry":{"type":"Point","coordinates":[75.267,33.0285]}},{"type":"Feature","properties":{"kmh":49.9,"n":427},"geometry":{"type":"Point","coordinates":[75.2634,33.0285]}},{"type":"Feature","properties":{"kmh":50.5,"n":525},"geometry":{"type":"Point","coordinates":[75.2598,33.0285]}},{"type":"Feature","properties":{"kmh":43.4,"n":328},"geometry":{"type":"Point","coordinates":[75.2562,33.0285]}},{"type":"Feature","properties":{"kmh":40.7,"n":509},"geometry":{"type":"Point","coordinates":[75.2562,33.0255]}},{"type":"Feature","properties":{"kmh":43.4,"n":607},"geometry":{"type":"Point","coordinates":[75.2526,33.0255]}},{"type":"Feature","properties":{"kmh":48.6,"n":472},"geometry":{"type":"Point","coordinates":[75.249,33.0255]}},{"type":"Feature","properties":{"kmh":45.1,"n":192},"geometry":{"type":"Point","coordinates":[75.249,33.0225]}},{"type":"Feature","properties":{"kmh":41.3,"n":455},"geometry":{"type":"Point","coordinates":[75.2454,33.0225]}},{"type":"Feature","properties":{"kmh":43.3,"n":550},"geometry":{"type":"Point","coordinates":[75.2454,33.0195]}},{"type":"Feature","properties":{"kmh":43.2,"n":491},"geometry":{"type":"Point","coordinates":[75.2418,33.0195]}},{"type":"Feature","properties":{"kmh":40.7,"n":673},"geometry":{"type":"Point","coordinates":[75.2382,33.0195]}},{"type":"Feature","properties":{"kmh":41.4,"n":355},"geometry":{"type":"Point","coordinates":[75.2382,33.0165]}},{"type":"Feature","properties":{"kmh":33.7,"n":583},"geometry":{"type":"Point","coordinates":[75.2346,33.0165]}},{"type":"Feature","properties":{"kmh":37.7,"n":183},"geometry":{"type":"Point","coordinates":[75.2346,33.0135]}},{"type":"Feature","properties":{"kmh":43.1,"n":522},"geometry":{"type":"Point","coordinates":[75.231,33.0135]}},{"type":"Feature","properties":{"kmh":44.9,"n":440},"geometry":{"type":"Point","coordinates":[75.2274,33.0135]}},{"type":"Feature","properties":{"kmh":42.6,"n":282},"geometry":{"type":"Point","coordinates":[75.2274,33.0105]}},{"type":"Feature","properties":{"kmh":41.9,"n":510},"geometry":{"type":"Point","coordinates":[75.2238,33.0105]}},{"type":"Feature","properties":{"kmh":46.3,"n":375},"geometry":{"type":"Point","coordinates":[75.2202,33.0105]}},{"type":"Feature","properties":{"kmh":48.4,"n":423},"geometry":{"type":"Point","coordinates":[75.2202,33.0075]}},{"type":"Feature","properties":{"kmh":53.4,"n":179},"geometry":{"type":"Point","coordinates":[75.2202,33.0045]}},{"type":"Feature","properties":{"kmh":47.8,"n":459},"geometry":{"type":"Point","coordinates":[75.2166,33.0045]}},{"type":"Feature","properties":{"kmh":38.9,"n":167},"geometry":{"type":"Point","coordinates":[75.213,33.0045]}},{"type":"Feature","properties":{"kmh":42.3,"n":375},"geometry":{"type":"Point","coordinates":[75.213,33.0015]}},{"type":"Feature","properties":{"kmh":55.8,"n":382},"geometry":{"type":"Point","coordinates":[75.2094,33.0015]}},{"type":"Feature","properties":{"kmh":39.5,"n":208},"geometry":{"type":"Point","coordinates":[75.2058,33.0015]}},{"type":"Feature","properties":{"kmh":33.8,"n":705},"geometry":{"type":"Point","coordinates":[75.2058,32.9985]}},{"type":"Feature","properties":{"kmh":52.0,"n":431},"geometry":{"type":"Point","coordinates":[75.2022,32.9985]}},{"type":"Feature","properties":{"kmh":47.7,"n":49},"geometry":{"type":"Point","coordinates":[75.1986,32.9985]}},{"type":"Feature","properties":{"kmh":53.9,"n":396},"geometry":{"type":"Point","coordinates":[75.1986,32.9955]}},{"type":"Feature","properties":{"kmh":52.8,"n":517},"geometry":{"type":"Point","coordinates":[75.1986,32.9925]}},{"type":"Feature","properties":{"kmh":53.6,"n":366},"geometry":{"type":"Point","coordinates":[75.195,32.9925]}},{"type":"Feature","properties":{"kmh":45.7,"n":362},"geometry":{"type":"Point","coordinates":[75.1914,32.9925]}},{"type":"Feature","properties":{"kmh":52.7,"n":142},"geometry":{"type":"Point","coordinates":[75.1914,32.9895]}},{"type":"Feature","properties":{"kmh":53.4,"n":302},"geometry":{"type":"Point","coordinates":[75.1878,32.9895]}},{"type":"Feature","properties":{"kmh":44.7,"n":516},"geometry":{"type":"Point","coordinates":[75.1878,32.9865]}},{"type":"Feature","properties":{"kmh":55.0,"n":368},"geometry":{"type":"Point","coordinates":[75.1878,32.9835]}},{"type":"Feature","properties":{"kmh":44.2,"n":80},"geometry":{"type":"Point","coordinates":[75.1878,32.9805]}},{"type":"Feature","properties":{"kmh":44.8,"n":466},"geometry":{"type":"Point","coordinates":[75.1842,32.9805]}},{"type":"Feature","properties":{"kmh":36.9,"n":656},"geometry":{"type":"Point","coordinates":[75.1842,32.9775]}},{"type":"Feature","properties":{"kmh":42.8,"n":124},"geometry":{"type":"Point","coordinates":[75.1842,32.9745]}},{"type":"Feature","properties":{"kmh":44.5,"n":515},"geometry":{"type":"Point","coordinates":[75.1806,32.9745]}},{"type":"Feature","properties":{"kmh":42.0,"n":137},"geometry":{"type":"Point","coordinates":[75.177,32.9745]}},{"type":"Feature","properties":{"kmh":49.8,"n":340},"geometry":{"type":"Point","coordinates":[75.177,32.9775]}},{"type":"Feature","properties":{"kmh":43.9,"n":258},"geometry":{"type":"Point","coordinates":[75.1734,32.9775]}},{"type":"Feature","properties":{"kmh":50.4,"n":473},"geometry":{"type":"Point","coordinates":[75.1734,32.9745]}},{"type":"Feature","properties":{"kmh":44.6,"n":509},"geometry":{"type":"Point","coordinates":[75.1734,32.9715]}},{"type":"Feature","properties":{"kmh":55.5,"n":77},"geometry":{"type":"Point","coordinates":[75.1734,32.9685]}},{"type":"Feature","properties":{"kmh":41.7,"n":676},"geometry":{"type":"Point","coordinates":[75.1698,32.9685]}},{"type":"Feature","properties":{"kmh":49.5,"n":288},"geometry":{"type":"Point","coordinates":[75.1662,32.9685]}},{"type":"Feature","properties":{"kmh":33.6,"n":372},"geometry":{"type":"Point","coordinates":[75.1662,32.9655]}},{"type":"Feature","properties":{"kmh":29.2,"n":429},"geometry":{"type":"Point","coordinates":[75.1626,32.9655]}},{"type":"Feature","properties":{"kmh":40.9,"n":576},"geometry":{"type":"Point","coordinates":[75.1626,32.9625]}},{"type":"Feature","properties":{"kmh":49.1,"n":431},"geometry":{"type":"Point","coordinates":[75.1626,32.9595]}},{"type":"Feature","properties":{"kmh":46.4,"n":403},"geometry":{"type":"Point","coordinates":[75.1626,32.9565]}},{"type":"Feature","properties":{"kmh":44.2,"n":250},"geometry":{"type":"Point","coordinates":[75.159,32.9565]}},{"type":"Feature","properties":{"kmh":52.8,"n":410},"geometry":{"type":"Point","coordinates":[75.159,32.9535]}},{"type":"Feature","properties":{"kmh":48.2,"n":115},"geometry":{"type":"Point","coordinates":[75.159,32.9505]}},{"type":"Feature","properties":{"kmh":52.9,"n":270},"geometry":{"type":"Point","coordinates":[75.1554,32.9505]}},{"type":"Feature","properties":{"kmh":45.2,"n":578},"geometry":{"type":"Point","coordinates":[75.1554,32.9475]}},{"type":"Feature","properties":{"kmh":48.5,"n":407},"geometry":{"type":"Point","coordinates":[75.1554,32.9445]}},{"type":"Feature","properties":{"kmh":41.5,"n":451},"geometry":{"type":"Point","coordinates":[75.1482,32.9295]}},{"type":"Feature","properties":{"kmh":56.1,"n":254},"geometry":{"type":"Point","coordinates":[75.1446,32.9265]}},{"type":"Feature","properties":{"kmh":51.9,"n":173},"geometry":{"type":"Point","coordinates":[75.1446,32.9235]}},{"type":"Feature","properties":{"kmh":36.0,"n":220},"geometry":{"type":"Point","coordinates":[75.1482,32.9235]}},{"type":"Feature","properties":{"kmh":49.1,"n":286},"geometry":{"type":"Point","coordinates":[75.1482,32.9205]}},{"type":"Feature","properties":{"kmh":49.7,"n":52},"geometry":{"type":"Point","coordinates":[75.1446,32.9205]}},{"type":"Feature","properties":{"kmh":55.7,"n":291},"geometry":{"type":"Point","coordinates":[75.1446,32.9175]}},{"type":"Feature","properties":{"kmh":59.0,"n":133},"geometry":{"type":"Point","coordinates":[75.141,32.9175]}},{"type":"Feature","properties":{"kmh":52.3,"n":351},"geometry":{"type":"Point","coordinates":[75.141,32.9145]}},{"type":"Feature","properties":{"kmh":51.2,"n":76},"geometry":{"type":"Point","coordinates":[75.141,32.9115]}},{"type":"Feature","properties":{"kmh":53.9,"n":227},"geometry":{"type":"Point","coordinates":[75.1374,32.9115]}},{"type":"Feature","properties":{"kmh":52.7,"n":163},"geometry":{"type":"Point","coordinates":[75.1374,32.9085]}},{"type":"Feature","properties":{"kmh":50.0,"n":168},"geometry":{"type":"Point","coordinates":[75.141,32.9085]}},{"type":"Feature","properties":{"kmh":16.6,"n":140},"geometry":{"type":"Point","coordinates":[74.8602,32.7345]}},{"type":"Feature","properties":{"kmh":19.9,"n":141},"geometry":{"type":"Point","coordinates":[75.231,33.2415]}},{"type":"Feature","properties":{"kmh":24.7,"n":168},"geometry":{"type":"Point","coordinates":[75.2346,33.2415]}},{"type":"Feature","properties":{"kmh":13.5,"n":191},"geometry":{"type":"Point","coordinates":[75.2382,33.2415]}},{"type":"Feature","properties":{"kmh":14.3,"n":266},"geometry":{"type":"Point","coordinates":[75.2382,33.2385]}},{"type":"Feature","properties":{"kmh":9.3,"n":203},"geometry":{"type":"Point","coordinates":[75.2418,33.2385]}},{"type":"Feature","properties":{"kmh":11.9,"n":370},"geometry":{"type":"Point","coordinates":[75.2418,33.2355]}},{"type":"Feature","properties":{"kmh":32.8,"n":269},"geometry":{"type":"Point","coordinates":[75.249,33.2325]}},{"type":"Feature","properties":{"kmh":48.9,"n":247},"geometry":{"type":"Point","coordinates":[75.2526,33.2295]}},{"type":"Feature","properties":{"kmh":50.5,"n":251},"geometry":{"type":"Point","coordinates":[75.2562,33.2265]}},{"type":"Feature","properties":{"kmh":44.1,"n":88},"geometry":{"type":"Point","coordinates":[75.2598,33.2265]}},{"type":"Feature","properties":{"kmh":46.1,"n":152},"geometry":{"type":"Point","coordinates":[75.2598,33.2235]}},{"type":"Feature","properties":{"kmh":47.6,"n":205},"geometry":{"type":"Point","coordinates":[75.2634,33.2235]}},{"type":"Feature","properties":{"kmh":41.8,"n":314},"geometry":{"type":"Point","coordinates":[75.267,33.2235]}},{"type":"Feature","properties":{"kmh":34.0,"n":59},"geometry":{"type":"Point","coordinates":[75.2742,33.0375]}},{"type":"Feature","properties":{"kmh":44.4,"n":62},"geometry":{"type":"Point","coordinates":[75.2706,33.0375]}},{"type":"Feature","properties":{"kmh":30.8,"n":41},"geometry":{"type":"Point","coordinates":[74.8746,32.7645]}},{"type":"Feature","properties":{"kmh":26.5,"n":49},"geometry":{"type":"Point","coordinates":[75.2814,33.0465]}},{"type":"Feature","properties":{"kmh":27.2,"n":40},"geometry":{"type":"Point","coordinates":[75.2814,33.0495]}},{"type":"Feature","properties":{"kmh":24.4,"n":262},"geometry":{"type":"Point","coordinates":[74.8818,32.7135]}},{"type":"Feature","properties":{"kmh":19.7,"n":96},"geometry":{"type":"Point","coordinates":[74.8782,32.7135]}},{"type":"Feature","properties":{"kmh":10.5,"n":283},"geometry":{"type":"Point","coordinates":[74.8782,32.7105]}},{"type":"Feature","properties":{"kmh":25.9,"n":100},"geometry":{"type":"Point","coordinates":[74.8674,32.7105]}},{"type":"Feature","properties":{"kmh":11.8,"n":93},"geometry":{"type":"Point","coordinates":[74.8638,32.7105]}},{"type":"Feature","properties":{"kmh":21.7,"n":72},"geometry":{"type":"Point","coordinates":[74.8638,32.7135]}},{"type":"Feature","properties":{"kmh":20.8,"n":973},"geometry":{"type":"Point","coordinates":[74.8602,32.7135]}},{"type":"Feature","properties":{"kmh":32.3,"n":85},"geometry":{"type":"Point","coordinates":[75.2454,33.2355]}},{"type":"Feature","properties":{"kmh":39.6,"n":233},"geometry":{"type":"Point","coordinates":[74.8602,32.7105]}},{"type":"Feature","properties":{"kmh":44.6,"n":47},"geometry":{"type":"Point","coordinates":[74.8602,32.7075]}},{"type":"Feature","properties":{"kmh":38.1,"n":228},"geometry":{"type":"Point","coordinates":[74.8566,32.7075]}},{"type":"Feature","properties":{"kmh":38.9,"n":291},"geometry":{"type":"Point","coordinates":[74.8566,32.7045]}},{"type":"Feature","properties":{"kmh":35.4,"n":58},"geometry":{"type":"Point","coordinates":[74.8566,32.7015]}},{"type":"Feature","properties":{"kmh":47.4,"n":172},"geometry":{"type":"Point","coordinates":[74.853,32.7015]}},{"type":"Feature","properties":{"kmh":34.2,"n":323},"geometry":{"type":"Point","coordinates":[74.853,32.6985]}},{"type":"Feature","properties":{"kmh":30.1,"n":76},"geometry":{"type":"Point","coordinates":[74.853,32.6955]}},{"type":"Feature","properties":{"kmh":18.9,"n":436},"geometry":{"type":"Point","coordinates":[74.8494,32.6955]}},{"type":"Feature","properties":{"kmh":16.7,"n":922},"geometry":{"type":"Point","coordinates":[74.8494,32.6925]}},{"type":"Feature","properties":{"kmh":38.9,"n":106},"geometry":{"type":"Point","coordinates":[74.8494,32.6895]}},{"type":"Feature","properties":{"kmh":33.8,"n":270},"geometry":{"type":"Point","coordinates":[74.853,32.6895]}},{"type":"Feature","properties":{"kmh":29.2,"n":333},"geometry":{"type":"Point","coordinates":[74.853,32.6865]}},{"type":"Feature","properties":{"kmh":38.5,"n":117},"geometry":{"type":"Point","coordinates":[74.853,32.6835]}},{"type":"Feature","properties":{"kmh":30.0,"n":195},"geometry":{"type":"Point","coordinates":[74.8566,32.6835]}},{"type":"Feature","properties":{"kmh":39.9,"n":311},"geometry":{"type":"Point","coordinates":[74.8566,32.6805]}},{"type":"Feature","properties":{"kmh":43.7,"n":273},"geometry":{"type":"Point","coordinates":[74.8602,32.6775]}},{"type":"Feature","properties":{"kmh":42.7,"n":267},"geometry":{"type":"Point","coordinates":[74.8638,32.6745]}},{"type":"Feature","properties":{"kmh":33.0,"n":129},"geometry":{"type":"Point","coordinates":[74.8674,32.6745]}},{"type":"Feature","properties":{"kmh":29.7,"n":345},"geometry":{"type":"Point","coordinates":[74.8674,32.6715]}},{"type":"Feature","properties":{"kmh":38.3,"n":110},"geometry":{"type":"Point","coordinates":[74.871,32.6715]}},{"type":"Feature","properties":{"kmh":34.4,"n":213},"geometry":{"type":"Point","coordinates":[74.871,32.6685]}},{"type":"Feature","properties":{"kmh":16.3,"n":504},"geometry":{"type":"Point","coordinates":[74.8746,32.6685]}},{"type":"Feature","properties":{"kmh":18.8,"n":188},"geometry":{"type":"Point","coordinates":[74.8746,32.6655]}},{"type":"Feature","properties":{"kmh":34.8,"n":256},"geometry":{"type":"Point","coordinates":[74.8782,32.6655]}},{"type":"Feature","properties":{"kmh":49.1,"n":168},"geometry":{"type":"Point","coordinates":[74.8818,32.6625]}},{"type":"Feature","properties":{"kmh":41.9,"n":127},"geometry":{"type":"Point","coordinates":[74.8854,32.6625]}},{"type":"Feature","properties":{"kmh":29.5,"n":174},"geometry":{"type":"Point","coordinates":[74.8854,32.6595]}},{"type":"Feature","properties":{"kmh":22.6,"n":514},"geometry":{"type":"Point","coordinates":[74.889,32.6595]}},{"type":"Feature","properties":{"kmh":35.0,"n":59},"geometry":{"type":"Point","coordinates":[74.8926,32.6595]}},{"type":"Feature","properties":{"kmh":47.1,"n":183},"geometry":{"type":"Point","coordinates":[74.8926,32.6565]}},{"type":"Feature","properties":{"kmh":42.8,"n":156},"geometry":{"type":"Point","coordinates":[74.8962,32.6565]}},{"type":"Feature","properties":{"kmh":28.2,"n":61},"geometry":{"type":"Point","coordinates":[74.8962,32.6535]}},{"type":"Feature","properties":{"kmh":24.8,"n":247},"geometry":{"type":"Point","coordinates":[74.8998,32.6535]}},{"type":"Feature","properties":{"kmh":29.7,"n":270},"geometry":{"type":"Point","coordinates":[74.8998,32.6505]}},{"type":"Feature","properties":{"kmh":31.1,"n":369},"geometry":{"type":"Point","coordinates":[74.8998,32.6475]}},{"type":"Feature","properties":{"kmh":34.1,"n":99},"geometry":{"type":"Point","coordinates":[74.9034,32.6475]}},{"type":"Feature","properties":{"kmh":32.2,"n":228},"geometry":{"type":"Point","coordinates":[74.9034,32.6445]}},{"type":"Feature","properties":{"kmh":20.8,"n":472},"geometry":{"type":"Point","coordinates":[74.907,32.6445]}},{"type":"Feature","properties":{"kmh":30.9,"n":150},"geometry":{"type":"Point","coordinates":[74.9106,32.6445]}},{"type":"Feature","properties":{"kmh":21.9,"n":352},"geometry":{"type":"Point","coordinates":[74.9106,32.6415]}},{"type":"Feature","properties":{"kmh":42.8,"n":229},"geometry":{"type":"Point","coordinates":[74.9142,32.6385]}},{"type":"Feature","properties":{"kmh":45.3,"n":186},"geometry":{"type":"Point","coordinates":[74.9142,32.6355]}},{"type":"Feature","properties":{"kmh":52.1,"n":118},"geometry":{"type":"Point","coordinates":[74.9142,32.6325]}},{"type":"Feature","properties":{"kmh":49.8,"n":192},"geometry":{"type":"Point","coordinates":[74.9178,32.6295]}},{"type":"Feature","properties":{"kmh":47.4,"n":190},"geometry":{"type":"Point","coordinates":[74.9214,32.6265]}},{"type":"Feature","properties":{"kmh":51.3,"n":149},"geometry":{"type":"Point","coordinates":[74.9214,32.6235]}},{"type":"Feature","properties":{"kmh":49.1,"n":57},"geometry":{"type":"Point","coordinates":[74.925,32.6235]}},{"type":"Feature","properties":{"kmh":32.1,"n":254},"geometry":{"type":"Point","coordinates":[74.925,32.6205]}},{"type":"Feature","properties":{"kmh":38.8,"n":162},"geometry":{"type":"Point","coordinates":[74.9286,32.6205]}},{"type":"Feature","properties":{"kmh":33.6,"n":117},"geometry":{"type":"Point","coordinates":[74.9286,32.6175]}},{"type":"Feature","properties":{"kmh":40.7,"n":188},"geometry":{"type":"Point","coordinates":[74.9322,32.6175]}},{"type":"Feature","properties":{"kmh":50.2,"n":62},"geometry":{"type":"Point","coordinates":[74.9322,32.6145]}},{"type":"Feature","properties":{"kmh":50.3,"n":165},"geometry":{"type":"Point","coordinates":[74.9358,32.6145]}},{"type":"Feature","properties":{"kmh":45.7,"n":61},"geometry":{"type":"Point","coordinates":[74.9358,32.6115]}},{"type":"Feature","properties":{"kmh":44.9,"n":210},"geometry":{"type":"Point","coordinates":[74.9394,32.6115]}},{"type":"Feature","properties":{"kmh":49.3,"n":214},"geometry":{"type":"Point","coordinates":[74.943,32.6085]}},{"type":"Feature","properties":{"kmh":53.1,"n":196},"geometry":{"type":"Point","coordinates":[74.9466,32.6055]}},{"type":"Feature","properties":{"kmh":49.5,"n":46},"geometry":{"type":"Point","coordinates":[74.9466,32.6025]}},{"type":"Feature","properties":{"kmh":45.6,"n":183},"geometry":{"type":"Point","coordinates":[74.9502,32.6025]}},{"type":"Feature","properties":{"kmh":44.8,"n":60},"geometry":{"type":"Point","coordinates":[74.9538,32.6025]}},{"type":"Feature","properties":{"kmh":37.2,"n":241},"geometry":{"type":"Point","coordinates":[74.9538,32.5995]}},{"type":"Feature","properties":{"kmh":36.0,"n":104},"geometry":{"type":"Point","coordinates":[74.9574,32.5995]}},{"type":"Feature","properties":{"kmh":36.7,"n":193},"geometry":{"type":"Point","coordinates":[74.9574,32.5965]}},{"type":"Feature","properties":{"kmh":19.1,"n":250},"geometry":{"type":"Point","coordinates":[74.961,32.5965]}},{"type":"Feature","properties":{"kmh":38.0,"n":157},"geometry":{"type":"Point","coordinates":[74.961,32.5935]}},{"type":"Feature","properties":{"kmh":30.4,"n":225},"geometry":{"type":"Point","coordinates":[74.9646,32.5935]}},{"type":"Feature","properties":{"kmh":24.4,"n":210},"geometry":{"type":"Point","coordinates":[74.9646,32.5905]}},{"type":"Feature","properties":{"kmh":35.0,"n":268},"geometry":{"type":"Point","coordinates":[74.9682,32.5905]}},{"type":"Feature","properties":{"kmh":45.4,"n":64},"geometry":{"type":"Point","coordinates":[74.9718,32.5905]}},{"type":"Feature","properties":{"kmh":49.6,"n":152},"geometry":{"type":"Point","coordinates":[74.9718,32.5875]}},{"type":"Feature","properties":{"kmh":39.4,"n":139},"geometry":{"type":"Point","coordinates":[74.9754,32.5875]}},{"type":"Feature","properties":{"kmh":48.1,"n":168},"geometry":{"type":"Point","coordinates":[74.9754,32.5845]}},{"type":"Feature","properties":{"kmh":34.3,"n":238},"geometry":{"type":"Point","coordinates":[74.979,32.5845]}},{"type":"Feature","properties":{"kmh":39.0,"n":189},"geometry":{"type":"Point","coordinates":[74.9826,32.5815]}},{"type":"Feature","properties":{"kmh":45.8,"n":131},"geometry":{"type":"Point","coordinates":[74.9862,32.5815]}},{"type":"Feature","properties":{"kmh":44.2,"n":77},"geometry":{"type":"Point","coordinates":[74.9862,32.5785]}},{"type":"Feature","properties":{"kmh":53.7,"n":150},"geometry":{"type":"Point","coordinates":[74.9898,32.5785]}},{"type":"Feature","properties":{"kmh":51.4,"n":50},"geometry":{"type":"Point","coordinates":[74.9934,32.5785]}},{"type":"Feature","properties":{"kmh":43.5,"n":191},"geometry":{"type":"Point","coordinates":[74.9934,32.5755]}},{"type":"Feature","properties":{"kmh":48.4,"n":144},"geometry":{"type":"Point","coordinates":[74.997,32.5725]}},{"type":"Feature","properties":{"kmh":36.5,"n":249},"geometry":{"type":"Point","coordinates":[75.0006,32.5725]}},{"type":"Feature","properties":{"kmh":17.5,"n":122},"geometry":{"type":"Point","coordinates":[75.0006,32.5695]}},{"type":"Feature","properties":{"kmh":36.7,"n":301},"geometry":{"type":"Point","coordinates":[75.0042,32.5695]}},{"type":"Feature","properties":{"kmh":49.7,"n":181},"geometry":{"type":"Point","coordinates":[75.0078,32.5695]}},{"type":"Feature","properties":{"kmh":43.8,"n":211},"geometry":{"type":"Point","coordinates":[75.0114,32.5695]}},{"type":"Feature","properties":{"kmh":41.5,"n":56},"geometry":{"type":"Point","coordinates":[75.015,32.5695]}},{"type":"Feature","properties":{"kmh":40.8,"n":154},"geometry":{"type":"Point","coordinates":[75.015,32.5665]}},{"type":"Feature","properties":{"kmh":24.0,"n":393},"geometry":{"type":"Point","coordinates":[75.0186,32.5665]}},{"type":"Feature","properties":{"kmh":18.7,"n":525},"geometry":{"type":"Point","coordinates":[75.0222,32.5665]}},{"type":"Feature","properties":{"kmh":41.3,"n":145},"geometry":{"type":"Point","coordinates":[75.0258,32.5665]}},{"type":"Feature","properties":{"kmh":43.0,"n":67},"geometry":{"type":"Point","coordinates":[75.0258,32.5635]}},{"type":"Feature","properties":{"kmh":41.1,"n":228},"geometry":{"type":"Point","coordinates":[75.0294,32.5635]}},{"type":"Feature","properties":{"kmh":39.4,"n":183},"geometry":{"type":"Point","coordinates":[75.033,32.5635]}},{"type":"Feature","properties":{"kmh":61.4,"n":102},"geometry":{"type":"Point","coordinates":[75.0366,32.5605]}},{"type":"Feature","properties":{"kmh":60.1,"n":117},"geometry":{"type":"Point","coordinates":[75.0402,32.5605]}},{"type":"Feature","properties":{"kmh":51.7,"n":160},"geometry":{"type":"Point","coordinates":[75.0474,32.5575]}},{"type":"Feature","properties":{"kmh":46.7,"n":173},"geometry":{"type":"Point","coordinates":[75.051,32.5575]}},{"type":"Feature","properties":{"kmh":35.0,"n":147},"geometry":{"type":"Point","coordinates":[75.0546,32.5575]}},{"type":"Feature","properties":{"kmh":40.2,"n":85},"geometry":{"type":"Point","coordinates":[75.0546,32.5545]}},{"type":"Feature","properties":{"kmh":42.7,"n":210},"geometry":{"type":"Point","coordinates":[75.0582,32.5545]}},{"type":"Feature","properties":{"kmh":43.9,"n":228},"geometry":{"type":"Point","coordinates":[75.0618,32.5515]}},{"type":"Feature","properties":{"kmh":36.0,"n":260},"geometry":{"type":"Point","coordinates":[75.0654,32.5515]}},{"type":"Feature","properties":{"kmh":53.9,"n":121},"geometry":{"type":"Point","coordinates":[75.069,32.5515]}},{"type":"Feature","properties":{"kmh":62.5,"n":104},"geometry":{"type":"Point","coordinates":[75.0726,32.5515]}},{"type":"Feature","properties":{"kmh":66.0,"n":103},"geometry":{"type":"Point","coordinates":[75.0762,32.5515]}},{"type":"Feature","properties":{"kmh":68.9,"n":40},"geometry":{"type":"Point","coordinates":[75.0798,32.5515]}},{"type":"Feature","properties":{"kmh":60.4,"n":113},"geometry":{"type":"Point","coordinates":[75.0798,32.5545]}},{"type":"Feature","properties":{"kmh":52.0,"n":64},"geometry":{"type":"Point","coordinates":[75.0834,32.5545]}},{"type":"Feature","properties":{"kmh":52.4,"n":122},"geometry":{"type":"Point","coordinates":[75.0834,32.5575]}},{"type":"Feature","properties":{"kmh":40.8,"n":136},"geometry":{"type":"Point","coordinates":[75.087,32.5575]}},{"type":"Feature","properties":{"kmh":45.2,"n":133},"geometry":{"type":"Point","coordinates":[75.087,32.5605]}},{"type":"Feature","properties":{"kmh":57.2,"n":75},"geometry":{"type":"Point","coordinates":[75.0906,32.5605]}},{"type":"Feature","properties":{"kmh":45.0,"n":154},"geometry":{"type":"Point","coordinates":[75.0906,32.5635]}},{"type":"Feature","properties":{"kmh":49.5,"n":67},"geometry":{"type":"Point","coordinates":[75.0942,32.5635]}},{"type":"Feature","properties":{"kmh":50.2,"n":116},"geometry":{"type":"Point","coordinates":[75.0942,32.5665]}},{"type":"Feature","properties":{"kmh":52.0,"n":92},"geometry":{"type":"Point","coordinates":[75.0978,32.5665]}},{"type":"Feature","properties":{"kmh":40.5,"n":204},"geometry":{"type":"Point","coordinates":[75.0978,32.5695]}},{"type":"Feature","properties":{"kmh":25.1,"n":61},"geometry":{"type":"Point","coordinates":[75.0978,32.5725]}},{"type":"Feature","properties":{"kmh":40.1,"n":187},"geometry":{"type":"Point","coordinates":[75.1014,32.5725]}},{"type":"Feature","properties":{"kmh":42.3,"n":185},"geometry":{"type":"Point","coordinates":[75.105,32.5695]}},{"type":"Feature","properties":{"kmh":29.3,"n":83},"geometry":{"type":"Point","coordinates":[75.1086,32.5695]}},{"type":"Feature","properties":{"kmh":33.5,"n":232},"geometry":{"type":"Point","coordinates":[75.1086,32.5665]}},{"type":"Feature","properties":{"kmh":37.5,"n":199},"geometry":{"type":"Point","coordinates":[75.1122,32.5665]}},{"type":"Feature","properties":{"kmh":40.5,"n":119},"geometry":{"type":"Point","coordinates":[75.1122,32.5635]}},{"type":"Feature","properties":{"kmh":16.0,"n":709},"geometry":{"type":"Point","coordinates":[75.1158,32.5635]}},{"type":"Feature","properties":{"kmh":13.9,"n":193},"geometry":{"type":"Point","coordinates":[75.1158,32.5605]}},{"type":"Feature","properties":{"kmh":36.5,"n":251},"geometry":{"type":"Point","coordinates":[75.1194,32.5605]}},{"type":"Feature","properties":{"kmh":34.0,"n":251},"geometry":{"type":"Point","coordinates":[75.123,32.5575]}},{"type":"Feature","properties":{"kmh":42.8,"n":67},"geometry":{"type":"Point","coordinates":[75.1266,32.5575]}},{"type":"Feature","properties":{"kmh":50.9,"n":134},"geometry":{"type":"Point","coordinates":[75.1266,32.5545]}},{"type":"Feature","properties":{"kmh":50.0,"n":65},"geometry":{"type":"Point","coordinates":[75.1266,32.5515]}},{"type":"Feature","properties":{"kmh":40.0,"n":151},"geometry":{"type":"Point","coordinates":[75.1302,32.5515]}},{"type":"Feature","properties":{"kmh":28.3,"n":83},"geometry":{"type":"Point","coordinates":[75.1302,32.5485]}},{"type":"Feature","properties":{"kmh":58.8,"n":103},"geometry":{"type":"Point","coordinates":[75.1338,32.5485]}},{"type":"Feature","properties":{"kmh":63.4,"n":73},"geometry":{"type":"Point","coordinates":[75.1374,32.5485]}},{"type":"Feature","properties":{"kmh":62.2,"n":128},"geometry":{"type":"Point","coordinates":[75.1446,32.5455]}},{"type":"Feature","properties":{"kmh":65.3,"n":66},"geometry":{"type":"Point","coordinates":[75.1482,32.5455]}},{"type":"Feature","properties":{"kmh":58.3,"n":43},"geometry":{"type":"Point","coordinates":[75.1482,32.5425]}},{"type":"Feature","properties":{"kmh":36.6,"n":204},"geometry":{"type":"Point","coordinates":[75.1518,32.5425]}},{"type":"Feature","properties":{"kmh":23.7,"n":94},"geometry":{"type":"Point","coordinates":[75.1554,32.5425]}},{"type":"Feature","properties":{"kmh":42.9,"n":134},"geometry":{"type":"Point","coordinates":[75.1554,32.5395]}},{"type":"Feature","properties":{"kmh":62.2,"n":108},"geometry":{"type":"Point","coordinates":[75.159,32.5395]}},{"type":"Feature","properties":{"kmh":60.0,"n":124},"geometry":{"type":"Point","coordinates":[75.1626,32.5365]}},{"type":"Feature","properties":{"kmh":56.2,"n":97},"geometry":{"type":"Point","coordinates":[75.1662,32.5365]}},{"type":"Feature","properties":{"kmh":55.2,"n":43},"geometry":{"type":"Point","coordinates":[75.1662,32.5335]}},{"type":"Feature","properties":{"kmh":57.3,"n":120},"geometry":{"type":"Point","coordinates":[75.1698,32.5335]}},{"type":"Feature","properties":{"kmh":55.0,"n":40},"geometry":{"type":"Point","coordinates":[75.1734,32.5335]}},{"type":"Feature","properties":{"kmh":58.5,"n":109},"geometry":{"type":"Point","coordinates":[75.1734,32.5305]}},{"type":"Feature","properties":{"kmh":55.2,"n":112},"geometry":{"type":"Point","coordinates":[75.177,32.5305]}},{"type":"Feature","properties":{"kmh":33.7,"n":265},"geometry":{"type":"Point","coordinates":[75.1806,32.5275]}},{"type":"Feature","properties":{"kmh":45.9,"n":66},"geometry":{"type":"Point","coordinates":[75.1842,32.5275]}},{"type":"Feature","properties":{"kmh":49.3,"n":101},"geometry":{"type":"Point","coordinates":[75.1842,32.5245]}},{"type":"Feature","properties":{"kmh":55.4,"n":132},"geometry":{"type":"Point","coordinates":[75.1878,32.5245]}},{"type":"Feature","properties":{"kmh":52.7,"n":120},"geometry":{"type":"Point","coordinates":[75.1914,32.5215]}},{"type":"Feature","properties":{"kmh":50.1,"n":139},"geometry":{"type":"Point","coordinates":[75.195,32.5215]}},{"type":"Feature","properties":{"kmh":54.4,"n":58},"geometry":{"type":"Point","coordinates":[75.1986,32.5215]}},{"type":"Feature","properties":{"kmh":57.8,"n":60},"geometry":{"type":"Point","coordinates":[75.1986,32.5185]}},{"type":"Feature","properties":{"kmh":57.5,"n":126},"geometry":{"type":"Point","coordinates":[75.2022,32.5185]}},{"type":"Feature","properties":{"kmh":55.0,"n":79},"geometry":{"type":"Point","coordinates":[75.2058,32.5185]}},{"type":"Feature","properties":{"kmh":50.7,"n":72},"geometry":{"type":"Point","coordinates":[75.2058,32.5155]}},{"type":"Feature","properties":{"kmh":37.7,"n":276},"geometry":{"type":"Point","coordinates":[75.2094,32.5155]}},{"type":"Feature","properties":{"kmh":26.1,"n":483},"geometry":{"type":"Point","coordinates":[75.213,32.5125]}},{"type":"Feature","properties":{"kmh":41.6,"n":230},"geometry":{"type":"Point","coordinates":[75.2166,32.5095]}},{"type":"Feature","properties":{"kmh":47.3,"n":44},"geometry":{"type":"Point","coordinates":[75.2202,32.5095]}},{"type":"Feature","properties":{"kmh":35.9,"n":208},"geometry":{"type":"Point","coordinates":[75.2202,32.5065]}},{"type":"Feature","properties":{"kmh":44.4,"n":121},"geometry":{"type":"Point","coordinates":[75.2238,32.5065]}},{"type":"Feature","properties":{"kmh":53.9,"n":53},"geometry":{"type":"Point","coordinates":[75.2238,32.5035]}},{"type":"Feature","properties":{"kmh":58.7,"n":138},"geometry":{"type":"Point","coordinates":[75.2274,32.5035]}},{"type":"Feature","properties":{"kmh":56.1,"n":118},"geometry":{"type":"Point","coordinates":[75.231,32.5005]}},{"type":"Feature","properties":{"kmh":40.4,"n":106},"geometry":{"type":"Point","coordinates":[75.2346,32.5005]}},{"type":"Feature","properties":{"kmh":31.7,"n":94},"geometry":{"type":"Point","coordinates":[75.2346,32.4975]}},{"type":"Feature","properties":{"kmh":30.6,"n":274},"geometry":{"type":"Point","coordinates":[75.2382,32.4975]}},{"type":"Feature","properties":{"kmh":48.8,"n":165},"geometry":{"type":"Point","coordinates":[75.2418,32.4975]}},{"type":"Feature","properties":{"kmh":54.8,"n":98},"geometry":{"type":"Point","coordinates":[75.2454,32.4975]}},{"type":"Feature","properties":{"kmh":38.6,"n":189},"geometry":{"type":"Point","coordinates":[75.249,32.4945]}},{"type":"Feature","properties":{"kmh":40.1,"n":188},"geometry":{"type":"Point","coordinates":[75.2526,32.4945]}},{"type":"Feature","properties":{"kmh":56.9,"n":115},"geometry":{"type":"Point","coordinates":[75.2562,32.4945]}},{"type":"Feature","properties":{"kmh":52.2,"n":134},"geometry":{"type":"Point","coordinates":[75.2598,32.4915]}},{"type":"Feature","properties":{"kmh":53.8,"n":133},"geometry":{"type":"Point","coordinates":[75.2634,32.4915]}},{"type":"Feature","properties":{"kmh":54.6,"n":125},"geometry":{"type":"Point","coordinates":[75.267,32.4915]}},{"type":"Feature","properties":{"kmh":49.9,"n":169},"geometry":{"type":"Point","coordinates":[75.2706,32.4885]}},{"type":"Feature","properties":{"kmh":46.9,"n":166},"geometry":{"type":"Point","coordinates":[75.2742,32.4885]}},{"type":"Feature","properties":{"kmh":17.8,"n":284},"geometry":{"type":"Point","coordinates":[75.2778,32.4885]}},{"type":"Feature","properties":{"kmh":43.1,"n":68},"geometry":{"type":"Point","coordinates":[75.2778,32.4855]}},{"type":"Feature","properties":{"kmh":52.8,"n":152},"geometry":{"type":"Point","coordinates":[75.2814,32.4855]}},{"type":"Feature","properties":{"kmh":65.0,"n":101},"geometry":{"type":"Point","coordinates":[75.285,32.4855]}},{"type":"Feature","properties":{"kmh":62.4,"n":42},"geometry":{"type":"Point","coordinates":[75.2886,32.4855]}},{"type":"Feature","properties":{"kmh":61.4,"n":85},"geometry":{"type":"Point","coordinates":[75.2886,32.4825]}},{"type":"Feature","properties":{"kmh":62.5,"n":118},"geometry":{"type":"Point","coordinates":[75.2922,32.4825]}},{"type":"Feature","properties":{"kmh":65.3,"n":79},"geometry":{"type":"Point","coordinates":[75.2958,32.4825]}},{"type":"Feature","properties":{"kmh":45.6,"n":145},"geometry":{"type":"Point","coordinates":[75.2994,32.4795]}},{"type":"Feature","properties":{"kmh":27.6,"n":238},"geometry":{"type":"Point","coordinates":[75.303,32.4795]}},{"type":"Feature","properties":{"kmh":14.7,"n":657},"geometry":{"type":"Point","coordinates":[75.3066,32.4765]}},{"type":"Feature","properties":{"kmh":39.1,"n":248},"geometry":{"type":"Point","coordinates":[75.3102,32.4765]}},{"type":"Feature","properties":{"kmh":57.2,"n":129},"geometry":{"type":"Point","coordinates":[75.3138,32.4735]}},{"type":"Feature","properties":{"kmh":58.8,"n":114},"geometry":{"type":"Point","coordinates":[75.3174,32.4735]}},{"type":"Feature","properties":{"kmh":39.4,"n":228},"geometry":{"type":"Point","coordinates":[75.3246,32.4705]}},{"type":"Feature","properties":{"kmh":14.8,"n":677},"geometry":{"type":"Point","coordinates":[75.3282,32.4675]}},{"type":"Feature","properties":{"kmh":33.9,"n":202},"geometry":{"type":"Point","coordinates":[75.3318,32.4675]}},{"type":"Feature","properties":{"kmh":55.2,"n":125},"geometry":{"type":"Point","coordinates":[75.3354,32.4645]}},{"type":"Feature","properties":{"kmh":51.6,"n":140},"geometry":{"type":"Point","coordinates":[75.339,32.4645]}},{"type":"Feature","properties":{"kmh":51.2,"n":146},"geometry":{"type":"Point","coordinates":[75.3426,32.4645]}},{"type":"Feature","properties":{"kmh":56.2,"n":96},"geometry":{"type":"Point","coordinates":[75.3462,32.4615]}},{"type":"Feature","properties":{"kmh":52.7,"n":161},"geometry":{"type":"Point","coordinates":[75.3498,32.4615]}},{"type":"Feature","properties":{"kmh":56.4,"n":152},"geometry":{"type":"Point","coordinates":[75.3534,32.4585]}},{"type":"Feature","properties":{"kmh":52.1,"n":82},"geometry":{"type":"Point","coordinates":[75.357,32.4585]}},{"type":"Feature","properties":{"kmh":43.6,"n":92},"geometry":{"type":"Point","coordinates":[75.357,32.4555]}},{"type":"Feature","properties":{"kmh":39.5,"n":217},"geometry":{"type":"Point","coordinates":[75.3606,32.4555]}},{"type":"Feature","properties":{"kmh":25.2,"n":232},"geometry":{"type":"Point","coordinates":[75.3606,32.4525]}},{"type":"Feature","properties":{"kmh":51.1,"n":79},"geometry":{"type":"Point","coordinates":[75.3642,32.4525]}},{"type":"Feature","properties":{"kmh":53.2,"n":72},"geometry":{"type":"Point","coordinates":[75.3642,32.4495]}},{"type":"Feature","properties":{"kmh":47.5,"n":129},"geometry":{"type":"Point","coordinates":[75.3678,32.4495]}},{"type":"Feature","properties":{"kmh":61.9,"n":84},"geometry":{"type":"Point","coordinates":[75.3714,32.4495]}},{"type":"Feature","properties":{"kmh":59.2,"n":110},"geometry":{"type":"Point","coordinates":[75.375,32.4495]}},{"type":"Feature","properties":{"kmh":44.9,"n":193},"geometry":{"type":"Point","coordinates":[75.3786,32.4495]}},{"type":"Feature","properties":{"kmh":49.2,"n":140},"geometry":{"type":"Point","coordinates":[75.3822,32.4495]}},{"type":"Feature","properties":{"kmh":57.4,"n":97},"geometry":{"type":"Point","coordinates":[75.3858,32.4465]}},{"type":"Feature","properties":{"kmh":37.9,"n":164},"geometry":{"type":"Point","coordinates":[75.3894,32.4465]}},{"type":"Feature","properties":{"kmh":40.5,"n":170},"geometry":{"type":"Point","coordinates":[75.393,32.4465]}},{"type":"Feature","properties":{"kmh":54.7,"n":144},"geometry":{"type":"Point","coordinates":[75.3966,32.4435]}},{"type":"Feature","properties":{"kmh":46.5,"n":175},"geometry":{"type":"Point","coordinates":[75.4002,32.4405]}},{"type":"Feature","properties":{"kmh":23.6,"n":159},"geometry":{"type":"Point","coordinates":[75.4038,32.4405]}},{"type":"Feature","properties":{"kmh":39.8,"n":156},"geometry":{"type":"Point","coordinates":[75.4038,32.4375]}},{"type":"Feature","properties":{"kmh":44.9,"n":163},"geometry":{"type":"Point","coordinates":[75.4074,32.4375]}},{"type":"Feature","properties":{"kmh":53.3,"n":124},"geometry":{"type":"Point","coordinates":[75.411,32.4375]}},{"type":"Feature","properties":{"kmh":44.7,"n":44},"geometry":{"type":"Point","coordinates":[75.4146,32.4375]}},{"type":"Feature","properties":{"kmh":35.0,"n":176},"geometry":{"type":"Point","coordinates":[75.4146,32.4345]}},{"type":"Feature","properties":{"kmh":35.2,"n":233},"geometry":{"type":"Point","coordinates":[75.4182,32.4345]}},{"type":"Feature","properties":{"kmh":38.9,"n":204},"geometry":{"type":"Point","coordinates":[75.4218,32.4345]}},{"type":"Feature","properties":{"kmh":47.7,"n":139},"geometry":{"type":"Point","coordinates":[75.4254,32.4315]}},{"type":"Feature","properties":{"kmh":49.4,"n":172},"geometry":{"type":"Point","coordinates":[75.429,32.4315]}},{"type":"Feature","properties":{"kmh":49.1,"n":65},"geometry":{"type":"Point","coordinates":[75.4326,32.4315]}},{"type":"Feature","properties":{"kmh":35.0,"n":179},"geometry":{"type":"Point","coordinates":[75.4326,32.4285]}},{"type":"Feature","properties":{"kmh":18.9,"n":441},"geometry":{"type":"Point","coordinates":[75.4362,32.4285]}},{"type":"Feature","properties":{"kmh":30.6,"n":41},"geometry":{"type":"Point","coordinates":[75.4362,32.4255]}},{"type":"Feature","properties":{"kmh":40.9,"n":250},"geometry":{"type":"Point","coordinates":[75.4398,32.4255]}},{"type":"Feature","properties":{"kmh":49.9,"n":104},"geometry":{"type":"Point","coordinates":[75.4434,32.4255]}},{"type":"Feature","properties":{"kmh":53.9,"n":61},"geometry":{"type":"Point","coordinates":[75.4434,32.4225]}},{"type":"Feature","properties":{"kmh":54.9,"n":141},"geometry":{"type":"Point","coordinates":[75.447,32.4225]}},{"type":"Feature","properties":{"kmh":46.4,"n":135},"geometry":{"type":"Point","coordinates":[75.4506,32.4225]}},{"type":"Feature","properties":{"kmh":27.5,"n":245},"geometry":{"type":"Point","coordinates":[75.4542,32.4195]}},{"type":"Feature","properties":{"kmh":51.8,"n":108},"geometry":{"type":"Point","coordinates":[75.4578,32.4195]}},{"type":"Feature","properties":{"kmh":56.5,"n":130},"geometry":{"type":"Point","coordinates":[75.4614,32.4165]}},{"type":"Feature","properties":{"kmh":51.0,"n":59},"geometry":{"type":"Point","coordinates":[75.465,32.4165]}},{"type":"Feature","properties":{"kmh":56.6,"n":73},"geometry":{"type":"Point","coordinates":[75.465,32.4135]}},{"type":"Feature","properties":{"kmh":57.5,"n":130},"geometry":{"type":"Point","coordinates":[75.4686,32.4135]}},{"type":"Feature","properties":{"kmh":47.2,"n":152},"geometry":{"type":"Point","coordinates":[75.4722,32.4135]}},{"type":"Feature","properties":{"kmh":47.8,"n":152},"geometry":{"type":"Point","coordinates":[75.4758,32.4105]}},{"type":"Feature","properties":{"kmh":49.5,"n":147},"geometry":{"type":"Point","coordinates":[75.4794,32.4105]}},{"type":"Feature","properties":{"kmh":52.1,"n":173},"geometry":{"type":"Point","coordinates":[75.4866,32.4075]}},{"type":"Feature","properties":{"kmh":48.8,"n":91},"geometry":{"type":"Point","coordinates":[75.4902,32.4075]}},{"type":"Feature","properties":{"kmh":29.5,"n":140},"geometry":{"type":"Point","coordinates":[75.4902,32.4045]}},{"type":"Feature","properties":{"kmh":37.1,"n":258},"geometry":{"type":"Point","coordinates":[75.4938,32.4045]}},{"type":"Feature","properties":{"kmh":32.3,"n":177},"geometry":{"type":"Point","coordinates":[75.4974,32.4045]}},{"type":"Feature","properties":{"kmh":25.3,"n":86},"geometry":{"type":"Point","coordinates":[75.4974,32.4015]}},{"type":"Feature","properties":{"kmh":50.1,"n":169},"geometry":{"type":"Point","coordinates":[75.501,32.4015]}},{"type":"Feature","properties":{"kmh":46.5,"n":185},"geometry":{"type":"Point","coordinates":[75.5046,32.4015]}},{"type":"Feature","properties":{"kmh":38.9,"n":262},"geometry":{"type":"Point","coordinates":[75.5082,32.3985]}},{"type":"Feature","properties":{"kmh":35.9,"n":273},"geometry":{"type":"Point","coordinates":[75.5118,32.3985]}},{"type":"Feature","properties":{"kmh":14.7,"n":535},"geometry":{"type":"Point","coordinates":[75.5154,32.3955]}},{"type":"Feature","properties":{"kmh":50.5,"n":52},"geometry":{"type":"Point","coordinates":[75.519,32.3955]}},{"type":"Feature","properties":{"kmh":47.1,"n":64},"geometry":{"type":"Point","coordinates":[75.5226,32.3925]}},{"type":"Feature","properties":{"kmh":42.0,"n":53},"geometry":{"type":"Point","coordinates":[75.5262,32.3925]}},{"type":"Feature","properties":{"kmh":41.0,"n":67},"geometry":{"type":"Point","coordinates":[75.5298,32.3895]}},{"type":"Feature","properties":{"kmh":35.7,"n":61},"geometry":{"type":"Point","coordinates":[75.5334,32.3895]}},{"type":"Feature","properties":{"kmh":52.6,"n":60},"geometry":{"type":"Point","coordinates":[75.5406,32.3865]}},{"type":"Feature","properties":{"kmh":41.0,"n":76},"geometry":{"type":"Point","coordinates":[75.5442,32.3835]}},{"type":"Feature","properties":{"kmh":29.4,"n":62},"geometry":{"type":"Point","coordinates":[75.5478,32.3835]}},{"type":"Feature","properties":{"kmh":24.1,"n":109},"geometry":{"type":"Point","coordinates":[75.5478,32.3805]}},{"type":"Feature","properties":{"kmh":21.2,"n":40},"geometry":{"type":"Point","coordinates":[75.5514,32.3805]}},{"type":"Feature","properties":{"kmh":55.0,"n":73},"geometry":{"type":"Point","coordinates":[75.483,32.4075]}},{"type":"Feature","properties":{"kmh":56.5,"n":54},"geometry":{"type":"Point","coordinates":[75.483,32.4105]}},{"type":"Feature","properties":{"kmh":40.1,"n":43},"geometry":{"type":"Point","coordinates":[75.4506,32.4195]}},{"type":"Feature","properties":{"kmh":52.9,"n":150},"geometry":{"type":"Point","coordinates":[75.321,32.4705]}},{"type":"Feature","properties":{"kmh":43.5,"n":51},"geometry":{"type":"Point","coordinates":[75.177,32.5275]}},{"type":"Feature","properties":{"kmh":61.7,"n":95},"geometry":{"type":"Point","coordinates":[75.141,32.5485]}},{"type":"Feature","properties":{"kmh":49.7,"n":75},"geometry":{"type":"Point","coordinates":[75.0438,32.5575]}},{"type":"Feature","properties":{"kmh":44.3,"n":82},"geometry":{"type":"Point","coordinates":[75.0438,32.5605]}},{"type":"Feature","properties":{"kmh":22.9,"n":56},"geometry":{"type":"Point","coordinates":[74.8602,32.7375]}},{"type":"Feature","properties":{"kmh":33.9,"n":47},"geometry":{"type":"Point","coordinates":[75.1446,32.8995]}},{"type":"Feature","properties":{"kmh":35.8,"n":127},"geometry":{"type":"Point","coordinates":[75.1446,32.8965]}},{"type":"Feature","properties":{"kmh":20.5,"n":126},"geometry":{"type":"Point","coordinates":[75.1446,32.8935]}},{"type":"Feature","properties":{"kmh":35.4,"n":89},"geometry":{"type":"Point","coordinates":[75.1446,32.8905]}},{"type":"Feature","properties":{"kmh":34.5,"n":94},"geometry":{"type":"Point","coordinates":[75.1446,32.8875]}},{"type":"Feature","properties":{"kmh":34.0,"n":100},"geometry":{"type":"Point","coordinates":[75.1446,32.8845]}},{"type":"Feature","properties":{"kmh":44.1,"n":78},"geometry":{"type":"Point","coordinates":[75.1446,32.8815]}},{"type":"Feature","properties":{"kmh":48.8,"n":49},"geometry":{"type":"Point","coordinates":[75.1446,32.8785]}},{"type":"Feature","properties":{"kmh":37.6,"n":88},"geometry":{"type":"Point","coordinates":[75.1482,32.8755]}},{"type":"Feature","properties":{"kmh":29.9,"n":124},"geometry":{"type":"Point","coordinates":[75.1482,32.8725]}},{"type":"Feature","properties":{"kmh":27.7,"n":84},"geometry":{"type":"Point","coordinates":[75.1482,32.8695]}},{"type":"Feature","properties":{"kmh":27.0,"n":70},"geometry":{"type":"Point","coordinates":[75.1482,32.8665]}},{"type":"Feature","properties":{"kmh":35.6,"n":61},"geometry":{"type":"Point","coordinates":[75.1482,32.8635]}},{"type":"Feature","properties":{"kmh":33.6,"n":42},"geometry":{"type":"Point","coordinates":[75.1482,32.8605]}},{"type":"Feature","properties":{"kmh":37.6,"n":48},"geometry":{"type":"Point","coordinates":[75.1482,32.8575]}},{"type":"Feature","properties":{"kmh":18.4,"n":203},"geometry":{"type":"Point","coordinates":[75.1482,32.8545]}},{"type":"Feature","properties":{"kmh":26.0,"n":53},"geometry":{"type":"Point","coordinates":[75.1482,32.8515]}},{"type":"Feature","properties":{"kmh":32.7,"n":41},"geometry":{"type":"Point","coordinates":[75.1518,32.8065]}},{"type":"Feature","properties":{"kmh":25.3,"n":40},"geometry":{"type":"Point","coordinates":[75.1446,32.8035]}},{"type":"Feature","properties":{"kmh":30.9,"n":41},"geometry":{"type":"Point","coordinates":[75.1446,32.7795]}},{"type":"Feature","properties":{"kmh":29.9,"n":45},"geometry":{"type":"Point","coordinates":[75.1446,32.7765]}},{"type":"Feature","properties":{"kmh":29.1,"n":50},"geometry":{"type":"Point","coordinates":[75.1518,32.7705]}},{"type":"Feature","properties":{"kmh":16.1,"n":59},"geometry":{"type":"Point","coordinates":[75.1482,32.7555]}},{"type":"Feature","properties":{"kmh":15.2,"n":62},"geometry":{"type":"Point","coordinates":[75.1518,32.7285]}},{"type":"Feature","properties":{"kmh":18.8,"n":42},"geometry":{"type":"Point","coordinates":[75.1734,32.7195]}},{"type":"Feature","properties":{"kmh":31.1,"n":40},"geometry":{"type":"Point","coordinates":[75.1842,32.7075]}},{"type":"Feature","properties":{"kmh":22.1,"n":50},"geometry":{"type":"Point","coordinates":[75.213,32.6955]}},{"type":"Feature","properties":{"kmh":41.8,"n":41},"geometry":{"type":"Point","coordinates":[75.2202,32.6925]}},{"type":"Feature","properties":{"kmh":25.0,"n":49},"geometry":{"type":"Point","coordinates":[75.2274,32.6895]}},{"type":"Feature","properties":{"kmh":13.8,"n":75},"geometry":{"type":"Point","coordinates":[75.2526,32.6775]}},{"type":"Feature","properties":{"kmh":35.2,"n":43},"geometry":{"type":"Point","coordinates":[75.2562,32.6745]}},{"type":"Feature","properties":{"kmh":25.0,"n":67},"geometry":{"type":"Point","coordinates":[75.267,32.6715]}},{"type":"Feature","properties":{"kmh":38.8,"n":48},"geometry":{"type":"Point","coordinates":[75.2742,32.6685]}},{"type":"Feature","properties":{"kmh":34.7,"n":43},"geometry":{"type":"Point","coordinates":[75.2778,32.6655]}},{"type":"Feature","properties":{"kmh":23.1,"n":60},"geometry":{"type":"Point","coordinates":[75.285,32.6655]}},{"type":"Feature","properties":{"kmh":18.4,"n":57},"geometry":{"type":"Point","coordinates":[75.2886,32.6655]}},{"type":"Feature","properties":{"kmh":36.2,"n":44},"geometry":{"type":"Point","coordinates":[75.2922,32.6625]}},{"type":"Feature","properties":{"kmh":35.1,"n":48},"geometry":{"type":"Point","coordinates":[75.2958,32.6625]}},{"type":"Feature","properties":{"kmh":34.3,"n":54},"geometry":{"type":"Point","coordinates":[75.2994,32.6625]}},{"type":"Feature","properties":{"kmh":25.5,"n":45},"geometry":{"type":"Point","coordinates":[75.303,32.6625]}},{"type":"Feature","properties":{"kmh":32.4,"n":49},"geometry":{"type":"Point","coordinates":[75.3066,32.6595]}},{"type":"Feature","properties":{"kmh":28.8,"n":42},"geometry":{"type":"Point","coordinates":[75.3138,32.6595]}},{"type":"Feature","properties":{"kmh":34.1,"n":44},"geometry":{"type":"Point","coordinates":[75.3138,32.6535]}},{"type":"Feature","properties":{"kmh":32.3,"n":67},"geometry":{"type":"Point","coordinates":[75.3138,32.6505]}},{"type":"Feature","properties":{"kmh":31.2,"n":60},"geometry":{"type":"Point","coordinates":[75.3354,32.6415]}},{"type":"Feature","properties":{"kmh":25.3,"n":93},"geometry":{"type":"Point","coordinates":[75.357,32.6325]}},{"type":"Feature","properties":{"kmh":42.4,"n":41},"geometry":{"type":"Point","coordinates":[75.3822,32.6355]}},{"type":"Feature","properties":{"kmh":23.5,"n":59},"geometry":{"type":"Point","coordinates":[75.3894,32.6415]}},{"type":"Feature","properties":{"kmh":50.5,"n":43},"geometry":{"type":"Point","coordinates":[75.2202,33.2445]}},{"type":"Feature","properties":{"kmh":46.4,"n":40},"geometry":{"type":"Point","coordinates":[75.2094,33.2505]}},{"type":"Feature","properties":{"kmh":35.8,"n":43},"geometry":{"type":"Point","coordinates":[75.2058,33.2565]}},{"type":"Feature","properties":{"kmh":45.0,"n":46},"geometry":{"type":"Point","coordinates":[75.2022,33.2565]}},{"type":"Feature","properties":{"kmh":30.4,"n":42},"geometry":{"type":"Point","coordinates":[75.1986,33.2565]}},{"type":"Feature","properties":{"kmh":37.0,"n":45},"geometry":{"type":"Point","coordinates":[75.195,33.2595]}},{"type":"Feature","properties":{"kmh":28.7,"n":78},"geometry":{"type":"Point","coordinates":[75.1842,33.2655]}},{"type":"Feature","properties":{"kmh":30.3,"n":56},"geometry":{"type":"Point","coordinates":[75.1806,33.2685]}},{"type":"Feature","properties":{"kmh":33.0,"n":67},"geometry":{"type":"Point","coordinates":[75.177,33.2685]}},{"type":"Feature","properties":{"kmh":26.4,"n":70},"geometry":{"type":"Point","coordinates":[75.177,33.2745]}},{"type":"Feature","properties":{"kmh":26.1,"n":76},"geometry":{"type":"Point","coordinates":[75.1806,33.2775]}},{"type":"Feature","properties":{"kmh":28.8,"n":64},"geometry":{"type":"Point","coordinates":[75.1806,33.2805]}},{"type":"Feature","properties":{"kmh":29.2,"n":77},"geometry":{"type":"Point","coordinates":[75.177,33.2835]}},{"type":"Feature","properties":{"kmh":27.0,"n":44},"geometry":{"type":"Point","coordinates":[75.1806,33.2835]}},{"type":"Feature","properties":{"kmh":34.9,"n":58},"geometry":{"type":"Point","coordinates":[75.177,33.2865]}},{"type":"Feature","properties":{"kmh":34.6,"n":55},"geometry":{"type":"Point","coordinates":[75.177,33.2895]}},{"type":"Feature","properties":{"kmh":38.9,"n":54},"geometry":{"type":"Point","coordinates":[75.177,33.2925]}},{"type":"Feature","properties":{"kmh":28.8,"n":106},"geometry":{"type":"Point","coordinates":[75.177,33.2955]}},{"type":"Feature","properties":{"kmh":24.4,"n":109},"geometry":{"type":"Point","coordinates":[75.1806,33.2955]}},{"type":"Feature","properties":{"kmh":36.2,"n":58},"geometry":{"type":"Point","coordinates":[75.1806,33.2985]}},{"type":"Feature","properties":{"kmh":42.4,"n":42},"geometry":{"type":"Point","coordinates":[75.1806,33.3015]}},{"type":"Feature","properties":{"kmh":29.8,"n":61},"geometry":{"type":"Point","coordinates":[75.1806,33.3075]}},{"type":"Feature","properties":{"kmh":25.8,"n":94},"geometry":{"type":"Point","coordinates":[75.1842,33.3105]}},{"type":"Feature","properties":{"kmh":29.9,"n":88},"geometry":{"type":"Point","coordinates":[75.1878,33.3135]}},{"type":"Feature","properties":{"kmh":25.3,"n":127},"geometry":{"type":"Point","coordinates":[75.1914,33.3135]}},{"type":"Feature","properties":{"kmh":12.4,"n":56},"geometry":{"type":"Point","coordinates":[75.1986,33.3195]}},{"type":"Feature","properties":{"kmh":14.9,"n":58},"geometry":{"type":"Point","coordinates":[75.1986,33.3285]}},{"type":"Feature","properties":{"kmh":28.7,"n":57},"geometry":{"type":"Point","coordinates":[75.195,33.3345]}},{"type":"Feature","properties":{"kmh":31.1,"n":76},"geometry":{"type":"Point","coordinates":[75.1914,33.3375]}},{"type":"Feature","properties":{"kmh":33.3,"n":40},"geometry":{"type":"Point","coordinates":[75.1914,33.3405]}},{"type":"Feature","properties":{"kmh":37.9,"n":43},"geometry":{"type":"Point","coordinates":[75.1878,33.3405]}},{"type":"Feature","properties":{"kmh":41.7,"n":44},"geometry":{"type":"Point","coordinates":[75.1806,33.3465]}},{"type":"Feature","properties":{"kmh":29.6,"n":66},"geometry":{"type":"Point","coordinates":[75.1806,33.3495]}},{"type":"Feature","properties":{"kmh":29.9,"n":60},"geometry":{"type":"Point","coordinates":[75.177,33.3525]}},{"type":"Feature","properties":{"kmh":17.4,"n":102},"geometry":{"type":"Point","coordinates":[75.1734,33.3525]}},{"type":"Feature","properties":{"kmh":17.4,"n":56},"geometry":{"type":"Point","coordinates":[75.1698,33.3555]}},{"type":"Feature","properties":{"kmh":17.2,"n":43},"geometry":{"type":"Point","coordinates":[75.1698,33.3585]}},{"type":"Feature","properties":{"kmh":13.7,"n":61},"geometry":{"type":"Point","coordinates":[75.1734,33.3585]}},{"type":"Feature","properties":{"kmh":14.7,"n":105},"geometry":{"type":"Point","coordinates":[75.1734,33.3615]}},{"type":"Feature","properties":{"kmh":18.4,"n":106},"geometry":{"type":"Point","coordinates":[75.177,33.3615]}},{"type":"Feature","properties":{"kmh":33.1,"n":65},"geometry":{"type":"Point","coordinates":[75.1806,33.3645]}},{"type":"Feature","properties":{"kmh":25.3,"n":74},"geometry":{"type":"Point","coordinates":[75.1842,33.3645]}},{"type":"Feature","properties":{"kmh":35.3,"n":62},"geometry":{"type":"Point","coordinates":[75.1878,33.3675]}},{"type":"Feature","properties":{"kmh":44.4,"n":54},"geometry":{"type":"Point","coordinates":[75.1986,33.3765]}},{"type":"Feature","properties":{"kmh":42.8,"n":47},"geometry":{"type":"Point","coordinates":[75.2022,33.3795]}},{"type":"Feature","properties":{"kmh":36.6,"n":50},"geometry":{"type":"Point","coordinates":[75.1986,33.3885]}},{"type":"Feature","properties":{"kmh":34.6,"n":59},"geometry":{"type":"Point","coordinates":[75.2022,33.3885]}},{"type":"Feature","properties":{"kmh":48.6,"n":43},"geometry":{"type":"Point","coordinates":[75.1986,33.3915]}},{"type":"Feature","properties":{"kmh":41.8,"n":49},"geometry":{"type":"Point","coordinates":[75.1986,33.3945]}},{"type":"Feature","properties":{"kmh":51.8,"n":41},"geometry":{"type":"Point","coordinates":[75.195,33.4005]}},{"type":"Feature","properties":{"kmh":48.2,"n":45},"geometry":{"type":"Point","coordinates":[75.2022,33.4095]}},{"type":"Feature","properties":{"kmh":46.9,"n":40},"geometry":{"type":"Point","coordinates":[75.2058,33.4155]}},{"type":"Feature","properties":{"kmh":48.7,"n":41},"geometry":{"type":"Point","coordinates":[75.2058,33.4185]}},{"type":"Feature","properties":{"kmh":48.8,"n":49},"geometry":{"type":"Point","coordinates":[75.2022,33.4275]}},{"type":"Feature","properties":{"kmh":57.1,"n":41},"geometry":{"type":"Point","coordinates":[75.1986,33.4305]}},{"type":"Feature","properties":{"kmh":52.9,"n":41},"geometry":{"type":"Point","coordinates":[75.195,33.4365]}},{"type":"Feature","properties":{"kmh":25.9,"n":69},"geometry":{"type":"Point","coordinates":[75.1914,33.4485]}},{"type":"Feature","properties":{"kmh":26.7,"n":47},"geometry":{"type":"Point","coordinates":[75.1914,33.4515]}},{"type":"Feature","properties":{"kmh":21.8,"n":154},"geometry":{"type":"Point","coordinates":[75.2814,33.0435]}},{"type":"Feature","properties":{"kmh":12.7,"n":42},"geometry":{"type":"Point","coordinates":[75.2814,33.0405]}},{"type":"Feature","properties":{"kmh":17.8,"n":92},"geometry":{"type":"Point","coordinates":[75.285,33.0405]}},{"type":"Feature","properties":{"kmh":13.3,"n":161},"geometry":{"type":"Point","coordinates":[74.8926,32.7105]}},{"type":"Feature","properties":{"kmh":20.1,"n":106},"geometry":{"type":"Point","coordinates":[74.889,32.7075]}},{"type":"Feature","properties":{"kmh":16.4,"n":97},"geometry":{"type":"Point","coordinates":[75.1302,32.9205]}},{"type":"Feature","properties":{"kmh":16.9,"n":43},"geometry":{"type":"Point","coordinates":[75.1266,32.9175]}},{"type":"Feature","properties":{"kmh":23.2,"n":86},"geometry":{"type":"Point","coordinates":[75.303,33.1905]}},{"type":"Feature","properties":{"kmh":28.3,"n":162},"geometry":{"type":"Point","coordinates":[75.5154,32.3925]}},{"type":"Feature","properties":{"kmh":39.0,"n":127},"geometry":{"type":"Point","coordinates":[75.5154,32.3895]}},{"type":"Feature","properties":{"kmh":17.7,"n":109},"geometry":{"type":"Point","coordinates":[75.5154,32.3865]}},{"type":"Feature","properties":{"kmh":18.9,"n":120},"geometry":{"type":"Point","coordinates":[75.519,32.3865]}},{"type":"Feature","properties":{"kmh":44.6,"n":119},"geometry":{"type":"Point","coordinates":[75.519,32.3835]}},{"type":"Feature","properties":{"kmh":31.1,"n":136},"geometry":{"type":"Point","coordinates":[75.5226,32.3805]}},{"type":"Feature","properties":{"kmh":27.8,"n":159},"geometry":{"type":"Point","coordinates":[75.5226,32.3775]}},{"type":"Feature","properties":{"kmh":16.6,"n":262},"geometry":{"type":"Point","coordinates":[75.5226,32.3745]}},{"type":"Feature","properties":{"kmh":23.9,"n":133},"geometry":{"type":"Point","coordinates":[75.5262,32.3745]}},{"type":"Feature","properties":{"kmh":22.4,"n":95},"geometry":{"type":"Point","coordinates":[75.5262,32.3715]}},{"type":"Feature","properties":{"kmh":17.2,"n":309},"geometry":{"type":"Point","coordinates":[75.5298,32.3715]}},{"type":"Feature","properties":{"kmh":11.3,"n":112},"geometry":{"type":"Point","coordinates":[75.5334,32.3715]}},{"type":"Feature","properties":{"kmh":13.0,"n":895},"geometry":{"type":"Point","coordinates":[75.5334,32.3745]}},{"type":"Feature","properties":{"kmh":11.3,"n":815},"geometry":{"type":"Point","coordinates":[75.537,32.3745]}},{"type":"Feature","properties":{"kmh":34.2,"n":54},"geometry":{"type":"Point","coordinates":[75.5442,32.3775]}},{"type":"Feature","properties":{"kmh":11.1,"n":1417},"geometry":{"type":"Point","coordinates":[74.8566,32.7135]}},{"type":"Feature","properties":{"kmh":18.2,"n":310},"geometry":{"type":"Point","coordinates":[74.8566,32.7165]}},{"type":"Feature","properties":{"kmh":17.3,"n":100},"geometry":{"type":"Point","coordinates":[74.853,32.7135]}},{"type":"Feature","properties":{"kmh":42.1,"n":46},"geometry":{"type":"Point","coordinates":[74.853,32.7165]}},{"type":"Feature","properties":{"kmh":18.6,"n":57},"geometry":{"type":"Point","coordinates":[74.8602,32.7255]}},{"type":"Feature","properties":{"kmh":24.5,"n":61},"geometry":{"type":"Point","coordinates":[74.9214,32.9835]}},{"type":"Feature","properties":{"kmh":25.6,"n":54},"geometry":{"type":"Point","coordinates":[74.9178,32.9805]}},{"type":"Feature","properties":{"kmh":23.1,"n":43},"geometry":{"type":"Point","coordinates":[74.9142,32.9745]}},{"type":"Feature","properties":{"kmh":30.5,"n":53},"geometry":{"type":"Point","coordinates":[74.9106,32.9745]}},{"type":"Feature","properties":{"kmh":40.8,"n":41},"geometry":{"type":"Point","coordinates":[74.907,32.9685]}},{"type":"Feature","properties":{"kmh":26.1,"n":41},"geometry":{"type":"Point","coordinates":[74.9106,32.9655]}},{"type":"Feature","properties":{"kmh":32.3,"n":52},"geometry":{"type":"Point","coordinates":[74.9142,32.9565]}},{"type":"Feature","properties":{"kmh":37.9,"n":43},"geometry":{"type":"Point","coordinates":[74.925,32.9355]}},{"type":"Feature","properties":{"kmh":26.4,"n":47},"geometry":{"type":"Point","coordinates":[74.9286,32.9295]}},{"type":"Feature","properties":{"kmh":25.8,"n":52},"geometry":{"type":"Point","coordinates":[74.9286,32.9265]}},{"type":"Feature","properties":{"kmh":28.6,"n":45},"geometry":{"type":"Point","coordinates":[74.9322,32.9205]}},{"type":"Feature","properties":{"kmh":30.1,"n":41},"geometry":{"type":"Point","coordinates":[74.9322,32.9175]}},{"type":"Feature","properties":{"kmh":27.2,"n":44},"geometry":{"type":"Point","coordinates":[74.9358,32.9145]}},{"type":"Feature","properties":{"kmh":20.3,"n":347},"geometry":{"type":"Point","coordinates":[75.2994,33.1305]}},{"type":"Feature","properties":{"kmh":39.8,"n":90},"geometry":{"type":"Point","coordinates":[75.303,33.1305]}},{"type":"Feature","properties":{"kmh":35.5,"n":154},"geometry":{"type":"Point","coordinates":[75.303,33.1335]}},{"type":"Feature","properties":{"kmh":25.6,"n":277},"geometry":{"type":"Point","coordinates":[75.3066,33.1335]}},{"type":"Feature","properties":{"kmh":36.6,"n":267},"geometry":{"type":"Point","coordinates":[75.3102,33.1335]}},{"type":"Feature","properties":{"kmh":41.1,"n":308},"geometry":{"type":"Point","coordinates":[75.3138,33.1305]}},{"type":"Feature","properties":{"kmh":32.6,"n":204},"geometry":{"type":"Point","coordinates":[75.3138,33.1275]}},{"type":"Feature","properties":{"kmh":27.3,"n":894},"geometry":{"type":"Point","coordinates":[75.3102,33.1305]}},{"type":"Feature","properties":{"kmh":31.4,"n":745},"geometry":{"type":"Point","coordinates":[75.3102,33.1275]}},{"type":"Feature","properties":{"kmh":22.6,"n":688},"geometry":{"type":"Point","coordinates":[75.3102,33.1245]}},{"type":"Feature","properties":{"kmh":18.1,"n":55},"geometry":{"type":"Point","coordinates":[75.3066,33.1305]}},{"type":"Feature","properties":{"kmh":22.1,"n":428},"geometry":{"type":"Point","coordinates":[75.3102,33.1215]}},{"type":"Feature","properties":{"kmh":26.9,"n":329},"geometry":{"type":"Point","coordinates":[75.3138,33.1215]}},{"type":"Feature","properties":{"kmh":26.3,"n":274},"geometry":{"type":"Point","coordinates":[75.3174,33.1215]}},{"type":"Feature","properties":{"kmh":13.3,"n":215},"geometry":{"type":"Point","coordinates":[75.3174,33.1245]}},{"type":"Feature","properties":{"kmh":24.6,"n":322},"geometry":{"type":"Point","coordinates":[75.321,33.1245]}},{"type":"Feature","properties":{"kmh":45.1,"n":50},"geometry":{"type":"Point","coordinates":[75.3246,33.1245]}},{"type":"Feature","properties":{"kmh":36.9,"n":227},"geometry":{"type":"Point","coordinates":[75.3246,33.1215]}},{"type":"Feature","properties":{"kmh":29.8,"n":189},"geometry":{"type":"Point","coordinates":[75.3246,33.1185]}},{"type":"Feature","properties":{"kmh":38.2,"n":84},"geometry":{"type":"Point","coordinates":[75.3282,33.1185]}},{"type":"Feature","properties":{"kmh":45.6,"n":174},"geometry":{"type":"Point","coordinates":[75.3282,33.1155]}},{"type":"Feature","properties":{"kmh":42.8,"n":181},"geometry":{"type":"Point","coordinates":[75.3282,33.1125]}},{"type":"Feature","properties":{"kmh":36.9,"n":126},"geometry":{"type":"Point","coordinates":[75.3282,33.1095]}},{"type":"Feature","properties":{"kmh":40.9,"n":166},"geometry":{"type":"Point","coordinates":[75.3318,33.1125]}},{"type":"Feature","properties":{"kmh":41.1,"n":141},"geometry":{"type":"Point","coordinates":[75.3354,33.1125]}},{"type":"Feature","properties":{"kmh":24.0,"n":131},"geometry":{"type":"Point","coordinates":[75.3354,33.1095]}},{"type":"Feature","properties":{"kmh":35.1,"n":312},"geometry":{"type":"Point","coordinates":[75.339,33.1095]}},{"type":"Feature","properties":{"kmh":42.9,"n":124},"geometry":{"type":"Point","coordinates":[75.339,33.1065]}},{"type":"Feature","properties":{"kmh":22.4,"n":337},"geometry":{"type":"Point","coordinates":[75.3426,33.1065]}},{"type":"Feature","properties":{"kmh":44.2,"n":155},"geometry":{"type":"Point","coordinates":[75.339,33.1125]}},{"type":"Feature","properties":{"kmh":39.2,"n":160},"geometry":{"type":"Point","coordinates":[75.339,33.1155]}},{"type":"Feature","properties":{"kmh":43.7,"n":146},"geometry":{"type":"Point","coordinates":[75.3354,33.1185]}},{"type":"Feature","properties":{"kmh":37.9,"n":199},"geometry":{"type":"Point","coordinates":[75.3354,33.1215]}},{"type":"Feature","properties":{"kmh":43.8,"n":160},"geometry":{"type":"Point","coordinates":[75.3354,33.1245]}},{"type":"Feature","properties":{"kmh":36.4,"n":246},"geometry":{"type":"Point","coordinates":[75.3354,33.1275]}},{"type":"Feature","properties":{"kmh":44.3,"n":117},"geometry":{"type":"Point","coordinates":[75.3354,33.1305]}},{"type":"Feature","properties":{"kmh":36.2,"n":143},"geometry":{"type":"Point","coordinates":[75.3318,33.1335]}},{"type":"Feature","properties":{"kmh":29.9,"n":249},"geometry":{"type":"Point","coordinates":[75.3318,33.1365]}},{"type":"Feature","properties":{"kmh":38.5,"n":80},"geometry":{"type":"Point","coordinates":[75.3318,33.1395]}},{"type":"Feature","properties":{"kmh":40.8,"n":101},"geometry":{"type":"Point","coordinates":[75.3354,33.1395]}},{"type":"Feature","properties":{"kmh":36.8,"n":335},"geometry":{"type":"Point","coordinates":[75.3354,33.1425]}},{"type":"Feature","properties":{"kmh":38.3,"n":213},"geometry":{"type":"Point","coordinates":[75.3354,33.1455]}},{"type":"Feature","properties":{"kmh":35.5,"n":175},"geometry":{"type":"Point","coordinates":[75.339,33.1485]}},{"type":"Feature","properties":{"kmh":39.4,"n":111},"geometry":{"type":"Point","coordinates":[75.3426,33.1455]}},{"type":"Feature","properties":{"kmh":36.1,"n":104},"geometry":{"type":"Point","coordinates":[75.3426,33.1485]}},{"type":"Feature","properties":{"kmh":40.2,"n":268},"geometry":{"type":"Point","coordinates":[75.3462,33.1455]}},{"type":"Feature","properties":{"kmh":48.6,"n":140},"geometry":{"type":"Point","coordinates":[75.3498,33.1455]}},{"type":"Feature","properties":{"kmh":36.8,"n":327},"geometry":{"type":"Point","coordinates":[75.3534,33.1425]}},{"type":"Feature","properties":{"kmh":45.0,"n":171},"geometry":{"type":"Point","coordinates":[75.357,33.1425]}},{"type":"Feature","properties":{"kmh":48.6,"n":61},"geometry":{"type":"Point","coordinates":[75.357,33.1395]}},{"type":"Feature","properties":{"kmh":40.5,"n":210},"geometry":{"type":"Point","coordinates":[75.3606,33.1395]}},{"type":"Feature","properties":{"kmh":48.8,"n":42},"geometry":{"type":"Point","coordinates":[75.3606,33.1365]}},{"type":"Feature","properties":{"kmh":47.9,"n":127},"geometry":{"type":"Point","coordinates":[75.3642,33.1365]}},{"type":"Feature","properties":{"kmh":38.7,"n":292},"geometry":{"type":"Point","coordinates":[75.3642,33.1335]}},{"type":"Feature","properties":{"kmh":45.4,"n":166},"geometry":{"type":"Point","coordinates":[75.3678,33.1335]}},{"type":"Feature","properties":{"kmh":40.3,"n":209},"geometry":{"type":"Point","coordinates":[75.3678,33.1305]}},{"type":"Feature","properties":{"kmh":30.7,"n":276},"geometry":{"type":"Point","coordinates":[75.3714,33.1305]}},{"type":"Feature","properties":{"kmh":17.8,"n":116},"geometry":{"type":"Point","coordinates":[75.3714,33.1335]}},{"type":"Feature","properties":{"kmh":22.4,"n":349},"geometry":{"type":"Point","coordinates":[75.3714,33.1275]}},{"type":"Feature","properties":{"kmh":35.3,"n":293},"geometry":{"type":"Point","coordinates":[75.375,33.1245]}},{"type":"Feature","properties":{"kmh":35.5,"n":71},"geometry":{"type":"Point","coordinates":[75.375,33.1275]}},{"type":"Feature","properties":{"kmh":32.7,"n":291},"geometry":{"type":"Point","coordinates":[75.3786,33.1245]}},{"type":"Feature","properties":{"kmh":39.5,"n":64},"geometry":{"type":"Point","coordinates":[75.3786,33.1275]}},{"type":"Feature","properties":{"kmh":29.7,"n":376},"geometry":{"type":"Point","coordinates":[75.3822,33.1245]}},{"type":"Feature","properties":{"kmh":36.9,"n":180},"geometry":{"type":"Point","coordinates":[75.3858,33.1245]}},{"type":"Feature","properties":{"kmh":45.3,"n":261},"geometry":{"type":"Point","coordinates":[75.3894,33.1245]}},{"type":"Feature","properties":{"kmh":36.7,"n":171},"geometry":{"type":"Point","coordinates":[75.393,33.1245]}},{"type":"Feature","properties":{"kmh":34.9,"n":288},"geometry":{"type":"Point","coordinates":[75.393,33.1275]}},{"type":"Feature","properties":{"kmh":41.4,"n":147},"geometry":{"type":"Point","coordinates":[75.3966,33.1275]}},{"type":"Feature","properties":{"kmh":35.1,"n":92},"geometry":{"type":"Point","coordinates":[75.3966,33.1305]}},{"type":"Feature","properties":{"kmh":39.1,"n":181},"geometry":{"type":"Point","coordinates":[75.4002,33.1275]}},{"type":"Feature","properties":{"kmh":31.2,"n":427},"geometry":{"type":"Point","coordinates":[75.4038,33.1275]}},{"type":"Feature","properties":{"kmh":34.0,"n":476},"geometry":{"type":"Point","coordinates":[75.4074,33.1245]}},{"type":"Feature","properties":{"kmh":36.2,"n":522},"geometry":{"type":"Point","coordinates":[75.411,33.1245]}},{"type":"Feature","properties":{"kmh":27.7,"n":387},"geometry":{"type":"Point","coordinates":[75.411,33.1215]}},{"type":"Feature","properties":{"kmh":26.3,"n":203},"geometry":{"type":"Point","coordinates":[75.411,33.1275]}},{"type":"Feature","properties":{"kmh":34.5,"n":226},"geometry":{"type":"Point","coordinates":[75.411,33.1185]}},{"type":"Feature","properties":{"kmh":40.1,"n":120},"geometry":{"type":"Point","coordinates":[75.4074,33.1185]}},{"type":"Feature","properties":{"kmh":40.6,"n":80},"geometry":{"type":"Point","coordinates":[75.4074,33.1155]}},{"type":"Feature","properties":{"kmh":34.5,"n":378},"geometry":{"type":"Point","coordinates":[75.411,33.1155]}},{"type":"Feature","properties":{"kmh":25.2,"n":284},"geometry":{"type":"Point","coordinates":[75.411,33.1125]}},{"type":"Feature","properties":{"kmh":44.2,"n":106},"geometry":{"type":"Point","coordinates":[75.4146,33.1185]}},{"type":"Feature","properties":{"kmh":35.6,"n":131},"geometry":{"type":"Point","coordinates":[75.4146,33.1215]}},{"type":"Feature","properties":{"kmh":27.8,"n":191},"geometry":{"type":"Point","coordinates":[75.4182,33.1215]}},{"type":"Feature","properties":{"kmh":32.4,"n":209},"geometry":{"type":"Point","coordinates":[75.4182,33.1185]}},{"type":"Feature","properties":{"kmh":44.6,"n":100},"geometry":{"type":"Point","coordinates":[75.4218,33.1185]}},{"type":"Feature","properties":{"kmh":35.7,"n":120},"geometry":{"type":"Point","coordinates":[75.4218,33.1215]}},{"type":"Feature","properties":{"kmh":34.0,"n":211},"geometry":{"type":"Point","coordinates":[75.4254,33.1215]}},{"type":"Feature","properties":{"kmh":33.8,"n":276},"geometry":{"type":"Point","coordinates":[75.429,33.1215]}},{"type":"Feature","properties":{"kmh":34.0,"n":82},"geometry":{"type":"Point","coordinates":[75.4326,33.1215]}},{"type":"Feature","properties":{"kmh":43.3,"n":119},"geometry":{"type":"Point","coordinates":[75.429,33.1245]}},{"type":"Feature","properties":{"kmh":41.9,"n":141},"geometry":{"type":"Point","coordinates":[75.4326,33.1275]}},{"type":"Feature","properties":{"kmh":41.9,"n":157},"geometry":{"type":"Point","coordinates":[75.4362,33.1275]}},{"type":"Feature","properties":{"kmh":30.1,"n":62},"geometry":{"type":"Point","coordinates":[75.4362,33.1305]}},{"type":"Feature","properties":{"kmh":44.9,"n":120},"geometry":{"type":"Point","coordinates":[75.4398,33.1305]}},{"type":"Feature","properties":{"kmh":38.1,"n":225},"geometry":{"type":"Point","coordinates":[75.4398,33.1335]}},{"type":"Feature","properties":{"kmh":45.2,"n":63},"geometry":{"type":"Point","coordinates":[75.4434,33.1335]}},{"type":"Feature","properties":{"kmh":47.6,"n":75},"geometry":{"type":"Point","coordinates":[75.4434,33.1365]}},{"type":"Feature","properties":{"kmh":38.8,"n":260},"geometry":{"type":"Point","coordinates":[75.447,33.1335]}},{"type":"Feature","properties":{"kmh":31.3,"n":311},"geometry":{"type":"Point","coordinates":[75.4506,33.1305]}},{"type":"Feature","properties":{"kmh":37.3,"n":181},"geometry":{"type":"Point","coordinates":[75.447,33.1305]}},{"type":"Feature","properties":{"kmh":42.5,"n":287},"geometry":{"type":"Point","coordinates":[75.447,33.1275]}},{"type":"Feature","properties":{"kmh":37.6,"n":349},"geometry":{"type":"Point","coordinates":[75.447,33.1245]}},{"type":"Feature","properties":{"kmh":20.4,"n":138},"geometry":{"type":"Point","coordinates":[75.447,33.1215]}},{"type":"Feature","properties":{"kmh":24.6,"n":155},"geometry":{"type":"Point","coordinates":[75.4542,33.1305]}},{"type":"Feature","properties":{"kmh":36.9,"n":177},"geometry":{"type":"Point","coordinates":[75.4542,33.1335]}},{"type":"Feature","properties":{"kmh":33.1,"n":113},"geometry":{"type":"Point","coordinates":[75.4542,33.1365]}},{"type":"Feature","properties":{"kmh":37.4,"n":168},"geometry":{"type":"Point","coordinates":[75.4578,33.1365]}},{"type":"Feature","properties":{"kmh":43.5,"n":63},"geometry":{"type":"Point","coordinates":[75.4614,33.1365]}},{"type":"Feature","properties":{"kmh":45.0,"n":70},"geometry":{"type":"Point","coordinates":[75.4614,33.1335]}},{"type":"Feature","properties":{"kmh":41.9,"n":136},"geometry":{"type":"Point","coordinates":[75.465,33.1365]}},{"type":"Feature","properties":{"kmh":31.2,"n":139},"geometry":{"type":"Point","coordinates":[75.4686,33.1365]}},{"type":"Feature","properties":{"kmh":34.8,"n":172},"geometry":{"type":"Point","coordinates":[75.4686,33.1335]}},{"type":"Feature","properties":{"kmh":33.4,"n":223},"geometry":{"type":"Point","coordinates":[75.4722,33.1365]}},{"type":"Feature","properties":{"kmh":28.6,"n":109},"geometry":{"type":"Point","coordinates":[75.4758,33.1365]}},{"type":"Feature","properties":{"kmh":42.3,"n":88},"geometry":{"type":"Point","coordinates":[75.4758,33.1395]}},{"type":"Feature","properties":{"kmh":38.8,"n":113},"geometry":{"type":"Point","coordinates":[75.4794,33.1395]}},{"type":"Feature","properties":{"kmh":41.2,"n":154},"geometry":{"type":"Point","coordinates":[75.4794,33.1365]}},{"type":"Feature","properties":{"kmh":33.0,"n":355},"geometry":{"type":"Point","coordinates":[75.4794,33.1335]}},{"type":"Feature","properties":{"kmh":25.9,"n":88},"geometry":{"type":"Point","coordinates":[75.4794,33.1305]}},{"type":"Feature","properties":{"kmh":35.3,"n":64},"geometry":{"type":"Point","coordinates":[75.483,33.1335]}},{"type":"Feature","properties":{"kmh":40.3,"n":157},"geometry":{"type":"Point","coordinates":[75.483,33.1365]}},{"type":"Feature","properties":{"kmh":40.8,"n":194},"geometry":{"type":"Point","coordinates":[75.4866,33.1365]}},{"type":"Feature","properties":{"kmh":20.8,"n":178},"geometry":{"type":"Point","coordinates":[75.4902,33.1365]}},{"type":"Feature","properties":{"kmh":27.7,"n":81},"geometry":{"type":"Point","coordinates":[75.4902,33.1395]}},{"type":"Feature","properties":{"kmh":18.0,"n":397},"geometry":{"type":"Point","coordinates":[75.4938,33.1365]}},{"type":"Feature","properties":{"kmh":39.2,"n":120},"geometry":{"type":"Point","coordinates":[75.4974,33.1365]}},{"type":"Feature","properties":{"kmh":35.7,"n":92},"geometry":{"type":"Point","coordinates":[75.4974,33.1335]}},{"type":"Feature","properties":{"kmh":31.4,"n":174},"geometry":{"type":"Point","coordinates":[75.501,33.1335]}},{"type":"Feature","properties":{"kmh":38.7,"n":195},"geometry":{"type":"Point","coordinates":[75.501,33.1365]}},{"type":"Feature","properties":{"kmh":33.7,"n":113},"geometry":{"type":"Point","coordinates":[75.4974,33.1395]}},{"type":"Feature","properties":{"kmh":37.4,"n":185},"geometry":{"type":"Point","coordinates":[75.501,33.1395]}},{"type":"Feature","properties":{"kmh":33.9,"n":222},"geometry":{"type":"Point","coordinates":[75.5046,33.1395]}},{"type":"Feature","properties":{"kmh":40.0,"n":201},"geometry":{"type":"Point","coordinates":[75.5082,33.1395]}},{"type":"Feature","properties":{"kmh":27.8,"n":249},"geometry":{"type":"Point","coordinates":[75.5118,33.1395]}},{"type":"Feature","properties":{"kmh":16.9,"n":263},"geometry":{"type":"Point","coordinates":[75.5154,33.1395]}},{"type":"Feature","properties":{"kmh":30.3,"n":418},"geometry":{"type":"Point","coordinates":[75.519,33.1365]}},{"type":"Feature","properties":{"kmh":26.7,"n":383},"geometry":{"type":"Point","coordinates":[75.519,33.1335]}},{"type":"Feature","properties":{"kmh":26.1,"n":277},"geometry":{"type":"Point","coordinates":[75.5154,33.1335]}},{"type":"Feature","properties":{"kmh":27.1,"n":213},"geometry":{"type":"Point","coordinates":[75.5226,33.1365]}},{"type":"Feature","properties":{"kmh":35.4,"n":154},"geometry":{"type":"Point","coordinates":[75.5226,33.1395]}},{"type":"Feature","properties":{"kmh":33.8,"n":157},"geometry":{"type":"Point","coordinates":[75.5262,33.1395]}},{"type":"Feature","properties":{"kmh":36.0,"n":157},"geometry":{"type":"Point","coordinates":[75.5298,33.1395]}},{"type":"Feature","properties":{"kmh":32.0,"n":75},"geometry":{"type":"Point","coordinates":[75.5334,33.1395]}},{"type":"Feature","properties":{"kmh":20.3,"n":272},"geometry":{"type":"Point","coordinates":[75.5334,33.1365]}},{"type":"Feature","properties":{"kmh":12.4,"n":99},"geometry":{"type":"Point","coordinates":[75.537,33.1365]}},{"type":"Feature","properties":{"kmh":16.9,"n":270},"geometry":{"type":"Point","coordinates":[75.537,33.1335]}},{"type":"Feature","properties":{"kmh":44.2,"n":99},"geometry":{"type":"Point","coordinates":[75.5406,33.1335]}},{"type":"Feature","properties":{"kmh":42.2,"n":110},"geometry":{"type":"Point","coordinates":[75.5442,33.1335]}},{"type":"Feature","properties":{"kmh":38.8,"n":101},"geometry":{"type":"Point","coordinates":[75.5478,33.1335]}},{"type":"Feature","properties":{"kmh":52.4,"n":95},"geometry":{"type":"Point","coordinates":[75.5514,33.1365]}},{"type":"Feature","properties":{"kmh":42.1,"n":127},"geometry":{"type":"Point","coordinates":[75.555,33.1365]}},{"type":"Feature","properties":{"kmh":13.9,"n":180},"geometry":{"type":"Point","coordinates":[75.5586,33.1365]}},{"type":"Feature","properties":{"kmh":24.8,"n":253},"geometry":{"type":"Point","coordinates":[75.5586,33.1395]}},{"type":"Feature","properties":{"kmh":29.0,"n":54},"geometry":{"type":"Point","coordinates":[75.627,33.1275]}},{"type":"Feature","properties":{"kmh":16.7,"n":345},"geometry":{"type":"Point","coordinates":[75.1986,33.1155]}},{"type":"Feature","properties":{"kmh":20.3,"n":501},"geometry":{"type":"Point","coordinates":[75.195,33.1125]}},{"type":"Feature","properties":{"kmh":18.1,"n":377},"geometry":{"type":"Point","coordinates":[75.195,33.1095]}},{"type":"Feature","properties":{"kmh":19.0,"n":401},"geometry":{"type":"Point","coordinates":[75.1986,33.1095]}},{"type":"Feature","properties":{"kmh":21.1,"n":264},"geometry":{"type":"Point","coordinates":[75.1986,33.1065]}},{"type":"Feature","properties":{"kmh":11.9,"n":335},"geometry":{"type":"Point","coordinates":[75.2022,33.1065]}},{"type":"Feature","properties":{"kmh":14.6,"n":794},"geometry":{"type":"Point","coordinates":[75.2022,33.1035]}},{"type":"Feature","properties":{"kmh":22.3,"n":335},"geometry":{"type":"Point","coordinates":[75.1986,33.1035]}},{"type":"Feature","properties":{"kmh":17.9,"n":91},"geometry":{"type":"Point","coordinates":[75.1986,33.1005]}},{"type":"Feature","properties":{"kmh":27.4,"n":284},"geometry":{"type":"Point","coordinates":[75.195,33.1035]}},{"type":"Feature","properties":{"kmh":26.7,"n":294},"geometry":{"type":"Point","coordinates":[75.1914,33.1035]}},{"type":"Feature","properties":{"kmh":16.3,"n":514},"geometry":{"type":"Point","coordinates":[75.1878,33.1035]}},{"type":"Feature","properties":{"kmh":10.5,"n":565},"geometry":{"type":"Point","coordinates":[75.1878,33.1005]}},{"type":"Feature","properties":{"kmh":10.6,"n":746},"geometry":{"type":"Point","coordinates":[75.1842,33.1005]}},{"type":"Feature","properties":{"kmh":13.4,"n":502},"geometry":{"type":"Point","coordinates":[75.1806,33.1005]}},{"type":"Feature","properties":{"kmh":17.0,"n":543},"geometry":{"type":"Point","coordinates":[75.1842,33.0975]}},{"type":"Feature","properties":{"kmh":16.0,"n":522},"geometry":{"type":"Point","coordinates":[75.1842,33.0945]}},{"type":"Feature","properties":{"kmh":12.8,"n":263},"geometry":{"type":"Point","coordinates":[75.1842,33.0915]}},{"type":"Feature","properties":{"kmh":14.8,"n":427},"geometry":{"type":"Point","coordinates":[75.1878,33.0915]}},{"type":"Feature","properties":{"kmh":15.2,"n":644},"geometry":{"type":"Point","coordinates":[75.1878,33.0885]}},{"type":"Feature","properties":{"kmh":15.0,"n":153},"geometry":{"type":"Point","coordinates":[75.1878,33.0855]}},{"type":"Feature","properties":{"kmh":14.1,"n":666},"geometry":{"type":"Point","coordinates":[75.1914,33.0855]}},{"type":"Feature","properties":{"kmh":16.1,"n":364},"geometry":{"type":"Point","coordinates":[75.1914,33.0825]}},{"type":"Feature","properties":{"kmh":18.9,"n":390},"geometry":{"type":"Point","coordinates":[75.1878,33.0825]}},{"type":"Feature","properties":{"kmh":22.8,"n":380},"geometry":{"type":"Point","coordinates":[75.1842,33.0825]}},{"type":"Feature","properties":{"kmh":19.7,"n":158},"geometry":{"type":"Point","coordinates":[75.1842,33.0795]}},{"type":"Feature","properties":{"kmh":17.1,"n":210},"geometry":{"type":"Point","coordinates":[75.1806,33.0795]}},{"type":"Feature","properties":{"kmh":20.6,"n":379},"geometry":{"type":"Point","coordinates":[75.1806,33.0825]}},{"type":"Feature","properties":{"kmh":27.7,"n":121},"geometry":{"type":"Point","coordinates":[75.1806,33.0855]}},{"type":"Feature","properties":{"kmh":18.9,"n":380},"geometry":{"type":"Point","coordinates":[75.177,33.0855]}},{"type":"Feature","properties":{"kmh":12.9,"n":107},"geometry":{"type":"Point","coordinates":[75.1734,33.0825]}},{"type":"Feature","properties":{"kmh":27.9,"n":361},"geometry":{"type":"Point","coordinates":[75.1734,33.0855]}},{"type":"Feature","properties":{"kmh":31.3,"n":271},"geometry":{"type":"Point","coordinates":[75.1698,33.0885]}},{"type":"Feature","properties":{"kmh":27.2,"n":130},"geometry":{"type":"Point","coordinates":[75.1698,33.0855]}},{"type":"Feature","properties":{"kmh":19.3,"n":419},"geometry":{"type":"Point","coordinates":[75.1662,33.0855]}},{"type":"Feature","properties":{"kmh":15.8,"n":144},"geometry":{"type":"Point","coordinates":[75.1662,33.0825]}},{"type":"Feature","properties":{"kmh":16.9,"n":499},"geometry":{"type":"Point","coordinates":[75.1626,33.0855]}},{"type":"Feature","properties":{"kmh":19.3,"n":210},"geometry":{"type":"Point","coordinates":[75.1626,33.0885]}},{"type":"Feature","properties":{"kmh":30.5,"n":415},"geometry":{"type":"Point","coordinates":[75.159,33.0885]}},{"type":"Feature","properties":{"kmh":13.3,"n":196},"geometry":{"type":"Point","coordinates":[75.159,33.0915]}},{"type":"Feature","properties":{"kmh":30.9,"n":77},"geometry":{"type":"Point","coordinates":[75.1554,33.0885]}},{"type":"Feature","properties":{"kmh":22.4,"n":335},"geometry":{"type":"Point","coordinates":[75.1554,33.0855]}},{"type":"Feature","properties":{"kmh":31.0,"n":51},"geometry":{"type":"Point","coordinates":[75.1518,33.0855]}},{"type":"Feature","properties":{"kmh":21.7,"n":286},"geometry":{"type":"Point","coordinates":[75.1518,33.0825]}},{"type":"Feature","properties":{"kmh":23.1,"n":335},"geometry":{"type":"Point","coordinates":[75.1518,33.0795]}},{"type":"Feature","properties":{"kmh":16.8,"n":268},"geometry":{"type":"Point","coordinates":[75.1518,33.0765]}},{"type":"Feature","properties":{"kmh":17.5,"n":292},"geometry":{"type":"Point","coordinates":[75.1482,33.0765]}},{"type":"Feature","properties":{"kmh":16.5,"n":225},"geometry":{"type":"Point","coordinates":[75.1482,33.0795]}},{"type":"Feature","properties":{"kmh":13.2,"n":626},"geometry":{"type":"Point","coordinates":[75.1446,33.0795]}},{"type":"Feature","properties":{"kmh":16.1,"n":434},"geometry":{"type":"Point","coordinates":[75.141,33.0795]}},{"type":"Feature","properties":{"kmh":8.0,"n":527},"geometry":{"type":"Point","coordinates":[75.1374,33.0795]}},{"type":"Feature","properties":{"kmh":12.7,"n":699},"geometry":{"type":"Point","coordinates":[75.1374,33.0765]}},{"type":"Feature","properties":{"kmh":20.1,"n":497},"geometry":{"type":"Point","coordinates":[75.1374,33.0735]}},{"type":"Feature","properties":{"kmh":21.8,"n":689},"geometry":{"type":"Point","coordinates":[75.141,33.0705]}},{"type":"Feature","properties":{"kmh":19.9,"n":439},"geometry":{"type":"Point","coordinates":[75.1446,33.0705]}},{"type":"Feature","properties":{"kmh":24.8,"n":144},"geometry":{"type":"Point","coordinates":[75.1446,33.0675]}},{"type":"Feature","properties":{"kmh":22.4,"n":515},"geometry":{"type":"Point","coordinates":[75.1482,33.0675]}},{"type":"Feature","properties":{"kmh":26.4,"n":324},"geometry":{"type":"Point","coordinates":[75.1518,33.0675]}},{"type":"Feature","properties":{"kmh":21.0,"n":91},"geometry":{"type":"Point","coordinates":[75.1554,33.0675]}},{"type":"Feature","properties":{"kmh":15.1,"n":662},"geometry":{"type":"Point","coordinates":[75.1554,33.0645]}},{"type":"Feature","properties":{"kmh":24.5,"n":247},"geometry":{"type":"Point","coordinates":[75.1554,33.0615]}},{"type":"Feature","properties":{"kmh":25.8,"n":109},"geometry":{"type":"Point","coordinates":[75.159,33.0615]}},{"type":"Feature","properties":{"kmh":17.2,"n":582},"geometry":{"type":"Point","coordinates":[75.159,33.0585]}},{"type":"Feature","properties":{"kmh":22.4,"n":381},"geometry":{"type":"Point","coordinates":[75.159,33.0555]}},{"type":"Feature","properties":{"kmh":14.4,"n":404},"geometry":{"type":"Point","coordinates":[75.159,33.0525]}},{"type":"Feature","properties":{"kmh":20.7,"n":492},"geometry":{"type":"Point","coordinates":[75.1554,33.0525]}},{"type":"Feature","properties":{"kmh":20.7,"n":91},"geometry":{"type":"Point","coordinates":[75.1518,33.0525]}},{"type":"Feature","properties":{"kmh":16.6,"n":667},"geometry":{"type":"Point","coordinates":[75.1518,33.0495]}},{"type":"Feature","properties":{"kmh":19.6,"n":318},"geometry":{"type":"Point","coordinates":[75.1482,33.0495]}},{"type":"Feature","properties":{"kmh":18.7,"n":229},"geometry":{"type":"Point","coordinates":[75.1482,33.0465]}},{"type":"Feature","properties":{"kmh":21.3,"n":462},"geometry":{"type":"Point","coordinates":[75.1446,33.0465]}},{"type":"Feature","properties":{"kmh":18.7,"n":82},"geometry":{"type":"Point","coordinates":[75.141,33.0465]}},{"type":"Feature","properties":{"kmh":13.7,"n":729},"geometry":{"type":"Point","coordinates":[75.141,33.0435]}},{"type":"Feature","properties":{"kmh":12.9,"n":737},"geometry":{"type":"Point","coordinates":[75.141,33.0405]}},{"type":"Feature","properties":{"kmh":22.7,"n":449},"geometry":{"type":"Point","coordinates":[75.1374,33.0405]}},{"type":"Feature","properties":{"kmh":24.8,"n":200},"geometry":{"type":"Point","coordinates":[75.1374,33.0375]}},{"type":"Feature","properties":{"kmh":23.3,"n":280},"geometry":{"type":"Point","coordinates":[75.1338,33.0375]}},{"type":"Feature","properties":{"kmh":21.2,"n":419},"geometry":{"type":"Point","coordinates":[75.1338,33.0345]}},{"type":"Feature","properties":{"kmh":19.8,"n":264},"geometry":{"type":"Point","coordinates":[75.1302,33.0345]}},{"type":"Feature","properties":{"kmh":26.5,"n":546},"geometry":{"type":"Point","coordinates":[75.1302,33.0315]}},{"type":"Feature","properties":{"kmh":18.5,"n":509},"geometry":{"type":"Point","coordinates":[75.1266,33.0285]}},{"type":"Feature","properties":{"kmh":27.9,"n":175},"geometry":{"type":"Point","coordinates":[75.123,33.0285]}},{"type":"Feature","properties":{"kmh":25.0,"n":384},"geometry":{"type":"Point","coordinates":[75.123,33.0255]}},{"type":"Feature","properties":{"kmh":20.8,"n":135},"geometry":{"type":"Point","coordinates":[75.1194,33.0255]}},{"type":"Feature","properties":{"kmh":23.8,"n":375},"geometry":{"type":"Point","coordinates":[75.1194,33.0225]}},{"type":"Feature","properties":{"kmh":22.9,"n":615},"geometry":{"type":"Point","coordinates":[75.123,33.0195]}},{"type":"Feature","properties":{"kmh":25.2,"n":277},"geometry":{"type":"Point","coordinates":[75.123,33.0165]}},{"type":"Feature","properties":{"kmh":25.5,"n":208},"geometry":{"type":"Point","coordinates":[75.1266,33.0165]}},{"type":"Feature","properties":{"kmh":22.8,"n":1051},"geometry":{"type":"Point","coordinates":[75.1266,33.0135]}},{"type":"Feature","properties":{"kmh":22.7,"n":647},"geometry":{"type":"Point","coordinates":[75.1302,33.0135]}},{"type":"Feature","properties":{"kmh":20.7,"n":223},"geometry":{"type":"Point","coordinates":[75.1338,33.0135]}},{"type":"Feature","properties":{"kmh":16.0,"n":61},"geometry":{"type":"Point","coordinates":[75.1338,33.0105]}},{"type":"Feature","properties":{"kmh":20.1,"n":389},"geometry":{"type":"Point","coordinates":[75.1302,33.0105]}},{"type":"Feature","properties":{"kmh":14.1,"n":583},"geometry":{"type":"Point","coordinates":[75.1266,33.0105]}},{"type":"Feature","properties":{"kmh":20.7,"n":484},"geometry":{"type":"Point","coordinates":[75.123,33.0105]}},{"type":"Feature","properties":{"kmh":22.5,"n":79},"geometry":{"type":"Point","coordinates":[74.8746,32.7195]}},{"type":"Feature","properties":{"kmh":29.4,"n":88},"geometry":{"type":"Point","coordinates":[74.8782,32.7195]}},{"type":"Feature","properties":{"kmh":40.9,"n":50},"geometry":{"type":"Point","coordinates":[74.8818,32.7195]}},{"type":"Feature","properties":{"kmh":35.4,"n":56},"geometry":{"type":"Point","coordinates":[74.8854,32.7195]}},{"type":"Feature","properties":{"kmh":18.8,"n":55},"geometry":{"type":"Point","coordinates":[75.1482,32.9325]}},{"type":"Feature","properties":{"kmh":26.7,"n":78},"geometry":{"type":"Point","coordinates":[75.5478,33.1365]}},{"type":"Feature","properties":{"kmh":28.1,"n":64},"geometry":{"type":"Point","coordinates":[75.5586,33.1425]}},{"type":"Feature","properties":{"kmh":14.5,"n":76},"geometry":{"type":"Point","coordinates":[74.7666,34.2135]}},{"type":"Feature","properties":{"kmh":27.3,"n":45},"geometry":{"type":"Point","coordinates":[74.763,34.2165]}},{"type":"Feature","properties":{"kmh":25.2,"n":45},"geometry":{"type":"Point","coordinates":[74.7414,34.2375]}},{"type":"Feature","properties":{"kmh":9.0,"n":1155},"geometry":{"type":"Point","coordinates":[74.7414,34.0335]}},{"type":"Feature","properties":{"kmh":25.6,"n":73},"geometry":{"type":"Point","coordinates":[74.799,34.1475]}},{"type":"Feature","properties":{"kmh":12.4,"n":182},"geometry":{"type":"Point","coordinates":[74.799,34.1505]}},{"type":"Feature","properties":{"kmh":34.1,"n":61},"geometry":{"type":"Point","coordinates":[75.555,33.1395]}},{"type":"Feature","properties":{"kmh":34.6,"n":59},"geometry":{"type":"Point","coordinates":[75.5514,33.1395]}},{"type":"Feature","properties":{"kmh":39.8,"n":49},"geometry":{"type":"Point","coordinates":[75.5442,33.1365]}},{"type":"Feature","properties":{"kmh":40.6,"n":46},"geometry":{"type":"Point","coordinates":[75.5406,33.1365]}},{"type":"Feature","properties":{"kmh":27.1,"n":216},"geometry":{"type":"Point","coordinates":[75.537,33.1395]}},{"type":"Feature","properties":{"kmh":27.3,"n":195},"geometry":{"type":"Point","coordinates":[75.537,33.1425]}},{"type":"Feature","properties":{"kmh":29.9,"n":237},"geometry":{"type":"Point","coordinates":[75.5334,33.1425]}},{"type":"Feature","properties":{"kmh":16.1,"n":48},"geometry":{"type":"Point","coordinates":[75.5406,33.1425]}},{"type":"Feature","properties":{"kmh":22.5,"n":186},"geometry":{"type":"Point","coordinates":[75.5406,33.1395]}},{"type":"Feature","properties":{"kmh":19.4,"n":313},"geometry":{"type":"Point","coordinates":[75.5442,33.1395]}},{"type":"Feature","properties":{"kmh":14.3,"n":158},"geometry":{"type":"Point","coordinates":[75.5442,33.1425]}},{"type":"Feature","properties":{"kmh":36.6,"n":54},"geometry":{"type":"Point","coordinates":[75.5766,33.1125]}},{"type":"Feature","properties":{"kmh":35.6,"n":47},"geometry":{"type":"Point","coordinates":[75.5766,33.1095]}},{"type":"Feature","properties":{"kmh":38.8,"n":49},"geometry":{"type":"Point","coordinates":[75.5766,33.1065]}},{"type":"Feature","properties":{"kmh":32.4,"n":56},"geometry":{"type":"Point","coordinates":[75.5802,33.1005]}},{"type":"Feature","properties":{"kmh":33.4,"n":71},"geometry":{"type":"Point","coordinates":[75.5802,33.0975]}},{"type":"Feature","properties":{"kmh":31.0,"n":59},"geometry":{"type":"Point","coordinates":[75.5802,33.0945]}},{"type":"Feature","properties":{"kmh":31.4,"n":72},"geometry":{"type":"Point","coordinates":[75.5838,33.0945]}},{"type":"Feature","properties":{"kmh":36.0,"n":60},"geometry":{"type":"Point","coordinates":[75.5874,33.0915]}},{"type":"Feature","properties":{"kmh":33.8,"n":63},"geometry":{"type":"Point","coordinates":[75.591,33.0885]}},{"type":"Feature","properties":{"kmh":38.4,"n":58},"geometry":{"type":"Point","coordinates":[75.5946,33.0855]}},{"type":"Feature","properties":{"kmh":46.9,"n":44},"geometry":{"type":"Point","coordinates":[75.6018,33.0795]}},{"type":"Feature","properties":{"kmh":43.8,"n":50},"geometry":{"type":"Point","coordinates":[75.6054,33.0765]}},{"type":"Feature","properties":{"kmh":43.7,"n":45},"geometry":{"type":"Point","coordinates":[75.609,33.0735]}},{"type":"Feature","properties":{"kmh":28.2,"n":68},"geometry":{"type":"Point","coordinates":[75.609,33.0705]}},{"type":"Feature","properties":{"kmh":20.3,"n":54},"geometry":{"type":"Point","coordinates":[75.6126,33.0705]}},{"type":"Feature","properties":{"kmh":13.3,"n":138},"geometry":{"type":"Point","coordinates":[75.6126,33.0675]}},{"type":"Feature","properties":{"kmh":10.2,"n":42},"geometry":{"type":"Point","coordinates":[75.5442,33.1455]}},{"type":"Feature","properties":{"kmh":24.0,"n":69},"geometry":{"type":"Point","coordinates":[75.7134,32.9925]}},{"type":"Feature","properties":{"kmh":21.7,"n":76},"geometry":{"type":"Point","coordinates":[75.7098,32.9925]}},{"type":"Feature","properties":{"kmh":26.6,"n":44},"geometry":{"type":"Point","coordinates":[75.7062,32.9955]}},{"type":"Feature","properties":{"kmh":27.3,"n":47},"geometry":{"type":"Point","coordinates":[75.7026,32.9955]}},{"type":"Feature","properties":{"kmh":22.8,"n":68},"geometry":{"type":"Point","coordinates":[75.699,32.9985]}},{"type":"Feature","properties":{"kmh":28.0,"n":52},"geometry":{"type":"Point","coordinates":[75.6954,33.0015]}},{"type":"Feature","properties":{"kmh":27.0,"n":61},"geometry":{"type":"Point","coordinates":[75.6954,33.0045]}},{"type":"Feature","properties":{"kmh":37.8,"n":48},"geometry":{"type":"Point","coordinates":[75.6954,33.0075]}},{"type":"Feature","properties":{"kmh":28.7,"n":53},"geometry":{"type":"Point","coordinates":[75.6954,33.0105]}},{"type":"Feature","properties":{"kmh":38.7,"n":49},"geometry":{"type":"Point","coordinates":[75.6846,33.0135]}},{"type":"Feature","properties":{"kmh":38.4,"n":42},"geometry":{"type":"Point","coordinates":[75.681,33.0135]}},{"type":"Feature","properties":{"kmh":44.1,"n":40},"geometry":{"type":"Point","coordinates":[75.6738,33.0165]}},{"type":"Feature","properties":{"kmh":42.5,"n":42},"geometry":{"type":"Point","coordinates":[75.6666,33.0195]}},{"type":"Feature","properties":{"kmh":38.0,"n":47},"geometry":{"type":"Point","coordinates":[75.663,33.0195]}},{"type":"Feature","properties":{"kmh":38.4,"n":50},"geometry":{"type":"Point","coordinates":[75.6522,33.0405]}},{"type":"Feature","properties":{"kmh":30.7,"n":51},"geometry":{"type":"Point","coordinates":[75.6522,33.0435]}},{"type":"Feature","properties":{"kmh":26.7,"n":62},"geometry":{"type":"Point","coordinates":[75.6558,33.0465]}},{"type":"Feature","properties":{"kmh":31.0,"n":43},"geometry":{"type":"Point","coordinates":[75.6342,33.0555]}},{"type":"Feature","properties":{"kmh":45.9,"n":58},"geometry":{"type":"Point","coordinates":[75.6306,33.0555]}},{"type":"Feature","properties":{"kmh":37.0,"n":58},"geometry":{"type":"Point","coordinates":[75.627,33.0585]}},{"type":"Feature","properties":{"kmh":31.9,"n":45},"geometry":{"type":"Point","coordinates":[75.6162,33.0675]}},{"type":"Feature","properties":{"kmh":11.5,"n":269},"geometry":{"type":"Point","coordinates":[75.5154,33.1365]}},{"type":"Feature","properties":{"kmh":8.6,"n":202},"geometry":{"type":"Point","coordinates":[75.465,33.0345]}},{"type":"Feature","properties":{"kmh":12.0,"n":67},"geometry":{"type":"Point","coordinates":[75.4686,33.0345]}},{"type":"Feature","properties":{"kmh":12.7,"n":204},"geometry":{"type":"Point","coordinates":[75.4686,33.0375]}},{"type":"Feature","properties":{"kmh":17.2,"n":77},"geometry":{"type":"Point","coordinates":[75.4722,33.0375]}},{"type":"Feature","properties":{"kmh":14.0,"n":80},"geometry":{"type":"Point","coordinates":[75.4686,33.0405]}},{"type":"Feature","properties":{"kmh":11.4,"n":135},"geometry":{"type":"Point","coordinates":[75.4722,33.0435]}},{"type":"Feature","properties":{"kmh":12.0,"n":110},"geometry":{"type":"Point","coordinates":[75.4722,33.0465]}},{"type":"Feature","properties":{"kmh":18.9,"n":52},"geometry":{"type":"Point","coordinates":[75.4686,33.0465]}},{"type":"Feature","properties":{"kmh":9.4,"n":73},"geometry":{"type":"Point","coordinates":[75.4722,33.0495]}},{"type":"Feature","properties":{"kmh":9.4,"n":165},"geometry":{"type":"Point","coordinates":[75.4686,33.0495]}},{"type":"Feature","properties":{"kmh":9.1,"n":179},"geometry":{"type":"Point","coordinates":[75.4686,33.0525]}},{"type":"Feature","properties":{"kmh":16.9,"n":134},"geometry":{"type":"Point","coordinates":[75.4686,33.0555]}},{"type":"Feature","properties":{"kmh":18.7,"n":88},"geometry":{"type":"Point","coordinates":[75.4686,33.0585]}},{"type":"Feature","properties":{"kmh":22.3,"n":86},"geometry":{"type":"Point","coordinates":[75.465,33.0615]}},{"type":"Feature","properties":{"kmh":22.2,"n":163},"geometry":{"type":"Point","coordinates":[75.465,33.0645]}},{"type":"Feature","properties":{"kmh":18.0,"n":184},"geometry":{"type":"Point","coordinates":[75.4686,33.0645]}},{"type":"Feature","properties":{"kmh":11.8,"n":151},"geometry":{"type":"Point","coordinates":[75.4722,33.0645]}},{"type":"Feature","properties":{"kmh":17.6,"n":135},"geometry":{"type":"Point","coordinates":[75.4686,33.0675]}},{"type":"Feature","properties":{"kmh":20.9,"n":62},"geometry":{"type":"Point","coordinates":[75.465,33.0705]}},{"type":"Feature","properties":{"kmh":19.5,"n":93},"geometry":{"type":"Point","coordinates":[75.4614,33.0705]}},{"type":"Feature","properties":{"kmh":18.2,"n":62},"geometry":{"type":"Point","coordinates":[75.465,33.0735]}},{"type":"Feature","properties":{"kmh":23.5,"n":66},"geometry":{"type":"Point","coordinates":[75.4614,33.0735]}},{"type":"Feature","properties":{"kmh":16.8,"n":66},"geometry":{"type":"Point","coordinates":[75.4614,33.0765]}},{"type":"Feature","properties":{"kmh":17.8,"n":83},"geometry":{"type":"Point","coordinates":[75.465,33.0765]}},{"type":"Feature","properties":{"kmh":18.2,"n":78},"geometry":{"type":"Point","coordinates":[75.465,33.0795]}},{"type":"Feature","properties":{"kmh":13.3,"n":96},"geometry":{"type":"Point","coordinates":[75.4686,33.0795]}},{"type":"Feature","properties":{"kmh":16.5,"n":132},"geometry":{"type":"Point","coordinates":[75.465,33.0825]}},{"type":"Feature","properties":{"kmh":11.0,"n":205},"geometry":{"type":"Point","coordinates":[75.465,33.0855]}},{"type":"Feature","properties":{"kmh":12.5,"n":116},"geometry":{"type":"Point","coordinates":[75.4686,33.0855]}},{"type":"Feature","properties":{"kmh":13.1,"n":131},"geometry":{"type":"Point","coordinates":[75.4722,33.0855]}},{"type":"Feature","properties":{"kmh":19.3,"n":104},"geometry":{"type":"Point","coordinates":[75.4722,33.0885]}},{"type":"Feature","properties":{"kmh":12.1,"n":146},"geometry":{"type":"Point","coordinates":[75.4722,33.0915]}},{"type":"Feature","properties":{"kmh":23.2,"n":70},"geometry":{"type":"Point","coordinates":[75.4758,33.0945]}},{"type":"Feature","properties":{"kmh":22.1,"n":74},"geometry":{"type":"Point","coordinates":[75.4794,33.0945]}},{"type":"Feature","properties":{"kmh":15.2,"n":60},"geometry":{"type":"Point","coordinates":[75.483,33.0945]}},{"type":"Feature","properties":{"kmh":14.5,"n":129},"geometry":{"type":"Point","coordinates":[75.483,33.0975]}},{"type":"Feature","properties":{"kmh":16.0,"n":94},"geometry":{"type":"Point","coordinates":[75.4794,33.0975]}},{"type":"Feature","properties":{"kmh":16.7,"n":140},"geometry":{"type":"Point","coordinates":[75.4758,33.1005]}},{"type":"Feature","properties":{"kmh":21.1,"n":114},"geometry":{"type":"Point","coordinates":[75.4722,33.1005]}},{"type":"Feature","properties":{"kmh":24.9,"n":46},"geometry":{"type":"Point","coordinates":[75.4722,33.1035]}},{"type":"Feature","properties":{"kmh":12.4,"n":132},"geometry":{"type":"Point","coordinates":[75.4686,33.1035]}},{"type":"Feature","properties":{"kmh":19.7,"n":50},"geometry":{"type":"Point","coordinates":[75.465,33.1065]}},{"type":"Feature","properties":{"kmh":14.8,"n":100},"geometry":{"type":"Point","coordinates":[75.4686,33.1095]}},{"type":"Feature","properties":{"kmh":25.9,"n":77},"geometry":{"type":"Point","coordinates":[75.4722,33.1095]}},{"type":"Feature","properties":{"kmh":18.9,"n":80},"geometry":{"type":"Point","coordinates":[75.4758,33.1125]}},{"type":"Feature","properties":{"kmh":23.6,"n":91},"geometry":{"type":"Point","coordinates":[75.4722,33.1125]}},{"type":"Feature","properties":{"kmh":15.8,"n":51},"geometry":{"type":"Point","coordinates":[75.4722,33.1155]}},{"type":"Feature","properties":{"kmh":22.1,"n":102},"geometry":{"type":"Point","coordinates":[75.4686,33.1155]}},{"type":"Feature","properties":{"kmh":24.0,"n":71},"geometry":{"type":"Point","coordinates":[75.465,33.1185]}},{"type":"Feature","properties":{"kmh":19.8,"n":105},"geometry":{"type":"Point","coordinates":[75.465,33.1215]}},{"type":"Feature","properties":{"kmh":22.3,"n":57},"geometry":{"type":"Point","coordinates":[75.465,33.1245]}},{"type":"Feature","properties":{"kmh":25.5,"n":62},"geometry":{"type":"Point","coordinates":[75.4686,33.1245]}},{"type":"Feature","properties":{"kmh":26.5,"n":65},"geometry":{"type":"Point","coordinates":[75.4722,33.1245]}},{"type":"Feature","properties":{"kmh":27.3,"n":91},"geometry":{"type":"Point","coordinates":[75.4758,33.1245]}},{"type":"Feature","properties":{"kmh":28.6,"n":61},"geometry":{"type":"Point","coordinates":[75.4758,33.1275]}},{"type":"Feature","properties":{"kmh":24.3,"n":43},"geometry":{"type":"Point","coordinates":[75.4722,33.1275]}},{"type":"Feature","properties":{"kmh":29.3,"n":67},"geometry":{"type":"Point","coordinates":[75.4794,33.1215]}},{"type":"Feature","properties":{"kmh":30.9,"n":53},"geometry":{"type":"Point","coordinates":[75.483,33.1215]}},{"type":"Feature","properties":{"kmh":29.7,"n":48},"geometry":{"type":"Point","coordinates":[75.4866,33.1215]}},{"type":"Feature","properties":{"kmh":29.2,"n":76},"geometry":{"type":"Point","coordinates":[75.4866,33.1245]}},{"type":"Feature","properties":{"kmh":24.9,"n":77},"geometry":{"type":"Point","coordinates":[75.483,33.1275]}},{"type":"Feature","properties":{"kmh":30.8,"n":44},"geometry":{"type":"Point","coordinates":[75.483,33.1305]}},{"type":"Feature","properties":{"kmh":26.6,"n":62},"geometry":{"type":"Point","coordinates":[75.4866,33.1305]}},{"type":"Feature","properties":{"kmh":31.6,"n":60},"geometry":{"type":"Point","coordinates":[75.4902,33.1335]}},{"type":"Feature","properties":{"kmh":25.7,"n":79},"geometry":{"type":"Point","coordinates":[75.4938,33.1335]}},{"type":"Feature","properties":{"kmh":23.7,"n":59},"geometry":{"type":"Point","coordinates":[75.4974,33.1305]}},{"type":"Feature","properties":{"kmh":24.7,"n":93},"geometry":{"type":"Point","coordinates":[75.501,33.1305]}},{"type":"Feature","properties":{"kmh":21.0,"n":88},"geometry":{"type":"Point","coordinates":[75.5118,33.1365]}},{"type":"Feature","properties":{"kmh":35.7,"n":49},"geometry":{"type":"Point","coordinates":[75.1518,32.8515]}},{"type":"Feature","properties":{"kmh":21.9,"n":40},"geometry":{"type":"Point","coordinates":[75.2706,32.7825]}},{"type":"Feature","properties":{"kmh":25.8,"n":69},"geometry":{"type":"Point","coordinates":[75.3066,32.7945]}},{"type":"Feature","properties":{"kmh":29.7,"n":46},"geometry":{"type":"Point","coordinates":[75.3066,32.7975]}},{"type":"Feature","properties":{"kmh":22.4,"n":58},"geometry":{"type":"Point","coordinates":[75.3102,32.8005]}},{"type":"Feature","properties":{"kmh":20.4,"n":122},"geometry":{"type":"Point","coordinates":[75.3138,32.8035]}},{"type":"Feature","properties":{"kmh":13.4,"n":101},"geometry":{"type":"Point","coordinates":[75.3174,32.8065]}},{"type":"Feature","properties":{"kmh":8.2,"n":782},"geometry":{"type":"Point","coordinates":[75.3138,32.8065]}},{"type":"Feature","properties":{"kmh":16.3,"n":123},"geometry":{"type":"Point","coordinates":[75.321,33.1215]}},{"type":"Feature","properties":{"kmh":23.8,"n":158},"geometry":{"type":"Point","coordinates":[75.1914,33.1125]}},{"type":"Feature","properties":{"kmh":29.3,"n":242},"geometry":{"type":"Point","coordinates":[75.195,33.1155]}},{"type":"Feature","properties":{"kmh":14.8,"n":822},"geometry":{"type":"Point","coordinates":[75.1986,33.1185]}},{"type":"Feature","properties":{"kmh":24.3,"n":173},"geometry":{"type":"Point","coordinates":[75.195,33.1185]}},{"type":"Feature","properties":{"kmh":20.7,"n":81},"geometry":{"type":"Point","coordinates":[75.1914,33.1155]}},{"type":"Feature","properties":{"kmh":17.2,"n":421},"geometry":{"type":"Point","coordinates":[75.1914,33.1185]}},{"type":"Feature","properties":{"kmh":10.9,"n":857},"geometry":{"type":"Point","coordinates":[75.1878,33.1185]}},{"type":"Feature","properties":{"kmh":32.0,"n":157},"geometry":{"type":"Point","coordinates":[75.1842,33.1185]}},{"type":"Feature","properties":{"kmh":24.1,"n":367},"geometry":{"type":"Point","coordinates":[75.1842,33.1155]}},{"type":"Feature","properties":{"kmh":20.4,"n":240},"geometry":{"type":"Point","coordinates":[75.1806,33.1155]}},{"type":"Feature","properties":{"kmh":28.6,"n":176},"geometry":{"type":"Point","coordinates":[75.1806,33.1125]}},{"type":"Feature","properties":{"kmh":21.1,"n":422},"geometry":{"type":"Point","coordinates":[75.177,33.1125]}},{"type":"Feature","properties":{"kmh":22.4,"n":581},"geometry":{"type":"Point","coordinates":[75.1734,33.1125]}},{"type":"Feature","properties":{"kmh":18.9,"n":200},"geometry":{"type":"Point","coordinates":[75.1734,33.1155]}},{"type":"Feature","properties":{"kmh":16.9,"n":532},"geometry":{"type":"Point","coordinates":[75.1698,33.1155]}},{"type":"Feature","properties":{"kmh":17.6,"n":215},"geometry":{"type":"Point","coordinates":[75.1662,33.1155]}},{"type":"Feature","properties":{"kmh":20.5,"n":179},"geometry":{"type":"Point","coordinates":[75.1662,33.1185]}},{"type":"Feature","properties":{"kmh":23.0,"n":358},"geometry":{"type":"Point","coordinates":[75.1626,33.1185]}},{"type":"Feature","properties":{"kmh":32.5,"n":166},"geometry":{"type":"Point","coordinates":[75.1626,33.1215]}},{"type":"Feature","properties":{"kmh":33.7,"n":108},"geometry":{"type":"Point","coordinates":[75.159,33.1215]}},{"type":"Feature","properties":{"kmh":12.6,"n":685},"geometry":{"type":"Point","coordinates":[75.159,33.1245]}},{"type":"Feature","properties":{"kmh":9.5,"n":114},"geometry":{"type":"Point","coordinates":[75.159,33.1275]}},{"type":"Feature","properties":{"kmh":10.6,"n":172},"geometry":{"type":"Point","coordinates":[75.1626,33.1245]}},{"type":"Feature","properties":{"kmh":16.6,"n":579},"geometry":{"type":"Point","coordinates":[75.1626,33.1275]}},{"type":"Feature","properties":{"kmh":28.1,"n":146},"geometry":{"type":"Point","coordinates":[75.1626,33.1305]}},{"type":"Feature","properties":{"kmh":24.0,"n":149},"geometry":{"type":"Point","coordinates":[75.159,33.1305]}},{"type":"Feature","properties":{"kmh":21.1,"n":222},"geometry":{"type":"Point","coordinates":[75.159,33.1335]}},{"type":"Feature","properties":{"kmh":21.9,"n":87},"geometry":{"type":"Point","coordinates":[75.1626,33.1335]}},{"type":"Feature","properties":{"kmh":19.4,"n":655},"geometry":{"type":"Point","coordinates":[75.1626,33.1365]}},{"type":"Feature","properties":{"kmh":11.7,"n":289},"geometry":{"type":"Point","coordinates":[75.1626,33.1395]}},{"type":"Feature","properties":{"kmh":20.7,"n":270},"geometry":{"type":"Point","coordinates":[75.159,33.1395]}},{"type":"Feature","properties":{"kmh":24.6,"n":237},"geometry":{"type":"Point","coordinates":[75.159,33.1365]}},{"type":"Feature","properties":{"kmh":38.7,"n":199},"geometry":{"type":"Point","coordinates":[75.1554,33.1395]}},{"type":"Feature","properties":{"kmh":20.7,"n":436},"geometry":{"type":"Point","coordinates":[75.1554,33.1425]}},{"type":"Feature","properties":{"kmh":7.5,"n":54},"geometry":{"type":"Point","coordinates":[75.1554,33.1455]}},{"type":"Feature","properties":{"kmh":22.1,"n":599},"geometry":{"type":"Point","coordinates":[75.1518,33.1425]}},{"type":"Feature","properties":{"kmh":14.4,"n":104},"geometry":{"type":"Point","coordinates":[75.1518,33.1455]}},{"type":"Feature","properties":{"kmh":27.8,"n":291},"geometry":{"type":"Point","coordinates":[75.1518,33.1395]}},{"type":"Feature","properties":{"kmh":24.7,"n":384},"geometry":{"type":"Point","coordinates":[75.1518,33.1365]}},{"type":"Feature","properties":{"kmh":24.1,"n":242},"geometry":{"type":"Point","coordinates":[75.1518,33.1335]}},{"type":"Feature","properties":{"kmh":21.5,"n":242},"geometry":{"type":"Point","coordinates":[75.1482,33.1365]}},{"type":"Feature","properties":{"kmh":19.7,"n":322},"geometry":{"type":"Point","coordinates":[75.1446,33.1365]}},{"type":"Feature","properties":{"kmh":17.3,"n":191},"geometry":{"type":"Point","coordinates":[75.141,33.1335]}},{"type":"Feature","properties":{"kmh":17.2,"n":216},"geometry":{"type":"Point","coordinates":[75.1482,33.1395]}},{"type":"Feature","properties":{"kmh":17.9,"n":125},"geometry":{"type":"Point","coordinates":[75.1446,33.1425]}},{"type":"Feature","properties":{"kmh":16.6,"n":71},"geometry":{"type":"Point","coordinates":[75.1482,33.1425]}},{"type":"Feature","properties":{"kmh":25.0,"n":145},"geometry":{"type":"Point","coordinates":[75.1482,33.1455]}},{"type":"Feature","properties":{"kmh":17.6,"n":175},"geometry":{"type":"Point","coordinates":[75.1482,33.1485]}},{"type":"Feature","properties":{"kmh":7.9,"n":43},"geometry":{"type":"Point","coordinates":[75.1482,33.1515]}},{"type":"Feature","properties":{"kmh":19.1,"n":46},"geometry":{"type":"Point","coordinates":[75.141,33.0765]}},{"type":"Feature","properties":{"kmh":24.2,"n":184},"geometry":{"type":"Point","coordinates":[75.1482,33.1335]}},{"type":"Feature","properties":{"kmh":20.8,"n":46},"geometry":{"type":"Point","coordinates":[75.3138,32.8095]}},{"type":"Feature","properties":{"kmh":19.0,"n":256},"geometry":{"type":"Point","coordinates":[75.1086,33.1365]}},{"type":"Feature","properties":{"kmh":19.5,"n":87},"geometry":{"type":"Point","coordinates":[75.1122,33.1365]}},{"type":"Feature","properties":{"kmh":23.5,"n":150},"geometry":{"type":"Point","coordinates":[75.1086,33.1335]}},{"type":"Feature","properties":{"kmh":25.6,"n":106},"geometry":{"type":"Point","coordinates":[75.1086,33.1305]}},{"type":"Feature","properties":{"kmh":24.5,"n":168},"geometry":{"type":"Point","coordinates":[75.1122,33.1305]}},{"type":"Feature","properties":{"kmh":26.0,"n":83},"geometry":{"type":"Point","coordinates":[75.1122,33.1275]}},{"type":"Feature","properties":{"kmh":15.2,"n":295},"geometry":{"type":"Point","coordinates":[75.1158,33.1275]}},{"type":"Feature","properties":{"kmh":12.9,"n":306},"geometry":{"type":"Point","coordinates":[75.1194,33.1275]}},{"type":"Feature","properties":{"kmh":22.9,"n":137},"geometry":{"type":"Point","coordinates":[75.123,33.1275]}},{"type":"Feature","properties":{"kmh":22.0,"n":76},"geometry":{"type":"Point","coordinates":[75.123,33.1305]}},{"type":"Feature","properties":{"kmh":19.9,"n":239},"geometry":{"type":"Point","coordinates":[75.1266,33.1305]}},{"type":"Feature","properties":{"kmh":19.4,"n":168},"geometry":{"type":"Point","coordinates":[75.1302,33.1305]}},{"type":"Feature","properties":{"kmh":12.6,"n":296},"geometry":{"type":"Point","coordinates":[75.1302,33.1335]}},{"type":"Feature","properties":{"kmh":18.2,"n":54},"geometry":{"type":"Point","coordinates":[75.1338,33.1335]}},{"type":"Feature","properties":{"kmh":13.7,"n":285},"geometry":{"type":"Point","coordinates":[75.1338,33.1305]}},{"type":"Feature","properties":{"kmh":28.0,"n":132},"geometry":{"type":"Point","coordinates":[75.1302,33.1275]}},{"type":"Feature","properties":{"kmh":27.7,"n":110},"geometry":{"type":"Point","coordinates":[75.1302,33.1245]}},{"type":"Feature","properties":{"kmh":30.1,"n":148},"geometry":{"type":"Point","coordinates":[75.1338,33.1245]}},{"type":"Feature","properties":{"kmh":22.3,"n":129},"geometry":{"type":"Point","coordinates":[75.1374,33.1245]}},{"type":"Feature","properties":{"kmh":22.1,"n":80},"geometry":{"type":"Point","coordinates":[75.1374,33.1275]}},{"type":"Feature","properties":{"kmh":15.9,"n":309},"geometry":{"type":"Point","coordinates":[75.141,33.1275]}},{"type":"Feature","properties":{"kmh":14.8,"n":187},"geometry":{"type":"Point","coordinates":[75.141,33.1305]}},{"type":"Feature","properties":{"kmh":13.4,"n":72},"geometry":{"type":"Point","coordinates":[75.1446,33.1275]}},{"type":"Feature","properties":{"kmh":30.4,"n":148},"geometry":{"type":"Point","coordinates":[75.1446,33.1305]}},{"type":"Feature","properties":{"kmh":28.7,"n":82},"geometry":{"type":"Point","coordinates":[75.1482,33.1305]}},{"type":"Feature","properties":{"kmh":25.9,"n":139},"geometry":{"type":"Point","coordinates":[75.1554,33.1335]}},{"type":"Feature","properties":{"kmh":18.9,"n":50},"geometry":{"type":"Point","coordinates":[75.1086,33.1395]}},{"type":"Feature","properties":{"kmh":8.7,"n":313},"geometry":{"type":"Point","coordinates":[75.105,33.1365]}},{"type":"Feature","properties":{"kmh":11.4,"n":78},"geometry":{"type":"Point","coordinates":[75.105,33.1395]}},{"type":"Feature","properties":{"kmh":10.0,"n":103},"geometry":{"type":"Point","coordinates":[75.3282,33.0915]}},{"type":"Feature","properties":{"kmh":18.8,"n":81},"geometry":{"type":"Point","coordinates":[75.3246,33.0915]}},{"type":"Feature","properties":{"kmh":24.5,"n":58},"geometry":{"type":"Point","coordinates":[75.321,33.0945]}},{"type":"Feature","properties":{"kmh":30.2,"n":44},"geometry":{"type":"Point","coordinates":[75.3174,33.0945]}},{"type":"Feature","properties":{"kmh":27.8,"n":48},"geometry":{"type":"Point","coordinates":[75.3138,33.0945]}},{"type":"Feature","properties":{"kmh":19.8,"n":66},"geometry":{"type":"Point","coordinates":[75.3102,33.0975]}},{"type":"Feature","properties":{"kmh":27.0,"n":64},"geometry":{"type":"Point","coordinates":[75.3066,33.1005]}},{"type":"Feature","properties":{"kmh":22.6,"n":57},"geometry":{"type":"Point","coordinates":[75.303,33.1005]}},{"type":"Feature","properties":{"kmh":26.4,"n":78},"geometry":{"type":"Point","coordinates":[75.2994,33.1005]}},{"type":"Feature","properties":{"kmh":24.9,"n":102},"geometry":{"type":"Point","coordinates":[75.2958,33.1005]}},{"type":"Feature","properties":{"kmh":19.9,"n":78},"geometry":{"type":"Point","coordinates":[75.2958,33.0975]}},{"type":"Feature","properties":{"kmh":26.8,"n":46},"geometry":{"type":"Point","coordinates":[75.2886,33.0975]}},{"type":"Feature","properties":{"kmh":30.2,"n":49},"geometry":{"type":"Point","coordinates":[75.285,33.0945]}},{"type":"Feature","properties":{"kmh":28.1,"n":41},"geometry":{"type":"Point","coordinates":[75.285,33.0915]}},{"type":"Feature","properties":{"kmh":24.0,"n":53},"geometry":{"type":"Point","coordinates":[75.2814,33.0885]}},{"type":"Feature","properties":{"kmh":23.5,"n":67},"geometry":{"type":"Point","coordinates":[75.2778,33.0885]}},{"type":"Feature","properties":{"kmh":26.1,"n":135},"geometry":{"type":"Point","coordinates":[75.2706,33.0915]}},{"type":"Feature","properties":{"kmh":24.5,"n":66},"geometry":{"type":"Point","coordinates":[75.267,33.0915]}},{"type":"Feature","properties":{"kmh":18.5,"n":62},"geometry":{"type":"Point","coordinates":[75.267,33.0945]}},{"type":"Feature","properties":{"kmh":18.2,"n":83},"geometry":{"type":"Point","coordinates":[75.267,33.0975]}},{"type":"Feature","properties":{"kmh":20.4,"n":78},"geometry":{"type":"Point","coordinates":[75.2958,33.0645]}},{"type":"Feature","properties":{"kmh":32.3,"n":42},"geometry":{"type":"Point","coordinates":[75.2922,33.0585]}},{"type":"Feature","properties":{"kmh":33.7,"n":44},"geometry":{"type":"Point","coordinates":[75.2922,33.0555]}},{"type":"Feature","properties":{"kmh":35.7,"n":48},"geometry":{"type":"Point","coordinates":[75.2886,33.0525]}},{"type":"Feature","properties":{"kmh":30.6,"n":89},"geometry":{"type":"Point","coordinates":[75.2886,33.0495]}},{"type":"Feature","properties":{"kmh":30.9,"n":88},"geometry":{"type":"Point","coordinates":[75.285,33.0465]}},{"type":"Feature","properties":{"kmh":33.8,"n":48},"geometry":{"type":"Point","coordinates":[75.2886,33.0465]}},{"type":"Feature","properties":{"kmh":33.1,"n":49},"geometry":{"type":"Point","coordinates":[75.2922,33.0495]}},{"type":"Feature","properties":{"kmh":27.5,"n":81},"geometry":{"type":"Point","coordinates":[75.2922,33.0525]}},{"type":"Feature","properties":{"kmh":29.9,"n":149},"geometry":{"type":"Point","coordinates":[74.8458,34.1625]}},{"type":"Feature","properties":{"kmh":34.3,"n":135},"geometry":{"type":"Point","coordinates":[74.8458,34.1655]}},{"type":"Feature","properties":{"kmh":28.7,"n":132},"geometry":{"type":"Point","coordinates":[74.8422,34.1685]}},{"type":"Feature","properties":{"kmh":22.3,"n":207},"geometry":{"type":"Point","coordinates":[74.8422,34.1715]}},{"type":"Feature","properties":{"kmh":19.6,"n":224},"geometry":{"type":"Point","coordinates":[74.8422,34.1745]}},{"type":"Feature","properties":{"kmh":25.7,"n":57},"geometry":{"type":"Point","coordinates":[74.8386,34.1745]}},{"type":"Feature","properties":{"kmh":25.8,"n":171},"geometry":{"type":"Point","coordinates":[74.8386,34.1775]}},{"type":"Feature","properties":{"kmh":21.7,"n":83},"geometry":{"type":"Point","coordinates":[74.835,34.1775]}},{"type":"Feature","properties":{"kmh":18.3,"n":245},"geometry":{"type":"Point","coordinates":[74.835,34.1805]}},{"type":"Feature","properties":{"kmh":32.5,"n":135},"geometry":{"type":"Point","coordinates":[74.835,34.1835]}},{"type":"Feature","properties":{"kmh":13.0,"n":48},"geometry":{"type":"Point","coordinates":[74.835,34.1865]}},{"type":"Feature","properties":{"kmh":22.1,"n":258},"geometry":{"type":"Point","coordinates":[74.8314,34.1865]}},{"type":"Feature","properties":{"kmh":20.2,"n":249},"geometry":{"type":"Point","coordinates":[74.8278,34.1895]}},{"type":"Feature","properties":{"kmh":19.0,"n":67},"geometry":{"type":"Point","coordinates":[74.8242,34.1895]}},{"type":"Feature","properties":{"kmh":12.5,"n":224},"geometry":{"type":"Point","coordinates":[74.8242,34.1925]}},{"type":"Feature","properties":{"kmh":25.8,"n":126},"geometry":{"type":"Point","coordinates":[74.8206,34.1925]}},{"type":"Feature","properties":{"kmh":28.4,"n":73},"geometry":{"type":"Point","coordinates":[74.8206,34.1955]}},{"type":"Feature","properties":{"kmh":24.1,"n":190},"geometry":{"type":"Point","coordinates":[74.817,34.1955]}},{"type":"Feature","properties":{"kmh":19.1,"n":48},"geometry":{"type":"Point","coordinates":[74.8134,34.1955]}},{"type":"Feature","properties":{"kmh":18.0,"n":229},"geometry":{"type":"Point","coordinates":[74.8134,34.1985]}},{"type":"Feature","properties":{"kmh":19.0,"n":252},"geometry":{"type":"Point","coordinates":[74.8098,34.1985]}},{"type":"Feature","properties":{"kmh":12.1,"n":73},"geometry":{"type":"Point","coordinates":[74.817,34.1985]}},{"type":"Feature","properties":{"kmh":12.0,"n":70},"geometry":{"type":"Point","coordinates":[74.817,34.2015]}}]}