{"type":"FeatureCollection","name":"Existing_RTO_Permits","crs":{"type":"name","properties":{"name":"urn:ogc:def:crs:OGC:1.3:CRS84"}},"features":[{"type":"Feature","properties":{"permitId":"P0001","office":"SRINAGAR RTO","origin":"Parimpora","destination":"Hazratbal","via":"Qamarwari","vehicleCategory":"LPV","vehicleType":"Commercial","vehicleClass":"Bus","permitType":"Stage Carriage Permit","permitCategory":"MEDIUM BUSES","region":"EASTERN AREA OF SGR ROTATION BASIS","serviceType":"Ordinary Service","fuel":"DIESEL","corridorKey":"PARIMPORA ↔ HAZRATBAL","duplicateCount":6},"geometry":{"type":"LineString","coordinates":[[74.557175,34.054756],[74.84248,34.12896]]}},{"type":"Feature","properties":{"permitId":"P0002","office":"SRINAGAR RTO","origin":"SOURA","destination":"GADOORA","via":"GANDERBAL","vehicleCategory":"MPV","vehicleType":"Commercial","vehicleClass":"Bus","permitType":"Stage Carriage Permit","permitCategory":"MINI BUSES FOR URBAN ROUTES","region":"GANDERBAL DISTRICT ONLY","serviceType":"Ordinary Service","fuel":"DIESEL","corridorKey":"SOURA ↔ GADOORA","duplicateCount":1},"geometry":{"type":"LineString","coordinates":[[75.060425,34.051725],[74.779999,34.217201],[74.78275,34.175172]]}},{"type":"Feature","properties":{"permitId":"P0003","office":"SRINAGAR RTO","origin":"SOURA","destination":"GANDERBAL","via":"BUCHPORA","vehicleCategory":"LPV","vehicleType":"Commercial","vehicleClass":"Bus","permitType":"Stage Carriage Permit","permitCategory":"MEDIUM BUSES","region":"","serviceType":"Ordinary Service","fuel":"DIESEL","corridorKey":"SOURA ↔ GANDERBAL","duplicateCount":3},"geometry":{"type":"LineString","coordinates":[[75.060425,34.051725],[74.8081024,34.1515959],[74.779999,34.217201]]}},{"type":"Feature","properties":{"permitId":"P0004","office":"SRINAGAR RTO","origin":"SOURA","destination":"GANDERBAL","via":"BUCHPORA","vehicleCategory":"LPV","vehicleType":"Commercial","vehicleClass":"Bus","permitType":"Stage Carriage Permit","permitCategory":"MEDIUM BUSES","region":"","serviceType":"Ordinary Service","fuel":"DIESEL","corridorKey":"SOURA ↔ GANDERBAL","duplicateCount":3},"geometry":{"type":"LineString","coordinates":[[75.060425,34.051725],[74.8081024,34.1515959],[74.779999,34.217201]]}},{"type":"Feature","properties":{"permitId":"P0005","office":"SRINAGAR RTO","origin":"Jehangir Chowk","destination":"Soura","via":"Eid Gah","vehicleCategory":"MPV","vehicleType":"Commercial","vehicleClass":"Bus","permitType":"Stage Carriage Permit","permitCategory":"MEDIUM BUSES","region":"WESTERN AREA OF SRINAGAR CITY","serviceType":"Ordinary Service","fuel":"DIESEL","corridorKey":"JEHANGIR CHOWK ↔ SOURA","duplicateCount":1},"geometry":{"type":"LineString","coordinates":[[74.804345615448,34.053990471567],[75.060425,34.051725]]}},{"type":"Feature","properties":{"permitId":"P0006","office":"SRINAGAR RTO","origin":"TRC","destination":"HAZRATBAL","via":"KHAYAM,KHANYAR,RAINAWARI,SAIDA KADAL,DALGATE","vehicleCategory":"LPV","vehicleType":"Commercial","vehicleClass":"Bus","permitType":"Stage Carriage Permit","permitCategory":"MINI BUSES FOR URBAN ROUTES","region":"","serviceType":"Ordinary Service","fuel":"DIESEL","corridorKey":"TRC ↔ HAZRATBAL","duplicateCount":2},"geometry":{"type":"LineString","coordinates":[[74.827882193414,34.076219140122],[74.8591392,34.1158251],[74.84248,34.12896]]}},{"type":"Feature","properties":{"permitId":"P0007","office":"SRINAGAR RTO","origin":"Soura","destination":"Railway Station","via":"Dalgate","vehicleCategory":"MPV","vehicleType":"Commercial","vehicleClass":"Bus","permitType":"Stage Carriage Permit","permitCategory":"MEDIUM BUSES","region":"EASTERN AREA OF SGR ROTATION BASIS","serviceType":"","fuel":"DIESEL","corridorKey":"SOURA ↔ RAILWAY STATION","duplicateCount":2},"geometry":{"type":"LineString","coordinates":[[75.060425,34.051725],[74.828427951151,34.080680144325]]}},{"type":"Feature","properties":{"permitId":"P0008","office":"SRINAGAR RTO","origin":"Soura","destination":"LD","via":"Lalchowk","vehicleCategory":"MPV","vehicleType":"Commercial","vehicleClass":"Bus","permitType":"Stage Carriage Permit","permitCategory":"MEDIUM BUSES","region":"EASTERN AREA OF SGR ROTATION BASIS","serviceType":"","fuel":"DIESEL","corridorKey":"SOURA ↔ LD","duplicateCount":6},"geometry":{"type":"LineString","coordinates":[[75.060425,34.051725],[75.1496718,33.7294491]]}},{"type":"Feature","properties":{"permitId":"P0009","office":"SRINAGAR RTO","origin":"Malbagh","destination":"LD","via":"Illahibagh","vehicleCategory":"MPV","vehicleType":"Commercial","vehicleClass":"Bus","permitType":"Stage Carriage Permit","permitCategory":"MEDIUM BUSES","region":"EASTERN AREA OF SGR ROTATION BASIS","serviceType":"Ordinary Service","fuel":"DIESEL","corridorKey":"MALBAGH ↔ LD","duplicateCount":1},"geometry":{"type":"LineString","coordinates":[[74.3586926,34.3712001],[74.81073,34.15222]]}},{"type":"Feature","properties":{"permitId":"P0010","office":"SRINAGAR RTO","origin":"Jehangir Chowk","destination":"JVC","via":"Batamallo","vehicleCategory":"LPV","vehicleType":"Commercial","vehicleClass":"Bus","permitType":"Stage Carriage Permit","permitCategory":"MEDIUM BUSES","region":"WESTERN AREA OF SRINAGAR CITY","serviceType":"","fuel":"DIESEL","corridorKey":"JEHANGIR CHOWK ↔ JVC","duplicateCount":8},"geometry":{"type":"LineString","coordinates":[[74.804345615448,34.053990471567],[74.79256,34.07021]]}},{"type":"Feature","properties":{"permitId":"P0011","office":"SRINAGAR RTO","origin":"Jehangir Chowk","destination":"JVC","via":"Bemina","vehicleCategory":"LPV","vehicleType":"Commercial","vehicleClass":"Bus","permitType":"Stage Carriage Permit","permitCategory":"MEDIUM BUSES","region":"WESTERN AREA OF SRINAGAR CITY","serviceType":"","fuel":"DIESEL","corridorKey":"JEHANGIR CHOWK ↔ JVC","duplicateCount":8},"geometry":{"type":"LineString","coordinates":[[74.804345615448,34.053990471567],[74.7740345,34.0955383]]}},{"type":"Feature","properties":{"permitId":"P0012","office":"SRINAGAR RTO","origin":"Soura","destination":"Parimpora","via":"Sakidafar","vehicleCategory":"LPV","vehicleType":"Commercial","vehicleClass":"Bus","permitType":"Stage Carriage Permit","permitCategory":"MEDIUM BUSES","region":"WESTERN AREA OF SRINAGAR CITY","serviceType":"","fuel":"DIESEL","corridorKey":"SOURA ↔ PARIMPORA","duplicateCount":3},"geometry":{"type":"LineString","coordinates":[[75.060425,34.051725],[74.557175,34.054756]]}},{"type":"Feature","properties":{"permitId":"P0013","office":"SRINAGAR RTO","origin":"Soura","destination":"Hazratbal","via":"Buchpora","vehicleCategory":"LPV","vehicleType":"Commercial","vehicleClass":"Bus","permitType":"Stage Carriage Permit","permitCategory":"MINI BUSES FOR URBAN ROUTES","region":"EASTERN AREA OF SGR ROTATION BASIS","serviceType":"","fuel":"DIESEL","corridorKey":"SOURA ↔ HAZRATBAL","duplicateCount":4},"geometry":{"type":"LineString","coordinates":[[75.060425,34.051725],[74.8081024,34.1515959],[74.84248,34.12896]]}},{"type":"Feature","properties":{"permitId":"P0014","office":"SRINAGAR RTO","origin":"Soura","destination":"LD","via":"Nowhata","vehicleCategory":"LPV","vehicleType":"Commercial","vehicleClass":"Bus","permitType":"Stage Carriage Permit","permitCategory":"MEDIUM BUSES","region":"EASTERN AREA OF SGR ROTATION BASIS","serviceType":"","fuel":"DIESEL","corridorKey":"SOURA ↔ LD","duplicateCount":6},"geometry":{"type":"LineString","coordinates":[[75.060425,34.051725],[74.8083881,34.0948887]]}},{"type":"Feature","properties":{"permitId":"P0015","office":"SRINAGAR RTO","origin":"Jehangir Chowk","destination":"JVC","via":"Bemina","vehicleCategory":"LPV","vehicleType":"Commercial","vehicleClass":"Bus","permitType":"Stage Carriage Permit","permitCategory":"MEDIUM BUSES","region":"WESTERN AREA OF SRINAGAR CITY","serviceType":"","fuel":"DIESEL","corridorKey":"JEHANGIR CHOWK ↔ JVC","duplicateCount":8},"geometry":{"type":"LineString","coordinates":[[74.804345615448,34.053990471567],[74.7740345,34.0955383]]}},{"type":"Feature","properties":{"permitId":"P0016","office":"SRINAGAR RTO","origin":"Jehangir Chowk","destination":"JVC","via":"Bemina","vehicleCategory":"LPV","vehicleType":"Commercial","vehicleClass":"Bus","permitType":"Stage Carriage Permit","permitCategory":"MEDIUM BUSES","region":"WESTERN AREA OF SRINAGAR CITY","serviceType":"","fuel":"DIESEL","corridorKey":"JEHANGIR CHOWK ↔ JVC","duplicateCount":8},"geometry":{"type":"LineString","coordinates":[[74.804345615448,34.053990471567],[74.7740345,34.0955383]]}},{"type":"Feature","properties":{"permitId":"P0017","office":"SRINAGAR RTO","origin":"Jehangir Chowk","destination":"Budgam","via":"Khumani Chowk","vehicleCategory":"LPV","vehicleType":"Commercial","vehicleClass":"Bus","permitType":"Stage Carriage Permit","permitCategory":"MEDIUM BUSES","region":"WESTERN AREA OF SRINAGAR CITY","serviceType":"","fuel":"DIESEL","corridorKey":"JEHANGIR CHOWK ↔ BUDGAM","duplicateCount":2},"geometry":{"type":"LineString","coordinates":[[74.804345615448,34.053990471567],[74.746436,34.054616],[74.640117,33.934407]]}},{"type":"Feature","properties":{"permitId":"P0018","office":"SRINAGAR RTO","origin":"Parimpora","destination":"Saidakadal","via":"Dalgate","vehicleCategory":"LPV","vehicleType":"Commercial","vehicleClass":"Bus","permitType":"Stage Carriage Permit","permitCategory":"MEDIUM BUSES","region":"EASTERN AREA OF SGR ROTATION BASIS","serviceType":"","fuel":"DIESEL","corridorKey":"PARIMPORA ↔ SAIDAKADAL","duplicateCount":1},"geometry":{"type":"LineString","coordinates":[[74.557175,34.054756],[74.828427951151,34.080680144325]]}},{"type":"Feature","properties":{"permitId":"P0019","office":"SRINAGAR RTO","origin":"Jehangir Chowk","destination":"JVC","via":"Bemina","vehicleCategory":"LPV","vehicleType":"Commercial","vehicleClass":"Bus","permitType":"Stage Carriage Permit","permitCategory":"MEDIUM BUSES","region":"WESTERN AREA OF SRINAGAR CITY","serviceType":"","fuel":"DIESEL","corridorKey":"JEHANGIR CHOWK ↔ JVC","duplicateCount":8},"geometry":{"type":"LineString","coordinates":[[74.804345615448,34.053990471567],[74.7740345,34.0955383]]}},{"type":"Feature","properties":{"permitId":"P0020","office":"SRINAGAR RTO","origin":"Sora","destination":"Parimpora","via":"Qamarwari","vehicleCategory":"LPV","vehicleType":"Commercial","vehicleClass":"Bus","permitType":"Stage Carriage Permit","permitCategory":"MEDIUM BUSES","region":"WESTERN AREA OF SRINAGAR CITY","serviceType":"","fuel":"DIESEL","corridorKey":"SORA ↔ PARIMPORA","duplicateCount":1},"geometry":{"type":"LineString","coordinates":[[74.8023258,34.1445631],[74.557175,34.054756]]}},{"type":"Feature","properties":{"permitId":"P0021","office":"SRINAGAR RTO","origin":"Jehangir Chowk","destination":"HMT","via":"Parimpora","vehicleCategory":"LPV","vehicleType":"Commercial","vehicleClass":"Bus","permitType":"Stage Carriage Permit","permitCategory":"MEDIUM BUSES","region":"EASTERN AREA OF SGR ROTATION BASIS","serviceType":"","fuel":"DIESEL","corridorKey":"JEHANGIR CHOWK ↔ HMT","duplicateCount":3},"geometry":{"type":"LineString","coordinates":[[74.804345615448,34.053990471567],[74.557175,34.054756],[74.741446961221,34.104262879189]]}},{"type":"Feature","properties":{"permitId":"P0022","office":"SRINAGAR RTO","origin":"Parimpora","destination":"Pantha chowk","via":"Dalgate","vehicleCategory":"LPV","vehicleType":"Commercial","vehicleClass":"Bus","permitType":"Stage Carriage Permit","permitCategory":"MEDIUM BUSES","region":"WITHIN SRINAGAR CITY","serviceType":"","fuel":"DIESEL","corridorKey":"PARIMPORA ↔ PANTHA CHOWK","duplicateCount":1},"geometry":{"type":"LineString","coordinates":[[74.557175,34.054756],[74.828427951151,34.080680144325]]}},{"type":"Feature","properties":{"permitId":"P0023","office":"SRINAGAR RTO","origin":"Soura","destination":"LD","via":"Buchpora","vehicleCategory":"LPV","vehicleType":"Commercial","vehicleClass":"Bus","permitType":"Stage Carriage Permit","permitCategory":"MINI BUSES FOR URBAN ROUTES","region":"WESTERN AREA OF SRINAGAR CITY","serviceType":"Ordinary Service","fuel":"DIESEL","corridorKey":"SOURA ↔ LD","duplicateCount":6},"geometry":{"type":"LineString","coordinates":[[75.060425,34.051725],[74.8081024,34.1515959]]}},{"type":"Feature","properties":{"permitId":"P0024","office":"SRINAGAR RTO","origin":"Parimpora","destination":"Chadora","via":"Jehangir Chowk","vehicleCategory":"MPV","vehicleType":"Commercial","vehicleClass":"Bus","permitType":"Stage Carriage Permit","permitCategory":"MEDIUM BUSES","region":"WESTERN AREA OF SRINAGAR CITY","serviceType":"Ordinary Service","fuel":"DIESEL","corridorKey":"PARIMPORA ↔ CHADORA","duplicateCount":3},"geometry":{"type":"LineString","coordinates":[[74.557175,34.054756],[74.804345615448,34.053990471567],[74.7992358,33.9455847]]}},{"type":"Feature","properties":{"permitId":"P0025","office":"SRINAGAR RTO","origin":"Soura","destination":"LD","via":"Dalgate","vehicleCategory":"LPV","vehicleType":"Commercial","vehicleClass":"Bus","permitType":"Stage Carriage Permit","permitCategory":"MEDIUM BUSES","region":"EASTERN AREA OF SGR ROTATION BASIS","serviceType":"Ordinary Service","fuel":"DIESEL","corridorKey":"SOURA ↔ LD","duplicateCount":6},"geometry":{"type":"LineString","coordinates":[[75.060425,34.051725],[74.828427951151,34.080680144325]]}},{"type":"Feature","properties":{"permitId":"P0026","office":"SRINAGAR RTO","origin":"Soura","destination":"Railway Station","via":"Sonawar","vehicleCategory":"LPV","vehicleType":"Commercial","vehicleClass":"Bus","permitType":"Stage Carriage Permit","permitCategory":"MEDIUM BUSES","region":"WITHIN SRINAGAR CITY","serviceType":"","fuel":"DIESEL","corridorKey":"SOURA ↔ RAILWAY STATION","duplicateCount":2},"geometry":{"type":"LineString","coordinates":[[75.060425,34.051725],[74.84177,34.07315]]}},{"type":"Feature","properties":{"permitId":"P0027","office":"SRINAGAR RTO","origin":"Soura","destination":"Hazratbal","via":"Buchpora","vehicleCategory":"LPV","vehicleType":"Commercial","vehicleClass":"Bus","permitType":"Stage Carriage Permit","permitCategory":"MEDIUM BUSES","region":"EASTERN AREA OF SGR ROTATION BASIS","serviceType":"","fuel":"DIESEL","corridorKey":"SOURA ↔ HAZRATBAL","duplicateCount":4},"geometry":{"type":"LineString","coordinates":[[75.060425,34.051725],[74.8081024,34.1515959],[74.84248,34.12896]]}},{"type":"Feature","properties":{"permitId":"P0028","office":"SRINAGAR RTO","origin":"Sora","destination":"LD","via":"Dalgate","vehicleCategory":"LPV","vehicleType":"Commercial","vehicleClass":"Bus","permitType":"Stage Carriage Permit","permitCategory":"MEDIUM BUSES","region":"EASTERN AREA OF SGR ROTATION BASIS","serviceType":"Ordinary Service","fuel":"DIESEL","corridorKey":"SORA ↔ LD","duplicateCount":1},"geometry":{"type":"LineString","coordinates":[[74.8023258,34.1445631],[74.828427951151,34.080680144325]]}},{"type":"Feature","properties":{"permitId":"P0029","office":"SRINAGAR RTO","origin":"Baghat Shora","destination":"Lalchowk","via":"Nowhata","vehicleCategory":"LPV","vehicleType":"Commercial","vehicleClass":"Bus","permitType":"Stage Carriage Permit","permitCategory":"MEDIUM BUSES","region":"EASTERN AREA OF SGR ROTATION BASIS","serviceType":"","fuel":"DIESEL","corridorKey":"BAGHAT SHORA ↔ LALCHOWK","duplicateCount":3},"geometry":{"type":"LineString","coordinates":[[74.43987,34.27909],[74.8083881,34.0948887],[75.1496718,33.7294491]]}},{"type":"Feature","properties":{"permitId":"P0030","office":"SRINAGAR RTO","origin":"Jehangir Chowk","destination":"JVC","via":"Bemina","vehicleCategory":"MPV","vehicleType":"Commercial","vehicleClass":"Bus","permitType":"Stage Carriage Permit","permitCategory":"MEDIUM BUSES","region":"WESTERN AREA OF SRINAGAR CITY","serviceType":"Ordinary Service","fuel":"DIESEL","corridorKey":"JEHANGIR CHOWK ↔ JVC","duplicateCount":8},"geometry":{"type":"LineString","coordinates":[[74.804345615448,34.053990471567],[74.7740345,34.0955383]]}},{"type":"Feature","properties":{"permitId":"P0031","office":"SRINAGAR RTO","origin":"Soura","destination":"Parimpora","via":"Hawal","vehicleCategory":"MPV","vehicleType":"Commercial","vehicleClass":"Bus","permitType":"Stage Carriage Permit","permitCategory":"MEDIUM BUSES","region":"WESTERN AREA OF SRINAGAR CITY","serviceType":"Express Service","fuel":"DIESEL","corridorKey":"SOURA ↔ PARIMPORA","duplicateCount":3},"geometry":{"type":"LineString","coordinates":[[75.060425,34.051725],[74.557175,34.054756]]}},{"type":"Feature","properties":{"permitId":"P0032","office":"SRINAGAR RTO","origin":"Hazratbal","destination":"LD","via":"Rainawari","vehicleCategory":"MPV","vehicleType":"Commercial","vehicleClass":"Bus","permitType":"Stage Carriage Permit","permitCategory":"MINI BUSES FOR RURAL ROUTES","region":"EASTERN AREA OF SGR ROTATION BASIS","serviceType":"","fuel":"DIESEL","corridorKey":"HAZRATBAL ↔ LD","duplicateCount":8},"geometry":{"type":"LineString","coordinates":[[74.84248,34.12896],[74.8591392,34.1158251]]}},{"type":"Feature","properties":{"permitId":"P0033","office":"SRINAGAR RTO","origin":"Lalbazar","destination":"Parimpora","via":"Qamarwari","vehicleCategory":"MPV","vehicleType":"Commercial","vehicleClass":"Bus","permitType":"Stage Carriage Permit","permitCategory":"MEDIUM BUSES","region":"OUTSKIRTS OF SRINAGAR CITY","serviceType":"","fuel":"DIESEL","corridorKey":"LALBAZAR ↔ PARIMPORA","duplicateCount":2},"geometry":{"type":"LineString","coordinates":[[74.8223663,34.125162],[74.557175,34.054756]]}},{"type":"Feature","properties":{"permitId":"P0034","office":"SRINAGAR RTO","origin":"Parimpora","destination":"Rawalpora","via":"Jehangir Chowk","vehicleCategory":"MPV","vehicleType":"Commercial","vehicleClass":"Bus","permitType":"Stage Carriage Permit","permitCategory":"MEDIUM BUSES","region":"OUTSKIRTS OF SRINAGAR CITY","serviceType":"","fuel":"DIESEL","corridorKey":"PARIMPORA ↔ RAWALPORA","duplicateCount":1},"geometry":{"type":"LineString","coordinates":[[74.557175,34.054756],[74.804345615448,34.053990471567],[74.7844998,34.0160729]]}},{"type":"Feature","properties":{"permitId":"P0035","office":"SRINAGAR RTO","origin":"Parimpora","destination":"Chadora","via":"Jehangir Chowk","vehicleCategory":"MPV","vehicleType":"Commercial","vehicleClass":"Bus","permitType":"Stage Carriage Permit","permitCategory":"MINI BUSES FOR RURAL ROUTES","region":"WESTERN AREA OF SRINAGAR CITY","serviceType":"Ordinary Service","fuel":"DIESEL","corridorKey":"PARIMPORA ↔ CHADORA","duplicateCount":3},"geometry":{"type":"LineString","coordinates":[[74.557175,34.054756],[74.804345615448,34.053990471567],[74.7992358,33.9455847]]}},{"type":"Feature","properties":{"permitId":"P0036","office":"SRINAGAR RTO","origin":"Soura","destination":"Jehangir Chowk","via":"Zonimar","vehicleCategory":"LPV","vehicleType":"Commercial","vehicleClass":"Bus","permitType":"Stage Carriage Permit","permitCategory":"MINI BUSES FOR URBAN ROUTES","region":"WESTERN AREA OF SGR ROTATION BASIS","serviceType":"Ordinary Service","fuel":"DIESEL","corridorKey":"SOURA ↔ JEHANGIR CHOWK","duplicateCount":6},"geometry":{"type":"LineString","coordinates":[[75.060425,34.051725],[74.804345615448,34.053990471567]]}},{"type":"Feature","properties":{"permitId":"P0037","office":"SRINAGAR RTO","origin":"Lalbazar","destination":"Parimpora","via":"Qamarwari","vehicleCategory":"MPV","vehicleType":"Commercial","vehicleClass":"Bus","permitType":"Stage Carriage Permit","permitCategory":"MINI BUSES FOR URBAN ROUTES","region":"OUTSKIRTS OF SRINAGAR CITY","serviceType":"Ordinary Service","fuel":"DIESEL","corridorKey":"LALBAZAR ↔ PARIMPORA","duplicateCount":2},"geometry":{"type":"LineString","coordinates":[[74.8223663,34.125162],[74.557175,34.054756]]}},{"type":"Feature","properties":{"permitId":"P0038","office":"SRINAGAR RTO","origin":"HMT","destination":"Jehangir Chowk","via":"Batamallo","vehicleCategory":"MPV","vehicleType":"Commercial","vehicleClass":"Bus","permitType":"Stage Carriage Permit","permitCategory":"MINI BUSES FOR RURAL ROUTES","region":"WESTERN AREA OF SGR ROTATION BASIS","serviceType":"","fuel":"DIESEL","corridorKey":"HMT ↔ JEHANGIR CHOWK","duplicateCount":1},"geometry":{"type":"LineString","coordinates":[[74.741446961221,34.104262879189],[74.79256,34.07021],[74.804345615448,34.053990471567]]}},{"type":"Feature","properties":{"permitId":"P0039","office":"SRINAGAR RTO","origin":"SafaKadal","destination":"Jehangir Chowk","via":"SMHS","vehicleCategory":"MPV","vehicleType":"Commercial","vehicleClass":"Bus","permitType":"Stage Carriage Permit","permitCategory":"MINI BUSES FOR RURAL ROUTES","region":"WESTERN AREA OF SRINAGAR CITY","serviceType":"","fuel":"DIESEL","corridorKey":"SAFAKADAL ↔ JEHANGIR CHOWK","duplicateCount":4},"geometry":{"type":"LineString","coordinates":[[74.78611,34.09167],[74.799344003664,34.085561686624],[74.804345615448,34.053990471567]]}},{"type":"Feature","properties":{"permitId":"P0040","office":"SRINAGAR RTO","origin":"SafaKadal","destination":"Jehangir Chowk","via":"SMHS","vehicleCategory":"MPV","vehicleType":"Commercial","vehicleClass":"Bus","permitType":"Stage Carriage Permit","permitCategory":"MEDIUM BUSES","region":"WESTERN AREA OF SRINAGAR CITY","serviceType":"Express Service","fuel":"DIESEL","corridorKey":"SAFAKADAL ↔ JEHANGIR CHOWK","duplicateCount":4},"geometry":{"type":"LineString","coordinates":[[74.78611,34.09167],[74.799344003664,34.085561686624],[74.804345615448,34.053990471567]]}},{"type":"Feature","properties":{"permitId":"P0041","office":"SRINAGAR RTO","origin":"SafaKadal","destination":"Jehangir Chowk","via":"SMHS","vehicleCategory":"MPV","vehicleType":"Commercial","vehicleClass":"Bus","permitType":"Stage Carriage Permit","permitCategory":"MEDIUM BUSES","region":"WESTERN AREA OF SRINAGAR CITY","serviceType":"","fuel":"DIESEL","corridorKey":"SAFAKADAL ↔ JEHANGIR CHOWK","duplicateCount":4},"geometry":{"type":"LineString","coordinates":[[74.78611,34.09167],[74.799344003664,34.085561686624],[74.804345615448,34.053990471567]]}},{"type":"Feature","properties":{"permitId":"P0042","office":"SRINAGAR RTO","origin":"Jehangir Chowk","destination":"JVC","via":"Bemina","vehicleCategory":"MPV","vehicleType":"Commercial","vehicleClass":"Bus","permitType":"Stage Carriage Permit","permitCategory":"MEDIUM BUSES","region":"EASTERN AREA OF SGR ROTATION BASIS","serviceType":"Express Service","fuel":"DIESEL","corridorKey":"JEHANGIR CHOWK ↔ JVC","duplicateCount":8},"geometry":{"type":"LineString","coordinates":[[74.804345615448,34.053990471567],[74.7740345,34.0955383]]}},{"type":"Feature","properties":{"permitId":"P0043","office":"SRINAGAR RTO","origin":"Parimpora","destination":"Rangrath","via":"Bypass","vehicleCategory":"MPV","vehicleType":"Commercial","vehicleClass":"Bus","permitType":"Stage Carriage Permit","permitCategory":"MEDIUM BUSES","region":"OUTSKIRTS OF SRINAGAR CITY","serviceType":"Express Service","fuel":"DIESEL","corridorKey":"PARIMPORA ↔ RANGRATH","duplicateCount":1},"geometry":{"type":"LineString","coordinates":[[74.557175,34.054756],[74.79664,34.00603]]}},{"type":"Feature","properties":{"permitId":"P0044","office":"SRINAGAR RTO","origin":"Batamallo","destination":"Pantha chowk","via":"Mominabad Tengpora","vehicleCategory":"MPV","vehicleType":"Commercial","vehicleClass":"Bus","permitType":"Stage Carriage Permit","permitCategory":"MEDIUM BUSES","region":"WESTERN AREA OF SGR ROTATION BASIS","serviceType":"","fuel":"DIESEL","corridorKey":"BATAMALLO ↔ PANTHA CHOWK","duplicateCount":1},"geometry":{"type":"LineString","coordinates":[[74.79256,34.07021],[74.7799492,34.2288466]]}},{"type":"Feature","properties":{"permitId":"P0045","office":"SRINAGAR RTO","origin":"Jehangir Chowk","destination":"Budgam","via":"Khumani Chowk","vehicleCategory":"MPV","vehicleType":"Commercial","vehicleClass":"Bus","permitType":"Stage Carriage Permit","permitCategory":"MINI BUSES FOR URBAN ROUTES","region":"WESTERN AREA OF SRINAGAR CITY","serviceType":"","fuel":"DIESEL","corridorKey":"JEHANGIR CHOWK ↔ BUDGAM","duplicateCount":2},"geometry":{"type":"LineString","coordinates":[[74.804345615448,34.053990471567],[74.746436,34.054616],[74.640117,33.934407]]}},{"type":"Feature","properties":{"permitId":"P0046","office":"SRINAGAR RTO","origin":"Parimpora","destination":"Panthachowk","via":"Dalgate","vehicleCategory":"LPV","vehicleType":"Commercial","vehicleClass":"Bus","permitType":"Stage Carriage Permit","permitCategory":"MINI BUSES FOR URBAN ROUTES","region":"EASTERN AREA OF SGR ROTATION BASIS","serviceType":"","fuel":"DIESEL","corridorKey":"PARIMPORA ↔ PANTHACHOWK","duplicateCount":7},"geometry":{"type":"LineString","coordinates":[[74.557175,34.054756],[74.828427951151,34.080680144325],[74.8878,34.03975]]}},{"type":"Feature","properties":{"permitId":"P0047","office":"SRINAGAR RTO","origin":"Soura","destination":"Jehangir Chowk","via":"Zonimar","vehicleCategory":"MPV","vehicleType":"Commercial","vehicleClass":"Bus","permitType":"Stage Carriage Permit","permitCategory":"MEDIUM BUSES","region":"WESTERN AREA OF SGR ROTATION BASIS","serviceType":"","fuel":"DIESEL","corridorKey":"SOURA ↔ JEHANGIR CHOWK","duplicateCount":6},"geometry":{"type":"LineString","coordinates":[[75.060425,34.051725],[74.804345615448,34.053990471567]]}},{"type":"Feature","properties":{"permitId":"P0048","office":"SRINAGAR RTO","origin":"Narbal","destination":"Jehangir Chowk","via":"Qamarwari","vehicleCategory":"MPV","vehicleType":"Commercial","vehicleClass":"Bus","permitType":"Stage Carriage Permit","permitCategory":"MINI BUSES FOR URBAN ROUTES","region":"WESTERN AREA OF SRINAGAR CITY","serviceType":"","fuel":"DIESEL","corridorKey":"NARBAL ↔ JEHANGIR CHOWK","duplicateCount":2},"geometry":{"type":"LineString","coordinates":[[74.655846,34.096141],[74.804345615448,34.053990471567]]}},{"type":"Feature","properties":{"permitId":"P0049","office":"SRINAGAR RTO","origin":"QAMARWARI","destination":"DALGATE","via":"BATMALOO","vehicleCategory":"MPV","vehicleType":"Commercial","vehicleClass":"Bus","permitType":"Stage Carriage Permit","permitCategory":"MINI BUSES FOR URBAN ROUTES","region":"","serviceType":"Ordinary Service","fuel":"DIESEL","corridorKey":"QAMARWARI ↔ DALGATE","duplicateCount":2},"geometry":{"type":"LineString","coordinates":[[74.7877306,34.0745387],[74.828427951151,34.080680144325]]}},{"type":"Feature","properties":{"permitId":"P0050","office":"SRINAGAR RTO","origin":"Batamallo","destination":"Panthachowk","via":"Tengpora","vehicleCategory":"MPV","vehicleType":"Commercial","vehicleClass":"Bus","permitType":"Stage Carriage Permit","permitCategory":"MINI BUSES FOR RURAL ROUTES","region":"EASTERN AREA OF SGR ROTATION BASIS","serviceType":"Ordinary Service","fuel":"DIESEL","corridorKey":"BATAMALLO ↔ PANTHACHOWK","duplicateCount":4},"geometry":{"type":"LineString","coordinates":[[74.79256,34.07021],[74.7799492,34.2288466],[74.8878,34.03975]]}},{"type":"Feature","properties":{"permitId":"P0051","office":"SRINAGAR RTO","origin":"LD","destination":"Panthachowk","via":"Dalgate","vehicleCategory":"MPV","vehicleType":"Commercial","vehicleClass":"Bus","permitType":"Stage Carriage Permit","permitCategory":"MINI BUSES FOR RURAL ROUTES","region":"EASTERN AREA OF SGR ROTATION BASIS","serviceType":"Ordinary Service","fuel":"DIESEL","corridorKey":"LD ↔ PANTHACHOWK","duplicateCount":1},"geometry":{"type":"LineString","coordinates":[[74.828427951151,34.080680144325],[74.8878,34.03975]]}},{"type":"Feature","properties":{"permitId":"P0052","office":"SRINAGAR RTO","origin":"Parimpora","destination":"Chadora","via":"Jehangir Chowk","vehicleCategory":"MPV","vehicleType":"Commercial","vehicleClass":"Bus","permitType":"Stage Carriage Permit","permitCategory":"MINI BUSES FOR RURAL ROUTES","region":"WESTERN AREA OF SGR ROTATION BASIS","serviceType":"","fuel":"DIESEL","corridorKey":"PARIMPORA ↔ CHADORA","duplicateCount":3},"geometry":{"type":"LineString","coordinates":[[74.557175,34.054756],[74.804345615448,34.053990471567],[74.7992358,33.9455847]]}},{"type":"Feature","properties":{"permitId":"P0053","office":"SRINAGAR RTO","origin":"Panthachowk","destination":"LD","via":"Dalgate","vehicleCategory":"MPV","vehicleType":"Commercial","vehicleClass":"Bus","permitType":"Stage Carriage Permit","permitCategory":"MEDIUM BUSES","region":"EASTERN AREA OF SGR ROTATION BASIS","serviceType":"Ordinary Service","fuel":"DIESEL","corridorKey":"PANTHACHOWK ↔ LD","duplicateCount":1},"geometry":{"type":"LineString","coordinates":[[74.8878,34.03975],[74.828427951151,34.080680144325]]}},{"type":"Feature","properties":{"permitId":"P0054","office":"SRINAGAR RTO","origin":"Hazratbal","destination":"LD","via":"Rainawara","vehicleCategory":"MPV","vehicleType":"Commercial","vehicleClass":"Bus","permitType":"Stage Carriage Permit","permitCategory":"MEDIUM BUSES","region":"EASTERN AREA OF SGR ROTATION BASIS","serviceType":"Express Service","fuel":"DIESEL","corridorKey":"HAZRATBAL ↔ LD","duplicateCount":8},"geometry":{"type":"LineString","coordinates":[[74.84248,34.12896],[74.8591392,34.1158251]]}},{"type":"Feature","properties":{"permitId":"P0055","office":"SRINAGAR RTO","origin":"Jehangir Chowk","destination":"HMT","via":"Parimpora","vehicleCategory":"MPV","vehicleType":"Commercial","vehicleClass":"Bus","permitType":"Stage Carriage Permit","permitCategory":"MEDIUM BUSES","region":"WESTERN AREA OF SRINAGAR CITY","serviceType":"","fuel":"DIESEL","corridorKey":"JEHANGIR CHOWK ↔ HMT","duplicateCount":3},"geometry":{"type":"LineString","coordinates":[[74.804345615448,34.053990471567],[74.557175,34.054756],[74.741446961221,34.104262879189]]}},{"type":"Feature","properties":{"permitId":"P0056","office":"SRINAGAR RTO","origin":"Qamarwari","destination":"Dalgate","via":"Khanyar","vehicleCategory":"MPV","vehicleType":"Commercial","vehicleClass":"Bus","permitType":"Stage Carriage Permit","permitCategory":"MEDIUM BUSES","region":"WESTERN AREA OF SRINAGAR CITY","serviceType":"Ordinary Service","fuel":"DIESEL","corridorKey":"QAMARWARI ↔ DALGATE","duplicateCount":2},"geometry":{"type":"LineString","coordinates":[[74.52753,34.19136],[74.828427951151,34.080680144325]]}},{"type":"Feature","properties":{"permitId":"P0057","office":"SRINAGAR RTO","origin":"CHANAPORA","destination":"SOURA","via":"RAMBAGH, EXCROSSING, BUND , SRTC, NEW BRIDGE, KHAYA, RAJOURI KADAL","vehicleCategory":"MPV","vehicleType":"Commercial","vehicleClass":"Bus","permitType":"Stage Carriage Permit","permitCategory":"MINI BUSES FOR RURAL ROUTES","region":"WITHIN SRINAGAR CITY","serviceType":"Ordinary Service","fuel":"DIESEL","corridorKey":"CHANAPORA ↔ SOURA","duplicateCount":1},"geometry":{"type":"LineString","coordinates":[[74.8184841,34.0355966],[75.060425,34.051725]]}},{"type":"Feature","properties":{"permitId":"P0058","office":"SRINAGAR RTO","origin":"SOURA","destination":"GANDERBAL","via":"BUCHPORA","vehicleCategory":"MPV","vehicleType":"Commercial","vehicleClass":"Bus","permitType":"Stage Carriage Permit","permitCategory":"MINI BUSES FOR RURAL ROUTES","region":"EASTERN AREA OF SGR ROTATION BASIS","serviceType":"","fuel":"DIESEL","corridorKey":"SOURA ↔ GANDERBAL","duplicateCount":3},"geometry":{"type":"LineString","coordinates":[[75.060425,34.051725],[74.8081024,34.1515959],[74.779999,34.217201]]}},{"type":"Feature","properties":{"permitId":"P0059","office":"SRINAGAR RTO","origin":"Hazratbal, Lalbazar","destination":"Parimpora","via":"Rajiakadal","vehicleCategory":"MPV","vehicleType":"Commercial","vehicleClass":"Bus","permitType":"Stage Carriage Permit","permitCategory":"MEDIUM BUSES","region":"EASTERN AREA OF SGR ROTATION BASIS","serviceType":"Town/City Service","fuel":"DIESEL","corridorKey":"HAZRATBAL, LALBAZAR ↔ PARIMPORA","duplicateCount":3},"geometry":{"type":"LineString","coordinates":[[74.8367629,34.1236123],[74.557175,34.054756]]}},{"type":"Feature","properties":{"permitId":"P0060","office":"SRINAGAR RTO","origin":"SafaKadal","destination":"Jehangir Chowk","via":"Karanangar","vehicleCategory":"MPV","vehicleType":"Commercial","vehicleClass":"Bus","permitType":"Stage Carriage Permit","permitCategory":"MINI BUSES FOR URBAN ROUTES","region":"EASTERN AREA OF SGR ROTATION BASIS","serviceType":"Ordinary Service","fuel":"DIESEL","corridorKey":"SAFAKADAL ↔ JEHANGIR CHOWK","duplicateCount":4},"geometry":{"type":"LineString","coordinates":[[74.78611,34.09167],[74.7945933,34.080334],[74.804345615448,34.053990471567]]}},{"type":"Feature","properties":{"permitId":"P0061","office":"SRINAGAR RTO","origin":"Hazratbal","destination":"LD","via":"Rainawara","vehicleCategory":"LPV","vehicleType":"Commercial","vehicleClass":"Bus","permitType":"Stage Carriage Permit","permitCategory":"MINI BUSES FOR RURAL ROUTES","region":"EASTERN AREA OF SGR ROTATION BASIS","serviceType":"Ordinary Service","fuel":"DIESEL","corridorKey":"HAZRATBAL ↔ LD","duplicateCount":8},"geometry":{"type":"LineString","coordinates":[[74.84248,34.12896],[74.8591392,34.1158251]]}},{"type":"Feature","properties":{"permitId":"P0062","office":"SRINAGAR RTO","origin":"Narbal","destination":"Jehangir Chowk","via":"Qamarwari","vehicleCategory":"MPV","vehicleType":"Commercial","vehicleClass":"Bus","permitType":"Stage Carriage Permit","permitCategory":"MINI BUSES FOR RURAL ROUTES","region":"WITHIN SRINAGAR CITY","serviceType":"","fuel":"DIESEL","corridorKey":"NARBAL ↔ JEHANGIR CHOWK","duplicateCount":2},"geometry":{"type":"LineString","coordinates":[[74.655846,34.096141],[74.804345615448,34.053990471567]]}},{"type":"Feature","properties":{"permitId":"P0063","office":"SRINAGAR RTO","origin":"Jehangir Chowk","destination":"Bemina","via":"Batamallo","vehicleCategory":"MPV","vehicleType":"Commercial","vehicleClass":"Bus","permitType":"Stage Carriage Permit","permitCategory":"MEDIUM BUSES","region":"EASTERN AREA OF SGR ROTATION BASIS","serviceType":"Ordinary Service","fuel":"DIESEL","corridorKey":"JEHANGIR CHOWK ↔ BEMINA","duplicateCount":2},"geometry":{"type":"LineString","coordinates":[[74.804345615448,34.053990471567],[74.79256,34.07021],[74.7740345,34.0955383]]}},{"type":"Feature","properties":{"permitId":"P0064","office":"SRINAGAR RTO","origin":"LD","destination":"Pampore","via":"Dalgate","vehicleCategory":"MPV","vehicleType":"Commercial","vehicleClass":"Bus","permitType":"Stage Carriage Permit","permitCategory":"MINI BUSES FOR URBAN ROUTES","region":"EASTERN AREA OF SGR ROTATION BASIS","serviceType":"","fuel":"DIESEL","corridorKey":"LD ↔ PAMPORE","duplicateCount":3},"geometry":{"type":"LineString","coordinates":[[74.828427951151,34.080680144325],[75.0380695,34.0344075]]}},{"type":"Feature","properties":{"permitId":"P0065","office":"SRINAGAR RTO","origin":"Parimpora","destination":"Panthachowk","via":"Dalgate","vehicleCategory":"MPV","vehicleType":"Commercial","vehicleClass":"Bus","permitType":"Stage Carriage Permit","permitCategory":"MINI BUSES FOR URBAN ROUTES","region":"EASTERN AREA OF SGR ROTATION BASIS","serviceType":"","fuel":"DIESEL","corridorKey":"PARIMPORA ↔ PANTHACHOWK","duplicateCount":7},"geometry":{"type":"LineString","coordinates":[[74.557175,34.054756],[74.828427951151,34.080680144325],[74.8878,34.03975]]}},{"type":"Feature","properties":{"permitId":"P0066","office":"SRINAGAR RTO","origin":"Parimpora","destination":"Humhama","via":"Jehangir Chowk","vehicleCategory":"MPV","vehicleType":"Commercial","vehicleClass":"Bus","permitType":"Stage Carriage Permit","permitCategory":"MINI BUSES FOR RURAL ROUTES","region":"WESTERN AREA OF SRINAGAR CITY","serviceType":"Ordinary Service","fuel":"DIESEL","corridorKey":"PARIMPORA ↔ HUMHAMA","duplicateCount":2},"geometry":{"type":"LineString","coordinates":[[74.557175,34.054756],[74.804345615448,34.053990471567],[74.7626779,34.0239279]]}},{"type":"Feature","properties":{"permitId":"P0067","office":"SRINAGAR RTO","origin":"Soura","destination":"Jehangir Chowk","via":"SMHS","vehicleCategory":"LPV","vehicleType":"Commercial","vehicleClass":"Bus","permitType":"Stage Carriage Permit","permitCategory":"MINI BUSES FOR URBAN ROUTES","region":"WESTERN AREA OF SRINAGAR CITY","serviceType":"","fuel":"DIESEL","corridorKey":"SOURA ↔ JEHANGIR CHOWK","duplicateCount":6},"geometry":{"type":"LineString","coordinates":[[75.060425,34.051725],[74.799344003664,34.085561686624],[74.804345615448,34.053990471567]]}},{"type":"Feature","properties":{"permitId":"P0068","office":"SRINAGAR RTO","origin":"Hazratbal","destination":"LD","via":"Rainawara","vehicleCategory":"LPV","vehicleType":"Commercial","vehicleClass":"Bus","permitType":"Stage Carriage Permit","permitCategory":"MEDIUM BUSES","region":"EASTERN AREA OF SGR ROTATION BASIS","serviceType":"Ordinary Service","fuel":"DIESEL","corridorKey":"HAZRATBAL ↔ LD","duplicateCount":8},"geometry":{"type":"LineString","coordinates":[[74.84248,34.12896],[74.8591392,34.1158251]]}},{"type":"Feature","properties":{"permitId":"P0069","office":"SRINAGAR RTO","origin":"Hazratbal","destination":"LD","via":"Rainawara","vehicleCategory":"MPV","vehicleType":"Commercial","vehicleClass":"Omni Bus","permitType":"Stage Carriage Permit","permitCategory":"MEDIUM BUSES","region":"EASTERN AREA OF SGR ROTATION BASIS","serviceType":"","fuel":"DIESEL","corridorKey":"HAZRATBAL ↔ LD","duplicateCount":8},"geometry":{"type":"LineString","coordinates":[[74.84248,34.12896],[74.8591392,34.1158251]]}},{"type":"Feature","properties":{"permitId":"P0070","office":"SRINAGAR RTO","origin":"Parimpora","destination":"Humhama","via":"Jehangir Chowk","vehicleCategory":"LPV","vehicleType":"Commercial","vehicleClass":"Bus","permitType":"Stage Carriage Permit","permitCategory":"MINI BUSES FOR URBAN ROUTES","region":"WESTERN AREA OF SRINAGAR CITY","serviceType":"Express Service","fuel":"DIESEL","corridorKey":"PARIMPORA ↔ HUMHAMA","duplicateCount":2},"geometry":{"type":"LineString","coordinates":[[74.557175,34.054756],[74.804345615448,34.053990471567],[74.7626779,34.0239279]]}},{"type":"Feature","properties":{"permitId":"P0071","office":"SRINAGAR RTO","origin":"Parimpora","destination":"Panthachowk","via":"Dalgate","vehicleCategory":"LPV","vehicleType":"Commercial","vehicleClass":"Bus","permitType":"Stage Carriage Permit","permitCategory":"MINI BUSES FOR RURAL ROUTES","region":"EASTERN AREA OF SGR ROTATION BASIS","serviceType":"","fuel":"DIESEL","corridorKey":"PARIMPORA ↔ PANTHACHOWK","duplicateCount":7},"geometry":{"type":"LineString","coordinates":[[74.557175,34.054756],[74.828427951151,34.080680144325],[74.8878,34.03975]]}},{"type":"Feature","properties":{"permitId":"P0072","office":"SRINAGAR RTO","origin":"Soura","destination":"Jehangir Chowk","via":"SMHS","vehicleCategory":"LPV","vehicleType":"Commercial","vehicleClass":"Bus","permitType":"Stage Carriage Permit","permitCategory":"MINI BUSES FOR RURAL ROUTES","region":"WESTERN AREA OF SRINAGAR CITY","serviceType":"","fuel":"DIESEL","corridorKey":"SOURA ↔ JEHANGIR CHOWK","duplicateCount":6},"geometry":{"type":"LineString","coordinates":[[75.060425,34.051725],[74.799344003664,34.085561686624],[74.804345615448,34.053990471567]]}},{"type":"Feature","properties":{"permitId":"P0073","office":"SRINAGAR RTO","origin":"Rangpora","destination":"Soura","via":"Lalchowk","vehicleCategory":"MPV","vehicleType":"Commercial","vehicleClass":"Bus","permitType":"Stage Carriage Permit","permitCategory":"MEDIUM BUSES","region":"EASTERN AREA OF SGR ROTATION BASIS","serviceType":"Ordinary Service","fuel":"DIESEL","corridorKey":"RANGPORA ↔ SOURA","duplicateCount":3},"geometry":{"type":"LineString","coordinates":[[74.6256271,34.0073309],[75.060425,34.051725]]}},{"type":"Feature","properties":{"permitId":"P0074","office":"SRINAGAR RTO","origin":"Parimpora","destination":"Panthachowk","via":"Dalgate","vehicleCategory":"MPV","vehicleType":"Commercial","vehicleClass":"Bus","permitType":"Stage Carriage Permit","permitCategory":"MEDIUM BUSES","region":"EASTERN AREA OF SGR ROTATION BASIS","serviceType":"","fuel":"DIESEL","corridorKey":"PARIMPORA ↔ PANTHACHOWK","duplicateCount":7},"geometry":{"type":"LineString","coordinates":[[74.557175,34.054756],[74.828427951151,34.080680144325],[74.8878,34.03975]]}},{"type":"Feature","properties":{"permitId":"P0075","office":"SRINAGAR RTO","origin":"Rangpora","destination":"Soura","via":"Lalchowk","vehicleCategory":"MPV","vehicleType":"Commercial","vehicleClass":"Bus","permitType":"Stage Carriage Permit","permitCategory":"MEDIUM BUSES","region":"EASTERN AREA OF SGR ROTATION BASIS","serviceType":"Ordinary Service","fuel":"DIESEL","corridorKey":"RANGPORA ↔ SOURA","duplicateCount":3},"geometry":{"type":"LineString","coordinates":[[74.6256271,34.0073309],[75.060425,34.051725]]}},{"type":"Feature","properties":{"permitId":"P0076","office":"SRINAGAR RTO","origin":"Hazratbal","destination":"LD","via":"Rainawara","vehicleCategory":"MPV","vehicleType":"Commercial","vehicleClass":"Bus","permitType":"Stage Carriage Permit","permitCategory":"MEDIUM BUSES","region":"EASTERN AREA OF SGR ROTATION BASIS","serviceType":"","fuel":"DIESEL","corridorKey":"HAZRATBAL ↔ LD","duplicateCount":8},"geometry":{"type":"LineString","coordinates":[[74.84248,34.12896],[74.8591392,34.1158251]]}},{"type":"Feature","properties":{"permitId":"P0077","office":"SRINAGAR RTO","origin":"Rangpora","destination":"Soura","via":"Dalgate","vehicleCategory":"MPV","vehicleType":"Commercial","vehicleClass":"Bus","permitType":"Stage Carriage Permit","permitCategory":"MINI BUSES FOR RURAL ROUTES","region":"WITHIN SRINAGAR CITY","serviceType":"Rural Service","fuel":"DIESEL","corridorKey":"RANGPORA ↔ SOURA","duplicateCount":3},"geometry":{"type":"LineString","coordinates":[[74.6256271,34.0073309],[74.828427951151,34.080680144325],[75.060425,34.051725]]}},{"type":"Feature","properties":{"permitId":"P0078","office":"SRINAGAR RTO","origin":"Jehangir Chowk","destination":"HMT","via":"Parimpora","vehicleCategory":"LPV","vehicleType":"Commercial","vehicleClass":"Bus","permitType":"Stage Carriage Permit","permitCategory":"MEDIUM BUSES","region":"WESTERN AREA OF SRINAGAR CITY","serviceType":"","fuel":"DIESEL","corridorKey":"JEHANGIR CHOWK ↔ HMT","duplicateCount":3},"geometry":{"type":"LineString","coordinates":[[74.804345615448,34.053990471567],[74.557175,34.054756],[74.741446961221,34.104262879189]]}},{"type":"Feature","properties":{"permitId":"P0079","office":"SRINAGAR RTO","origin":"Parimpora","destination":"Pampore","via":"Dalgate","vehicleCategory":"MPV","vehicleType":"Commercial","vehicleClass":"Bus","permitType":"Stage Carriage Permit","permitCategory":"MEDIUM BUSES","region":"EASTERN AREA OF SGR ROTATION BASIS","serviceType":"","fuel":"DIESEL","corridorKey":"PARIMPORA ↔ PAMPORE","duplicateCount":2},"geometry":{"type":"LineString","coordinates":[[74.557175,34.054756],[74.828427951151,34.080680144325],[75.0380695,34.0344075]]}},{"type":"Feature","properties":{"permitId":"P0080","office":"SRINAGAR RTO","origin":"Parimpora","destination":"Panthachowk","via":"Dalgate","vehicleCategory":"LPV","vehicleType":"Commercial","vehicleClass":"Bus","permitType":"Stage Carriage Permit","permitCategory":"MEDIUM BUSES","region":"EASTERN AREA OF SGR ROTATION BASIS","serviceType":"Ordinary Service","fuel":"DIESEL","corridorKey":"PARIMPORA ↔ PANTHACHOWK","duplicateCount":7},"geometry":{"type":"LineString","coordinates":[[74.557175,34.054756],[74.828427951151,34.080680144325],[74.8878,34.03975]]}},{"type":"Feature","properties":{"permitId":"P0081","office":"SRINAGAR RTO","origin":"Rangpora","destination":"Dalgate","via":"Lalchowk","vehicleCategory":"MPV","vehicleType":"Commercial","vehicleClass":"Bus","permitType":"Stage Carriage Permit","permitCategory":"MEDIUM BUSES","region":"EASTERN AREA OF SGR ROTATION BASIS","serviceType":"","fuel":"DIESEL","corridorKey":"RANGPORA ↔ DALGATE","duplicateCount":1},"geometry":{"type":"LineString","coordinates":[[74.6256271,34.0073309],[74.828427951151,34.080680144325]]}},{"type":"Feature","properties":{"permitId":"P0082","office":"SRINAGAR RTO","origin":"Parimpora","destination":"Panthachowk","via":"Dalgate","vehicleCategory":"MPV","vehicleType":"Commercial","vehicleClass":"Bus","permitType":"Stage Carriage Permit","permitCategory":"MEDIUM BUSES","region":"EASTERN AREA OF SGR ROTATION BASIS","serviceType":"","fuel":"DIESEL","corridorKey":"PARIMPORA ↔ PANTHACHOWK","duplicateCount":7},"geometry":{"type":"LineString","coordinates":[[74.557175,34.054756],[74.828427951151,34.080680144325],[74.8878,34.03975]]}},{"type":"Feature","properties":{"permitId":"P0083","office":"SRINAGAR RTO","origin":"Batamallo","destination":"Panthachowk","via":"Tengpora","vehicleCategory":"MPV","vehicleType":"Commercial","vehicleClass":"Bus","permitType":"Stage Carriage Permit","permitCategory":"MEDIUM BUSES","region":"EASTERN AREA OF SGR ROTATION BASIS","serviceType":"Ordinary Service","fuel":"DIESEL","corridorKey":"BATAMALLO ↔ PANTHACHOWK","duplicateCount":4},"geometry":{"type":"LineString","coordinates":[[74.79256,34.07021],[74.7799492,34.2288466],[74.8878,34.03975]]}},{"type":"Feature","properties":{"permitId":"P0084","office":"SRINAGAR RTO","origin":"Soura","destination":"Parimpora","via":"Sakidafar","vehicleCategory":"MPV","vehicleType":"Commercial","vehicleClass":"Bus","permitType":"Stage Carriage Permit","permitCategory":"MEDIUM BUSES","region":"WESTERN AREA OF SRINAGAR CITY","serviceType":"Ordinary Service","fuel":"DIESEL","corridorKey":"SOURA ↔ PARIMPORA","duplicateCount":3},"geometry":{"type":"LineString","coordinates":[[75.060425,34.051725],[74.557175,34.054756]]}},{"type":"Feature","properties":{"permitId":"P0085","office":"SRINAGAR RTO","origin":"Parimpora","destination":"Panthachowk","via":"Dalgate","vehicleCategory":"MPV","vehicleType":"Commercial","vehicleClass":"Bus","permitType":"Stage Carriage Permit","permitCategory":"MINI BUSES FOR RURAL ROUTES","region":"WESTERN AREA OF SRINAGAR CITY","serviceType":"Ordinary Service","fuel":"DIESEL","corridorKey":"PARIMPORA ↔ PANTHACHOWK","duplicateCount":7},"geometry":{"type":"LineString","coordinates":[[74.557175,34.054756],[74.828427951151,34.080680144325],[74.8878,34.03975]]}},{"type":"Feature","properties":{"permitId":"P0086","office":"SRINAGAR RTO","origin":"Batamallo","destination":"Panthachowk","via":"Tengpora","vehicleCategory":"LPV","vehicleType":"Commercial","vehicleClass":"Bus","permitType":"Stage Carriage Permit","permitCategory":"MINI BUSES FOR RURAL ROUTES","region":"EASTERN AREA OF SGR ROTATION BASIS","serviceType":"Ordinary Service","fuel":"DIESEL","corridorKey":"BATAMALLO ↔ PANTHACHOWK","duplicateCount":4},"geometry":{"type":"LineString","coordinates":[[74.79256,34.07021],[74.7799492,34.2288466],[74.8878,34.03975]]}},{"type":"Feature","properties":{"permitId":"P0087","office":"SRINAGAR RTO","origin":"Jehangir Chowk","destination":"Bemina","via":"Batamallo","vehicleCategory":"MPV","vehicleType":"Commercial","vehicleClass":"Bus","permitType":"Stage Carriage Permit","permitCategory":"MEDIUM BUSES","region":"WESTERN AREA OF SRINAGAR CITY","serviceType":"Ordinary Service","fuel":"DIESEL","corridorKey":"JEHANGIR CHOWK ↔ BEMINA","duplicateCount":2},"geometry":{"type":"LineString","coordinates":[[74.804345615448,34.053990471567],[74.79256,34.07021],[74.7740345,34.0955383]]}},{"type":"Feature","properties":{"permitId":"P0088","office":"SRINAGAR RTO","origin":"Batamallo","destination":"Panthachowk","via":"Tengpora","vehicleCategory":"LPV","vehicleType":"Commercial","vehicleClass":"Bus","permitType":"Stage Carriage Permit","permitCategory":"MINI BUSES FOR URBAN ROUTES","region":"EASTERN AREA OF SGR ROTATION BASIS","serviceType":"Ordinary Service","fuel":"DIESEL","corridorKey":"BATAMALLO ↔ PANTHACHOWK","duplicateCount":4},"geometry":{"type":"LineString","coordinates":[[74.79256,34.07021],[74.7799492,34.2288466],[74.8878,34.03975]]}},{"type":"Feature","properties":{"permitId":"P0089","office":"SRINAGAR RTO","origin":"Hazratbal, Lalbazar","destination":"Parimpora","via":"Rajiakadal","vehicleCategory":"MPV","vehicleType":"Commercial","vehicleClass":"Bus","permitType":"Stage Carriage Permit","permitCategory":"MEDIUM BUSES","region":"EASTERN AREA OF SGR ROTATION BASIS","serviceType":"Ordinary Service","fuel":"DIESEL","corridorKey":"HAZRATBAL, LALBAZAR ↔ PARIMPORA","duplicateCount":3},"geometry":{"type":"LineString","coordinates":[[74.8367629,34.1236123],[74.557175,34.054756]]}},{"type":"Feature","properties":{"permitId":"P0090","office":"SRINAGAR RTO","origin":"Rangpora","destination":"Lalchowk","via":"Dalgate","vehicleCategory":"LPV","vehicleType":"Commercial","vehicleClass":"Bus","permitType":"Stage Carriage Permit","permitCategory":"MINI BUSES FOR RURAL ROUTES","region":"WITHIN SRINAGAR CITY","serviceType":"Rural Service","fuel":"DIESEL","corridorKey":"RANGPORA ↔ LALCHOWK","duplicateCount":3},"geometry":{"type":"LineString","coordinates":[[74.6256271,34.0073309],[74.828427951151,34.080680144325],[75.1496718,33.7294491]]}},{"type":"Feature","properties":{"permitId":"P0091","office":"SRINAGAR RTO","origin":"Rangpora","destination":"Lalchowk","via":"Dalgate","vehicleCategory":"MPV","vehicleType":"Commercial","vehicleClass":"Bus","permitType":"Stage Carriage Permit","permitCategory":"MINI BUSES FOR RURAL ROUTES","region":"WITHIN SRINAGAR CITY","serviceType":"","fuel":"DIESEL","corridorKey":"RANGPORA ↔ LALCHOWK","duplicateCount":3},"geometry":{"type":"LineString","coordinates":[[74.6256271,34.0073309],[74.828427951151,34.080680144325],[75.1496718,33.7294491]]}},{"type":"Feature","properties":{"permitId":"P0092","office":"SRINAGAR RTO","origin":"Parimpora","destination":"Budgam","via":"Batamallo,Tengpora","vehicleCategory":"MPV","vehicleType":"Commercial","vehicleClass":"Bus","permitType":"Stage Carriage Permit","permitCategory":"MEDIUM BUSES","region":"WESTERN AREA OF SRINAGAR CITY","serviceType":"","fuel":"DIESEL","corridorKey":"PARIMPORA ↔ BUDGAM","duplicateCount":2},"geometry":{"type":"LineString","coordinates":[[74.557175,34.054756],[74.640117,33.934407]]}},{"type":"Feature","properties":{"permitId":"P0093","office":"SRINAGAR RTO","origin":"Parimpora","destination":"Pampore","via":"Dalgate","vehicleCategory":"MPV","vehicleType":"Commercial","vehicleClass":"Bus","permitType":"Stage Carriage Permit","permitCategory":"MEDIUM BUSES","region":"EASTERN AREA OF SGR ROTATION BASIS","serviceType":"","fuel":"DIESEL","corridorKey":"PARIMPORA ↔ PAMPORE","duplicateCount":2},"geometry":{"type":"LineString","coordinates":[[74.557175,34.054756],[74.828427951151,34.080680144325],[75.0380695,34.0344075]]}},{"type":"Feature","properties":{"permitId":"P0094","office":"SRINAGAR RTO","origin":"LD","destination":"Pampore","via":"Dalgate","vehicleCategory":"MPV","vehicleType":"Commercial","vehicleClass":"Bus","permitType":"Stage Carriage Permit","permitCategory":"MEDIUM BUSES","region":"EASTERN AREA OF SGR ROTATION BASIS","serviceType":"Ordinary Service","fuel":"DIESEL","corridorKey":"LD ↔ PAMPORE","duplicateCount":3},"geometry":{"type":"LineString","coordinates":[[74.828427951151,34.080680144325],[75.0380695,34.0344075]]}},{"type":"Feature","properties":{"permitId":"P0095","office":"SRINAGAR RTO","origin":"Rangpora","destination":"Lalchowk","via":"Dalgate","vehicleCategory":"LPV","vehicleType":"Commercial","vehicleClass":"Bus","permitType":"Stage Carriage Permit","permitCategory":"MINI BUSES FOR RURAL ROUTES","region":"EASTERN AREA OF SGR ROTATION BASIS","serviceType":"","fuel":"DIESEL","corridorKey":"RANGPORA ↔ LALCHOWK","duplicateCount":3},"geometry":{"type":"LineString","coordinates":[[74.6256271,34.0073309],[74.828427951151,34.080680144325],[75.1496718,33.7294491]]}},{"type":"Feature","properties":{"permitId":"P0096","office":"SRINAGAR RTO","origin":"Hazratbal","destination":"LD","via":"Rainawara","vehicleCategory":"MPV","vehicleType":"Commercial","vehicleClass":"Bus","permitType":"Stage Carriage Permit","permitCategory":"MEDIUM BUSES","region":"EASTERN AREA OF SGR ROTATION BASIS","serviceType":"Ordinary Service","fuel":"DIESEL","corridorKey":"HAZRATBAL ↔ LD","duplicateCount":8},"geometry":{"type":"LineString","coordinates":[[74.84248,34.12896],[74.8591392,34.1158251]]}},{"type":"Feature","properties":{"permitId":"P0097","office":"SRINAGAR RTO","origin":"Hazratbal","destination":"LD","via":"Rainawara","vehicleCategory":"MPV","vehicleType":"Commercial","vehicleClass":"Bus","permitType":"Stage Carriage Permit","permitCategory":"MEDIUM BUSES","region":"EASTERN AREA OF SGR ROTATION BASIS","serviceType":"Ordinary Service","fuel":"DIESEL","corridorKey":"HAZRATBAL ↔ LD","duplicateCount":8},"geometry":{"type":"LineString","coordinates":[[74.84248,34.12896],[74.8591392,34.1158251]]}},{"type":"Feature","properties":{"permitId":"P0098","office":"SRINAGAR RTO","origin":"Soura","destination":"Jehangir Chowk","via":"Zonimar","vehicleCategory":"MPV","vehicleType":"Commercial","vehicleClass":"Bus","permitType":"Stage Carriage Permit","permitCategory":"MEDIUM BUSES","region":"WESTERN AREA OF SRINAGAR CITY","serviceType":"","fuel":"DIESEL","corridorKey":"SOURA ↔ JEHANGIR CHOWK","duplicateCount":6},"geometry":{"type":"LineString","coordinates":[[75.060425,34.051725],[74.804345615448,34.053990471567]]}},{"type":"Feature","properties":{"permitId":"P0099","office":"SRINAGAR RTO","origin":"LD","destination":"Pampore","via":"Dalgate","vehicleCategory":"MPV","vehicleType":"Commercial","vehicleClass":"Bus","permitType":"Stage Carriage Permit","permitCategory":"MEDIUM BUSES","region":"EASTERN AREA OF SGR ROTATION BASIS","serviceType":"Ordinary Service","fuel":"DIESEL","corridorKey":"LD ↔ PAMPORE","duplicateCount":3},"geometry":{"type":"LineString","coordinates":[[74.828427951151,34.080680144325],[75.0380695,34.0344075]]}},{"type":"Feature","properties":{"permitId":"P0100","office":"SRINAGAR RTO","origin":"Soura","destination":"Jehangir Chowk","via":"Zonimar","vehicleCategory":"MPV","vehicleType":"Commercial","vehicleClass":"Bus","permitType":"Stage Carriage Permit","permitCategory":"MEDIUM BUSES","region":"WESTERN AREA OF SRINAGAR CITY","serviceType":"","fuel":"DIESEL","corridorKey":"SOURA ↔ JEHANGIR CHOWK","duplicateCount":6},"geometry":{"type":"LineString","coordinates":[[75.060425,34.051725],[74.804345615448,34.053990471567]]}},{"type":"Feature","properties":{"permitId":"P0101","office":"SRINAGAR RTO","origin":"Soura","destination":"LD","via":"Buchpora","vehicleCategory":"MPV","vehicleType":"Commercial","vehicleClass":"Bus","permitType":"Stage Carriage Permit","permitCategory":"MEDIUM BUSES","region":"EASTERN AREA OF SGR ROTATION BASIS","serviceType":"Ordinary Service","fuel":"DIESEL","corridorKey":"SOURA ↔ LD","duplicateCount":6},"geometry":{"type":"LineString","coordinates":[[75.060425,34.051725],[74.8081024,34.1515959]]}},{"type":"Feature","properties":{"permitId":"P0102","office":"SRINAGAR RTO","origin":"Soura","destination":"Hazratbal","via":"Buchpora","vehicleCategory":"MPV","vehicleType":"Commercial","vehicleClass":"Bus","permitType":"Stage Carriage Permit","permitCategory":"MEDIUM BUSES","region":"EASTERN AREA OF SGR ROTATION BASIS","serviceType":"Ordinary Service","fuel":"DIESEL","corridorKey":"SOURA ↔ HAZRATBAL","duplicateCount":4},"geometry":{"type":"LineString","coordinates":[[75.060425,34.051725],[74.8081024,34.1515959],[74.84248,34.12896]]}},{"type":"Feature","properties":{"permitId":"P0103","office":"SRINAGAR RTO","origin":"Baghat Shora","destination":"Lalchowk","via":"Nowhata","vehicleCategory":"LPV","vehicleType":"Commercial","vehicleClass":"Bus","permitType":"Stage Carriage Permit","permitCategory":"MEDIUM BUSES","region":"EASTERN AREA OF SGR ROTATION BASIS","serviceType":"Ordinary Service","fuel":"DIESEL","corridorKey":"BAGHAT SHORA ↔ LALCHOWK","duplicateCount":3},"geometry":{"type":"LineString","coordinates":[[74.43987,34.27909],[74.8083881,34.0948887],[75.1496718,33.7294491]]}},{"type":"Feature","properties":{"permitId":"P0104","office":"SRINAGAR RTO","origin":"Parimpora","destination":"Budgam","via":"Jehangir Chowk","vehicleCategory":"LPV","vehicleType":"Commercial","vehicleClass":"Bus","permitType":"Stage Carriage Permit","permitCategory":"MEDIUM BUSES","region":"WESTERN AREA OF SRINAGAR CITY","serviceType":"Ordinary Service","fuel":"DIESEL","corridorKey":"PARIMPORA ↔ BUDGAM","duplicateCount":2},"geometry":{"type":"LineString","coordinates":[[74.557175,34.054756],[74.804345615448,34.053990471567],[74.640117,33.934407]]}},{"type":"Feature","properties":{"permitId":"P0105","office":"SRINAGAR RTO","origin":"Baghat Shora","destination":"Lalchowk","via":"Nowhata","vehicleCategory":"LPV","vehicleType":"Commercial","vehicleClass":"Bus","permitType":"Stage Carriage Permit","permitCategory":"MEDIUM BUSES","region":"EASTERN AREA OF SGR ROTATION BASIS","serviceType":"","fuel":"DIESEL","corridorKey":"BAGHAT SHORA ↔ LALCHOWK","duplicateCount":3},"geometry":{"type":"LineString","coordinates":[[74.43987,34.27909],[74.8083881,34.0948887],[75.1496718,33.7294491]]}},{"type":"Feature","properties":{"permitId":"P0106","office":"SRINAGAR RTO","origin":"Hazratbal, Lalbazar","destination":"Parimpora","via":"Rajiakadal","vehicleCategory":"MPV","vehicleType":"Commercial","vehicleClass":"Bus","permitType":"Stage Carriage Permit","permitCategory":"MEDIUM BUSES","region":"WESTERN AREA OF SRINAGAR CITY","serviceType":"","fuel":"DIESEL","corridorKey":"HAZRATBAL, LALBAZAR ↔ PARIMPORA","duplicateCount":3},"geometry":{"type":"LineString","coordinates":[[74.8367629,34.1236123],[74.557175,34.054756]]}},{"type":"Feature","properties":{"permitId":"P0107","office":"SRINAGAR RTO","origin":"Lawaypora","destination":"Jehangir Chowk","via":"Qamarwari","vehicleCategory":"MPV","vehicleType":"Commercial","vehicleClass":"Omni Bus","permitType":"Stage Carriage Permit","permitCategory":"MEDIUM BUSES","region":"WESTERN AREA OF SRINAGAR CITY","serviceType":"","fuel":"DIESEL","corridorKey":"LAWAYPORA ↔ JEHANGIR CHOWK","duplicateCount":1},"geometry":{"type":"LineString","coordinates":[[74.6284179,34.4415584],[74.804345615448,34.053990471567]]}},{"type":"Feature","properties":{"permitId":"P0108","office":"SRINAGAR RTO","origin":"TRC","destination":"HAZRATBAL","via":"VIA SHALIMAR,NISHAT,NEHRU PARK,DALGATE","vehicleCategory":"HPV","vehicleType":"Commercial","vehicleClass":"Bus","permitType":"Stage Carriage Permit","permitCategory":"BIG BUSES(HTV)","region":"OUTSKIRTS OF SRINAGAR CITY","serviceType":"","fuel":"DIESEL","corridorKey":"TRC ↔ HAZRATBAL","duplicateCount":2},"geometry":{"type":"LineString","coordinates":[[74.827882193414,34.076219140122],[74.877317,34.151844],[74.84248,34.12896]]}},{"type":"Feature","properties":{"permitId":"P0109","office":"SRINAGAR RTO","origin":"Soura","destination":"Hazratbal","via":"Buchpora","vehicleCategory":"LPV","vehicleType":"Commercial","vehicleClass":"Bus","permitType":"Stage Carriage Permit","permitCategory":"MINI BUSES FOR URBAN ROUTES","region":"EASTERN AREA OF SGR ROTATION BASIS","serviceType":"Ordinary Service","fuel":"DIESEL","corridorKey":"SOURA ↔ HAZRATBAL","duplicateCount":4},"geometry":{"type":"LineString","coordinates":[[75.060425,34.051725],[74.8081024,34.1515959],[74.84248,34.12896]]}},{"type":"Feature","properties":{"permitId":"P0110","office":"SRINAGAR RTO","origin":"Soura","destination":"LD","via":"Lalchowk","vehicleCategory":"MPV","vehicleType":"Commercial","vehicleClass":"Bus","permitType":"Stage Carriage Permit","permitCategory":"MEDIUM BUSES","region":"EASTERN AREA OF SGR ROTATION BASIS","serviceType":"Ordinary Service","fuel":"DIESEL","corridorKey":"SOURA ↔ LD","duplicateCount":6},"geometry":{"type":"LineString","coordinates":[[75.060425,34.051725],[75.1496718,33.7294491]]}},{"type":"Feature","properties":{"permitId":"P0111","office":"SRINAGAR RTO","origin":"Jehangir Chowk","destination":"JVC","via":"Bemina","vehicleCategory":"LPV","vehicleType":"Commercial","vehicleClass":"Bus","permitType":"Stage Carriage Permit","permitCategory":"MEDIUM BUSES","region":"EASTERN AREA OF SGR ROTATION BASIS","serviceType":"","fuel":"DIESEL","corridorKey":"JEHANGIR CHOWK ↔ JVC","duplicateCount":8},"geometry":{"type":"LineString","coordinates":[[74.804345615448,34.053990471567],[74.7740345,34.0955383]]}},{"type":"Feature","properties":{"permitId":"P0112","office":"SRINAGAR RTO","origin":"PARIMPORA","destination":"HARWAN","via":"","vehicleCategory":"EBus","vehicleType":"","vehicleClass":"","permitType":"","permitCategory":"","region":"","serviceType":"","fuel":"","corridorKey":"PARIMPORA ↔ HARWAN","duplicateCount":7},"geometry":{"type":"LineString","coordinates":[[74.557175,34.054756],[74.382952,34.396834]]}},{"type":"Feature","properties":{"permitId":"P0113","office":"SRINAGAR RTO","origin":"PARIMPORA","destination":"HARWAN","via":"","vehicleCategory":"EBus","vehicleType":"","vehicleClass":"","permitType":"","permitCategory":"","region":"","serviceType":"","fuel":"","corridorKey":"PARIMPORA ↔ HARWAN","duplicateCount":7},"geometry":{"type":"LineString","coordinates":[[74.557175,34.054756],[74.382952,34.396834]]}},{"type":"Feature","properties":{"permitId":"P0114","office":"SRINAGAR RTO","origin":"PARIMPORA","destination":"HARWAN","via":"","vehicleCategory":"EBus","vehicleType":"","vehicleClass":"","permitType":"","permitCategory":"","region":"","serviceType":"","fuel":"","corridorKey":"PARIMPORA ↔ HARWAN","duplicateCount":7},"geometry":{"type":"LineString","coordinates":[[74.557175,34.054756],[74.382952,34.396834]]}},{"type":"Feature","properties":{"permitId":"P0115","office":"SRINAGAR RTO","origin":"PARIMPORA","destination":"HARWAN","via":"","vehicleCategory":"EBus","vehicleType":"","vehicleClass":"","permitType":"","permitCategory":"","region":"","serviceType":"","fuel":"","corridorKey":"PARIMPORA ↔ HARWAN","duplicateCount":7},"geometry":{"type":"LineString","coordinates":[[74.557175,34.054756],[74.382952,34.396834]]}},{"type":"Feature","properties":{"permitId":"P0116","office":"SRINAGAR RTO","origin":"PARIMPORA","destination":"HARWAN","via":"","vehicleCategory":"EBus","vehicleType":"","vehicleClass":"","permitType":"","permitCategory":"","region":"","serviceType":"","fuel":"","corridorKey":"PARIMPORA ↔ HARWAN","duplicateCount":7},"geometry":{"type":"LineString","coordinates":[[74.557175,34.054756],[74.382952,34.396834]]}},{"type":"Feature","properties":{"permitId":"P0117","office":"SRINAGAR RTO","origin":"PARIMPORA","destination":"HARWAN","via":"","vehicleCategory":"EBus","vehicleType":"","vehicleClass":"","permitType":"","permitCategory":"","region":"","serviceType":"","fuel":"","corridorKey":"PARIMPORA ↔ HARWAN","duplicateCount":7},"geometry":{"type":"LineString","coordinates":[[74.557175,34.054756],[74.382952,34.396834]]}},{"type":"Feature","properties":{"permitId":"P0118","office":"SRINAGAR RTO","origin":"PARIMPORA","destination":"HARWAN","via":"","vehicleCategory":"EBus","vehicleType":"","vehicleClass":"","permitType":"","permitCategory":"","region":"","serviceType":"","fuel":"","corridorKey":"PARIMPORA ↔ HARWAN","duplicateCount":7},"geometry":{"type":"LineString","coordinates":[[74.557175,34.054756],[74.382952,34.396834]]}},{"type":"Feature","properties":{"permitId":"P0119","office":"SRINAGAR RTO","origin":"BATAMALLO","destination":"HAZRATBAL","via":"","vehicleCategory":"EBus","vehicleType":"","vehicleClass":"","permitType":"","permitCategory":"","region":"","serviceType":"","fuel":"","corridorKey":"BATAMALLO ↔ HAZRATBAL","duplicateCount":6},"geometry":{"type":"LineString","coordinates":[[74.79256,34.07021],[74.84248,34.12896]]}},{"type":"Feature","properties":{"permitId":"P0120","office":"SRINAGAR RTO","origin":"BATAMALLO","destination":"HAZRATBAL","via":"","vehicleCategory":"EBus","vehicleType":"","vehicleClass":"","permitType":"","permitCategory":"","region":"","serviceType":"","fuel":"","corridorKey":"BATAMALLO ↔ HAZRATBAL","duplicateCount":6},"geometry":{"type":"LineString","coordinates":[[74.79256,34.07021],[74.84248,34.12896]]}},{"type":"Feature","properties":{"permitId":"P0121","office":"SRINAGAR RTO","origin":"BATAMALLO","destination":"HAZRATBAL","via":"","vehicleCategory":"EBus","vehicleType":"","vehicleClass":"","permitType":"","permitCategory":"","region":"","serviceType":"","fuel":"","corridorKey":"BATAMALLO ↔ HAZRATBAL","duplicateCount":6},"geometry":{"type":"LineString","coordinates":[[74.79256,34.07021],[74.84248,34.12896]]}},{"type":"Feature","properties":{"permitId":"P0122","office":"SRINAGAR RTO","origin":"BATAMALLO","destination":"HAZRATBAL","via":"","vehicleCategory":"EBus","vehicleType":"","vehicleClass":"","permitType":"","permitCategory":"","region":"","serviceType":"","fuel":"","corridorKey":"BATAMALLO ↔ HAZRATBAL","duplicateCount":6},"geometry":{"type":"LineString","coordinates":[[74.79256,34.07021],[74.84248,34.12896]]}},{"type":"Feature","properties":{"permitId":"P0123","office":"SRINAGAR RTO","origin":"BATAMALLO","destination":"HAZRATBAL","via":"","vehicleCategory":"EBus","vehicleType":"","vehicleClass":"","permitType":"","permitCategory":"","region":"","serviceType":"","fuel":"","corridorKey":"BATAMALLO ↔ HAZRATBAL","duplicateCount":6},"geometry":{"type":"LineString","coordinates":[[74.79256,34.07021],[74.84248,34.12896]]}},{"type":"Feature","properties":{"permitId":"P0124","office":"SRINAGAR RTO","origin":"BATAMALLO","destination":"HAZRATBAL","via":"","vehicleCategory":"EBus","vehicleType":"","vehicleClass":"","permitType":"","permitCategory":"","region":"","serviceType":"","fuel":"","corridorKey":"BATAMALLO ↔ HAZRATBAL","duplicateCount":6},"geometry":{"type":"LineString","coordinates":[[74.79256,34.07021],[74.84248,34.12896]]}},{"type":"Feature","properties":{"permitId":"P0125","office":"SRINAGAR RTO","origin":"PANTHACHOWK","destination":"NARBAL","via":"QAMARWARI","vehicleCategory":"EBus","vehicleType":"","vehicleClass":"","permitType":"","permitCategory":"","region":"","serviceType":"","fuel":"","corridorKey":"PANTHACHOWK ↔ NARBAL","duplicateCount":2},"geometry":{"type":"LineString","coordinates":[[74.8878,34.03975],[74.655846,34.096141]]}},{"type":"Feature","properties":{"permitId":"P0126","office":"SRINAGAR RTO","origin":"PANTHACHOWK","destination":"NARBAL","via":"QAMARWARI","vehicleCategory":"EBus","vehicleType":"","vehicleClass":"","permitType":"","permitCategory":"","region":"","serviceType":"","fuel":"","corridorKey":"PANTHACHOWK ↔ NARBAL","duplicateCount":2},"geometry":{"type":"LineString","coordinates":[[74.8878,34.03975],[74.655846,34.096141]]}},{"type":"Feature","properties":{"permitId":"P0127","office":"SRINAGAR RTO","origin":"PARIMPORA","destination":"HAZRATBAL","via":"SAKIDAFAR","vehicleCategory":"EBus","vehicleType":"","vehicleClass":"","permitType":"","permitCategory":"","region":"","serviceType":"","fuel":"","corridorKey":"PARIMPORA ↔ HAZRATBAL","duplicateCount":6},"geometry":{"type":"LineString","coordinates":[[74.557175,34.054756],[74.84248,34.12896]]}},{"type":"Feature","properties":{"permitId":"P0128","office":"SRINAGAR RTO","origin":"PARIMPORA","destination":"HAZRATBAL","via":"SAKIDAFAR","vehicleCategory":"EBus","vehicleType":"","vehicleClass":"","permitType":"","permitCategory":"","region":"","serviceType":"","fuel":"","corridorKey":"PARIMPORA ↔ HAZRATBAL","duplicateCount":6},"geometry":{"type":"LineString","coordinates":[[74.557175,34.054756],[74.84248,34.12896]]}},{"type":"Feature","properties":{"permitId":"P0129","office":"SRINAGAR RTO","origin":"PARIMPORA","destination":"HAZRATBAL","via":"SAKIDAFAR","vehicleCategory":"EBus","vehicleType":"","vehicleClass":"","permitType":"","permitCategory":"","region":"","serviceType":"","fuel":"","corridorKey":"PARIMPORA ↔ HAZRATBAL","duplicateCount":6},"geometry":{"type":"LineString","coordinates":[[74.557175,34.054756],[74.84248,34.12896]]}},{"type":"Feature","properties":{"permitId":"P0130","office":"SRINAGAR RTO","origin":"PARIMPORA","destination":"HAZRATBAL","via":"SAKIDAFAR","vehicleCategory":"EBus","vehicleType":"","vehicleClass":"","permitType":"","permitCategory":"","region":"","serviceType":"","fuel":"","corridorKey":"PARIMPORA ↔ HAZRATBAL","duplicateCount":6},"geometry":{"type":"LineString","coordinates":[[74.557175,34.054756],[74.84248,34.12896]]}},{"type":"Feature","properties":{"permitId":"P0131","office":"SRINAGAR RTO","origin":"PARIMPORA","destination":"HAZRATBAL","via":"SAKIDAFAR","vehicleCategory":"EBus","vehicleType":"","vehicleClass":"","permitType":"","permitCategory":"","region":"","serviceType":"","fuel":"","corridorKey":"PARIMPORA ↔ HAZRATBAL","duplicateCount":6},"geometry":{"type":"LineString","coordinates":[[74.557175,34.054756],[74.84248,34.12896]]}},{"type":"Feature","properties":{"permitId":"P0132","office":"SRINAGAR RTO","origin":"BATAMALLO","destination":"RANGRETH","via":"IQBAL PARK","vehicleCategory":"EBus","vehicleType":"","vehicleClass":"","permitType":"","permitCategory":"","region":"","serviceType":"","fuel":"","corridorKey":"BATAMALLO ↔ RANGRETH","duplicateCount":4},"geometry":{"type":"LineString","coordinates":[[74.79256,34.07021],[74.805309720786,34.064554842922],[74.79664,34.00603]]}},{"type":"Feature","properties":{"permitId":"P0133","office":"SRINAGAR RTO","origin":"BATAMALLO","destination":"RANGRETH","via":"IQBAL PARK","vehicleCategory":"EBus","vehicleType":"","vehicleClass":"","permitType":"","permitCategory":"","region":"","serviceType":"","fuel":"","corridorKey":"BATAMALLO ↔ RANGRETH","duplicateCount":4},"geometry":{"type":"LineString","coordinates":[[74.79256,34.07021],[74.805309720786,34.064554842922],[74.79664,34.00603]]}},{"type":"Feature","properties":{"permitId":"P0134","office":"SRINAGAR RTO","origin":"BATAMALLO","destination":"RANGRETH","via":"IQBAL PARK","vehicleCategory":"EBus","vehicleType":"","vehicleClass":"","permitType":"","permitCategory":"","region":"","serviceType":"","fuel":"","corridorKey":"BATAMALLO ↔ RANGRETH","duplicateCount":4},"geometry":{"type":"LineString","coordinates":[[74.79256,34.07021],[74.805309720786,34.064554842922],[74.79664,34.00603]]}},{"type":"Feature","properties":{"permitId":"P0135","office":"SRINAGAR RTO","origin":"BATAMALLO","destination":"RANGRETH","via":"IQBAL PARK","vehicleCategory":"EBus","vehicleType":"","vehicleClass":"","permitType":"","permitCategory":"","region":"","serviceType":"","fuel":"","corridorKey":"BATAMALLO ↔ RANGRETH","duplicateCount":4},"geometry":{"type":"LineString","coordinates":[[74.79256,34.07021],[74.805309720786,34.064554842922],[74.79664,34.00603]]}},{"type":"Feature","properties":{"permitId":"P0136","office":"SRINAGAR RTO","origin":"TRC","destination":"BATPORA","via":"NIGEEN","vehicleCategory":"EBus","vehicleType":"","vehicleClass":"","permitType":"","permitCategory":"","region":"","serviceType":"","fuel":"","corridorKey":"TRC ↔ BATPORA","duplicateCount":2},"geometry":{"type":"LineString","coordinates":[[74.827882193414,34.076219140122],[75.246399,33.831584]]}},{"type":"Feature","properties":{"permitId":"P0137","office":"SRINAGAR RTO","origin":"TRC","destination":"BATPORA","via":"NIGEEN","vehicleCategory":"EBus","vehicleType":"","vehicleClass":"","permitType":"","permitCategory":"","region":"","serviceType":"","fuel":"","corridorKey":"TRC ↔ BATPORA","duplicateCount":2},"geometry":{"type":"LineString","coordinates":[[74.827882193414,34.076219140122],[75.246399,33.831584]]}},{"type":"Feature","properties":{"permitId":"P0138","office":"MPS BUSES","origin":"Srinagar","destination":"Shanglipora","via":"","vehicleCategory":"MPS Bus","vehicleType":"","vehicleClass":"","permitType":"","permitCategory":"","region":"","serviceType":"","fuel":"","corridorKey":"SRINAGAR ↔ SHANGLIPORA","duplicateCount":1},"geometry":{"type":"LineString","coordinates":[[74.8043213,34.0717455],[74.499613,33.955831]]}},{"type":"Feature","properties":{"permitId":"P0139","office":"MPS BUSES","origin":"Srinagar","destination":"Isganderpora","via":"","vehicleCategory":"MPS Bus","vehicleType":"","vehicleClass":"","permitType":"","permitCategory":"","region":"","serviceType":"","fuel":"","corridorKey":"SRINAGAR ↔ ISGANDERPORA","duplicateCount":1},"geometry":{"type":"LineString","coordinates":[[74.8043213,34.0717455],[74.56759,34.0258]]}},{"type":"Feature","properties":{"permitId":"P0140","office":"MPS BUSES","origin":"Srinagar","destination":"Aboora","via":"","vehicleCategory":"MPS Bus","vehicleType":"","vehicleClass":"","permitType":"","permitCategory":"","region":"","serviceType":"","fuel":"","corridorKey":"SRINAGAR ↔ ABOORA","duplicateCount":1},"geometry":{"type":"LineString","coordinates":[[74.8043213,34.0717455],[74.53336,34.05651]]}},{"type":"Feature","properties":{"permitId":"P0141","office":"MPS BUSES","origin":"Srinagar","destination":"Arizal","via":"","vehicleCategory":"MPS Bus","vehicleType":"","vehicleClass":"","permitType":"","permitCategory":"","region":"","serviceType":"","fuel":"","corridorKey":"SRINAGAR ↔ ARIZAL","duplicateCount":1},"geometry":{"type":"LineString","coordinates":[[74.8043213,34.0717455],[74.484651,33.837106]]}},{"type":"Feature","properties":{"permitId":"P0142","office":"MPS BUSES","origin":"Srinagar","destination":"Loolpora","via":"","vehicleCategory":"MPS Bus","vehicleType":"","vehicleClass":"","permitType":"","permitCategory":"","region":"","serviceType":"","fuel":"","corridorKey":"SRINAGAR ↔ LOOLPORA","duplicateCount":1},"geometry":{"type":"LineString","coordinates":[[74.8043213,34.0717455],[74.688348,33.857827]]}},{"type":"Feature","properties":{"permitId":"P0143","office":"MPS BUSES","origin":"Srinagar","destination":"Dardpora","via":"","vehicleCategory":"MPS Bus","vehicleType":"","vehicleClass":"","permitType":"","permitCategory":"","region":"","serviceType":"","fuel":"","corridorKey":"SRINAGAR ↔ DARDPORA","duplicateCount":1},"geometry":{"type":"LineString","coordinates":[[74.8043213,34.0717455],[74.7073935,34.0054385]]}},{"type":"Feature","properties":{"permitId":"P0144","office":"MPS BUSES","origin":"Srinagar","destination":"Ratnipora","via":"","vehicleCategory":"MPS Bus","vehicleType":"","vehicleClass":"","permitType":"","permitCategory":"","region":"","serviceType":"","fuel":"","corridorKey":"SRINAGAR ↔ RATNIPORA","duplicateCount":1},"geometry":{"type":"LineString","coordinates":[[74.8043213,34.0717455],[74.948214,33.916943]]}},{"type":"Feature","properties":{"permitId":"P0145","office":"MPS BUSES","origin":"Srinagar","destination":"Ratsun","via":"","vehicleCategory":"MPS Bus","vehicleType":"","vehicleClass":"","permitType":"","permitCategory":"","region":"","serviceType":"","fuel":"","corridorKey":"SRINAGAR ↔ RATSUN","duplicateCount":1},"geometry":{"type":"LineString","coordinates":[[74.8043213,34.0717455],[74.59386,34.05873]]}},{"type":"Feature","properties":{"permitId":"P0146","office":"MPS BUSES","origin":"Srinagar","destination":"Khag","via":"","vehicleCategory":"MPS Bus","vehicleType":"","vehicleClass":"","permitType":"","permitCategory":"","region":"","serviceType":"","fuel":"","corridorKey":"SRINAGAR ↔ KHAG","duplicateCount":1},"geometry":{"type":"LineString","coordinates":[[74.8043213,34.0717455],[74.4937624,34.019311]]}},{"type":"Feature","properties":{"permitId":"P0147","office":"MPS BUSES","origin":"Srinagar","destination":"Karhama","via":"","vehicleCategory":"MPS Bus","vehicleType":"","vehicleClass":"","permitType":"","permitCategory":"","region":"","serviceType":"","fuel":"","corridorKey":"SRINAGAR ↔ KARHAMA","duplicateCount":1},"geometry":{"type":"LineString","coordinates":[[74.8043213,34.0717455],[74.70822,33.979652]]}},{"type":"Feature","properties":{"permitId":"P0148","office":"MPS BUSES","origin":"Srinagar","destination":"Chewdara","via":"","vehicleCategory":"MPS Bus","vehicleType":"","vehicleClass":"","permitType":"","permitCategory":"","region":"","serviceType":"","fuel":"","corridorKey":"SRINAGAR ↔ CHEWDARA","duplicateCount":1},"geometry":{"type":"LineString","coordinates":[[74.8043213,34.0717455],[74.591197,34.01952]]}},{"type":"Feature","properties":{"permitId":"P0149","office":"MPS BUSES","origin":"Srinagar","destination":"Badrun","via":"","vehicleCategory":"MPS Bus","vehicleType":"","vehicleClass":"","permitType":"","permitCategory":"","region":"","serviceType":"","fuel":"","corridorKey":"SRINAGAR ↔ BADRUN","duplicateCount":1},"geometry":{"type":"LineString","coordinates":[[74.8043213,34.0717455],[74.548886,34.033979]]}},{"type":"Feature","properties":{"permitId":"P0150","office":"MPS BUSES","origin":"Srinagar","destination":"Tangmarg","via":"","vehicleCategory":"MPS Bus","vehicleType":"","vehicleClass":"","permitType":"","permitCategory":"","region":"","serviceType":"","fuel":"","corridorKey":"SRINAGAR ↔ TANGMARG","duplicateCount":1},"geometry":{"type":"LineString","coordinates":[[74.8043213,34.0717455],[74.4267935,34.0596199]]}},{"type":"Feature","properties":{"permitId":"P0151","office":"MPS BUSES","origin":"Srinagar","destination":"Safapora Sumbal","via":"","vehicleCategory":"MPS Bus","vehicleType":"","vehicleClass":"","permitType":"","permitCategory":"","region":"","serviceType":"","fuel":"","corridorKey":"SRINAGAR ↔ SAFAPORA SUMBAL","duplicateCount":1},"geometry":{"type":"LineString","coordinates":[[74.8043213,34.0717455],[74.6843314,34.2653713]]}},{"type":"Feature","properties":{"permitId":"P0152","office":"MPS BUSES","origin":"Srinagar","destination":"Safapora Gbl","via":"","vehicleCategory":"MPS Bus","vehicleType":"","vehicleClass":"","permitType":"","permitCategory":"","region":"","serviceType":"","fuel":"","corridorKey":"SRINAGAR ↔ SAFAPORA GBL","duplicateCount":1},"geometry":{"type":"LineString","coordinates":[[74.8043213,34.0717455],[74.6843314,34.2653713]]}},{"type":"Feature","properties":{"permitId":"P0153","office":"MPS BUSES","origin":"Srinagar","destination":"Narwara Budgam","via":"","vehicleCategory":"MPS Bus","vehicleType":"","vehicleClass":"","permitType":"","permitCategory":"","region":"","serviceType":"","fuel":"","corridorKey":"SRINAGAR ↔ NARWARA BUDGAM","duplicateCount":1},"geometry":{"type":"LineString","coordinates":[[74.8043213,34.0717455],[74.736822421078,34.030777077246]]}},{"type":"Feature","properties":{"permitId":"P0154","office":"MPS BUSES","origin":"Srinagar","destination":"Charishreef","via":"","vehicleCategory":"MPS Bus","vehicleType":"","vehicleClass":"","permitType":"","permitCategory":"","region":"","serviceType":"","fuel":"","corridorKey":"SRINAGAR ↔ CHARISHREEF","duplicateCount":1},"geometry":{"type":"LineString","coordinates":[[74.8043213,34.0717455],[74.7697704,33.8620251]]}},{"type":"Feature","properties":{"permitId":"P0155","office":"MPS BUSES","origin":"Srinagar","destination":"Pakherpora","via":"","vehicleCategory":"MPS Bus","vehicleType":"","vehicleClass":"","permitType":"","permitCategory":"","region":"","serviceType":"","fuel":"","corridorKey":"SRINAGAR ↔ PAKHERPORA","duplicateCount":1},"geometry":{"type":"LineString","coordinates":[[74.8043213,34.0717455],[74.519457,33.926911]]}},{"type":"Feature","properties":{"permitId":"P0156","office":"MPS BUSES","origin":"Srinagar","destination":"Tral Dadsur","via":"","vehicleCategory":"MPS Bus","vehicleType":"","vehicleClass":"","permitType":"","permitCategory":"","region":"","serviceType":"","fuel":"","corridorKey":"SRINAGAR ↔ TRAL DADSUR","duplicateCount":1},"geometry":{"type":"LineString","coordinates":[[74.8043213,34.0717455],[75.108097,33.9286639]]}},{"type":"Feature","properties":{"permitId":"P0157","office":"MPS BUSES","origin":"Srinagar","destination":"Pasthoon","via":"","vehicleCategory":"MPS Bus","vehicleType":"","vehicleClass":"","permitType":"","permitCategory":"","region":"","serviceType":"","fuel":"","corridorKey":"SRINAGAR ↔ PASTHOON","duplicateCount":1},"geometry":{"type":"LineString","coordinates":[[74.8043213,34.0717455],[75.07585,33.99229]]}},{"type":"Feature","properties":{"permitId":"P0158","office":"MPS BUSES","origin":"Srinagar","destination":"Naristan","via":"","vehicleCategory":"MPS Bus","vehicleType":"","vehicleClass":"","permitType":"","permitCategory":"","region":"","serviceType":"","fuel":"","corridorKey":"SRINAGAR ↔ NARISTAN","duplicateCount":1},"geometry":{"type":"LineString","coordinates":[[74.8043213,34.0717455],[75.10103,34.0553]]}},{"type":"Feature","properties":{"permitId":"P0159","office":"MPS BUSES","origin":"Srinagar","destination":"Pinglish","via":"","vehicleCategory":"MPS Bus","vehicleType":"","vehicleClass":"","permitType":"","permitCategory":"","region":"","serviceType":"","fuel":"","corridorKey":"SRINAGAR ↔ PINGLISH","duplicateCount":1},"geometry":{"type":"LineString","coordinates":[[74.8043213,34.0717455],[75.1384282,33.8978935]]}},{"type":"Feature","properties":{"permitId":"P0160","office":"MPS BUSES","origin":"Srinagar","destination":"Tral Nowdal","via":"","vehicleCategory":"MPS Bus","vehicleType":"","vehicleClass":"","permitType":"","permitCategory":"","region":"","serviceType":"","fuel":"","corridorKey":"SRINAGAR ↔ TRAL NOWDAL","duplicateCount":1},"geometry":{"type":"LineString","coordinates":[[74.8043213,34.0717455],[75.108097,33.9286639]]}},{"type":"Feature","properties":{"permitId":"P0161","office":"MPS BUSES","origin":"Srinagar","destination":"Mirpora Budgam","via":"","vehicleCategory":"MPS Bus","vehicleType":"","vehicleClass":"","permitType":"","permitCategory":"","region":"","serviceType":"","fuel":"","corridorKey":"SRINAGAR ↔ MIRPORA BUDGAM","duplicateCount":1},"geometry":{"type":"LineString","coordinates":[[74.8043213,34.0717455],[74.610983,34.023902]]}},{"type":"Feature","properties":{"permitId":"P0162","office":"MPS BUSES","origin":"Srinagar","destination":"Vijipopra","via":"","vehicleCategory":"MPS Bus","vehicleType":"","vehicleClass":"","permitType":"","permitCategory":"","region":"","serviceType":"","fuel":"","corridorKey":"SRINAGAR ↔ VIJIPOPRA","duplicateCount":1},"geometry":{"type":"LineString","coordinates":[[74.8043213,34.0717455],[74.6115,34.2811811]]}},{"type":"Feature","properties":{"permitId":"P0163","office":"MPS BUSES","origin":"Srinagar","destination":"Uri Baramulla service oprated recently","via":"","vehicleCategory":"MPS Bus","vehicleType":"","vehicleClass":"","permitType":"","permitCategory":"","region":"","serviceType":"","fuel":"","corridorKey":"SRINAGAR ↔ URI BARAMULLA SERVICE OPRATED RECENTLY","duplicateCount":1},"geometry":{"type":"LineString","coordinates":[[74.8043213,34.0717455],[74.354401,34.203899]]}},{"type":"Feature","properties":{"permitId":"P0164","office":"B/O Bandipora","origin":"Srinagar","destination":"Bandipora-Soura","via":"","vehicleCategory":"Regular Bus","vehicleType":"","vehicleClass":"","permitType":"","permitCategory":"","region":"","serviceType":"","fuel":"","corridorKey":"SRINAGAR ↔ BANDIPORA-SOURA","duplicateCount":1},"geometry":{"type":"LineString","coordinates":[[74.8043213,34.0717455],[74.636002,34.423199]]}},{"type":"Feature","properties":{"permitId":"P0165","office":"B/O Bandipora","origin":"Malangam","destination":"Srinagar","via":"","vehicleCategory":"Regular Bus","vehicleType":"","vehicleClass":"","permitType":"","permitCategory":"","region":"","serviceType":"","fuel":"","corridorKey":"MALANGAM ↔ SRINAGAR","duplicateCount":1},"geometry":{"type":"LineString","coordinates":[[74.565374,34.45333],[74.8043213,34.0717455]]}},{"type":"Feature","properties":{"permitId":"P0166","office":"Sopore Depot","origin":"Srinagar","destination":"Zaloora-Sgr","via":"","vehicleCategory":"Regular Bus","vehicleType":"","vehicleClass":"","permitType":"","permitCategory":"","region":"","serviceType":"","fuel":"","corridorKey":"SRINAGAR ↔ ZALOORA-SGR","duplicateCount":1},"geometry":{"type":"LineString","coordinates":[[74.8043213,34.0717455],[74.37519,34.380387]]}},{"type":"Feature","properties":{"permitId":"P0167","office":"Sopore Depot","origin":"Srinagar","destination":"Botingue- Sgr","via":"","vehicleCategory":"Regular Bus","vehicleType":"","vehicleClass":"","permitType":"","permitCategory":"","region":"","serviceType":"","fuel":"","corridorKey":"SRINAGAR ↔ BOTINGUE- SGR","duplicateCount":1},"geometry":{"type":"LineString","coordinates":[[74.8043213,34.0717455],[74.488771,34.372315]]}},{"type":"Feature","properties":{"permitId":"P0168","office":"Baramulla Depot","origin":"Srinagar","destination":"Baramulla-Srinagar","via":"","vehicleCategory":"Regular Bus","vehicleType":"","vehicleClass":"","permitType":"","permitCategory":"","region":"","serviceType":"","fuel":"","corridorKey":"SRINAGAR ↔ BARAMULLA-SRINAGAR","duplicateCount":1},"geometry":{"type":"LineString","coordinates":[[74.8043213,34.0717455],[74.729488884215,34.113640915477]]}},{"type":"Feature","properties":{"permitId":"P0169","office":"Baramulla Depot","origin":"Srinagar","destination":"Kachoo- Baramulla","via":"","vehicleCategory":"Regular Bus","vehicleType":"","vehicleClass":"","permitType":"","permitCategory":"","region":"","serviceType":"","fuel":"","corridorKey":"SRINAGAR ↔ KACHOO- BARAMULLA","duplicateCount":1},"geometry":{"type":"LineString","coordinates":[[74.8043213,34.0717455],[74.354401,34.203899]]}},{"type":"Feature","properties":{"permitId":"P0170","office":"Kupwara Depot","origin":"Srinagar","destination":"Kapwara-Tekipora-","via":"","vehicleCategory":"Regular Bus","vehicleType":"","vehicleClass":"","permitType":"","permitCategory":"","region":"","serviceType":"","fuel":"","corridorKey":"SRINAGAR ↔ KAPWARA-TEKIPORA-","duplicateCount":1},"geometry":{"type":"LineString","coordinates":[[74.8043213,34.0717455],[74.391969,34.460049]]}},{"type":"Feature","properties":{"permitId":"P0171","office":"B/O Shopian","origin":"Shopian","destination":"Srinagar","via":"","vehicleCategory":"Regular Bus","vehicleType":"","vehicleClass":"","permitType":"","permitCategory":"","region":"","serviceType":"","fuel":"","corridorKey":"SHOPIAN ↔ SRINAGAR","duplicateCount":1},"geometry":{"type":"LineString","coordinates":[[74.8240415,33.7122267],[74.8043213,34.0717455]]}},{"type":"Feature","properties":{"permitId":"P0172","office":"B/O Shopian","origin":"Harman","destination":"Srinagar","via":"","vehicleCategory":"Regular Bus","vehicleType":"","vehicleClass":"","permitType":"","permitCategory":"","region":"","serviceType":"","fuel":"","corridorKey":"HARMAN ↔ SRINAGAR","duplicateCount":1},"geometry":{"type":"LineString","coordinates":[[74.926096,33.710167],[74.8043213,34.0717455]]}},{"type":"Feature","properties":{"permitId":"P0173","office":"B/O Shopian","origin":"Nehama","destination":"Srinagar","via":"","vehicleCategory":"Regular Bus","vehicleType":"","vehicleClass":"","permitType":"","permitCategory":"","region":"","serviceType":"","fuel":"","corridorKey":"NEHAMA ↔ SRINAGAR","duplicateCount":1},"geometry":{"type":"LineString","coordinates":[[74.3408755,34.3749183],[74.8043213,34.0717455]]}},{"type":"Feature","properties":{"permitId":"P0174","office":"B/O Pulwama","origin":"Pulwama","destination":"Srinagar","via":"","vehicleCategory":"Regular Bus","vehicleType":"","vehicleClass":"","permitType":"","permitCategory":"","region":"","serviceType":"","fuel":"","corridorKey":"PULWAMA ↔ SRINAGAR","duplicateCount":1},"geometry":{"type":"LineString","coordinates":[[74.8959155,33.8717259],[74.8043213,34.0717455]]}},{"type":"Feature","properties":{"permitId":"P0175","office":"B/O Pulwama","origin":"Srinagar","destination":"Pulwama- Srinagar","via":"","vehicleCategory":"Regular Bus","vehicleType":"","vehicleClass":"","permitType":"","permitCategory":"","region":"","serviceType":"","fuel":"","corridorKey":"SRINAGAR ↔ PULWAMA- SRINAGAR","duplicateCount":1},"geometry":{"type":"LineString","coordinates":[[74.8043213,34.0717455],[74.927302423735,33.944065664148]]}},{"type":"Feature","properties":{"permitId":"P0176","office":"B/O Pulwama","origin":"Srinagar","destination":"Lettar-Achan-Sgr","via":"","vehicleCategory":"Regular Bus","vehicleType":"","vehicleClass":"","permitType":"","permitCategory":"","region":"","serviceType":"","fuel":"","corridorKey":"SRINAGAR ↔ LETTAR-ACHAN-SGR","duplicateCount":1},"geometry":{"type":"LineString","coordinates":[[74.8043213,34.0717455],[74.951102,33.804515]]}},{"type":"Feature","properties":{"permitId":"P0177","office":"B/O Pulwama","origin":"Srinagar","destination":"Keller-Shopian-Sgr","via":"","vehicleCategory":"Regular Bus","vehicleType":"","vehicleClass":"","permitType":"","permitCategory":"","region":"","serviceType":"","fuel":"","corridorKey":"SRINAGAR ↔ KELLER-SHOPIAN-SGR","duplicateCount":1},"geometry":{"type":"LineString","coordinates":[[74.8043213,34.0717455],[74.765749,33.763258]]}},{"type":"Feature","properties":{"permitId":"P0178","office":"B/O Pulwama","origin":"Srinagar","destination":"Sangerwani- Srinagar","via":"","vehicleCategory":"Regular Bus","vehicleType":"","vehicleClass":"","permitType":"","permitCategory":"","region":"","serviceType":"","fuel":"","corridorKey":"SRINAGAR ↔ SANGERWANI- SRINAGAR","duplicateCount":1},"geometry":{"type":"LineString","coordinates":[[74.8043213,34.0717455],[74.727263,33.797696]]}},{"type":"Feature","properties":{"permitId":"P0179","office":"Anantnagh Depot","origin":"Anantnagh","destination":"Srinagar","via":"","vehicleCategory":"Regular Bus","vehicleType":"","vehicleClass":"","permitType":"","permitCategory":"","region":"","serviceType":"","fuel":"","corridorKey":"ANANTNAGH ↔ SRINAGAR","duplicateCount":10},"geometry":{"type":"LineString","coordinates":[[75.1503303,33.7297937],[74.8043213,34.0717455]]}},{"type":"Feature","properties":{"permitId":"P0180","office":"Anantnagh Depot","origin":"Anantnagh","destination":"Srinagar","via":"","vehicleCategory":"Regular Bus","vehicleType":"","vehicleClass":"","permitType":"","permitCategory":"","region":"","serviceType":"","fuel":"","corridorKey":"ANANTNAGH ↔ SRINAGAR","duplicateCount":10},"geometry":{"type":"LineString","coordinates":[[75.1503303,33.7297937],[74.8043213,34.0717455]]}},{"type":"Feature","properties":{"permitId":"P0181","office":"Anantnagh Depot","origin":"Anantnagh","destination":"Srinagar","via":"","vehicleCategory":"Regular Bus","vehicleType":"","vehicleClass":"","permitType":"","permitCategory":"","region":"","serviceType":"","fuel":"","corridorKey":"ANANTNAGH ↔ SRINAGAR","duplicateCount":10},"geometry":{"type":"LineString","coordinates":[[75.1503303,33.7297937],[74.8043213,34.0717455]]}},{"type":"Feature","properties":{"permitId":"P0182","office":"Anantnagh Depot","origin":"Anantnagh","destination":"Srinagar","via":"","vehicleCategory":"Regular Bus","vehicleType":"","vehicleClass":"","permitType":"","permitCategory":"","region":"","serviceType":"","fuel":"","corridorKey":"ANANTNAGH ↔ SRINAGAR","duplicateCount":10},"geometry":{"type":"LineString","coordinates":[[75.1503303,33.7297937],[74.8043213,34.0717455]]}},{"type":"Feature","properties":{"permitId":"P0183","office":"Anantnagh Depot","origin":"Anantnagh","destination":"Srinagar","via":"","vehicleCategory":"Regular Bus","vehicleType":"","vehicleClass":"","permitType":"","permitCategory":"","region":"","serviceType":"","fuel":"","corridorKey":"ANANTNAGH ↔ SRINAGAR","duplicateCount":10},"geometry":{"type":"LineString","coordinates":[[75.1503303,33.7297937],[74.8043213,34.0717455]]}},{"type":"Feature","properties":{"permitId":"P0184","office":"Anantnagh Depot","origin":"Anantnagh","destination":"Srinagar","via":"","vehicleCategory":"Regular Bus","vehicleType":"","vehicleClass":"","permitType":"","permitCategory":"","region":"","serviceType":"","fuel":"","corridorKey":"ANANTNAGH ↔ SRINAGAR","duplicateCount":10},"geometry":{"type":"LineString","coordinates":[[75.1503303,33.7297937],[74.8043213,34.0717455]]}},{"type":"Feature","properties":{"permitId":"P0185","office":"Anantnagh Depot","origin":"Anantnagh","destination":"Srinagar","via":"","vehicleCategory":"Regular Bus","vehicleType":"","vehicleClass":"","permitType":"","permitCategory":"","region":"","serviceType":"","fuel":"","corridorKey":"ANANTNAGH ↔ SRINAGAR","duplicateCount":10},"geometry":{"type":"LineString","coordinates":[[75.1503303,33.7297937],[74.8043213,34.0717455]]}},{"type":"Feature","properties":{"permitId":"P0186","office":"Anantnagh Depot","origin":"Anantnagh","destination":"Srinagar","via":"","vehicleCategory":"Regular Bus","vehicleType":"","vehicleClass":"","permitType":"","permitCategory":"","region":"","serviceType":"","fuel":"","corridorKey":"ANANTNAGH ↔ SRINAGAR","duplicateCount":10},"geometry":{"type":"LineString","coordinates":[[75.1503303,33.7297937],[74.8043213,34.0717455]]}},{"type":"Feature","properties":{"permitId":"P0187","office":"Anantnagh Depot","origin":"Anantnagh","destination":"Srinagar","via":"","vehicleCategory":"Regular Bus","vehicleType":"","vehicleClass":"","permitType":"","permitCategory":"","region":"","serviceType":"","fuel":"","corridorKey":"ANANTNAGH ↔ SRINAGAR","duplicateCount":10},"geometry":{"type":"LineString","coordinates":[[75.1503303,33.7297937],[74.8043213,34.0717455]]}},{"type":"Feature","properties":{"permitId":"P0188","office":"Anantnagh Depot","origin":"Anantnagh","destination":"Srinagar","via":"","vehicleCategory":"Regular Bus","vehicleType":"","vehicleClass":"","permitType":"","permitCategory":"","region":"","serviceType":"","fuel":"","corridorKey":"ANANTNAGH ↔ SRINAGAR","duplicateCount":10},"geometry":{"type":"LineString","coordinates":[[75.1503303,33.7297937],[74.8043213,34.0717455]]}},{"type":"Feature","properties":{"permitId":"P0189","office":"Anantnagh Depot","origin":"Srinagar","destination":"Lammer- Anantnagh","via":"","vehicleCategory":"Regular Bus","vehicleType":"","vehicleClass":"","permitType":"","permitCategory":"","region":"","serviceType":"","fuel":"","corridorKey":"SRINAGAR ↔ LAMMER- ANANTNAGH","duplicateCount":1},"geometry":{"type":"LineString","coordinates":[[74.8043213,34.0717455],[75.1503303,33.7297937]]}},{"type":"Feature","properties":{"permitId":"P0190","office":"Anantnagh Depot","origin":"Srinagar","destination":"Kherum- Anantnagh","via":"","vehicleCategory":"Regular Bus","vehicleType":"","vehicleClass":"","permitType":"","permitCategory":"","region":"","serviceType":"","fuel":"","corridorKey":"SRINAGAR ↔ KHERUM- ANANTNAGH","duplicateCount":1},"geometry":{"type":"LineString","coordinates":[[74.8043213,34.0717455],[75.1503303,33.7297937]]}},{"type":"Feature","properties":{"permitId":"P0191","office":"Anantnagh Depot","origin":"Anantnagh","destination":"Shopian","via":"","vehicleCategory":"Regular Bus","vehicleType":"","vehicleClass":"","permitType":"","permitCategory":"","region":"","serviceType":"","fuel":"","corridorKey":"ANANTNAGH ↔ SHOPIAN","duplicateCount":1},"geometry":{"type":"LineString","coordinates":[[75.1503303,33.7297937],[74.8240415,33.7122267]]}},{"type":"Feature","properties":{"permitId":"P0192","office":"Traffic Manager (City) JKRTC Srinagar","origin":"Srinagar","destination":"New Khanda","via":"","vehicleCategory":"City Bus","vehicleType":"","vehicleClass":"","permitType":"","permitCategory":"","region":"","serviceType":"","fuel":"","corridorKey":"SRINAGAR ↔ NEW KHANDA","duplicateCount":2},"geometry":{"type":"LineString","coordinates":[[74.8043213,34.0717455],[74.8550381,33.9650618]]}},{"type":"Feature","properties":{"permitId":"P0193","office":"Traffic Manager (City) JKRTC Srinagar","origin":"Srinagar","destination":"By pass","via":"","vehicleCategory":"City Bus","vehicleType":"","vehicleClass":"","permitType":"","permitCategory":"","region":"","serviceType":"","fuel":"","corridorKey":"SRINAGAR ↔ BY PASS","duplicateCount":1},"geometry":{"type":"LineString","coordinates":[[74.8043213,34.0717455],[74.794182258765,34.275347854362]]}},{"type":"Feature","properties":{"permitId":"P0194","office":"Traffic Manager (City) JKRTC Srinagar","origin":"Srinagar","destination":"Khrew","via":"","vehicleCategory":"City Bus","vehicleType":"","vehicleClass":"","permitType":"","permitCategory":"","region":"","serviceType":"","fuel":"","corridorKey":"SRINAGAR ↔ KHREW","duplicateCount":3},"geometry":{"type":"LineString","coordinates":[[74.8043213,34.0717455],[74.999702,34.0201]]}},{"type":"Feature","properties":{"permitId":"P0195","office":"Traffic Manager (City) JKRTC Srinagar","origin":"Srinagar","destination":"Khrew","via":"","vehicleCategory":"City Bus","vehicleType":"","vehicleClass":"","permitType":"","permitCategory":"","region":"","serviceType":"","fuel":"","corridorKey":"SRINAGAR ↔ KHREW","duplicateCount":3},"geometry":{"type":"LineString","coordinates":[[74.8043213,34.0717455],[74.999702,34.0201]]}},{"type":"Feature","properties":{"permitId":"P0196","office":"Traffic Manager (City) JKRTC Srinagar","origin":"Srinagar","destination":"Bypass","via":"","vehicleCategory":"City Bus","vehicleType":"","vehicleClass":"","permitType":"","permitCategory":"","region":"","serviceType":"","fuel":"","corridorKey":"SRINAGAR ↔ BYPASS","duplicateCount":6},"geometry":{"type":"LineString","coordinates":[[74.8043213,34.0717455],[74.794182258765,34.275347854362]]}},{"type":"Feature","properties":{"permitId":"P0197","office":"Traffic Manager (City) JKRTC Srinagar","origin":"Srinagar","destination":"GulaBagh","via":"","vehicleCategory":"City Bus","vehicleType":"","vehicleClass":"","permitType":"","permitCategory":"","region":"","serviceType":"","fuel":"","corridorKey":"SRINAGAR ↔ GULABAGH","duplicateCount":2},"geometry":{"type":"LineString","coordinates":[[74.8043213,34.0717455],[74.816808,34.180153]]}},{"type":"Feature","properties":{"permitId":"P0198","office":"Traffic Manager (City) JKRTC Srinagar","origin":"Srinagar","destination":"Bypass","via":"","vehicleCategory":"City Bus","vehicleType":"","vehicleClass":"","permitType":"","permitCategory":"","region":"","serviceType":"","fuel":"","corridorKey":"SRINAGAR ↔ BYPASS","duplicateCount":6},"geometry":{"type":"LineString","coordinates":[[74.8043213,34.0717455],[74.794182258765,34.275347854362]]}},{"type":"Feature","properties":{"permitId":"P0199","office":"Traffic Manager (City) JKRTC Srinagar","origin":"Srinagar","destination":"Ratnipura","via":"","vehicleCategory":"City Bus","vehicleType":"","vehicleClass":"","permitType":"","permitCategory":"","region":"","serviceType":"","fuel":"","corridorKey":"SRINAGAR ↔ RATNIPURA","duplicateCount":2},"geometry":{"type":"LineString","coordinates":[[74.8043213,34.0717455],[74.948214,33.916943]]}},{"type":"Feature","properties":{"permitId":"P0200","office":"Traffic Manager (City) JKRTC Srinagar","origin":"Srinagar","destination":"Bypass","via":"","vehicleCategory":"City Bus","vehicleType":"","vehicleClass":"","permitType":"","permitCategory":"","region":"","serviceType":"","fuel":"","corridorKey":"SRINAGAR ↔ BYPASS","duplicateCount":6},"geometry":{"type":"LineString","coordinates":[[74.8043213,34.0717455],[74.794182258765,34.275347854362]]}},{"type":"Feature","properties":{"permitId":"P0201","office":"Traffic Manager (City) JKRTC Srinagar","origin":"Srinagar","destination":"Buchpora","via":"","vehicleCategory":"City Bus","vehicleType":"","vehicleClass":"","permitType":"","permitCategory":"","region":"","serviceType":"","fuel":"","corridorKey":"SRINAGAR ↔ BUCHPORA","duplicateCount":1},"geometry":{"type":"LineString","coordinates":[[74.8043213,34.0717455],[74.8081024,34.1515959]]}},{"type":"Feature","properties":{"permitId":"P0202","office":"Traffic Manager (City) JKRTC Srinagar","origin":"Srinagar","destination":"Pampore","via":"","vehicleCategory":"City Bus","vehicleType":"","vehicleClass":"","permitType":"","permitCategory":"","region":"","serviceType":"","fuel":"","corridorKey":"SRINAGAR ↔ PAMPORE","duplicateCount":14},"geometry":{"type":"LineString","coordinates":[[74.8043213,34.0717455],[75.0380695,34.0344075]]}},{"type":"Feature","properties":{"permitId":"P0203","office":"Traffic Manager (City) JKRTC Srinagar","origin":"Srinagar","destination":"Budgam","via":"","vehicleCategory":"City Bus","vehicleType":"","vehicleClass":"","permitType":"","permitCategory":"","region":"","serviceType":"","fuel":"","corridorKey":"SRINAGAR ↔ BUDGAM","duplicateCount":2},"geometry":{"type":"LineString","coordinates":[[74.8043213,34.0717455],[74.640117,33.934407]]}},{"type":"Feature","properties":{"permitId":"P0204","office":"Traffic Manager (City) JKRTC Srinagar","origin":"Srinagar","destination":"Pampore","via":"","vehicleCategory":"City Bus","vehicleType":"","vehicleClass":"","permitType":"","permitCategory":"","region":"","serviceType":"","fuel":"","corridorKey":"SRINAGAR ↔ PAMPORE","duplicateCount":14},"geometry":{"type":"LineString","coordinates":[[74.8043213,34.0717455],[75.0380695,34.0344075]]}},{"type":"Feature","properties":{"permitId":"P0205","office":"Traffic Manager (City) JKRTC Srinagar","origin":"Srinagar","destination":"Gund","via":"","vehicleCategory":"City Bus","vehicleType":"","vehicleClass":"","permitType":"","permitCategory":"","region":"","serviceType":"","fuel":"","corridorKey":"SRINAGAR ↔ GUND","duplicateCount":2},"geometry":{"type":"LineString","coordinates":[[74.8043213,34.0717455],[74.67273,34.05809]]}},{"type":"Feature","properties":{"permitId":"P0206","office":"Traffic Manager (City) JKRTC Srinagar","origin":"Srinagar","destination":"Chadoora","via":"","vehicleCategory":"City Bus","vehicleType":"","vehicleClass":"","permitType":"","permitCategory":"","region":"","serviceType":"","fuel":"","corridorKey":"SRINAGAR ↔ CHADOORA","duplicateCount":3},"geometry":{"type":"LineString","coordinates":[[74.8043213,34.0717455],[74.7992358,33.9455847]]}},{"type":"Feature","properties":{"permitId":"P0207","office":"Traffic Manager (City) JKRTC Srinagar","origin":"Srinagar","destination":"pampore","via":"","vehicleCategory":"City Bus","vehicleType":"","vehicleClass":"","permitType":"","permitCategory":"","region":"","serviceType":"","fuel":"","corridorKey":"SRINAGAR ↔ PAMPORE","duplicateCount":14},"geometry":{"type":"LineString","coordinates":[[74.8043213,34.0717455],[75.0380695,34.0344075]]}},{"type":"Feature","properties":{"permitId":"P0208","office":"Traffic Manager (City) JKRTC Srinagar","origin":"Srinagar","destination":"Chadoora","via":"","vehicleCategory":"City Bus","vehicleType":"","vehicleClass":"","permitType":"","permitCategory":"","region":"","serviceType":"","fuel":"","corridorKey":"SRINAGAR ↔ CHADOORA","duplicateCount":3},"geometry":{"type":"LineString","coordinates":[[74.8043213,34.0717455],[74.7992358,33.9455847]]}},{"type":"Feature","properties":{"permitId":"P0209","office":"Traffic Manager (City) JKRTC Srinagar","origin":"Srinagar","destination":"Pampore","via":"","vehicleCategory":"City Bus","vehicleType":"","vehicleClass":"","permitType":"","permitCategory":"","region":"","serviceType":"","fuel":"","corridorKey":"SRINAGAR ↔ PAMPORE","duplicateCount":14},"geometry":{"type":"LineString","coordinates":[[74.8043213,34.0717455],[75.0380695,34.0344075]]}},{"type":"Feature","properties":{"permitId":"P0210","office":"Traffic Manager (City) JKRTC Srinagar","origin":"Srinagar","destination":"Bypass","via":"","vehicleCategory":"City Bus","vehicleType":"","vehicleClass":"","permitType":"","permitCategory":"","region":"","serviceType":"","fuel":"","corridorKey":"SRINAGAR ↔ BYPASS","duplicateCount":6},"geometry":{"type":"LineString","coordinates":[[74.8043213,34.0717455],[74.794182258765,34.275347854362]]}},{"type":"Feature","properties":{"permitId":"P0211","office":"Traffic Manager (City) JKRTC Srinagar","origin":"Srinagar","destination":"Rasoo","via":"","vehicleCategory":"City Bus","vehicleType":"","vehicleClass":"","permitType":"","permitCategory":"","region":"","serviceType":"","fuel":"","corridorKey":"SRINAGAR ↔ RASOO","duplicateCount":2},"geometry":{"type":"LineString","coordinates":[[74.8043213,34.0717455],[74.632719,34.063071]]}},{"type":"Feature","properties":{"permitId":"P0212","office":"Traffic Manager (City) JKRTC Srinagar","origin":"Srinagar","destination":"Pampore","via":"","vehicleCategory":"City Bus","vehicleType":"","vehicleClass":"","permitType":"","permitCategory":"","region":"","serviceType":"","fuel":"","corridorKey":"SRINAGAR ↔ PAMPORE","duplicateCount":14},"geometry":{"type":"LineString","coordinates":[[74.8043213,34.0717455],[75.0380695,34.0344075]]}},{"type":"Feature","properties":{"permitId":"P0213","office":"Traffic Manager (City) JKRTC Srinagar","origin":"Srinagar","destination":"Harwan","via":"","vehicleCategory":"City Bus","vehicleType":"","vehicleClass":"","permitType":"","permitCategory":"","region":"","serviceType":"","fuel":"","corridorKey":"SRINAGAR ↔ HARWAN","duplicateCount":3},"geometry":{"type":"LineString","coordinates":[[74.8043213,34.0717455],[74.382952,34.396834]]}},{"type":"Feature","properties":{"permitId":"P0214","office":"Traffic Manager (City) JKRTC Srinagar","origin":"Srinagar","destination":"HARWAN","via":"","vehicleCategory":"City Bus","vehicleType":"","vehicleClass":"","permitType":"","permitCategory":"","region":"","serviceType":"","fuel":"","corridorKey":"SRINAGAR ↔ HARWAN","duplicateCount":3},"geometry":{"type":"LineString","coordinates":[[74.8043213,34.0717455],[74.382952,34.396834]]}},{"type":"Feature","properties":{"permitId":"P0215","office":"Traffic Manager (City) JKRTC Srinagar","origin":"Srinagar","destination":"pampore","via":"","vehicleCategory":"City Bus","vehicleType":"","vehicleClass":"","permitType":"","permitCategory":"","region":"","serviceType":"","fuel":"","corridorKey":"SRINAGAR ↔ PAMPORE","duplicateCount":14},"geometry":{"type":"LineString","coordinates":[[74.8043213,34.0717455],[75.0380695,34.0344075]]}},{"type":"Feature","properties":{"permitId":"P0216","office":"Traffic Manager (City) JKRTC Srinagar","origin":"Srinagar","destination":"New Khanda","via":"","vehicleCategory":"City Bus","vehicleType":"","vehicleClass":"","permitType":"","permitCategory":"","region":"","serviceType":"","fuel":"","corridorKey":"SRINAGAR ↔ NEW KHANDA","duplicateCount":2},"geometry":{"type":"LineString","coordinates":[[74.8043213,34.0717455],[74.8550381,33.9650618]]}},{"type":"Feature","properties":{"permitId":"P0217","office":"Traffic Manager (City) JKRTC Srinagar","origin":"Srinagar","destination":"Khrew","via":"","vehicleCategory":"City Bus","vehicleType":"","vehicleClass":"","permitType":"","permitCategory":"","region":"","serviceType":"","fuel":"","corridorKey":"SRINAGAR ↔ KHREW","duplicateCount":3},"geometry":{"type":"LineString","coordinates":[[74.8043213,34.0717455],[74.999702,34.0201]]}},{"type":"Feature","properties":{"permitId":"P0218","office":"Traffic Manager (City) JKRTC Srinagar","origin":"Srinagar","destination":"Pampore","via":"","vehicleCategory":"City Bus","vehicleType":"","vehicleClass":"","permitType":"","permitCategory":"","region":"","serviceType":"","fuel":"","corridorKey":"SRINAGAR ↔ PAMPORE","duplicateCount":14},"geometry":{"type":"LineString","coordinates":[[74.8043213,34.0717455],[75.0380695,34.0344075]]}},{"type":"Feature","properties":{"permitId":"P0219","office":"Traffic Manager (City) JKRTC Srinagar","origin":"Srinagar","destination":"pampore","via":"","vehicleCategory":"City Bus","vehicleType":"","vehicleClass":"","permitType":"","permitCategory":"","region":"","serviceType":"","fuel":"","corridorKey":"SRINAGAR ↔ PAMPORE","duplicateCount":14},"geometry":{"type":"LineString","coordinates":[[74.8043213,34.0717455],[75.0380695,34.0344075]]}},{"type":"Feature","properties":{"permitId":"P0220","office":"Traffic Manager (City) JKRTC Srinagar","origin":"Srinagar","destination":"GulaBagh","via":"","vehicleCategory":"City Bus","vehicleType":"","vehicleClass":"","permitType":"","permitCategory":"","region":"","serviceType":"","fuel":"","corridorKey":"SRINAGAR ↔ GULABAGH","duplicateCount":2},"geometry":{"type":"LineString","coordinates":[[74.8043213,34.0717455],[74.816808,34.180153]]}},{"type":"Feature","properties":{"permitId":"P0221","office":"Traffic Manager (City) JKRTC Srinagar","origin":"Srinagar","destination":"Bypass","via":"","vehicleCategory":"City Bus","vehicleType":"","vehicleClass":"","permitType":"","permitCategory":"","region":"","serviceType":"","fuel":"","corridorKey":"SRINAGAR ↔ BYPASS","duplicateCount":6},"geometry":{"type":"LineString","coordinates":[[74.8043213,34.0717455],[74.794182258765,34.275347854362]]}},{"type":"Feature","properties":{"permitId":"P0222","office":"Traffic Manager (City) JKRTC Srinagar","origin":"Srinagar","destination":"Ratnipura","via":"","vehicleCategory":"City Bus","vehicleType":"","vehicleClass":"","permitType":"","permitCategory":"","region":"","serviceType":"","fuel":"","corridorKey":"SRINAGAR ↔ RATNIPURA","duplicateCount":2},"geometry":{"type":"LineString","coordinates":[[74.8043213,34.0717455],[74.948214,33.916943]]}},{"type":"Feature","properties":{"permitId":"P0223","office":"Traffic Manager (City) JKRTC Srinagar","origin":"Srinagar","destination":"pampore","via":"","vehicleCategory":"City Bus","vehicleType":"","vehicleClass":"","permitType":"","permitCategory":"","region":"","serviceType":"","fuel":"","corridorKey":"SRINAGAR ↔ PAMPORE","duplicateCount":14},"geometry":{"type":"LineString","coordinates":[[74.8043213,34.0717455],[75.0380695,34.0344075]]}},{"type":"Feature","properties":{"permitId":"P0224","office":"Traffic Manager (City) JKRTC Srinagar","origin":"Srinagar","destination":"Ganderbal","via":"","vehicleCategory":"City Bus","vehicleType":"","vehicleClass":"","permitType":"","permitCategory":"","region":"","serviceType":"","fuel":"","corridorKey":"SRINAGAR ↔ GANDERBAL","duplicateCount":1},"geometry":{"type":"LineString","coordinates":[[74.8043213,34.0717455],[74.779999,34.217201]]}},{"type":"Feature","properties":{"permitId":"P0225","office":"Traffic Manager (City) JKRTC Srinagar","origin":"Srinagar","destination":"Pampore","via":"","vehicleCategory":"City Bus","vehicleType":"","vehicleClass":"","permitType":"","permitCategory":"","region":"","serviceType":"","fuel":"","corridorKey":"SRINAGAR ↔ PAMPORE","duplicateCount":14},"geometry":{"type":"LineString","coordinates":[[74.8043213,34.0717455],[75.0380695,34.0344075]]}},{"type":"Feature","properties":{"permitId":"P0226","office":"Traffic Manager (City) JKRTC Srinagar","origin":"Srinagar","destination":"Budgam","via":"","vehicleCategory":"City Bus","vehicleType":"","vehicleClass":"","permitType":"","permitCategory":"","region":"","serviceType":"","fuel":"","corridorKey":"SRINAGAR ↔ BUDGAM","duplicateCount":2},"geometry":{"type":"LineString","coordinates":[[74.8043213,34.0717455],[74.640117,33.934407]]}},{"type":"Feature","properties":{"permitId":"P0227","office":"Traffic Manager (City) JKRTC Srinagar","origin":"Srinagar","destination":"Bypass","via":"","vehicleCategory":"City Bus","vehicleType":"","vehicleClass":"","permitType":"","permitCategory":"","region":"","serviceType":"","fuel":"","corridorKey":"SRINAGAR ↔ BYPASS","duplicateCount":6},"geometry":{"type":"LineString","coordinates":[[74.8043213,34.0717455],[74.794182258765,34.275347854362]]}},{"type":"Feature","properties":{"permitId":"P0228","office":"Traffic Manager (City) JKRTC Srinagar","origin":"Srinagar","destination":"Gund","via":"","vehicleCategory":"City Bus","vehicleType":"","vehicleClass":"","permitType":"","permitCategory":"","region":"","serviceType":"","fuel":"","corridorKey":"SRINAGAR ↔ GUND","duplicateCount":2},"geometry":{"type":"LineString","coordinates":[[74.8043213,34.0717455],[74.67273,34.05809]]}},{"type":"Feature","properties":{"permitId":"P0229","office":"Traffic Manager (City) JKRTC Srinagar","origin":"Srinagar","destination":"Pampore","via":"","vehicleCategory":"City Bus","vehicleType":"","vehicleClass":"","permitType":"","permitCategory":"","region":"","serviceType":"","fuel":"","corridorKey":"SRINAGAR ↔ PAMPORE","duplicateCount":14},"geometry":{"type":"LineString","coordinates":[[74.8043213,34.0717455],[75.0380695,34.0344075]]}},{"type":"Feature","properties":{"permitId":"P0230","office":"Traffic Manager (City) JKRTC Srinagar","origin":"Srinagar","destination":"Chadoora","via":"","vehicleCategory":"City Bus","vehicleType":"","vehicleClass":"","permitType":"","permitCategory":"","region":"","serviceType":"","fuel":"","corridorKey":"SRINAGAR ↔ CHADOORA","duplicateCount":3},"geometry":{"type":"LineString","coordinates":[[74.8043213,34.0717455],[74.7992358,33.9455847]]}},{"type":"Feature","properties":{"permitId":"P0231","office":"Traffic Manager (City) JKRTC Srinagar","origin":"Srinagar","destination":"Pampore","via":"","vehicleCategory":"City Bus","vehicleType":"","vehicleClass":"","permitType":"","permitCategory":"","region":"","serviceType":"","fuel":"","corridorKey":"SRINAGAR ↔ PAMPORE","duplicateCount":14},"geometry":{"type":"LineString","coordinates":[[74.8043213,34.0717455],[75.0380695,34.0344075]]}},{"type":"Feature","properties":{"permitId":"P0232","office":"Traffic Manager (City) JKRTC Srinagar","origin":"Srinagar","destination":"Pampore","via":"","vehicleCategory":"City Bus","vehicleType":"","vehicleClass":"","permitType":"","permitCategory":"","region":"","serviceType":"","fuel":"","corridorKey":"SRINAGAR ↔ PAMPORE","duplicateCount":14},"geometry":{"type":"LineString","coordinates":[[74.8043213,34.0717455],[75.0380695,34.0344075]]}},{"type":"Feature","properties":{"permitId":"P0233","office":"Traffic Manager (City) JKRTC Srinagar","origin":"Srinagar","destination":"Pampore","via":"","vehicleCategory":"City Bus","vehicleType":"","vehicleClass":"","permitType":"","permitCategory":"","region":"","serviceType":"","fuel":"","corridorKey":"SRINAGAR ↔ PAMPORE","duplicateCount":14},"geometry":{"type":"LineString","coordinates":[[74.8043213,34.0717455],[75.0380695,34.0344075]]}},{"type":"Feature","properties":{"permitId":"P0234","office":"Traffic Manager (City) JKRTC Srinagar","origin":"Srinagar","destination":"Rasoo","via":"","vehicleCategory":"City Bus","vehicleType":"","vehicleClass":"","permitType":"","permitCategory":"","region":"","serviceType":"","fuel":"","corridorKey":"SRINAGAR ↔ RASOO","duplicateCount":2},"geometry":{"type":"LineString","coordinates":[[74.8043213,34.0717455],[74.632719,34.063071]]}},{"type":"Feature","properties":{"permitId":"P0235","office":"Traffic Manager (City) JKRTC Srinagar","origin":"Srinagar","destination":"Harwan","via":"","vehicleCategory":"City Bus","vehicleType":"","vehicleClass":"","permitType":"","permitCategory":"","region":"","serviceType":"","fuel":"","corridorKey":"SRINAGAR ↔ HARWAN","duplicateCount":3},"geometry":{"type":"LineString","coordinates":[[74.8043213,34.0717455],[74.382952,34.396834]]}}]}