Route_ID,Route_Name,Action_Taken,New_Route_ID,Displaced_Operator_Class,Route_KM,Route_Type,Congestion_Zone,Pop_Score,POI_Score,Road_Multiplier,Final_CDI,Social_Flag,Priority_Band,Headway_Min,Fleet_Required,HPV_Count,MPV_Count,CMP_Trunk,CMP_Route_ID,Overlap_Metric,Population_Served,HV_POI_Count,Sharp_Turns,Junction_Penalty_Min,N_Stops_Estimated,Stop_Penalty_Min,OSRM_Duration_S,Cycle_Time_Min,Geo_Source,Reasoning_String
R0001,SOURA ↔ LD,RETAINED_AS_FEEDER,FDR-054,,10.099,Urban,City_Core,0.9722,0.5977,0.75,0.785,True,HP,20,6,0,6,False,,0.1252,11217,75,8,4.0,20,10.0,682.4,80.8,OSRM,"Route R0001 (SOURA ↔ LD) → Feeder FDR-054. Route_Type=Urban | Zone=City_Core | CDI=0.7850 | Band=HP | Headway=20 min | Fleet=6 (HPV=0 enforced, MPV=6 — 100%% MPV). Distinct catchment: 5.75% of CMP 2024 pop. residents over 10.1 km. 🚩 Social Obligation"
R0002,PARIMPORA ↔ BUDGAM,RETAINED_AS_FEEDER,FDR-483,,31.385,Peri_Urban,City_Core,0.2617,0.0874,0.75,0.1745,False,LP,35,6,0,6,False,,0.139,10117,38,11,5.5,62,31.0,2180.6,156.9,OSRM,"Route R0002 (PARIMPORA ↔ BUDGAM) → Feeder FDR-483. Route_Type=Peri_Urban | Zone=City_Core | CDI=0.1745 | Band=LP | Headway=35 min | Fleet=6 (HPV=0 enforced, MPV=6 — 100%% MPV). Distinct catchment: 6.97% of CMP 2024 pop. residents over 31.4 km. "
R0003,PARIMPORA ↔ BUDGAM,MERGED_INTO_TRUNK,FDR-483,Private Minibus,31.385,Peri_Urban,City_Core,0.2617,0.0874,1.25,0.1745,False,LP,35,0,0,0,False,,0.139,0,38,11,5.5,62,31.0,2180.6,156.9,OSRM,Route R0003 (PARIMPORA ↔ BUDGAM) merged into Trunk FDR-483. Spatial overlap with trunk corridor. CDI=0.1745. Fleet=0 (counted under Trunk). 
R0004,PARIMPORA ↔ BUDGAM,MERGED_INTO_TRUNK,FDR-483,Private Minibus,31.385,Peri_Urban,City_Core,0.2617,0.0874,1.25,0.1745,False,LP,35,0,0,0,False,,0.139,0,38,11,5.5,62,31.0,2180.6,156.9,OSRM,Route R0004 (PARIMPORA ↔ BUDGAM) merged into Trunk FDR-483. Spatial overlap with trunk corridor. CDI=0.1745. Fleet=0 (counted under Trunk). 
R0005,PARIMPORA ↔ BUDGAM,MERGED_INTO_TRUNK,FDR-483,LPV / Tempo,31.385,Peri_Urban,City_Core,0.2617,0.0874,1.25,0.1745,False,LP,35,0,0,0,False,,0.139,0,38,11,5.5,62,31.0,2180.6,156.9,OSRM,Route R0005 (PARIMPORA ↔ BUDGAM) merged into Trunk FDR-483. Spatial overlap with trunk corridor. CDI=0.1745. Fleet=0 (counted under Trunk). 
R0006,PARIMPORA ↔ HAZRATBAL,RETAINED_AS_FEEDER,FDR-266,,16.104,Peri_Urban,City_Core,0.6786,0.2341,0.75,0.4564,False,MP,35,4,0,0,False,,0.0917,10737,53,22,11.0,32,16.0,1713.6,80.5,OSRM+JhelumBridge,"Route R0006 (PARIMPORA ↔ HAZRATBAL) → Feeder FDR-266. Route_Type=Peri_Urban | Zone=City_Core | CDI=0.4564 | Band=MP | Headway=35 min | Fleet=4 (HPV=0 enforced, MPV=0 — 100%% MPV). Distinct catchment: 6.85% of CMP 2024 pop. residents over 16.1 km. "
R0007,PARIMPORA ↔ CHADORA,RETAINED_AS_FEEDER,FDR-423,,25.752,Peri_Urban,City_Core,0.4673,0.0939,0.75,0.2806,False,LP,35,5,0,5,False,,0.0671,15524,39,7,3.5,51,25.5,1621.9,128.8,OSRM,"Route R0007 (PARIMPORA ↔ CHADORA) → Feeder FDR-423. Route_Type=Peri_Urban | Zone=City_Core | CDI=0.2806 | Band=LP | Headway=35 min | Fleet=5 (HPV=0 enforced, MPV=5 — 100%% MPV). Distinct catchment: 8.31% of CMP 2024 pop. residents over 25.8 km. "
R0008,LAWAYPORA ↔ JEHANGIR CHOWK,RETAINED_AS_FEEDER,FDR-389,,14.207,Urban,City_Core,0.5254,0.1454,0.75,0.3354,False,MP,35,5,0,5,False,,0.1549,7558,29,21,10.5,28,14.0,1005.6,113.7,OSRM,"Route R0008 (LAWAYPORA ↔ JEHANGIR CHOWK) → Feeder FDR-389. Route_Type=Urban | Zone=City_Core | CDI=0.3354 | Band=MP | Headway=35 min | Fleet=5 (HPV=0 enforced, MPV=5 — 100%% MPV). Distinct catchment: 4.99% of CMP 2024 pop. residents over 14.2 km. "
R0009,PARIMPORA ↔ CHADORA,MERGED_INTO_TRUNK,FDR-423,Private Minibus,25.752,Peri_Urban,City_Core,0.4673,0.0939,1.25,0.2806,False,LP,35,0,0,0,False,,0.0671,0,39,7,3.5,51,25.5,1621.9,128.8,OSRM,Route R0009 (PARIMPORA ↔ CHADORA) merged into Trunk FDR-423. Spatial overlap with trunk corridor. CDI=0.2806. Fleet=0 (counted under Trunk). 
R0010,LALBAZAR ↔ LD,RETAINED_AS_FEEDER,FDR-063,,9.308,Urban,City_Core,1.0,0.5555,0.75,0.7777,True,HP,20,5,0,5,False,,0.1132,11888,62,7,3.5,18,9.0,1072.3,74.5,OSRM+JhelumBridge,"Route R0010 (LALBAZAR ↔ LD) → Feeder FDR-063. Route_Type=Urban | Zone=City_Core | CDI=0.7777 | Band=HP | Headway=20 min | Fleet=5 (HPV=0 enforced, MPV=5 — 100%% MPV). Distinct catchment: 5.42% of CMP 2024 pop. residents over 9.3 km. 🚩 Social Obligation"
R0011,SOURA ↔ GADOORA,RETAINED_AS_FEEDER,FDR-002,,17.862,Peri_Urban,City_Core,0.2781,0.1654,0.75,0.2218,False,LP,35,4,0,4,False,,0.0187,21707,42,8,4.0,35,17.5,1327.1,89.3,OSRM,"Route R0011 (SOURA ↔ GADOORA) → Feeder FDR-002. Route_Type=Peri_Urban | Zone=City_Core | CDI=0.2218 | Band=LP | Headway=35 min | Fleet=4 (HPV=0 enforced, MPV=4 — 100%% MPV). Distinct catchment: 4.11% of CMP 2024 pop. residents over 17.9 km. "
R0012,SOURA ↔ GANDERBAL,RETAINED_AS_FEEDER,FDR-476,,9.86,Urban,City_Core,0.2351,0.1407,0.75,0.1879,False,LP,35,4,0,0,False,,0.0215,10891,20,6,3.0,19,9.5,959.3,78.9,OSRM,"Route R0012 (SOURA ↔ GANDERBAL) → Feeder FDR-476. Route_Type=Urban | Zone=City_Core | CDI=0.1879 | Band=LP | Headway=35 min | Fleet=4 (HPV=0 enforced, MPV=0 — 100%% MPV). Distinct catchment: 2.06% of CMP 2024 pop. residents over 9.9 km. "
R0013,SOURA ↔ GANDERBAL,MERGED_INTO_TRUNK,FDR-476,LPV / Tempo,9.86,Urban,City_Core,0.2351,0.1407,1.25,0.1879,False,LP,35,0,0,0,False,,0.0215,0,20,6,3.0,19,9.5,959.3,78.9,OSRM,Route R0013 (SOURA ↔ GANDERBAL) merged into Trunk FDR-476. Spatial overlap with trunk corridor. CDI=0.1879. Fleet=0 (counted under Trunk). 
R0014,LALBAZAR ↔ LALCHOWK,RETAINED_AS_FEEDER,FDR-076,,8.433,Urban,City_Core,1.0,0.5182,0.75,0.7591,True,HP,20,5,0,5,False,,0.128,6066,56,11,5.5,16,8.0,617.5,67.5,OSRM,"Route R0014 (LALBAZAR ↔ LALCHOWK) → Feeder FDR-076. Route_Type=Urban | Zone=City_Core | CDI=0.7591 | Band=HP | Headway=20 min | Fleet=5 (HPV=0 enforced, MPV=5 — 100%% MPV). Distinct catchment: 5.00% of CMP 2024 pop. residents over 8.4 km. 🚩 Social Obligation"
R0015,JEHANGIR CHOWK ↔ SOURA,RETAINED_AS_FEEDER,FDR-117,,10.004,Urban,City_Core,0.7208,0.5344,0.75,0.6276,True,HP,20,5,0,5,False,,0.0806,6223,69,11,5.5,20,10.0,739.8,80.0,OSRM,"Route R0015 (JEHANGIR CHOWK ↔ SOURA) → Feeder FDR-117. Route_Type=Urban | Zone=City_Core | CDI=0.6276 | Band=HP | Headway=20 min | Fleet=5 (HPV=0 enforced, MPV=5 — 100%% MPV). Distinct catchment: 4.46% of CMP 2024 pop. residents over 10.0 km. 🚩 Social Obligation"
R0016,SOURA ↔ LD,MERGED_INTO_TRUNK,FDR-054,LPV / Tempo,10.817,Urban,City_Core,0.7865,0.4422,1.25,0.6143,True,HP,20,0,0,0,False,,0.1055,0,69,11,5.5,21,10.5,798.2,86.5,OSRM,Route R0016 (SOURA ↔ LD) merged into Trunk FDR-054. Spatial overlap with trunk corridor. CDI=0.6143. Fleet=0 (counted under Trunk). 🚩 Social Obligation
R0017,SOURA ↔ LD,MERGED_INTO_TRUNK,FDR-054,Private Minibus,10.099,Urban,City_Core,0.9722,0.5977,1.25,0.785,True,HP,20,0,0,0,False,,0.1252,0,75,8,4.0,20,10.0,682.4,80.8,OSRM,Route R0017 (SOURA ↔ LD) merged into Trunk FDR-054. Spatial overlap with trunk corridor. CDI=0.7850. Fleet=0 (counted under Trunk). 🚩 Social Obligation
R0018,SOURA ↔ HAZRATBAL,UPGRADED_TO_TRUNK,TRK-031,,8.337,Urban,City_Core,0.6895,0.4061,1.25,0.5478,False,MP,35,3,0,3,False,,0.0349,12568,41,6,3.0,16,8.0,1248.4,66.7,OSRM+JhelumBridge,Route R0018 (SOURA ↔ HAZRATBAL) → Trunk TRK-031. Route_Type=Urban | Zone=City_Core | CDI=0.5478 | Band=MP | Headway=35 min | Fleet=3 (HPV=0 MPV=3). Serves ~3.59% of CMP 2024 pop. residents over 8.3 km. 
R0019,TRC ↔ HAZRATBAL,RETAINED_AS_FEEDER,FDR-156,,8.127,Urban,City_Core,0.7098,0.3942,0.75,0.552,False,MP,35,3,0,0,False,,0.082,5991,34,4,2.0,16,8.0,579.9,65.0,OSRM,"Route R0019 (TRC ↔ HAZRATBAL) → Feeder FDR-156. Route_Type=Urban | Zone=City_Core | CDI=0.5520 | Band=MP | Headway=35 min | Fleet=3 (HPV=0 enforced, MPV=0 — 100%% MPV). Distinct catchment: 3.58% of CMP 2024 pop. residents over 8.1 km. "
R0020,HAZRATBAL ↔ LD,RETAINED_AS_FEEDER,FDR-142,,9.286,Urban,City_Core,0.7648,0.4215,0.75,0.5932,True,MP,35,4,0,4,False,,0.0883,10317,39,7,3.5,18,9.0,1246.0,74.3,OSRM+JhelumBridge,"Route R0020 (HAZRATBAL ↔ LD) → Feeder FDR-142. Route_Type=Urban | Zone=City_Core | CDI=0.5932 | Band=MP | Headway=35 min | Fleet=4 (HPV=0 enforced, MPV=4 — 100%% MPV). Distinct catchment: 4.34% of CMP 2024 pop. residents over 9.3 km. 🚩 Social Obligation"
R0021,SOURA ↔ RAILWAY STATION,RETAINED_AS_FEEDER,FDR-257,,18.799,Peri_Urban,City_Core,0.5755,0.3947,0.75,0.4851,False,MP,35,4,0,4,False,,0.1419,10960,91,8,4.0,37,18.5,1610.0,94.0,OSRM+JhelumBridge,"Route R0021 (SOURA ↔ RAILWAY STATION) → Feeder FDR-257. Route_Type=Peri_Urban | Zone=City_Core | CDI=0.4851 | Band=MP | Headway=35 min | Fleet=4 (HPV=0 enforced, MPV=4 — 100%% MPV). Distinct catchment: 7.06% of CMP 2024 pop. residents over 18.8 km. "
R0022,SOURA ↔ LD,MERGED_INTO_TRUNK,FDR-054,Private Minibus,11.052,Urban,City_Core,0.9637,0.6122,1.25,0.7879,True,HP,20,0,0,0,False,,0.1553,0,85,8,4.0,22,11.0,725.1,88.4,OSRM,Route R0022 (SOURA ↔ LD) merged into Trunk FDR-054. Spatial overlap with trunk corridor. CDI=0.7879. Fleet=0 (counted under Trunk). 🚩 Social Obligation
R0023,MALBAGH ↔ LD,RETAINED_AS_FEEDER,FDR-096,,11.428,Urban,City_Core,0.9144,0.45,0.75,0.6822,True,HP,20,6,0,6,False,,0.0855,14496,71,17,8.5,22,11.0,1281.3,91.4,OSRM+JhelumBridge,"Route R0023 (MALBAGH ↔ LD) → Feeder FDR-096. Route_Type=Urban | Zone=City_Core | CDI=0.6822 | Band=HP | Headway=20 min | Fleet=6 (HPV=0 enforced, MPV=6 — 100%% MPV). Distinct catchment: 6.18% of CMP 2024 pop. residents over 11.4 km. 🚩 Social Obligation"
R0024,JEHANGIR CHOWK ↔ JVC,RETAINED_AS_FEEDER,FDR-260,,7.723,Urban,City_Core,0.7209,0.2349,0.75,0.4779,False,MP,35,3,0,0,False,,0.1346,5066,20,14,7.0,15,7.5,676.3,61.8,OSRM,"Route R0024 (JEHANGIR CHOWK ↔ JVC) → Feeder FDR-260. Route_Type=Urban | Zone=City_Core | CDI=0.4779 | Band=MP | Headway=35 min | Fleet=3 (HPV=0 enforced, MPV=0 — 100%% MPV). Distinct catchment: 3.45% of CMP 2024 pop. residents over 7.7 km. "
R0025,JEHANGIR CHOWK ↔ JVC,MERGED_INTO_TRUNK,FDR-260,LPV / Tempo,8.334,Urban,City_Core,0.678,0.3067,1.25,0.4924,False,MP,35,0,0,0,False,,0.1862,0,27,15,7.5,16,8.0,646.4,66.7,OSRM,Route R0025 (JEHANGIR CHOWK ↔ JVC) merged into Trunk FDR-260. Spatial overlap with trunk corridor. CDI=0.4924. Fleet=0 (counted under Trunk). 
R0026,SOURA ↔ PARIMPORA,RETAINED_AS_FEEDER,FDR-180,,12.314,Urban,City_Core,0.7354,0.3235,0.75,0.5294,False,MP,35,4,0,0,False,,0.1424,9853,60,18,9.0,24,12.0,938.7,98.5,OSRM,"Route R0026 (SOURA ↔ PARIMPORA) → Feeder FDR-180. Route_Type=Urban | Zone=City_Core | CDI=0.5294 | Band=MP | Headway=35 min | Fleet=4 (HPV=0 enforced, MPV=0 — 100%% MPV). Distinct catchment: 5.58% of CMP 2024 pop. residents over 12.3 km. "
R0027,SOURA ↔ HAZRATBAL,MERGED_INTO_TRUNK,TRK-031,LPV / Tempo,8.337,Urban,City_Core,0.6895,0.4061,1.25,0.5478,False,MP,35,0,0,0,False,,0.0349,0,41,6,3.0,16,8.0,1248.4,66.7,OSRM+JhelumBridge,Route R0027 (SOURA ↔ HAZRATBAL) merged into Trunk TRK-031. Spatial overlap with trunk corridor. CDI=0.5478. Fleet=0 (counted under Trunk). 
R0028,SOURA ↔ LD,MERGED_INTO_TRUNK,FDR-054,LPV / Tempo,7.325,Urban,City_Core,1.0,0.5994,1.25,0.7997,True,HP,20,0,0,0,False,,0.1215,0,65,13,6.5,14,7.0,606.8,58.6,OSRM,Route R0028 (SOURA ↔ LD) merged into Trunk FDR-054. Spatial overlap with trunk corridor. CDI=0.7997. Fleet=0 (counted under Trunk). 🚩 Social Obligation
R0029,JEHANGIR CHOWK ↔ JVC,MERGED_INTO_TRUNK,FDR-260,LPV / Tempo,8.334,Urban,City_Core,0.678,0.3067,1.25,0.4924,False,MP,35,0,0,0,False,,0.1862,0,27,15,7.5,16,8.0,646.4,66.7,OSRM,Route R0029 (JEHANGIR CHOWK ↔ JVC) merged into Trunk FDR-260. Spatial overlap with trunk corridor. CDI=0.4924. Fleet=0 (counted under Trunk). 
R0030,JEHANGIR CHOWK ↔ JVC,MERGED_INTO_TRUNK,FDR-260,LPV / Tempo,8.334,Urban,City_Core,0.678,0.3067,1.25,0.4924,False,MP,35,0,0,0,False,,0.1862,0,27,15,7.5,16,8.0,646.4,66.7,OSRM,Route R0030 (JEHANGIR CHOWK ↔ JVC) merged into Trunk FDR-260. Spatial overlap with trunk corridor. CDI=0.4924. Fleet=0 (counted under Trunk). 
R0031,JEHANGIR CHOWK ↔ BUDGAM,RETAINED_AS_FEEDER,FDR-462,,45.581,Regional_District,City_Core,0.2918,0.1206,0.75,0.2062,False,LP,35,5,0,0,False,,0.1126,12772,78,9,4.5,91,45.5,2755.2,136.7,OSRM,"Route R0031 (JEHANGIR CHOWK ↔ BUDGAM) → Feeder FDR-462. Route_Type=Regional_District | Zone=City_Core | CDI=0.2062 | Band=LP | Headway=35 min | Fleet=5 (HPV=0 enforced, MPV=0 — 100%% MPV). Distinct catchment: 10.80% of CMP 2024 pop. residents over 45.6 km. "
R0032,PARIMPORA ↔ SAIDAKADAL,RETAINED_AS_FEEDER,FDR-101,,14.067,Urban,City_Core,0.8295,0.4765,0.75,0.653,False,HP,20,7,0,0,False,,0.2185,7414,68,4,2.0,28,14.0,1375.0,112.5,OSRM+JhelumBridge,"Route R0032 (PARIMPORA ↔ SAIDAKADAL) → Feeder FDR-101. Route_Type=Urban | Zone=City_Core | CDI=0.6530 | Band=HP | Headway=20 min | Fleet=7 (HPV=0 enforced, MPV=0 — 100%% MPV). Distinct catchment: 7.02% of CMP 2024 pop. residents over 14.1 km. "
R0033,JEHANGIR CHOWK ↔ JVC,MERGED_INTO_TRUNK,FDR-260,LPV / Tempo,8.334,Urban,City_Core,0.678,0.3067,1.25,0.4924,False,MP,35,0,0,0,False,,0.1862,0,27,15,7.5,16,8.0,646.4,66.7,OSRM,Route R0033 (JEHANGIR CHOWK ↔ JVC) merged into Trunk FDR-260. Spatial overlap with trunk corridor. CDI=0.4924. Fleet=0 (counted under Trunk). 
R0034,SORA ↔ PARIMPORA,MERGED_INTO_TRUNK,FDR-180,LPV / Tempo,12.572,Urban,City_Core,0.597,0.2391,1.25,0.418,False,MP,35,0,0,0,False,,0.1001,0,48,28,14.0,25,12.5,1134.0,100.6,OSRM,Route R0034 (SORA ↔ PARIMPORA) merged into Trunk FDR-180. Spatial overlap with trunk corridor. CDI=0.4180. Fleet=0 (counted under Trunk). 
R0035,JEHANGIR CHOWK ↔ HMT,RETAINED_AS_FEEDER,FDR-270,,10.311,Urban,City_Core,0.6477,0.2503,0.75,0.449,False,MP,35,4,0,0,False,,0.26,6235,30,10,5.0,20,10.0,654.3,82.5,OSRM,"Route R0035 (JEHANGIR CHOWK ↔ HMT) → Feeder FDR-270. Route_Type=Urban | Zone=City_Core | CDI=0.4490 | Band=MP | Headway=35 min | Fleet=4 (HPV=0 enforced, MPV=0 — 100%% MPV). Distinct catchment: 4.23% of CMP 2024 pop. residents over 10.3 km. "
R0036,PARIMPORA ↔ PANTHA CHOWK,RETAINED_AS_FEEDER,FDR-287,,21.307,Peri_Urban,City_Core,0.5783,0.3124,0.75,0.4454,False,MP,35,5,0,0,False,,0.2278,8715,73,5,2.5,42,21.0,1713.4,106.5,OSRM+JhelumBridge,"Route R0036 (PARIMPORA ↔ PANTHA CHOWK) → Feeder FDR-287. Route_Type=Peri_Urban | Zone=City_Core | CDI=0.4454 | Band=MP | Headway=35 min | Fleet=5 (HPV=0 enforced, MPV=0 — 100%% MPV). Distinct catchment: 8.03% of CMP 2024 pop. residents over 21.3 km. "
R0037,SOURA ↔ LD,MERGED_INTO_TRUNK,FDR-054,LPV / Tempo,10.817,Urban,City_Core,0.7865,0.4422,1.25,0.6143,True,HP,20,0,0,0,False,,0.1055,0,69,11,5.5,21,10.5,798.2,86.5,OSRM,Route R0037 (SOURA ↔ LD) merged into Trunk FDR-054. Spatial overlap with trunk corridor. CDI=0.6143. Fleet=0 (counted under Trunk). 🚩 Social Obligation
R0038,PARIMPORA ↔ CHADORA,MERGED_INTO_TRUNK,FDR-423,Private Minibus,24.64,Peri_Urban,City_Core,0.6039,0.1944,1.25,0.3992,False,MP,35,0,0,0,False,,0.1216,0,64,8,4.0,49,24.5,1458.3,123.2,OSRM,Route R0038 (PARIMPORA ↔ CHADORA) merged into Trunk FDR-423. Spatial overlap with trunk corridor. CDI=0.3992. Fleet=0 (counted under Trunk). 
R0039,SOURA ↔ LD,MERGED_INTO_TRUNK,FDR-054,LPV / Tempo,10.099,Urban,City_Core,0.9722,0.5977,1.25,0.785,True,HP,20,0,0,0,False,,0.1252,0,75,8,4.0,20,10.0,682.4,80.8,OSRM,Route R0039 (SOURA ↔ LD) merged into Trunk FDR-054. Spatial overlap with trunk corridor. CDI=0.7850. Fleet=0 (counted under Trunk). 🚩 Social Obligation
R0040,SOURA ↔ RAILWAY STATION,MERGED_INTO_TRUNK,FDR-257,LPV / Tempo,18.412,Peri_Urban,City_Core,0.5955,0.4035,1.25,0.4995,False,MP,35,0,0,0,False,,0.1408,0,91,8,4.0,36,18.0,1608.0,92.1,OSRM+JhelumBridge,Route R0040 (SOURA ↔ RAILWAY STATION) merged into Trunk FDR-257. Spatial overlap with trunk corridor. CDI=0.4995. Fleet=0 (counted under Trunk). 
R0041,SOURA ↔ HAZRATBAL,MERGED_INTO_TRUNK,TRK-031,LPV / Tempo,8.337,Urban,City_Core,0.6895,0.4061,1.25,0.5478,False,MP,35,0,0,0,False,,0.0349,0,41,6,3.0,16,8.0,1248.4,66.7,OSRM+JhelumBridge,Route R0041 (SOURA ↔ HAZRATBAL) merged into Trunk TRK-031. Spatial overlap with trunk corridor. CDI=0.5478. Fleet=0 (counted under Trunk). 
R0042,SORA ↔ LD,MERGED_INTO_TRUNK,FDR-054,LPV / Tempo,10.099,Urban,City_Core,0.9722,0.5977,1.25,0.785,True,HP,20,0,0,0,False,,0.1252,0,75,8,4.0,20,10.0,682.4,80.8,OSRM,Route R0042 (SORA ↔ LD) merged into Trunk FDR-054. Spatial overlap with trunk corridor. CDI=0.7850. Fleet=0 (counted under Trunk). 🚩 Social Obligation
R0043,BAGHAT SHORA ↔ LALCHOWK,RETAINED_AS_FEEDER,FDR-261,,13.003,Urban,City_Core,0.5753,0.3788,0.75,0.477,False,MP,35,4,0,0,False,,0.1314,5630,55,12,6.0,26,13.0,1312.7,104.0,OSRM+JhelumBridge,"Route R0043 (BAGHAT SHORA ↔ LALCHOWK) → Feeder FDR-261. Route_Type=Urban | Zone=City_Core | CDI=0.4770 | Band=MP | Headway=35 min | Fleet=4 (HPV=0 enforced, MPV=0 — 100%% MPV). Distinct catchment: 4.88% of CMP 2024 pop. residents over 13.0 km. "
R0044,JEHANGIR CHOWK ↔ JVC,MERGED_INTO_TRUNK,FDR-260,Private Minibus,8.334,Urban,City_Core,0.678,0.3067,1.25,0.4924,False,MP,35,0,0,0,False,,0.1862,0,27,15,7.5,16,8.0,646.4,66.7,OSRM,Route R0044 (JEHANGIR CHOWK ↔ JVC) merged into Trunk FDR-260. Spatial overlap with trunk corridor. CDI=0.4924. Fleet=0 (counted under Trunk). 
R0045,PARIMPORA ↔ RAWALPORA,RETAINED_AS_FEEDER,FDR-333,,14.409,Urban,City_Core,0.6442,0.1587,0.75,0.4014,False,MP,35,5,0,5,False,,0.0754,10148,33,11,5.5,28,14.0,938.3,115.3,OSRM,"Route R0045 (PARIMPORA ↔ RAWALPORA) → Feeder FDR-333. Route_Type=Urban | Zone=City_Core | CDI=0.4014 | Band=MP | Headway=35 min | Fleet=5 (HPV=0 enforced, MPV=5 — 100%% MPV). Distinct catchment: 5.89% of CMP 2024 pop. residents over 14.4 km. "
R0046,PARIMPORA ↔ RAWALPORA,MERGED_INTO_TRUNK,FDR-333,Private Minibus,14.409,Urban,City_Core,0.6442,0.1587,1.25,0.4014,False,MP,35,0,0,0,False,,0.0754,0,33,11,5.5,28,14.0,938.3,115.3,OSRM,Route R0046 (PARIMPORA ↔ RAWALPORA) merged into Trunk FDR-333. Spatial overlap with trunk corridor. CDI=0.4014. Fleet=0 (counted under Trunk). 
R0047,PARIMPORA ↔ RAWALPORA,MERGED_INTO_TRUNK,FDR-333,LPV / Tempo,14.409,Urban,City_Core,0.6442,0.1587,1.25,0.4014,False,MP,35,0,0,0,False,,0.0754,0,33,11,5.5,28,14.0,938.3,115.3,OSRM,Route R0047 (PARIMPORA ↔ RAWALPORA) merged into Trunk FDR-333. Spatial overlap with trunk corridor. CDI=0.4014. Fleet=0 (counted under Trunk). 
R0048,SOURA ↔ LD,MERGED_INTO_TRUNK,FDR-054,LPV / Tempo,18.128,Peri_Urban,City_Core,0.7185,0.4381,1.25,0.5783,True,MP,35,0,0,0,False,,0.1337,0,99,18,9.0,36,18.0,1262.2,90.6,OSRM,Route R0048 (SOURA ↔ LD) merged into Trunk FDR-054. Spatial overlap with trunk corridor. CDI=0.5783. Fleet=0 (counted under Trunk). 🚩 Social Obligation
R0049,LALBAZAR ↔ QAMARWARI,RETAINED_AS_FEEDER,FDR-092,,8.695,Urban,City_Core,0.9884,0.4111,0.75,0.6998,False,HP,20,5,0,5,False,,0.0951,10399,52,12,6.0,17,8.5,1126.1,69.6,OSRM+JhelumBridge,"Route R0049 (LALBAZAR ↔ QAMARWARI) → Feeder FDR-092. Route_Type=Urban | Zone=City_Core | CDI=0.6998 | Band=HP | Headway=20 min | Fleet=5 (HPV=0 enforced, MPV=5 — 100%% MPV). Distinct catchment: 5.02% of CMP 2024 pop. residents over 8.7 km. "
R0050,SAFAKADAL ↔ SMHS,RETAINED_AS_FEEDER,FDR-134,,6.257,Urban,City_Core,0.6266,0.5965,0.75,0.6116,True,MP,35,3,0,0,False,,0.1249,4392,44,9,4.5,12,6.0,486.9,50.1,OSRM,"Route R0050 (SAFAKADAL ↔ SMHS) → Feeder FDR-134. Route_Type=Urban | Zone=City_Core | CDI=0.6116 | Band=MP | Headway=35 min | Fleet=3 (HPV=0 enforced, MPV=0 — 100%% MPV). Distinct catchment: 2.50% of CMP 2024 pop. residents over 6.3 km. 🚩 Social Obligation"
R0051,NARBAL ↔ JEHANGIR CHOWK,RETAINED_AS_FEEDER,FDR-449,,21.634,Peri_Urban,City_Core,0.3447,0.0941,0.75,0.2194,False,LP,35,5,0,0,False,,0.1076,8618,31,22,11.0,43,21.5,1698.7,108.2,OSRM,"Route R0051 (NARBAL ↔ JEHANGIR CHOWK) → Feeder FDR-449. Route_Type=Peri_Urban | Zone=City_Core | CDI=0.2194 | Band=LP | Headway=35 min | Fleet=5 (HPV=0 enforced, MPV=0 — 100%% MPV). Distinct catchment: 5.68% of CMP 2024 pop. residents over 21.6 km. "
R0052,SOURA ↔ SMHS,RETAINED_AS_FEEDER,FDR-093,,11.97,Urban,City_Core,0.8009,0.5848,0.75,0.6928,False,HP,20,6,0,6,False,,0.1284,7866,91,11,5.5,23,11.5,859.1,95.8,OSRM,"Route R0052 (SOURA ↔ SMHS) → Feeder FDR-093. Route_Type=Urban | Zone=City_Core | CDI=0.6928 | Band=HP | Headway=20 min | Fleet=6 (HPV=0 enforced, MPV=6 — 100%% MPV). Distinct catchment: 5.81% of CMP 2024 pop. residents over 12.0 km. "
R0053,SOURA ↔ SMHS,MERGED_INTO_TRUNK,FDR-093,Private Minibus,11.97,Urban,City_Core,0.8009,0.5848,1.25,0.6928,False,HP,20,0,0,0,False,,0.1284,0,91,11,5.5,23,11.5,859.1,95.8,OSRM,Route R0053 (SOURA ↔ SMHS) merged into Trunk FDR-093. Spatial overlap with trunk corridor. CDI=0.6928. Fleet=0 (counted under Trunk). 
R0054,SOURA ↔ PARIMPORA,MERGED_INTO_TRUNK,FDR-180,Private Minibus,12.845,Urban,City_Core,0.7956,0.3871,1.25,0.5914,False,HP,20,0,0,0,False,,0.1563,0,74,20,10.0,25,12.5,926.8,102.8,OSRM,Route R0054 (SOURA ↔ PARIMPORA) merged into Trunk FDR-180. Spatial overlap with trunk corridor. CDI=0.5914. Fleet=0 (counted under Trunk). 
R0055,PARIMPORA ↔ SAIDAKADAL,MERGED_INTO_TRUNK,FDR-101,Private Minibus,14.067,Urban,City_Core,0.8295,0.4765,1.25,0.653,False,HP,20,0,0,0,False,,0.2185,0,68,4,2.0,28,14.0,1375.0,112.5,OSRM+JhelumBridge,Route R0055 (PARIMPORA ↔ SAIDAKADAL) merged into Trunk FDR-101. Spatial overlap with trunk corridor. CDI=0.6530. Fleet=0 (counted under Trunk). 
R0056,SOURA ↔ QAMARWARI,RETAINED_AS_FEEDER,FDR-265,,9.3,Urban,City_Core,0.6503,0.2762,0.75,0.4632,False,MP,35,4,0,0,False,,0.0525,8029,41,19,9.5,18,9.0,818.9,74.4,OSRM,"Route R0056 (SOURA ↔ QAMARWARI) → Feeder FDR-265. Route_Type=Urban | Zone=City_Core | CDI=0.4632 | Band=MP | Headway=35 min | Fleet=4 (HPV=0 enforced, MPV=0 — 100%% MPV). Distinct catchment: 3.83% of CMP 2024 pop. residents over 9.3 km. "
R0057,SOURA ↔ SMHS,MERGED_INTO_TRUNK,FDR-093,Private Minibus,11.97,Urban,City_Core,0.8009,0.5848,1.25,0.6928,False,HP,20,0,0,0,False,,0.1284,0,91,11,5.5,23,11.5,859.1,95.8,OSRM,Route R0057 (SOURA ↔ SMHS) merged into Trunk FDR-093. Spatial overlap with trunk corridor. CDI=0.6928. Fleet=0 (counted under Trunk). 
R0058,SAFAKADAL ↔ JEHANGIR CHOWK,RETAINED_AS_FEEDER,FDR-550,,3.149,Urban,City_Core,1.0,0.9003,0.75,0.9502,True,HP,20,3,0,3,False,,0.0879,3521,34,2,1.0,6,3.0,218.7,25.2,OSRM,"Route R0058 (SAFAKADAL ↔ JEHANGIR CHOWK) → Feeder FDR-550. Route_Type=Urban | Zone=City_Core | CDI=0.9502 | Band=HP | Headway=20 min | Fleet=3 (HPV=0 enforced, MPV=3 — 100%% MPV). Distinct catchment: 1.93% of CMP 2024 pop. residents over 3.1 km. 🚩 Social Obligation"
R0059,SAFAKADAL ↔ JEHANGIR CHOWK,MERGED_INTO_TRUNK,FDR-550,LPV / Tempo,3.149,Urban,City_Core,1.0,0.9003,1.25,0.9502,True,HP,20,0,0,0,False,,0.0879,0,34,2,1.0,6,3.0,218.7,25.2,OSRM,Route R0059 (SAFAKADAL ↔ JEHANGIR CHOWK) merged into Trunk FDR-550. Spatial overlap with trunk corridor. CDI=0.9502. Fleet=0 (counted under Trunk). 🚩 Social Obligation
R0060,QAMARWARI ↔ PATHACHOWK,RETAINED_AS_FEEDER,FDR-311,,19.719,Peri_Urban,City_Core,0.5711,0.3185,0.75,0.4448,False,MP,35,4,0,4,False,,0.2159,8443,67,11,5.5,39,19.5,1705.8,98.6,OSRM+JhelumBridge,"Route R0060 (QAMARWARI ↔ PATHACHOWK) → Feeder FDR-311. Route_Type=Peri_Urban | Zone=City_Core | CDI=0.4448 | Band=MP | Headway=35 min | Fleet=4 (HPV=0 enforced, MPV=4 — 100%% MPV). Distinct catchment: 7.36% of CMP 2024 pop. residents over 19.7 km. "
R0061,SAFAKADAL ↔ JEHANGIR CHOWK,MERGED_INTO_TRUNK,FDR-550,Private Minibus,3.149,Urban,City_Core,1.0,0.9003,1.25,0.9502,True,HP,20,0,0,0,False,,0.0879,0,34,2,1.0,6,3.0,218.7,25.2,OSRM,Route R0061 (SAFAKADAL ↔ JEHANGIR CHOWK) merged into Trunk FDR-550. Spatial overlap with trunk corridor. CDI=0.9502. Fleet=0 (counted under Trunk). 🚩 Social Obligation
R0062,SOURA ↔ LD,MERGED_INTO_TRUNK,FDR-054,Private Minibus,10.099,Urban,City_Core,0.9722,0.5977,1.25,0.785,True,HP,20,0,0,0,False,,0.1252,0,75,8,4.0,20,10.0,682.4,80.8,OSRM,Route R0062 (SOURA ↔ LD) merged into Trunk FDR-054. Spatial overlap with trunk corridor. CDI=0.7850. Fleet=0 (counted under Trunk). 🚩 Social Obligation
R0063,SAFAKADAL ↔ JEHANGIR CHOWK,MERGED_INTO_TRUNK,FDR-550,Private Minibus,3.149,Urban,City_Core,1.0,0.9003,1.25,0.9502,True,HP,20,0,0,0,False,,0.0879,0,34,2,1.0,6,3.0,218.7,25.2,OSRM,Route R0063 (SAFAKADAL ↔ JEHANGIR CHOWK) merged into Trunk FDR-550. Spatial overlap with trunk corridor. CDI=0.9502. Fleet=0 (counted under Trunk). 🚩 Social Obligation
R0064,LALBAZAR ↔ LD,MERGED_INTO_TRUNK,FDR-063,Private Minibus,10.261,Urban,City_Core,0.9593,0.575,1.25,0.7672,True,HP,20,0,0,0,False,,0.1467,0,72,7,3.5,20,10.0,1115.0,82.1,OSRM+JhelumBridge,Route R0064 (LALBAZAR ↔ LD) merged into Trunk FDR-063. Spatial overlap with trunk corridor. CDI=0.7672. Fleet=0 (counted under Trunk). 🚩 Social Obligation
R0065,QAMARWARI ↔ DALGATE,RETAINED_AS_FEEDER,FDR-112,,8.844,Urban,City_Core,0.8857,0.4015,0.75,0.6436,False,HP,20,5,0,5,False,,0.0961,7461,42,13,6.5,17,8.5,1139.6,70.8,OSRM+JhelumBridge,"Route R0065 (QAMARWARI ↔ DALGATE) → Feeder FDR-112. Route_Type=Urban | Zone=City_Core | CDI=0.6436 | Band=HP | Headway=20 min | Fleet=5 (HPV=0 enforced, MPV=5 — 100%% MPV). Distinct catchment: 4.66% of CMP 2024 pop. residents over 8.8 km. "
R0066,HAZRATBAL ↔ LD,MERGED_INTO_TRUNK,FDR-142,Private Minibus,8.251,Urban,City_Core,0.6434,0.332,1.25,0.4877,True,MP,35,0,0,0,False,,0.0871,0,34,10,5.0,16,8.0,1283.5,66.0,OSRM+JhelumBridge,Route R0066 (HAZRATBAL ↔ LD) merged into Trunk FDR-142. Spatial overlap with trunk corridor. CDI=0.4877. Fleet=0 (counted under Trunk). 🚩 Social Obligation
R0067,HAZRATBAL ↔ LD,MERGED_INTO_TRUNK,FDR-142,Private Minibus,8.251,Urban,City_Core,0.6434,0.332,1.25,0.4877,True,MP,35,0,0,0,False,,0.0871,0,34,10,5.0,16,8.0,1283.5,66.0,OSRM+JhelumBridge,Route R0067 (HAZRATBAL ↔ LD) merged into Trunk FDR-142. Spatial overlap with trunk corridor. CDI=0.4877. Fleet=0 (counted under Trunk). 🚩 Social Obligation
R0068,QAMARWARI ↔ DALGATE,MERGED_INTO_TRUNK,FDR-112,Private Minibus,8.844,Urban,City_Core,0.8857,0.4015,1.25,0.6436,False,HP,20,0,0,0,False,,0.0961,0,42,13,6.5,17,8.5,1139.6,70.8,OSRM+JhelumBridge,Route R0068 (QAMARWARI ↔ DALGATE) merged into Trunk FDR-112. Spatial overlap with trunk corridor. CDI=0.6436. Fleet=0 (counted under Trunk). 
R0069,SAFAKADAL ↔ SMHS,MERGED_INTO_TRUNK,FDR-134,Private Minibus,6.257,Urban,City_Core,0.6266,0.5965,1.25,0.6116,True,HP,20,0,0,0,False,,0.1249,0,44,9,4.5,12,6.0,486.9,50.1,OSRM,Route R0069 (SAFAKADAL ↔ SMHS) merged into Trunk FDR-134. Spatial overlap with trunk corridor. CDI=0.6116. Fleet=0 (counted under Trunk). 🚩 Social Obligation
R0070,SAIDAKADAL ↔ PARIMPORA,RETAINED_AS_FEEDER,FDR-132,,14.556,Urban,City_Core,0.7948,0.4331,0.75,0.614,False,HP,20,7,0,7,False,,0.2146,7411,63,11,5.5,29,14.5,1441.1,116.4,OSRM+JhelumBridge,"Route R0070 (SAIDAKADAL ↔ PARIMPORA) → Feeder FDR-132. Route_Type=Urban | Zone=City_Core | CDI=0.6140 | Band=HP | Headway=20 min | Fleet=7 (HPV=0 enforced, MPV=7 — 100%% MPV). Distinct catchment: 7.02% of CMP 2024 pop. residents over 14.6 km. "
R0071,SAFAKADAL ↔ SMHS,MERGED_INTO_TRUNK,FDR-134,Private Minibus,6.257,Urban,City_Core,0.6266,0.5965,1.25,0.6116,True,HP,20,0,0,0,False,,0.1249,0,44,9,4.5,12,6.0,486.9,50.1,OSRM,Route R0071 (SAFAKADAL ↔ SMHS) merged into Trunk FDR-134. Spatial overlap with trunk corridor. CDI=0.6116. Fleet=0 (counted under Trunk). 🚩 Social Obligation
R0072,SAFAKADAL ↔ SMHS,MERGED_INTO_TRUNK,FDR-134,Private Minibus,6.257,Urban,City_Core,0.6266,0.5965,1.25,0.6116,True,HP,20,0,0,0,False,,0.1249,0,44,9,4.5,12,6.0,486.9,50.1,OSRM,Route R0072 (SAFAKADAL ↔ SMHS) merged into Trunk FDR-134. Spatial overlap with trunk corridor. CDI=0.6116. Fleet=0 (counted under Trunk). 🚩 Social Obligation
R0073,SAFAKADAL ↔ SMHS,MERGED_INTO_TRUNK,FDR-134,Private Minibus,6.257,Urban,City_Core,0.6266,0.5965,1.25,0.6116,True,HP,20,0,0,0,False,,0.1249,0,44,9,4.5,12,6.0,486.9,50.1,OSRM,Route R0073 (SAFAKADAL ↔ SMHS) merged into Trunk FDR-134. Spatial overlap with trunk corridor. CDI=0.6116. Fleet=0 (counted under Trunk). 🚩 Social Obligation
R0074,LALBAZAR ↔ PARIMPORA,RETAINED_AS_FEEDER,FDR-159,,12.646,Urban,City_Core,0.7878,0.3159,0.75,0.5518,False,MP,35,4,0,4,False,,0.1293,11139,59,27,13.5,25,12.5,1535.3,101.2,OSRM+JhelumBridge,"Route R0074 (LALBAZAR ↔ PARIMPORA) → Feeder FDR-159. Route_Type=Urban | Zone=City_Core | CDI=0.5518 | Band=MP | Headway=35 min | Fleet=4 (HPV=0 enforced, MPV=4 — 100%% MPV). Distinct catchment: 6.06% of CMP 2024 pop. residents over 12.6 km. "
R0075,PARIMPORA ↔ RAWALPORA,MERGED_INTO_TRUNK,FDR-333,Private Minibus,15.914,Peri_Urban,City_Core,0.7759,0.2819,1.25,0.5289,False,MP,35,0,0,0,False,,0.1775,0,54,11,5.5,31,15.5,1033.8,79.6,OSRM,Route R0075 (PARIMPORA ↔ RAWALPORA) merged into Trunk FDR-333. Spatial overlap with trunk corridor. CDI=0.5289. Fleet=0 (counted under Trunk). 
R0076,PARIMPORA ↔ HAZRATBAL,MERGED_INTO_TRUNK,FDR-266,Private Minibus,16.104,Peri_Urban,City_Core,0.6786,0.2341,1.25,0.4564,False,MP,35,0,0,0,False,,0.0917,0,53,22,11.0,32,16.0,1713.6,80.5,OSRM+JhelumBridge,Route R0076 (PARIMPORA ↔ HAZRATBAL) merged into Trunk FDR-266. Spatial overlap with trunk corridor. CDI=0.4564. Fleet=0 (counted under Trunk). 
R0077,JEHANGIR CHOWK ↔ HMT,MERGED_INTO_TRUNK,FDR-270,Private Minibus,10.311,Urban,City_Core,0.6477,0.2503,1.25,0.449,False,MP,35,0,0,0,False,,0.26,0,30,10,5.0,20,10.0,654.3,82.5,OSRM,Route R0077 (JEHANGIR CHOWK ↔ HMT) merged into Trunk FDR-270. Spatial overlap with trunk corridor. CDI=0.4490. Fleet=0 (counted under Trunk). 
R0078,LALBAZAR ↔ PARIMPORA,MERGED_INTO_TRUNK,FDR-159,Private Minibus,12.646,Urban,City_Core,0.7878,0.3159,1.25,0.5518,False,MP,35,0,0,0,False,,0.1293,0,59,27,13.5,25,12.5,1535.3,101.2,OSRM+JhelumBridge,Route R0078 (LALBAZAR ↔ PARIMPORA) merged into Trunk FDR-159. Spatial overlap with trunk corridor. CDI=0.5518. Fleet=0 (counted under Trunk). 
R0079,LALBAZAR ↔ PARIMPORA,MERGED_INTO_TRUNK,FDR-159,Private Minibus,12.646,Urban,City_Core,0.7878,0.3159,1.25,0.5518,False,MP,35,0,0,0,False,,0.1293,0,59,27,13.5,25,12.5,1535.3,101.2,OSRM+JhelumBridge,Route R0079 (LALBAZAR ↔ PARIMPORA) merged into Trunk FDR-159. Spatial overlap with trunk corridor. CDI=0.5518. Fleet=0 (counted under Trunk). 
R0080,LALBAZAR ↔ PARIMPORA,MERGED_INTO_TRUNK,FDR-159,Private Minibus,12.646,Urban,City_Core,0.7878,0.3159,1.25,0.5518,False,MP,35,0,0,0,False,,0.1293,0,59,27,13.5,25,12.5,1535.3,101.2,OSRM+JhelumBridge,Route R0080 (LALBAZAR ↔ PARIMPORA) merged into Trunk FDR-159. Spatial overlap with trunk corridor. CDI=0.5518. Fleet=0 (counted under Trunk). 
R0081,PARIMPORA ↔ CHADORA,MERGED_INTO_TRUNK,FDR-423,Private Minibus,24.64,Peri_Urban,City_Core,0.6039,0.1944,1.25,0.3992,False,MP,35,0,0,0,False,,0.1216,0,64,8,4.0,49,24.5,1458.3,123.2,OSRM,Route R0081 (PARIMPORA ↔ CHADORA) merged into Trunk FDR-423. Spatial overlap with trunk corridor. CDI=0.3992. Fleet=0 (counted under Trunk). 
R0082,LALBAZAR ↔ PARIMPORA,MERGED_INTO_TRUNK,FDR-159,Private Minibus,12.646,Urban,City_Core,0.7878,0.3159,1.25,0.5518,False,MP,35,0,0,0,False,,0.1293,0,59,27,13.5,25,12.5,1535.3,101.2,OSRM+JhelumBridge,Route R0082 (LALBAZAR ↔ PARIMPORA) merged into Trunk FDR-159. Spatial overlap with trunk corridor. CDI=0.5518. Fleet=0 (counted under Trunk). 
R0083,LALBAZAR ↔ PARIMPORA,MERGED_INTO_TRUNK,FDR-159,Private Minibus,12.646,Urban,City_Core,0.7878,0.3159,1.25,0.5518,False,MP,35,0,0,0,False,,0.1293,0,59,27,13.5,25,12.5,1535.3,101.2,OSRM+JhelumBridge,Route R0083 (LALBAZAR ↔ PARIMPORA) merged into Trunk FDR-159. Spatial overlap with trunk corridor. CDI=0.5518. Fleet=0 (counted under Trunk). 
R0084,QAMARWARI ↔ HAZRATBAL,RETAINED_AS_FEEDER,FDR-194,,14.081,Urban,City_Core,0.7008,0.3031,0.75,0.502,False,MP,35,5,0,5,False,,0.0831,10336,56,15,7.5,28,14.0,1561.8,112.6,OSRM+JhelumBridge,"Route R0084 (QAMARWARI ↔ HAZRATBAL) → Feeder FDR-194. Route_Type=Urban | Zone=City_Core | CDI=0.5020 | Band=MP | Headway=35 min | Fleet=5 (HPV=0 enforced, MPV=5 — 100%% MPV). Distinct catchment: 6.15% of CMP 2024 pop. residents over 14.1 km. "
R0085,SOURA ↔ JEHANGIR CHOWK,RETAINED_AS_FEEDER,FDR-105,,9.17,Urban,City_Core,0.7578,0.5299,0.75,0.6438,True,HP,20,5,0,0,False,,0.0538,5950,66,9,4.5,18,9.0,764.2,73.4,OSRM,"Route R0085 (SOURA ↔ JEHANGIR CHOWK) → Feeder FDR-105. Route_Type=Urban | Zone=City_Core | CDI=0.6438 | Band=HP | Headway=20 min | Fleet=5 (HPV=0 enforced, MPV=0 — 100%% MPV). Distinct catchment: 4.26% of CMP 2024 pop. residents over 9.2 km. 🚩 Social Obligation"
R0086,LALBAZAR ↔ PARIMPORA,MERGED_INTO_TRUNK,FDR-159,LPV / Tempo,12.646,Urban,City_Core,0.7878,0.3159,1.25,0.5518,False,MP,35,0,0,0,False,,0.1293,0,59,27,13.5,25,12.5,1535.3,101.2,OSRM+JhelumBridge,Route R0086 (LALBAZAR ↔ PARIMPORA) merged into Trunk FDR-159. Spatial overlap with trunk corridor. CDI=0.5518. Fleet=0 (counted under Trunk). 
R0087,HMT ↔ JEHANGIR CHOWK,RETAINED_AS_FEEDER,FDR-362,,10.261,Urban,City_Core,0.6129,0.1573,0.75,0.3851,False,MP,35,4,0,4,False,,0.1226,5756,20,10,5.0,20,10.0,743.4,82.1,OSRM,"Route R0087 (HMT ↔ JEHANGIR CHOWK) → Feeder FDR-362. Route_Type=Urban | Zone=City_Core | CDI=0.3851 | Band=MP | Headway=35 min | Fleet=4 (HPV=0 enforced, MPV=4 — 100%% MPV). Distinct catchment: 4.04% of CMP 2024 pop. residents over 10.3 km. "
R0088,LALBAZAR ↔ PARIMPORA,MERGED_INTO_TRUNK,FDR-159,Private Minibus,12.646,Urban,City_Core,0.7878,0.3159,1.25,0.5518,False,MP,35,0,0,0,False,,0.1293,0,59,27,13.5,25,12.5,1535.3,101.2,OSRM+JhelumBridge,Route R0088 (LALBAZAR ↔ PARIMPORA) merged into Trunk FDR-159. Spatial overlap with trunk corridor. CDI=0.5518. Fleet=0 (counted under Trunk). 
R0089,PARIMPORA ↔ RANGRATH,RETAINED_AS_FEEDER,FDR-441,,19.812,Peri_Urban,City_Core,0.3537,0.108,0.75,0.2308,False,LP,35,4,0,4,False,,0.0937,10333,35,8,4.0,39,19.5,981.1,99.1,OSRM,"Route R0089 (PARIMPORA ↔ RANGRATH) → Feeder FDR-441. Route_Type=Peri_Urban | Zone=City_Core | CDI=0.2308 | Band=LP | Headway=35 min | Fleet=4 (HPV=0 enforced, MPV=4 — 100%% MPV). Distinct catchment: 5.29% of CMP 2024 pop. residents over 19.8 km. "
R0090,SAIDAKADAL ↔ BYPASS,RETAINED_AS_FEEDER,FDR-103,,13.28,Urban,City_Core,0.8105,0.485,0.75,0.6478,False,HP,20,7,0,0,False,,0.1627,7107,62,7,3.5,26,13.0,1334.6,106.2,OSRM+JhelumBridge,"Route R0090 (SAIDAKADAL ↔ BYPASS) → Feeder FDR-103. Route_Type=Urban | Zone=City_Core | CDI=0.6478 | Band=HP | Headway=20 min | Fleet=7 (HPV=0 enforced, MPV=0 — 100%% MPV). Distinct catchment: 6.51% of CMP 2024 pop. residents over 13.3 km. "
R0091,SAIDAKADAL ↔ BYPASS,MERGED_INTO_TRUNK,FDR-103,Private Minibus,13.28,Urban,City_Core,0.8105,0.485,1.25,0.6478,False,HP,20,0,0,0,False,,0.1627,0,62,7,3.5,26,13.0,1334.6,106.2,OSRM+JhelumBridge,Route R0091 (SAIDAKADAL ↔ BYPASS) merged into Trunk FDR-103. Spatial overlap with trunk corridor. CDI=0.6478. Fleet=0 (counted under Trunk). 
R0092,HMT ↔ JEHANGIR CHOWK,MERGED_INTO_TRUNK,FDR-362,Private Minibus,10.261,Urban,City_Core,0.6129,0.1573,1.25,0.3851,False,MP,35,0,0,0,False,,0.1226,0,20,10,5.0,20,10.0,743.4,82.1,OSRM,Route R0092 (HMT ↔ JEHANGIR CHOWK) merged into Trunk FDR-362. Spatial overlap with trunk corridor. CDI=0.3851. Fleet=0 (counted under Trunk). 
R0093,JEHANGIR CHOWK ↔ HMT,MERGED_INTO_TRUNK,FDR-270,Private Minibus,10.311,Urban,City_Core,0.6477,0.2503,1.25,0.449,False,MP,35,0,0,0,False,,0.26,0,30,10,5.0,20,10.0,654.3,82.5,OSRM,Route R0093 (JEHANGIR CHOWK ↔ HMT) merged into Trunk FDR-270. Spatial overlap with trunk corridor. CDI=0.4490. Fleet=0 (counted under Trunk). 
R0094,JEHANGIR CHOWK ↔ HMT,MERGED_INTO_TRUNK,FDR-270,Private Minibus,10.311,Urban,City_Core,0.6477,0.2503,1.25,0.449,False,MP,35,0,0,0,False,,0.26,0,30,10,5.0,20,10.0,654.3,82.5,OSRM,Route R0094 (JEHANGIR CHOWK ↔ HMT) merged into Trunk FDR-270. Spatial overlap with trunk corridor. CDI=0.4490. Fleet=0 (counted under Trunk). 
R0095,PARIMPORA ↔ RANGRATH,MERGED_INTO_TRUNK,FDR-441,Private Minibus,19.812,Peri_Urban,City_Core,0.3537,0.108,1.25,0.2308,False,LP,35,0,0,0,False,,0.0937,0,35,8,4.0,39,19.5,981.1,99.1,OSRM,Route R0095 (PARIMPORA ↔ RANGRATH) merged into Trunk FDR-441. Spatial overlap with trunk corridor. CDI=0.2308. Fleet=0 (counted under Trunk). 
R0096,PARIMPORA ↔ RANGRATH,MERGED_INTO_TRUNK,FDR-441,Private Minibus,19.812,Peri_Urban,City_Core,0.3537,0.108,1.25,0.2308,False,LP,35,0,0,0,False,,0.0937,0,35,8,4.0,39,19.5,981.1,99.1,OSRM,Route R0096 (PARIMPORA ↔ RANGRATH) merged into Trunk FDR-441. Spatial overlap with trunk corridor. CDI=0.2308. Fleet=0 (counted under Trunk). 
R0097,SAFAKADAL ↔ JEHANGIR CHOWK,MERGED_INTO_TRUNK,FDR-550,Private Minibus,3.569,Urban,City_Core,1.0,0.844,1.25,0.922,True,HP,20,0,0,0,False,,0.0831,0,37,8,4.0,7,3.5,390.5,28.6,OSRM,Route R0097 (SAFAKADAL ↔ JEHANGIR CHOWK) merged into Trunk FDR-550. Spatial overlap with trunk corridor. CDI=0.9220. Fleet=0 (counted under Trunk). 🚩 Social Obligation
R0098,SAFAKADAL ↔ JEHANGIR CHOWK,MERGED_INTO_TRUNK,FDR-550,Private Minibus,3.569,Urban,City_Core,1.0,0.844,1.25,0.922,True,HP,20,0,0,0,False,,0.0831,0,37,8,4.0,7,3.5,390.5,28.6,OSRM,Route R0098 (SAFAKADAL ↔ JEHANGIR CHOWK) merged into Trunk FDR-550. Spatial overlap with trunk corridor. CDI=0.9220. Fleet=0 (counted under Trunk). 🚩 Social Obligation
R0099,JEHANGIR CHOWK ↔ HMT,MERGED_INTO_TRUNK,FDR-270,Private Minibus,10.311,Urban,City_Core,0.6477,0.2503,1.25,0.449,False,MP,35,0,0,0,False,,0.26,0,30,10,5.0,20,10.0,654.3,82.5,OSRM,Route R0099 (JEHANGIR CHOWK ↔ HMT) merged into Trunk FDR-270. Spatial overlap with trunk corridor. CDI=0.4490. Fleet=0 (counted under Trunk). 
R0100,JEHANGIR CHOWK ↔ PANZINARA,RETAINED_AS_FEEDER,FDR-396,,16.494,Peri_Urban,City_Core,0.4477,0.148,0.75,0.2978,False,LP,35,4,0,4,False,,0.1599,7605,30,12,6.0,32,16.0,978.7,82.5,OSRM,"Route R0100 (JEHANGIR CHOWK ↔ PANZINARA) → Feeder FDR-396. Route_Type=Peri_Urban | Zone=City_Core | CDI=0.2978 | Band=LP | Headway=35 min | Fleet=4 (HPV=0 enforced, MPV=4 — 100%% MPV). Distinct catchment: 5.16% of CMP 2024 pop. residents over 16.5 km. "
R0101,SAFAKADAL ↔ JEHANGIR CHOWK,MERGED_INTO_TRUNK,FDR-550,Private Minibus,3.569,Urban,City_Core,1.0,0.844,1.25,0.922,True,HP,20,0,0,0,False,,0.0831,0,37,8,4.0,7,3.5,390.5,28.6,OSRM,Route R0101 (SAFAKADAL ↔ JEHANGIR CHOWK) merged into Trunk FDR-550. Spatial overlap with trunk corridor. CDI=0.9220. Fleet=0 (counted under Trunk). 🚩 Social Obligation
R0102,SAFAKADAL ↔ JEHANGIR CHOWK,MERGED_INTO_TRUNK,FDR-550,Private Minibus,3.569,Urban,City_Core,1.0,0.844,1.25,0.922,True,HP,20,0,0,0,False,,0.0831,0,37,8,4.0,7,3.5,390.5,28.6,OSRM,Route R0102 (SAFAKADAL ↔ JEHANGIR CHOWK) merged into Trunk FDR-550. Spatial overlap with trunk corridor. CDI=0.9220. Fleet=0 (counted under Trunk). 🚩 Social Obligation
R0103,BATAMALLO ↔ PANTHA CHOWK,RETAINED_AS_FEEDER,FDR-402,,17.436,Peri_Urban,Peri_Urban,0.4631,0.1055,0.75,0.2843,False,LP,35,4,0,4,False,,0.0973,13164,29,7,3.5,34,17.0,1539.8,87.2,OSRM+JhelumBridge,"Route R0103 (BATAMALLO ↔ PANTHA CHOWK) → Feeder FDR-402. Route_Type=Peri_Urban | Zone=Peri_Urban | CDI=0.2843 | Band=LP | Headway=35 min | Fleet=4 (HPV=0 enforced, MPV=4 — 100%% MPV). Distinct catchment: 5.59% of CMP 2024 pop. residents over 17.4 km. "
R0104,SAFAKADAL ↔ JEHANGIR CHOWK,MERGED_INTO_TRUNK,FDR-550,Private Minibus,3.569,Urban,City_Core,1.0,0.844,1.25,0.922,True,HP,20,0,0,0,False,,0.0831,0,37,8,4.0,7,3.5,390.5,28.6,OSRM,Route R0104 (SAFAKADAL ↔ JEHANGIR CHOWK) merged into Trunk FDR-550. Spatial overlap with trunk corridor. CDI=0.9220. Fleet=0 (counted under Trunk). 🚩 Social Obligation
R0105,SAFAKADAL ↔ JEHANGIR CHOWK,MERGED_INTO_TRUNK,FDR-550,Private Minibus,3.569,Urban,City_Core,1.0,0.844,1.25,0.922,True,HP,20,0,0,0,False,,0.0831,0,37,8,4.0,7,3.5,390.5,28.6,OSRM,Route R0105 (SAFAKADAL ↔ JEHANGIR CHOWK) merged into Trunk FDR-550. Spatial overlap with trunk corridor. CDI=0.9220. Fleet=0 (counted under Trunk). 🚩 Social Obligation
R0106,PARIMPORA ↔ RANGRATH,MERGED_INTO_TRUNK,FDR-441,Private Minibus,19.812,Peri_Urban,City_Core,0.3537,0.108,1.25,0.2308,False,LP,35,0,0,0,False,,0.0937,0,35,8,4.0,39,19.5,981.1,99.1,OSRM,Route R0106 (PARIMPORA ↔ RANGRATH) merged into Trunk FDR-441. Spatial overlap with trunk corridor. CDI=0.2308. Fleet=0 (counted under Trunk). 
R0107,PARIMPORA ↔ RAWALPORA,MERGED_INTO_TRUNK,FDR-333,Private Minibus,15.914,Peri_Urban,City_Core,0.7759,0.2819,1.25,0.5289,False,MP,35,0,0,0,False,,0.1775,0,54,11,5.5,31,15.5,1033.8,79.6,OSRM,Route R0107 (PARIMPORA ↔ RAWALPORA) merged into Trunk FDR-333. Spatial overlap with trunk corridor. CDI=0.5289. Fleet=0 (counted under Trunk). 
R0108,BATAMALLO ↔ PANTHA CHOWK,MERGED_INTO_TRUNK,FDR-402,Private Minibus,17.436,Peri_Urban,Peri_Urban,0.4631,0.1055,1.25,0.2843,False,LP,35,0,0,0,False,,0.0973,0,29,7,3.5,34,17.0,1539.8,87.2,OSRM+JhelumBridge,Route R0108 (BATAMALLO ↔ PANTHA CHOWK) merged into Trunk FDR-402. Spatial overlap with trunk corridor. CDI=0.2843. Fleet=0 (counted under Trunk). 
R0109,JEHANGIR CHOWK ↔ JVC,MERGED_INTO_TRUNK,FDR-260,Private Minibus,8.334,Urban,City_Core,0.678,0.3067,1.25,0.4924,False,MP,35,0,0,0,False,,0.1862,0,27,15,7.5,16,8.0,646.4,66.7,OSRM,Route R0109 (JEHANGIR CHOWK ↔ JVC) merged into Trunk FDR-260. Spatial overlap with trunk corridor. CDI=0.4924. Fleet=0 (counted under Trunk). 
R0110,BATAMALLO ↔ PANTHA CHOWK,MERGED_INTO_TRUNK,FDR-402,LPV / Tempo,17.436,Peri_Urban,Peri_Urban,0.4631,0.1055,1.25,0.2843,False,LP,35,0,0,0,False,,0.0973,0,29,7,3.5,34,17.0,1539.8,87.2,OSRM+JhelumBridge,Route R0110 (BATAMALLO ↔ PANTHA CHOWK) merged into Trunk FDR-402. Spatial overlap with trunk corridor. CDI=0.2843. Fleet=0 (counted under Trunk). 
R0111,PARIMPORA ↔ RANGRATH,MERGED_INTO_TRUNK,FDR-441,Private Minibus,19.812,Peri_Urban,City_Core,0.3537,0.108,1.25,0.2308,False,LP,35,0,0,0,False,,0.0937,0,35,8,4.0,39,19.5,981.1,99.1,OSRM,Route R0111 (PARIMPORA ↔ RANGRATH) merged into Trunk FDR-441. Spatial overlap with trunk corridor. CDI=0.2308. Fleet=0 (counted under Trunk). 
R0112,BATAMALLO ↔ PANTHA CHOWK,MERGED_INTO_TRUNK,FDR-402,Private Minibus,51.0,Regional_District,Peri_Urban,0.3366,0.2162,1.25,0.2764,True,MP,35,0,0,0,False,,0.0965,0,147,15,7.5,102,51.0,3501.2,153.0,OSRM+JhelumBridge,Route R0112 (BATAMALLO ↔ PANTHA CHOWK) merged into Trunk FDR-402. Spatial overlap with trunk corridor. CDI=0.2764. Fleet=0 (counted under Trunk). 🚩 Social Obligation
R0113,JEHANGIR CHOWK ↔ HMT,MERGED_INTO_TRUNK,FDR-270,Private Minibus,10.311,Urban,City_Core,0.6477,0.2503,1.25,0.449,False,MP,35,0,0,0,False,,0.26,0,30,10,5.0,20,10.0,654.3,82.5,OSRM,Route R0113 (JEHANGIR CHOWK ↔ HMT) merged into Trunk FDR-270. Spatial overlap with trunk corridor. CDI=0.4490. Fleet=0 (counted under Trunk). 
R0114,BATAMALLO ↔ PANTHA CHOWK,MERGED_INTO_TRUNK,FDR-402,Private Minibus,51.0,Regional_District,Peri_Urban,0.3366,0.2162,1.25,0.2764,True,MP,35,0,0,0,False,,0.0965,0,147,15,7.5,102,51.0,3501.2,153.0,OSRM+JhelumBridge,Route R0114 (BATAMALLO ↔ PANTHA CHOWK) merged into Trunk FDR-402. Spatial overlap with trunk corridor. CDI=0.2764. Fleet=0 (counted under Trunk). 🚩 Social Obligation
R0115,BATAMALLO ↔ PANTHA CHOWK,MERGED_INTO_TRUNK,FDR-402,LPV / Tempo,51.0,Regional_District,Peri_Urban,0.3366,0.2162,1.25,0.2764,True,MP,35,0,0,0,False,,0.0965,0,147,15,7.5,102,51.0,3501.2,153.0,OSRM+JhelumBridge,Route R0115 (BATAMALLO ↔ PANTHA CHOWK) merged into Trunk FDR-402. Spatial overlap with trunk corridor. CDI=0.2764. Fleet=0 (counted under Trunk). 🚩 Social Obligation
R0116,JEHANGIR CHOWK ↔ BUDGAM,MERGED_INTO_TRUNK,FDR-462,Private Minibus,45.581,Regional_District,City_Core,0.2918,0.1206,1.25,0.2062,False,LP,35,0,0,0,False,,0.1126,0,78,9,4.5,91,45.5,2755.2,136.7,OSRM,Route R0116 (JEHANGIR CHOWK ↔ BUDGAM) merged into Trunk FDR-462. Spatial overlap with trunk corridor. CDI=0.2062. Fleet=0 (counted under Trunk). 
R0117,LALBAZAR ↔ PARIMPORA,MERGED_INTO_TRUNK,FDR-159,Private Minibus,14.237,Urban,City_Core,0.8469,0.3995,1.25,0.6232,False,HP,20,0,0,0,False,,0.1325,0,88,17,8.5,28,14.0,1414.7,113.9,OSRM+JhelumBridge,Route R0117 (LALBAZAR ↔ PARIMPORA) merged into Trunk FDR-159. Spatial overlap with trunk corridor. CDI=0.6232. Fleet=0 (counted under Trunk). 
R0118,SOURA ↔ JEHANGIR CHOWK,MERGED_INTO_TRUNK,FDR-105,Private Minibus,9.17,Urban,City_Core,0.7578,0.5299,1.25,0.6438,True,HP,20,0,0,0,False,,0.0538,0,66,9,4.5,18,9.0,764.2,73.4,OSRM,Route R0118 (SOURA ↔ JEHANGIR CHOWK) merged into Trunk FDR-105. Spatial overlap with trunk corridor. CDI=0.6438. Fleet=0 (counted under Trunk). 🚩 Social Obligation
R0119,PARIMPORA ↔ PANTHACHOWK,MERGED_INTO_TRUNK,FDR-287,LPV / Tempo,21.307,Peri_Urban,City_Core,0.5783,0.3124,1.25,0.4454,False,MP,35,0,0,0,False,,0.2278,0,73,5,2.5,42,21.0,1713.4,106.5,OSRM+JhelumBridge,Route R0119 (PARIMPORA ↔ PANTHACHOWK) merged into Trunk FDR-287. Spatial overlap with trunk corridor. CDI=0.4454. Fleet=0 (counted under Trunk). 
R0120,PARIMPORA ↔ PANTHACHOWK,MERGED_INTO_TRUNK,FDR-287,LPV / Tempo,52.715,Regional_District,City_Core,0.3577,0.2026,1.25,0.2802,True,MP,35,0,0,0,False,,0.1078,0,149,13,6.5,105,52.5,3517.8,158.1,OSRM+JhelumBridge,Route R0120 (PARIMPORA ↔ PANTHACHOWK) merged into Trunk FDR-287. Spatial overlap with trunk corridor. CDI=0.2802. Fleet=0 (counted under Trunk). 🚩 Social Obligation
R0121,SOURA ↔ JEHANGIR CHOWK,MERGED_INTO_TRUNK,FDR-105,Private Minibus,9.17,Urban,City_Core,0.7578,0.5299,1.25,0.6438,True,HP,20,0,0,0,False,,0.0538,0,66,9,4.5,18,9.0,764.2,73.4,OSRM,Route R0121 (SOURA ↔ JEHANGIR CHOWK) merged into Trunk FDR-105. Spatial overlap with trunk corridor. CDI=0.6438. Fleet=0 (counted under Trunk). 🚩 Social Obligation
R0122,PARIMPORA ↔ PANTHACHOWK,MERGED_INTO_TRUNK,FDR-287,Private Minibus,21.307,Peri_Urban,City_Core,0.5783,0.3124,1.25,0.4454,False,MP,35,0,0,0,False,,0.2278,0,73,5,2.5,42,21.0,1713.4,106.5,OSRM+JhelumBridge,Route R0122 (PARIMPORA ↔ PANTHACHOWK) merged into Trunk FDR-287. Spatial overlap with trunk corridor. CDI=0.4454. Fleet=0 (counted under Trunk). 
R0123,PARIMPORA ↔ RANGRATH,MERGED_INTO_TRUNK,FDR-441,Private Minibus,19.812,Peri_Urban,City_Core,0.3537,0.108,1.25,0.2308,False,LP,35,0,0,0,False,,0.0937,0,35,8,4.0,39,19.5,981.1,99.1,OSRM,Route R0123 (PARIMPORA ↔ RANGRATH) merged into Trunk FDR-441. Spatial overlap with trunk corridor. CDI=0.2308. Fleet=0 (counted under Trunk). 
R0124,QAMARWARI ↔ JEHANGIR CHOWK,RETAINED_AS_FEEDER,FDR-214,,12.659,Urban,City_Core,0.5912,0.3866,0.75,0.4889,False,MP,35,4,0,4,False,,0.224,5881,46,14,7.0,25,12.5,870.2,101.3,OSRM,"Route R0124 (QAMARWARI ↔ JEHANGIR CHOWK) → Feeder FDR-214. Route_Type=Urban | Zone=City_Core | CDI=0.4889 | Band=MP | Headway=35 min | Fleet=4 (HPV=0 enforced, MPV=4 — 100%% MPV). Distinct catchment: 4.85% of CMP 2024 pop. residents over 12.7 km. "
R0125,NARBAL ↔ JEHANGIR CHOWK,MERGED_INTO_TRUNK,FDR-449,Private Minibus,21.634,Peri_Urban,City_Core,0.3447,0.0941,1.25,0.2194,False,LP,35,0,0,0,False,,0.1076,0,31,22,11.0,43,21.5,1698.7,108.2,OSRM,Route R0125 (NARBAL ↔ JEHANGIR CHOWK) merged into Trunk FDR-449. Spatial overlap with trunk corridor. CDI=0.2194. Fleet=0 (counted under Trunk). 
R0126,PARIMPORA ↔ BUDGAM,MERGED_INTO_TRUNK,FDR-483,Private Minibus,29.512,Peri_Urban,City_Core,0.0481,0.0057,1.25,0.0269,False,LP,35,0,0,0,False,,0.0884,0,9,11,5.5,59,29.5,1978.5,147.6,OSRM,Route R0126 (PARIMPORA ↔ BUDGAM) merged into Trunk FDR-483. Spatial overlap with trunk corridor. CDI=0.0269. Fleet=0 (counted under Trunk). 
R0127,QAMARWARI ↔ DALGATE,MERGED_INTO_TRUNK,FDR-112,Private Minibus,8.844,Urban,City_Core,0.8857,0.4015,1.25,0.6436,False,HP,20,0,0,0,False,,0.0961,0,42,13,6.5,17,8.5,1139.6,70.8,OSRM+JhelumBridge,Route R0127 (QAMARWARI ↔ DALGATE) merged into Trunk FDR-112. Spatial overlap with trunk corridor. CDI=0.6436. Fleet=0 (counted under Trunk). 
R0128,PARIMPORA ↔ BUDGAM,MERGED_INTO_TRUNK,FDR-483,Private Minibus,29.512,Peri_Urban,City_Core,0.0481,0.0057,1.25,0.0269,False,LP,35,0,0,0,False,,0.0884,0,9,11,5.5,59,29.5,1978.5,147.6,OSRM,Route R0128 (PARIMPORA ↔ BUDGAM) merged into Trunk FDR-483. Spatial overlap with trunk corridor. CDI=0.0269. Fleet=0 (counted under Trunk). 
R0129,PARIMPORA ↔ PANTHACHOWK,MERGED_INTO_TRUNK,FDR-287,Private Minibus,23.396,Peri_Urban,City_Core,0.4424,0.1149,1.25,0.2786,False,LP,35,0,0,0,False,,0.1058,0,41,10,5.0,46,23.0,1727.4,117.0,OSRM+JhelumBridge,Route R0129 (PARIMPORA ↔ PANTHACHOWK) merged into Trunk FDR-287. Spatial overlap with trunk corridor. CDI=0.2786. Fleet=0 (counted under Trunk). 
R0130,PARIMPORA ↔ JEHANGIR CHOWK,RETAINED_AS_FEEDER,FDR-327,,20.711,Peri_Urban,City_Core,0.6177,0.201,0.75,0.4094,False,MP,35,4,0,4,False,,0.0877,11775,55,10,5.0,41,20.5,1193.4,103.6,OSRM,"Route R0130 (PARIMPORA ↔ JEHANGIR CHOWK) → Feeder FDR-327. Route_Type=Peri_Urban | Zone=City_Core | CDI=0.4094 | Band=MP | Headway=35 min | Fleet=4 (HPV=0 enforced, MPV=4 — 100%% MPV). Distinct catchment: 8.20% of CMP 2024 pop. residents over 20.7 km. "
R0131,QAMARWARI ↔ DALGATE,MERGED_INTO_TRUNK,FDR-112,Private Minibus,9.495,Urban,City_Core,0.7674,0.359,1.25,0.5632,False,MP,35,0,0,0,False,,0.0894,0,40,15,7.5,18,9.0,1173.9,76.0,OSRM+JhelumBridge,Route R0131 (QAMARWARI ↔ DALGATE) merged into Trunk FDR-112. Spatial overlap with trunk corridor. CDI=0.5632. Fleet=0 (counted under Trunk). 
R0132,BATAMALLO ↔ PANTHACHOK,MERGED_INTO_TRUNK,FDR-402,Private Minibus,17.988,Peri_Urban,Peri_Urban,0.4784,0.106,1.25,0.2922,False,LP,35,0,0,0,False,,0.0931,0,29,11,5.5,35,17.5,1642.6,89.9,OSRM+JhelumBridge,Route R0132 (BATAMALLO ↔ PANTHACHOK) merged into Trunk FDR-402. Spatial overlap with trunk corridor. CDI=0.2922. Fleet=0 (counted under Trunk). 
R0133,SOURA ↔ JEHANGIR CHOWK,MERGED_INTO_TRUNK,FDR-105,Private Minibus,15.353,Peri_Urban,City_Core,0.6303,0.262,1.25,0.4462,False,MP,35,0,0,0,False,,0.1298,0,57,25,12.5,30,15.0,1270.2,76.8,OSRM,Route R0133 (SOURA ↔ JEHANGIR CHOWK) merged into Trunk FDR-105. Spatial overlap with trunk corridor. CDI=0.4462. Fleet=0 (counted under Trunk). 
R0134,LALBAZAR ↔ LD,MERGED_INTO_TRUNK,FDR-063,Private Minibus,9.308,Urban,City_Core,1.0,0.5555,1.25,0.7777,True,HP,20,0,0,0,False,,0.1132,0,62,7,3.5,18,9.0,1072.3,74.5,OSRM+JhelumBridge,Route R0134 (LALBAZAR ↔ LD) merged into Trunk FDR-063. Spatial overlap with trunk corridor. CDI=0.7777. Fleet=0 (counted under Trunk). 🚩 Social Obligation
R0135,LALBAZAR ↔ LD,MERGED_INTO_TRUNK,FDR-063,Private Minibus,9.308,Urban,City_Core,1.0,0.5555,1.25,0.7777,True,HP,20,0,0,0,False,,0.1132,0,62,7,3.5,18,9.0,1072.3,74.5,OSRM+JhelumBridge,Route R0135 (LALBAZAR ↔ LD) merged into Trunk FDR-063. Spatial overlap with trunk corridor. CDI=0.7777. Fleet=0 (counted under Trunk). 🚩 Social Obligation
R0136,LALBAZAR ↔ LD,MERGED_INTO_TRUNK,FDR-063,Private Minibus,9.308,Urban,City_Core,1.0,0.5555,1.25,0.7777,True,HP,20,0,0,0,False,,0.1132,0,62,7,3.5,18,9.0,1072.3,74.5,OSRM+JhelumBridge,Route R0136 (LALBAZAR ↔ LD) merged into Trunk FDR-063. Spatial overlap with trunk corridor. CDI=0.7777. Fleet=0 (counted under Trunk). 🚩 Social Obligation
R0137,JVC ↔ BATWARA,RETAINED_AS_FEEDER,FDR-256,,14.66,Urban,City_Core,0.6465,0.328,0.75,0.4872,False,MP,35,5,0,5,False,,0.1933,7289,56,9,4.5,29,14.5,1369.1,117.3,OSRM+JhelumBridge,"Route R0137 (JVC ↔ BATWARA) → Feeder FDR-256. Route_Type=Urban | Zone=City_Core | CDI=0.4872 | Band=MP | Headway=35 min | Fleet=5 (HPV=0 enforced, MPV=5 — 100%% MPV). Distinct catchment: 6.01% of CMP 2024 pop. residents over 14.7 km. "
R0138,NARBAL ↔ JEHANGIR CHOWK,MERGED_INTO_TRUNK,FDR-449,Private Minibus,21.634,Peri_Urban,City_Core,0.3447,0.0941,1.25,0.2194,False,LP,35,0,0,0,False,,0.1076,0,31,22,11.0,43,21.5,1698.7,108.2,OSRM,Route R0138 (NARBAL ↔ JEHANGIR CHOWK) merged into Trunk FDR-449. Spatial overlap with trunk corridor. CDI=0.2194. Fleet=0 (counted under Trunk). 
R0139,QAMARWARI ↔ DALGATE,MERGED_INTO_TRUNK,FDR-112,Private Minibus,10.254,Urban,City_Core,0.6731,0.4169,1.25,0.545,False,MP,35,0,0,0,False,,0.2413,0,40,13,6.5,20,10.0,1176.8,82.0,OSRM+JhelumBridge,Route R0139 (QAMARWARI ↔ DALGATE) merged into Trunk FDR-112. Spatial overlap with trunk corridor. CDI=0.5450. Fleet=0 (counted under Trunk). 
R0140,BATAMALLO ↔ PANTHACHOWK,MERGED_INTO_TRUNK,FDR-402,Private Minibus,17.436,Peri_Urban,Peri_Urban,0.4631,0.1055,1.25,0.2843,False,LP,35,0,0,0,False,,0.0973,0,29,7,3.5,34,17.0,1539.8,87.2,OSRM+JhelumBridge,Route R0140 (BATAMALLO ↔ PANTHACHOWK) merged into Trunk FDR-402. Spatial overlap with trunk corridor. CDI=0.2843. Fleet=0 (counted under Trunk). 
R0141,BATAMALLO ↔ PANTHACHOWK,MERGED_INTO_TRUNK,FDR-402,Private Minibus,17.436,Peri_Urban,Peri_Urban,0.4631,0.1055,1.25,0.2843,False,LP,35,0,0,0,False,,0.0973,0,29,7,3.5,34,17.0,1539.8,87.2,OSRM+JhelumBridge,Route R0141 (BATAMALLO ↔ PANTHACHOWK) merged into Trunk FDR-402. Spatial overlap with trunk corridor. CDI=0.2843. Fleet=0 (counted under Trunk). 
R0142,BATAMALLO ↔ PANTHACHOWK,MERGED_INTO_TRUNK,FDR-402,Private Minibus,17.436,Peri_Urban,Peri_Urban,0.4631,0.1055,1.25,0.2843,False,LP,35,0,0,0,False,,0.0973,0,29,7,3.5,34,17.0,1539.8,87.2,OSRM+JhelumBridge,Route R0142 (BATAMALLO ↔ PANTHACHOWK) merged into Trunk FDR-402. Spatial overlap with trunk corridor. CDI=0.2843. Fleet=0 (counted under Trunk). 
R0143,SAFAKADAL ↔ JEHANGIR CHOWK,MERGED_INTO_TRUNK,FDR-550,LPV / Tempo,3.569,Urban,City_Core,1.0,0.844,1.25,0.922,True,HP,20,0,0,0,False,,0.0831,0,37,8,4.0,7,3.5,390.5,28.6,OSRM,Route R0143 (SAFAKADAL ↔ JEHANGIR CHOWK) merged into Trunk FDR-550. Spatial overlap with trunk corridor. CDI=0.9220. Fleet=0 (counted under Trunk). 🚩 Social Obligation
R0144,PARIMPORA ↔ CHADORA,MERGED_INTO_TRUNK,FDR-423,Private Minibus,32.777,Peri_Urban,City_Core,0.0881,0.0086,1.25,0.0483,False,LP,35,0,0,0,False,,0.0523,0,12,11,5.5,65,32.5,1526.8,163.9,OSRM,Route R0144 (PARIMPORA ↔ CHADORA) merged into Trunk FDR-423. Spatial overlap with trunk corridor. CDI=0.0483. Fleet=0 (counted under Trunk). 
R0145,PARIMPORA ↔ RANGRATH,MERGED_INTO_TRUNK,FDR-441,Private Minibus,19.812,Peri_Urban,City_Core,0.3537,0.108,1.25,0.2308,False,LP,35,0,0,0,False,,0.0937,0,35,8,4.0,39,19.5,981.1,99.1,OSRM,Route R0145 (PARIMPORA ↔ RANGRATH) merged into Trunk FDR-441. Spatial overlap with trunk corridor. CDI=0.2308. Fleet=0 (counted under Trunk). 
R0146,LD ↔ PANTHACHOWK,RETAINED_AS_FEEDER,FDR-328,,13.344,Urban,City_Core,0.5344,0.274,0.75,0.4042,True,MP,35,5,0,5,False,,0.1733,8527,41,7,3.5,26,13.0,1300.1,106.8,OSRM+JhelumBridge,"Route R0146 (LD ↔ PANTHACHOWK) → Feeder FDR-328. Route_Type=Urban | Zone=City_Core | CDI=0.4042 | Band=MP | Headway=35 min | Fleet=5 (HPV=0 enforced, MPV=5 — 100%% MPV). Distinct catchment: 4.74% of CMP 2024 pop. residents over 13.3 km. 🚩 Social Obligation"
R0147,LD ↔ PANTHACHOWK,MERGED_INTO_TRUNK,FDR-328,Private Minibus,13.344,Urban,City_Core,0.5344,0.274,1.25,0.4042,True,MP,35,0,0,0,False,,0.1733,0,41,7,3.5,26,13.0,1300.1,106.8,OSRM+JhelumBridge,Route R0147 (LD ↔ PANTHACHOWK) merged into Trunk FDR-328. Spatial overlap with trunk corridor. CDI=0.4042. Fleet=0 (counted under Trunk). 🚩 Social Obligation
R0148,LD ↔ PANTHACHOWK,MERGED_INTO_TRUNK,FDR-328,Private Minibus,13.344,Urban,City_Core,0.5344,0.274,1.25,0.4042,True,MP,35,0,0,0,False,,0.1733,0,41,7,3.5,26,13.0,1300.1,106.8,OSRM+JhelumBridge,Route R0148 (LD ↔ PANTHACHOWK) merged into Trunk FDR-328. Spatial overlap with trunk corridor. CDI=0.4042. Fleet=0 (counted under Trunk). 🚩 Social Obligation
R0149,HAZRATBAL ↔ BONE JOINT HOSPITAL BARZALLA,RETAINED_AS_FEEDER,FDR-099,,15.276,Peri_Urban,City_Core,0.8773,0.4733,0.75,0.6753,False,HP,20,5,0,5,False,,0.1065,8461,87,6,3.0,30,15.0,1408.3,76.4,OSRM+JhelumBridge,"Route R0149 (HAZRATBAL ↔ BONE JOINT HOSPITAL BARZALLA) → Feeder FDR-099. Route_Type=Peri_Urban | Zone=City_Core | CDI=0.6753 | Band=HP | Headway=20 min | Fleet=5 (HPV=0 enforced, MPV=5 — 100%% MPV). Distinct catchment: 7.98% of CMP 2024 pop. residents over 15.3 km. "
R0150,HAZRATBAL ↔ LD,MERGED_INTO_TRUNK,FDR-142,Private Minibus,8.251,Urban,City_Core,0.6434,0.332,1.25,0.4877,True,MP,35,0,0,0,False,,0.0871,0,34,10,5.0,16,8.0,1283.5,66.0,OSRM+JhelumBridge,Route R0150 (HAZRATBAL ↔ LD) merged into Trunk FDR-142. Spatial overlap with trunk corridor. CDI=0.4877. Fleet=0 (counted under Trunk). 🚩 Social Obligation
R0151,HAZRATBAL ↔ LD,MERGED_INTO_TRUNK,FDR-142,Private Minibus,8.251,Urban,City_Core,0.6434,0.332,1.25,0.4877,True,MP,35,0,0,0,False,,0.0871,0,34,10,5.0,16,8.0,1283.5,66.0,OSRM+JhelumBridge,Route R0151 (HAZRATBAL ↔ LD) merged into Trunk FDR-142. Spatial overlap with trunk corridor. CDI=0.4877. Fleet=0 (counted under Trunk). 🚩 Social Obligation
R0152,BATAMALLO ↔ PANTHACHOWK,MERGED_INTO_TRUNK,FDR-402,Private Minibus,17.436,Peri_Urban,Peri_Urban,0.4631,0.1055,1.25,0.2843,False,LP,35,0,0,0,False,,0.0973,0,29,7,3.5,34,17.0,1539.8,87.2,OSRM+JhelumBridge,Route R0152 (BATAMALLO ↔ PANTHACHOWK) merged into Trunk FDR-402. Spatial overlap with trunk corridor. CDI=0.2843. Fleet=0 (counted under Trunk). 
R0153,BATAMALLO ↔ PANTHACHOWK,MERGED_INTO_TRUNK,FDR-402,Private Minibus,17.436,Peri_Urban,Peri_Urban,0.4631,0.1055,1.25,0.2843,False,LP,35,0,0,0,False,,0.0973,0,29,7,3.5,34,17.0,1539.8,87.2,OSRM+JhelumBridge,Route R0153 (BATAMALLO ↔ PANTHACHOWK) merged into Trunk FDR-402. Spatial overlap with trunk corridor. CDI=0.2843. Fleet=0 (counted under Trunk). 
R0154,PARIMPORA ↔ CHADORA,MERGED_INTO_TRUNK,FDR-423,Private Minibus,24.64,Peri_Urban,City_Core,0.6039,0.1944,1.25,0.3992,False,MP,35,0,0,0,False,,0.1216,0,64,8,4.0,49,24.5,1458.3,123.2,OSRM,Route R0154 (PARIMPORA ↔ CHADORA) merged into Trunk FDR-423. Spatial overlap with trunk corridor. CDI=0.3992. Fleet=0 (counted under Trunk). 
R0155,PARIMPORA ↔ PANTHACHOWK,MERGED_INTO_TRUNK,FDR-287,Private Minibus,21.307,Peri_Urban,City_Core,0.5783,0.3124,1.25,0.4454,False,MP,35,0,0,0,False,,0.2278,0,73,5,2.5,42,21.0,1713.4,106.5,OSRM+JhelumBridge,Route R0155 (PARIMPORA ↔ PANTHACHOWK) merged into Trunk FDR-287. Spatial overlap with trunk corridor. CDI=0.4454. Fleet=0 (counted under Trunk). 
R0156,PANTHACHOWK ↔ LD,RETAINED_AS_FEEDER,FDR-325,,12.905,Urban,City_Core,0.5436,0.2825,0.75,0.413,True,MP,35,4,0,4,False,,0.1692,8348,41,5,2.5,25,12.5,1246.8,103.2,OSRM+JhelumBridge,"Route R0156 (PANTHACHOWK ↔ LD) → Feeder FDR-325. Route_Type=Urban | Zone=City_Core | CDI=0.4130 | Band=MP | Headway=35 min | Fleet=4 (HPV=0 enforced, MPV=4 — 100%% MPV). Distinct catchment: 4.64% of CMP 2024 pop. residents over 12.9 km. 🚩 Social Obligation"
R0157,PANTHACHOWK ↔ LD,MERGED_INTO_TRUNK,FDR-325,Private Minibus,12.905,Urban,City_Core,0.5436,0.2825,1.25,0.413,True,MP,35,0,0,0,False,,0.1692,0,41,5,2.5,25,12.5,1246.8,103.2,OSRM+JhelumBridge,Route R0157 (PANTHACHOWK ↔ LD) merged into Trunk FDR-325. Spatial overlap with trunk corridor. CDI=0.4130. Fleet=0 (counted under Trunk). 🚩 Social Obligation
R0158,GBS ↔ LAL CHOWK,RETAINED_AS_FEEDER,FDR-433,,20.326,Peri_Urban,City_Core,0.2593,0.2438,0.75,0.2516,False,LP,35,4,0,4,False,,0.0906,5797,51,22,11.0,40,20.0,1779.9,101.6,OSRM,"Route R0158 (GBS ↔ LAL CHOWK) → Feeder FDR-433. Route_Type=Peri_Urban | Zone=City_Core | CDI=0.2516 | Band=LP | Headway=35 min | Fleet=4 (HPV=0 enforced, MPV=4 — 100%% MPV). Distinct catchment: 4.49% of CMP 2024 pop. residents over 20.3 km. "
R0159,PARIMPORA ↔ PANTHACHOWK,MERGED_INTO_TRUNK,FDR-287,Private Minibus,21.307,Peri_Urban,City_Core,0.5783,0.3124,1.25,0.4454,False,MP,35,0,0,0,False,,0.2278,0,73,5,2.5,42,21.0,1713.4,106.5,OSRM+JhelumBridge,Route R0159 (PARIMPORA ↔ PANTHACHOWK) merged into Trunk FDR-287. Spatial overlap with trunk corridor. CDI=0.4454. Fleet=0 (counted under Trunk). 
R0160,PARIMPORA ↔ JAWAHAIRNAGAR,RETAINED_AS_FEEDER,FDR-146,,12.642,Urban,City_Core,0.7971,0.3444,0.75,0.5708,True,MP,35,4,0,4,False,,0.1933,7170,49,12,6.0,25,12.5,1381.8,101.1,OSRM+JhelumBridge,"Route R0160 (PARIMPORA ↔ JAWAHAIRNAGAR) → Feeder FDR-146. Route_Type=Urban | Zone=City_Core | CDI=0.5708 | Band=MP | Headway=35 min | Fleet=4 (HPV=0 enforced, MPV=4 — 100%% MPV). Distinct catchment: 6.11% of CMP 2024 pop. residents over 12.6 km. 🚩 Social Obligation"
R0161,QAMARWARI ↔ DALGATE,MERGED_INTO_TRUNK,FDR-112,LPV / Tempo,8.844,Urban,City_Core,0.8857,0.4015,1.25,0.6436,False,HP,20,0,0,0,False,,0.0961,0,42,13,6.5,17,8.5,1139.6,70.8,OSRM+JhelumBridge,Route R0161 (QAMARWARI ↔ DALGATE) merged into Trunk FDR-112. Spatial overlap with trunk corridor. CDI=0.6436. Fleet=0 (counted under Trunk). 
R0162,PARIMPORA ↔ JAWAHAIRNAGAR,MERGED_INTO_TRUNK,FDR-146,Private Minibus,12.642,Urban,City_Core,0.7971,0.3444,1.25,0.5708,True,MP,35,0,0,0,False,,0.1933,0,49,12,6.0,25,12.5,1381.8,101.1,OSRM+JhelumBridge,Route R0162 (PARIMPORA ↔ JAWAHAIRNAGAR) merged into Trunk FDR-146. Spatial overlap with trunk corridor. CDI=0.5708. Fleet=0 (counted under Trunk). 🚩 Social Obligation
R0163,QAMARWARI ↔ BAGHI MEHTAB,RETAINED_AS_FEEDER,FDR-001,,16.223,Peri_Urban,City_Core,0.7059,0.1938,0.75,0.4498,False,MP,35,4,0,4,False,,0.0544,16437,45,30,15.0,32,16.0,1653.1,81.1,OSRM+JhelumBridge,"Route R0163 (QAMARWARI ↔ BAGHI MEHTAB) → Feeder FDR-001. Route_Type=Peri_Urban | Zone=City_Core | CDI=0.4498 | Band=MP | Headway=35 min | Fleet=4 (HPV=0 enforced, MPV=4 — 100%% MPV). Distinct catchment: 7.12% of CMP 2024 pop. residents over 16.2 km. "
R0164,LALBAZAR ↔ LD,MERGED_INTO_TRUNK,FDR-063,Private Minibus,9.308,Urban,City_Core,1.0,0.5555,1.25,0.7777,True,HP,20,0,0,0,False,,0.1132,0,62,7,3.5,18,9.0,1072.3,74.5,OSRM+JhelumBridge,Route R0164 (LALBAZAR ↔ LD) merged into Trunk FDR-063. Spatial overlap with trunk corridor. CDI=0.7777. Fleet=0 (counted under Trunk). 🚩 Social Obligation
R0165,LALBAZAR ↔ LD,MERGED_INTO_TRUNK,FDR-063,Private Minibus,9.308,Urban,City_Core,1.0,0.5555,1.25,0.7777,True,HP,20,0,0,0,False,,0.1132,0,62,7,3.5,18,9.0,1072.3,74.5,OSRM+JhelumBridge,Route R0165 (LALBAZAR ↔ LD) merged into Trunk FDR-063. Spatial overlap with trunk corridor. CDI=0.7777. Fleet=0 (counted under Trunk). 🚩 Social Obligation
R0166,LALBAZAR ↔ LD,MERGED_INTO_TRUNK,FDR-063,Private Minibus,9.308,Urban,City_Core,1.0,0.5555,1.25,0.7777,True,HP,20,0,0,0,False,,0.1132,0,62,7,3.5,18,9.0,1072.3,74.5,OSRM+JhelumBridge,Route R0166 (LALBAZAR ↔ LD) merged into Trunk FDR-063. Spatial overlap with trunk corridor. CDI=0.7777. Fleet=0 (counted under Trunk). 🚩 Social Obligation
R0167,HAZRATBAL ↔ LD,MERGED_INTO_TRUNK,FDR-142,Private Minibus,8.251,Urban,City_Core,0.6434,0.332,1.25,0.4877,True,MP,35,0,0,0,False,,0.0871,0,34,10,5.0,16,8.0,1283.5,66.0,OSRM+JhelumBridge,Route R0167 (HAZRATBAL ↔ LD) merged into Trunk FDR-142. Spatial overlap with trunk corridor. CDI=0.4877. Fleet=0 (counted under Trunk). 🚩 Social Obligation
R0168,JEHANGIR CHOWK ↔ BEMINA,RETAINED_AS_FEEDER,FDR-168,,6.545,Urban,City_Core,0.7911,0.2692,0.75,0.5302,False,MP,35,3,0,3,False,,0.1434,4621,20,13,6.5,13,6.5,656.8,52.4,OSRM,"Route R0168 (JEHANGIR CHOWK ↔ BEMINA) → Feeder FDR-168. Route_Type=Urban | Zone=City_Core | CDI=0.5302 | Band=MP | Headway=35 min | Fleet=3 (HPV=0 enforced, MPV=3 — 100%% MPV). Distinct catchment: 3.15% of CMP 2024 pop. residents over 6.5 km. "
R0169,HAZRATBAL ↔ LD,MERGED_INTO_TRUNK,FDR-142,Private Minibus,8.251,Urban,City_Core,0.6434,0.332,1.25,0.4877,True,MP,35,0,0,0,False,,0.0871,0,34,10,5.0,16,8.0,1283.5,66.0,OSRM+JhelumBridge,Route R0169 (HAZRATBAL ↔ LD) merged into Trunk FDR-142. Spatial overlap with trunk corridor. CDI=0.4877. Fleet=0 (counted under Trunk). 🚩 Social Obligation
R0170,PARIMPORA ↔ JAWAHIRNAGAR,MERGED_INTO_TRUNK,FDR-146,Private Minibus,12.642,Urban,City_Core,0.7971,0.3444,1.25,0.5708,True,MP,35,0,0,0,False,,0.1933,0,49,12,6.0,25,12.5,1381.8,101.1,OSRM+JhelumBridge,Route R0170 (PARIMPORA ↔ JAWAHIRNAGAR) merged into Trunk FDR-146. Spatial overlap with trunk corridor. CDI=0.5708. Fleet=0 (counted under Trunk). 🚩 Social Obligation
R0171,HAZRATBAL ↔ LD,MERGED_INTO_TRUNK,FDR-142,Private Minibus,8.251,Urban,City_Core,0.6434,0.332,1.25,0.4877,True,MP,35,0,0,0,False,,0.0871,0,34,10,5.0,16,8.0,1283.5,66.0,OSRM+JhelumBridge,Route R0171 (HAZRATBAL ↔ LD) merged into Trunk FDR-142. Spatial overlap with trunk corridor. CDI=0.4877. Fleet=0 (counted under Trunk). 🚩 Social Obligation
R0172,HAZRATBAL ↔ LD,MERGED_INTO_TRUNK,FDR-142,Private Minibus,8.251,Urban,City_Core,0.6434,0.332,1.25,0.4877,True,MP,35,0,0,0,False,,0.0871,0,34,10,5.0,16,8.0,1283.5,66.0,OSRM+JhelumBridge,Route R0172 (HAZRATBAL ↔ LD) merged into Trunk FDR-142. Spatial overlap with trunk corridor. CDI=0.4877. Fleet=0 (counted under Trunk). 🚩 Social Obligation
R0173,HAZRATBAL ↔ LD,MERGED_INTO_TRUNK,FDR-142,Private Minibus,8.251,Urban,City_Core,0.6434,0.332,1.25,0.4877,True,MP,35,0,0,0,False,,0.0871,0,34,10,5.0,16,8.0,1283.5,66.0,OSRM+JhelumBridge,Route R0173 (HAZRATBAL ↔ LD) merged into Trunk FDR-142. Spatial overlap with trunk corridor. CDI=0.4877. Fleet=0 (counted under Trunk). 🚩 Social Obligation
R0174,PARIMPORA ↔ JAWAHIRNAGAR,MERGED_INTO_TRUNK,FDR-146,Private Minibus,12.642,Urban,City_Core,0.7971,0.3444,1.25,0.5708,True,MP,35,0,0,0,False,,0.1933,0,49,12,6.0,25,12.5,1381.8,101.1,OSRM+JhelumBridge,Route R0174 (PARIMPORA ↔ JAWAHIRNAGAR) merged into Trunk FDR-146. Spatial overlap with trunk corridor. CDI=0.5708. Fleet=0 (counted under Trunk). 🚩 Social Obligation
R0175,JEHANGIR CHOWK ↔ BEMINA,MERGED_INTO_TRUNK,FDR-168,Private Minibus,6.545,Urban,City_Core,0.7911,0.2692,1.25,0.5302,False,MP,35,0,0,0,False,,0.1434,0,20,13,6.5,13,6.5,656.8,52.4,OSRM,Route R0175 (JEHANGIR CHOWK ↔ BEMINA) merged into Trunk FDR-168. Spatial overlap with trunk corridor. CDI=0.5302. Fleet=0 (counted under Trunk). 
R0176,BATAMALLO ↔ PANTHACHOWK,MERGED_INTO_TRUNK,FDR-402,Private Minibus,17.436,Peri_Urban,Peri_Urban,0.4631,0.1055,1.25,0.2843,False,LP,35,0,0,0,False,,0.0973,0,29,7,3.5,34,17.0,1539.8,87.2,OSRM+JhelumBridge,Route R0176 (BATAMALLO ↔ PANTHACHOWK) merged into Trunk FDR-402. Spatial overlap with trunk corridor. CDI=0.2843. Fleet=0 (counted under Trunk). 
R0177,SAFAKADAL ↔ JEHANGIR CHOWK,MERGED_INTO_TRUNK,FDR-550,Private Minibus,3.569,Urban,City_Core,1.0,0.844,1.25,0.922,True,HP,20,0,0,0,False,,0.0831,0,37,8,4.0,7,3.5,390.5,28.6,OSRM,Route R0177 (SAFAKADAL ↔ JEHANGIR CHOWK) merged into Trunk FDR-550. Spatial overlap with trunk corridor. CDI=0.9220. Fleet=0 (counted under Trunk). 🚩 Social Obligation
R0178,BATAMALLO ↔ PANTHACHOWK,MERGED_INTO_TRUNK,FDR-402,Private Minibus,17.436,Peri_Urban,Peri_Urban,0.4631,0.1055,1.25,0.2843,False,LP,35,0,0,0,False,,0.0973,0,29,7,3.5,34,17.0,1539.8,87.2,OSRM+JhelumBridge,Route R0178 (BATAMALLO ↔ PANTHACHOWK) merged into Trunk FDR-402. Spatial overlap with trunk corridor. CDI=0.2843. Fleet=0 (counted under Trunk). 
R0179,PARIMPORA ↔ JAWAHIRNAGAR,MERGED_INTO_TRUNK,FDR-146,LPV / Tempo,12.642,Urban,City_Core,0.7971,0.3444,1.25,0.5708,True,MP,35,0,0,0,False,,0.1933,0,49,12,6.0,25,12.5,1381.8,101.1,OSRM+JhelumBridge,Route R0179 (PARIMPORA ↔ JAWAHIRNAGAR) merged into Trunk FDR-146. Spatial overlap with trunk corridor. CDI=0.5708. Fleet=0 (counted under Trunk). 🚩 Social Obligation
R0180,PARIMPORA ↔ PANTHACHOWK,MERGED_INTO_TRUNK,FDR-287,Private Minibus,21.307,Peri_Urban,City_Core,0.5783,0.3124,1.25,0.4454,False,MP,35,0,0,0,False,,0.2278,0,73,5,2.5,42,21.0,1713.4,106.5,OSRM+JhelumBridge,Route R0180 (PARIMPORA ↔ PANTHACHOWK) merged into Trunk FDR-287. Spatial overlap with trunk corridor. CDI=0.4454. Fleet=0 (counted under Trunk). 
R0181,HAZRATBAL ↔ LD,MERGED_INTO_TRUNK,FDR-142,Private Minibus,8.251,Urban,City_Core,0.6434,0.332,1.25,0.4877,True,MP,35,0,0,0,False,,0.0871,0,34,10,5.0,16,8.0,1283.5,66.0,OSRM+JhelumBridge,Route R0181 (HAZRATBAL ↔ LD) merged into Trunk FDR-142. Spatial overlap with trunk corridor. CDI=0.4877. Fleet=0 (counted under Trunk). 🚩 Social Obligation
R0182,HAZRATBAL ↔ LD,MERGED_INTO_TRUNK,FDR-142,Private Minibus,8.251,Urban,City_Core,0.6434,0.332,1.25,0.4877,True,MP,35,0,0,0,False,,0.0871,0,34,10,5.0,16,8.0,1283.5,66.0,OSRM+JhelumBridge,Route R0182 (HAZRATBAL ↔ LD) merged into Trunk FDR-142. Spatial overlap with trunk corridor. CDI=0.4877. Fleet=0 (counted under Trunk). 🚩 Social Obligation
R0183,BATAMALLO ↔ PANTHACHOWK,MERGED_INTO_TRUNK,FDR-402,Private Minibus,17.436,Peri_Urban,Peri_Urban,0.4631,0.1055,1.25,0.2843,False,LP,35,0,0,0,False,,0.0973,0,29,7,3.5,34,17.0,1539.8,87.2,OSRM+JhelumBridge,Route R0183 (BATAMALLO ↔ PANTHACHOWK) merged into Trunk FDR-402. Spatial overlap with trunk corridor. CDI=0.2843. Fleet=0 (counted under Trunk). 
R0184,HAZRATBAL ↔ LD,MERGED_INTO_TRUNK,FDR-142,Private Minibus,8.251,Urban,City_Core,0.6434,0.332,1.25,0.4877,True,MP,35,0,0,0,False,,0.0871,0,34,10,5.0,16,8.0,1283.5,66.0,OSRM+JhelumBridge,Route R0184 (HAZRATBAL ↔ LD) merged into Trunk FDR-142. Spatial overlap with trunk corridor. CDI=0.4877. Fleet=0 (counted under Trunk). 🚩 Social Obligation
R0185,JEHANGIR CHOWK ↔ HMT,MERGED_INTO_TRUNK,FDR-270,Private Minibus,10.311,Urban,City_Core,0.6477,0.2503,1.25,0.449,False,MP,35,0,0,0,False,,0.26,0,30,10,5.0,20,10.0,654.3,82.5,OSRM,Route R0185 (JEHANGIR CHOWK ↔ HMT) merged into Trunk FDR-270. Spatial overlap with trunk corridor. CDI=0.4490. Fleet=0 (counted under Trunk). 
R0186,QAMARWARI ↔ DALGATE,MERGED_INTO_TRUNK,FDR-112,Private Minibus,8.844,Urban,City_Core,0.8857,0.4015,1.25,0.6436,False,HP,20,0,0,0,False,,0.0961,0,42,13,6.5,17,8.5,1139.6,70.8,OSRM+JhelumBridge,Route R0186 (QAMARWARI ↔ DALGATE) merged into Trunk FDR-112. Spatial overlap with trunk corridor. CDI=0.6436. Fleet=0 (counted under Trunk). 
R0187,LALBAZAR ↔ LALCHOWK,MERGED_INTO_TRUNK,FDR-076,Private Minibus,8.433,Urban,City_Core,1.0,0.5182,1.25,0.7591,True,HP,20,0,0,0,False,,0.128,0,56,11,5.5,16,8.0,617.5,67.5,OSRM,Route R0187 (LALBAZAR ↔ LALCHOWK) merged into Trunk FDR-076. Spatial overlap with trunk corridor. CDI=0.7591. Fleet=0 (counted under Trunk). 🚩 Social Obligation
R0188,SOURA ↔ PARIMPORA,MERGED_INTO_TRUNK,FDR-180,Private Minibus,12.314,Urban,City_Core,0.7354,0.3235,1.25,0.5294,False,MP,35,0,0,0,False,,0.1424,0,60,18,9.0,24,12.0,938.7,98.5,OSRM,Route R0188 (SOURA ↔ PARIMPORA) merged into Trunk FDR-180. Spatial overlap with trunk corridor. CDI=0.5294. Fleet=0 (counted under Trunk). 
R0189,PARIMPORA ↔ PANTHACHOWK,MERGED_INTO_TRUNK,FDR-287,Private Minibus,19.86,Peri_Urban,City_Core,0.6035,0.2844,1.25,0.444,False,MP,35,0,0,0,False,,0.2269,0,71,6,3.0,39,19.5,1695.9,99.3,OSRM+JhelumBridge,Route R0189 (PARIMPORA ↔ PANTHACHOWK) merged into Trunk FDR-287. Spatial overlap with trunk corridor. CDI=0.4440. Fleet=0 (counted under Trunk). 
R0190,HAZRATBAL ↔ LD,MERGED_INTO_TRUNK,FDR-142,Private Minibus,8.251,Urban,City_Core,0.6434,0.332,1.25,0.4877,True,MP,35,0,0,0,False,,0.0871,0,34,10,5.0,16,8.0,1283.5,66.0,OSRM+JhelumBridge,Route R0190 (HAZRATBAL ↔ LD) merged into Trunk FDR-142. Spatial overlap with trunk corridor. CDI=0.4877. Fleet=0 (counted under Trunk). 🚩 Social Obligation
R0191,CHANAPORA ↔ SOURA,RETAINED_AS_FEEDER,FDR-073,,14.108,Urban,City_Core,0.9707,0.5627,0.75,0.7667,False,HP,20,7,0,7,False,,0.1318,8355,101,6,3.0,28,14.0,849.7,105.9,OSRM,"Route R0191 (CHANAPORA ↔ SOURA) → Feeder FDR-073. Route_Type=Urban | Zone=City_Core | CDI=0.7667 | Band=HP | Headway=20 min | Fleet=7 (HPV=0 enforced, MPV=7 — 100%% MPV). Distinct catchment: 8.02% of CMP 2024 pop. residents over 14.1 km. "
R0192,PARIMPORA ↔ HUMHAMA,RETAINED_AS_FEEDER,FDR-185,,16.99,Peri_Urban,City_Core,0.7477,0.3013,0.75,0.5245,False,MP,35,4,0,4,False,,0.1663,10618,61,9,4.5,33,16.5,1011.8,84.9,OSRM,"Route R0192 (PARIMPORA ↔ HUMHAMA) → Feeder FDR-185. Route_Type=Peri_Urban | Zone=City_Core | CDI=0.5245 | Band=MP | Headway=35 min | Fleet=4 (HPV=0 enforced, MPV=4 — 100%% MPV). Distinct catchment: 7.80% of CMP 2024 pop. residents over 17.0 km. "
R0193,BATAMALLO ↔ PANTHACHOWK,MERGED_INTO_TRUNK,FDR-402,Private Minibus,17.436,Peri_Urban,Peri_Urban,0.4631,0.1055,1.25,0.2843,False,LP,35,0,0,0,False,,0.0973,0,29,7,3.5,34,17.0,1539.8,87.2,OSRM+JhelumBridge,Route R0193 (BATAMALLO ↔ PANTHACHOWK) merged into Trunk FDR-402. Spatial overlap with trunk corridor. CDI=0.2843. Fleet=0 (counted under Trunk). 
R0194,PARIMPORA ↔ PANTHACHOWK,MERGED_INTO_TRUNK,FDR-287,Private Minibus,19.86,Peri_Urban,City_Core,0.6035,0.2844,1.25,0.444,False,MP,35,0,0,0,False,,0.2269,0,71,6,3.0,39,19.5,1695.9,99.3,OSRM+JhelumBridge,Route R0194 (PARIMPORA ↔ PANTHACHOWK) merged into Trunk FDR-287. Spatial overlap with trunk corridor. CDI=0.4440. Fleet=0 (counted under Trunk). 
R0195,SAFAKADAL ↔ JEHANGIR CHOWK,MERGED_INTO_TRUNK,FDR-550,Private Minibus,3.149,Urban,City_Core,1.0,0.9003,1.25,0.9502,True,HP,20,0,0,0,False,,0.0879,0,34,2,1.0,6,3.0,218.7,25.2,OSRM,Route R0195 (SAFAKADAL ↔ JEHANGIR CHOWK) merged into Trunk FDR-550. Spatial overlap with trunk corridor. CDI=0.9502. Fleet=0 (counted under Trunk). 🚩 Social Obligation
R0196,SOURA ↔ GANDERBAL,MERGED_INTO_TRUNK,FDR-476,Private Minibus,9.86,Urban,City_Core,0.2351,0.1407,1.25,0.1879,False,LP,35,0,0,0,False,,0.0215,0,20,6,3.0,19,9.5,959.3,78.9,OSRM,Route R0196 (SOURA ↔ GANDERBAL) merged into Trunk FDR-476. Spatial overlap with trunk corridor. CDI=0.1879. Fleet=0 (counted under Trunk). 
R0197,JEHANGIR CHOWK ↔ BUDGAM,MERGED_INTO_TRUNK,FDR-462,Private Minibus,45.581,Regional_District,City_Core,0.2918,0.1206,1.25,0.2062,False,LP,35,0,0,0,False,,0.1126,0,78,9,4.5,91,45.5,2755.2,136.7,OSRM,Route R0197 (JEHANGIR CHOWK ↔ BUDGAM) merged into Trunk FDR-462. Spatial overlap with trunk corridor. CDI=0.2062. Fleet=0 (counted under Trunk). 
R0198,JEHANGIR CHOWK ↔ HMT,MERGED_INTO_TRUNK,FDR-270,Private Minibus,10.311,Urban,City_Core,0.6477,0.2503,1.25,0.449,False,MP,35,0,0,0,False,,0.26,0,30,10,5.0,20,10.0,654.3,82.5,OSRM,Route R0198 (JEHANGIR CHOWK ↔ HMT) merged into Trunk FDR-270. Spatial overlap with trunk corridor. CDI=0.4490. Fleet=0 (counted under Trunk). 
R0199,JEHANGIR CHOWK ↔ BUDGAM,MERGED_INTO_TRUNK,FDR-462,Private Minibus,45.581,Regional_District,City_Core,0.2918,0.1206,1.25,0.2062,False,LP,35,0,0,0,False,,0.1126,0,78,9,4.5,91,45.5,2755.2,136.7,OSRM,Route R0199 (JEHANGIR CHOWK ↔ BUDGAM) merged into Trunk FDR-462. Spatial overlap with trunk corridor. CDI=0.2062. Fleet=0 (counted under Trunk). 
R0200,SOURA ↔ JEHANGIR CHOWK,MERGED_INTO_TRUNK,FDR-105,Private Minibus,9.676,Urban,City_Core,0.9556,0.6685,1.25,0.812,True,HP,20,0,0,0,False,,0.108,0,86,10,5.0,19,9.5,786.9,77.4,OSRM,Route R0200 (SOURA ↔ JEHANGIR CHOWK) merged into Trunk FDR-105. Spatial overlap with trunk corridor. CDI=0.8120. Fleet=0 (counted under Trunk). 🚩 Social Obligation
R0201,HAZRATBAL ↔ LD,MERGED_INTO_TRUNK,FDR-142,Private Minibus,8.251,Urban,City_Core,0.6434,0.332,1.25,0.4877,True,MP,35,0,0,0,False,,0.0871,0,34,10,5.0,16,8.0,1283.5,66.0,OSRM+JhelumBridge,Route R0201 (HAZRATBAL ↔ LD) merged into Trunk FDR-142. Spatial overlap with trunk corridor. CDI=0.4877. Fleet=0 (counted under Trunk). 🚩 Social Obligation
R0202,PARIMPORA ↔ PANTHACHOWK,MERGED_INTO_TRUNK,FDR-287,Private Minibus,21.307,Peri_Urban,City_Core,0.5783,0.3124,1.25,0.4454,False,MP,35,0,0,0,False,,0.2278,0,73,5,2.5,42,21.0,1713.4,106.5,OSRM+JhelumBridge,Route R0202 (PARIMPORA ↔ PANTHACHOWK) merged into Trunk FDR-287. Spatial overlap with trunk corridor. CDI=0.4454. Fleet=0 (counted under Trunk). 
R0203,HAZRATBAL ↔ LD,MERGED_INTO_TRUNK,FDR-142,Private Minibus,8.251,Urban,City_Core,0.6434,0.332,1.25,0.4877,True,MP,35,0,0,0,False,,0.0871,0,34,10,5.0,16,8.0,1283.5,66.0,OSRM+JhelumBridge,Route R0203 (HAZRATBAL ↔ LD) merged into Trunk FDR-142. Spatial overlap with trunk corridor. CDI=0.4877. Fleet=0 (counted under Trunk). 🚩 Social Obligation
R0204,LD ↔ PAMPORE,RETAINED_AS_FEEDER,FDR-339,,15.854,Peri_Urban,City_Core,0.5323,0.2636,0.75,0.398,True,MP,35,4,0,4,False,,0.155,10101,50,6,3.0,31,15.5,1392.5,79.3,OSRM+JhelumBridge,"Route R0204 (LD ↔ PAMPORE) → Feeder FDR-339. Route_Type=Peri_Urban | Zone=City_Core | CDI=0.3980 | Band=MP | Headway=35 min | Fleet=4 (HPV=0 enforced, MPV=4 — 100%% MPV). Distinct catchment: 5.62% of CMP 2024 pop. residents over 15.9 km. 🚩 Social Obligation"
R0205,BATMALOO ↔ DALGATE,RETAINED_AS_FEEDER,FDR-075,,5.366,Urban,City_Core,0.7921,0.7304,0.75,0.7612,False,HP,20,4,0,4,False,,0.2478,3314,35,11,5.5,10,5.0,909.2,42.9,OSRM+JhelumBridge,"Route R0205 (BATMALOO ↔ DALGATE) → Feeder FDR-075. Route_Type=Urban | Zone=City_Core | CDI=0.7612 | Band=HP | Headway=20 min | Fleet=4 (HPV=0 enforced, MPV=4 — 100%% MPV). Distinct catchment: 2.58% of CMP 2024 pop. residents over 5.4 km. "
R0206,PARIMPORA ↔ PANTHACHOWK,MERGED_INTO_TRUNK,FDR-287,Private Minibus,19.86,Peri_Urban,City_Core,0.6035,0.2844,1.25,0.444,False,MP,35,0,0,0,False,,0.2269,0,71,6,3.0,39,19.5,1695.9,99.3,OSRM+JhelumBridge,Route R0206 (PARIMPORA ↔ PANTHACHOWK) merged into Trunk FDR-287. Spatial overlap with trunk corridor. CDI=0.4440. Fleet=0 (counted under Trunk). 
R0207,LALBAZAR ↔ LALCHOWK,MERGED_INTO_TRUNK,FDR-076,LPV / Tempo,8.433,Urban,City_Core,1.0,0.5182,1.25,0.7591,True,HP,20,0,0,0,False,,0.128,0,56,11,5.5,16,8.0,617.5,67.5,OSRM,Route R0207 (LALBAZAR ↔ LALCHOWK) merged into Trunk FDR-076. Spatial overlap with trunk corridor. CDI=0.7591. Fleet=0 (counted under Trunk). 🚩 Social Obligation
R0208,SAFAKADAL ↔ JEHANGIR CHOWK,MERGED_INTO_TRUNK,FDR-550,Private Minibus,3.149,Urban,City_Core,1.0,0.9003,1.25,0.9502,True,HP,20,0,0,0,False,,0.0879,0,34,2,1.0,6,3.0,218.7,25.2,OSRM,Route R0208 (SAFAKADAL ↔ JEHANGIR CHOWK) merged into Trunk FDR-550. Spatial overlap with trunk corridor. CDI=0.9502. Fleet=0 (counted under Trunk). 🚩 Social Obligation
R0209,JEHANGIR CHOWK ↔ BUDGAM,MERGED_INTO_TRUNK,FDR-462,Private Minibus,45.581,Regional_District,City_Core,0.2918,0.1206,1.25,0.2062,False,LP,35,0,0,0,False,,0.1126,0,78,9,4.5,91,45.5,2755.2,136.7,OSRM,Route R0209 (JEHANGIR CHOWK ↔ BUDGAM) merged into Trunk FDR-462. Spatial overlap with trunk corridor. CDI=0.2062. Fleet=0 (counted under Trunk). 
R0210,PARIMPORA ↔ PANTHACHOWK,MERGED_INTO_TRUNK,FDR-287,LPV / Tempo,21.307,Peri_Urban,City_Core,0.5783,0.3124,1.25,0.4454,False,MP,35,0,0,0,False,,0.2278,0,73,5,2.5,42,21.0,1713.4,106.5,OSRM+JhelumBridge,Route R0210 (PARIMPORA ↔ PANTHACHOWK) merged into Trunk FDR-287. Spatial overlap with trunk corridor. CDI=0.4454. Fleet=0 (counted under Trunk). 
R0211,SAFAKADAL ↔ JEHANGIR CHOWK,MERGED_INTO_TRUNK,FDR-550,Private Minibus,3.149,Urban,City_Core,1.0,0.9003,1.25,0.9502,True,HP,20,0,0,0,False,,0.0879,0,34,2,1.0,6,3.0,218.7,25.2,OSRM,Route R0211 (SAFAKADAL ↔ JEHANGIR CHOWK) merged into Trunk FDR-550. Spatial overlap with trunk corridor. CDI=0.9502. Fleet=0 (counted under Trunk). 🚩 Social Obligation
R0212,HAZRATBAL ↔ LD,MERGED_INTO_TRUNK,FDR-142,LPV / Tempo,8.251,Urban,City_Core,0.6434,0.332,1.25,0.4877,True,MP,35,0,0,0,False,,0.0871,0,34,10,5.0,16,8.0,1283.5,66.0,OSRM+JhelumBridge,Route R0212 (HAZRATBAL ↔ LD) merged into Trunk FDR-142. Spatial overlap with trunk corridor. CDI=0.4877. Fleet=0 (counted under Trunk). 🚩 Social Obligation
R0213,HMT ↔ JEHANGIR CHOWK,MERGED_INTO_TRUNK,FDR-362,Private Minibus,10.261,Urban,City_Core,0.6129,0.1573,1.25,0.3851,False,MP,35,0,0,0,False,,0.1226,0,20,10,5.0,20,10.0,743.4,82.1,OSRM,Route R0213 (HMT ↔ JEHANGIR CHOWK) merged into Trunk FDR-362. Spatial overlap with trunk corridor. CDI=0.3851. Fleet=0 (counted under Trunk). 
R0214,NARBAL ↔ JEHANGIR CHOWK,MERGED_INTO_TRUNK,FDR-449,Private Minibus,21.634,Peri_Urban,City_Core,0.3447,0.0941,1.25,0.2194,False,LP,35,0,0,0,False,,0.1076,0,31,22,11.0,43,21.5,1698.7,108.2,OSRM,Route R0214 (NARBAL ↔ JEHANGIR CHOWK) merged into Trunk FDR-449. Spatial overlap with trunk corridor. CDI=0.2194. Fleet=0 (counted under Trunk). 
R0215,"Hazratbal, Lalbazar",RETAINED_AS_FEEDER,FDR-155,,8.808,Urban,City_Core,0.8261,0.2851,0.75,0.5556,False,MP,35,4,0,0,False,,0.1435,8414,40,5,2.5,17,8.5,1028.5,70.5,OSRM+JhelumBridge,"Route R0215 (Hazratbal, Lalbazar) → Feeder FDR-155. Route_Type=Urban | Zone=City_Core | CDI=0.5556 | Band=MP | Headway=35 min | Fleet=4 (HPV=0 enforced, MPV=0 — 100%% MPV). Distinct catchment: 4.38% of CMP 2024 pop. residents over 8.8 km. "
R0216,HAZRATBAL ↔ LD,MERGED_INTO_TRUNK,FDR-142,Private Minibus,8.251,Urban,City_Core,0.6434,0.332,1.25,0.4877,True,MP,35,0,0,0,False,,0.0871,0,34,10,5.0,16,8.0,1283.5,66.0,OSRM+JhelumBridge,Route R0216 (HAZRATBAL ↔ LD) merged into Trunk FDR-142. Spatial overlap with trunk corridor. CDI=0.4877. Fleet=0 (counted under Trunk). 🚩 Social Obligation
R0217,HAZRATBAL ↔ LD,MERGED_INTO_TRUNK,FDR-142,LPV / Tempo,8.251,Urban,City_Core,0.6434,0.332,1.25,0.4877,True,MP,35,0,0,0,False,,0.0871,0,34,10,5.0,16,8.0,1283.5,66.0,OSRM+JhelumBridge,Route R0217 (HAZRATBAL ↔ LD) merged into Trunk FDR-142. Spatial overlap with trunk corridor. CDI=0.4877. Fleet=0 (counted under Trunk). 🚩 Social Obligation
R0218,BATAMALLO ↔ PANTHACHOWK,MERGED_INTO_TRUNK,FDR-402,Private Minibus,17.436,Peri_Urban,Peri_Urban,0.4631,0.1055,1.25,0.2843,False,LP,35,0,0,0,False,,0.0973,0,29,7,3.5,34,17.0,1539.8,87.2,OSRM+JhelumBridge,Route R0218 (BATAMALLO ↔ PANTHACHOWK) merged into Trunk FDR-402. Spatial overlap with trunk corridor. CDI=0.2843. Fleet=0 (counted under Trunk). 
R0219,JEHANGIR CHOWK ↔ JVC,MERGED_INTO_TRUNK,FDR-260,Private Minibus,8.334,Urban,City_Core,0.678,0.3067,1.25,0.4924,False,MP,35,0,0,0,False,,0.1862,0,27,15,7.5,16,8.0,646.4,66.7,OSRM,Route R0219 (JEHANGIR CHOWK ↔ JVC) merged into Trunk FDR-260. Spatial overlap with trunk corridor. CDI=0.4924. Fleet=0 (counted under Trunk). 
R0220,JEHANGIR CHOWK ↔ BEMINA,MERGED_INTO_TRUNK,FDR-168,Private Minibus,6.545,Urban,City_Core,0.7911,0.2692,1.25,0.5302,False,MP,35,0,0,0,False,,0.1434,0,20,13,6.5,13,6.5,656.8,52.4,OSRM,Route R0220 (JEHANGIR CHOWK ↔ BEMINA) merged into Trunk FDR-168. Spatial overlap with trunk corridor. CDI=0.5302. Fleet=0 (counted under Trunk). 
R0221,HAZRATBAL ↔ LD,MERGED_INTO_TRUNK,FDR-142,Private Minibus,8.251,Urban,City_Core,0.6434,0.332,1.25,0.4877,True,MP,35,0,0,0,False,,0.0871,0,34,10,5.0,16,8.0,1283.5,66.0,OSRM+JhelumBridge,Route R0221 (HAZRATBAL ↔ LD) merged into Trunk FDR-142. Spatial overlap with trunk corridor. CDI=0.4877. Fleet=0 (counted under Trunk). 🚩 Social Obligation
R0222,LD ↔ PAMPORE,MERGED_INTO_TRUNK,FDR-339,Private Minibus,15.854,Peri_Urban,City_Core,0.5323,0.2636,1.25,0.398,True,MP,35,0,0,0,False,,0.155,0,50,6,3.0,31,15.5,1392.5,79.3,OSRM+JhelumBridge,Route R0222 (LD ↔ PAMPORE) merged into Trunk FDR-339. Spatial overlap with trunk corridor. CDI=0.3980. Fleet=0 (counted under Trunk). 🚩 Social Obligation
R0223,HAZRATBAL ↔ LD,MERGED_INTO_TRUNK,FDR-142,Private Minibus,8.251,Urban,City_Core,0.6434,0.332,1.25,0.4877,True,MP,35,0,0,0,False,,0.0871,0,34,10,5.0,16,8.0,1283.5,66.0,OSRM+JhelumBridge,Route R0223 (HAZRATBAL ↔ LD) merged into Trunk FDR-142. Spatial overlap with trunk corridor. CDI=0.4877. Fleet=0 (counted under Trunk). 🚩 Social Obligation
R0224,PARIMPORA ↔ JAWAHIRNAGAR,MERGED_INTO_TRUNK,FDR-146,Private Minibus,12.642,Urban,City_Core,0.7971,0.3444,1.25,0.5708,True,MP,35,0,0,0,False,,0.1933,0,49,12,6.0,25,12.5,1381.8,101.1,OSRM+JhelumBridge,Route R0224 (PARIMPORA ↔ JAWAHIRNAGAR) merged into Trunk FDR-146. Spatial overlap with trunk corridor. CDI=0.5708. Fleet=0 (counted under Trunk). 🚩 Social Obligation
R0225,HAZRATBAL ↔ LD,MERGED_INTO_TRUNK,FDR-142,Private Minibus,8.251,Urban,City_Core,0.6434,0.332,1.25,0.4877,True,MP,35,0,0,0,False,,0.0871,0,34,10,5.0,16,8.0,1283.5,66.0,OSRM+JhelumBridge,Route R0225 (HAZRATBAL ↔ LD) merged into Trunk FDR-142. Spatial overlap with trunk corridor. CDI=0.4877. Fleet=0 (counted under Trunk). 🚩 Social Obligation
R0226,JEHANGIR CHOWK ↔ BEMINA,MERGED_INTO_TRUNK,FDR-168,Private Minibus,6.545,Urban,City_Core,0.7911,0.2692,1.25,0.5302,False,MP,35,0,0,0,False,,0.1434,0,20,13,6.5,13,6.5,656.8,52.4,OSRM,Route R0226 (JEHANGIR CHOWK ↔ BEMINA) merged into Trunk FDR-168. Spatial overlap with trunk corridor. CDI=0.5302. Fleet=0 (counted under Trunk). 
R0227,PARIMPORA ↔ PANTHACHOWK,MERGED_INTO_TRUNK,FDR-287,Private Minibus,21.307,Peri_Urban,City_Core,0.5783,0.3124,1.25,0.4454,False,MP,35,0,0,0,False,,0.2278,0,73,5,2.5,42,21.0,1713.4,106.5,OSRM+JhelumBridge,Route R0227 (PARIMPORA ↔ PANTHACHOWK) merged into Trunk FDR-287. Spatial overlap with trunk corridor. CDI=0.4454. Fleet=0 (counted under Trunk). 
R0228,HAZRATBAL ↔ LD,MERGED_INTO_TRUNK,FDR-142,Private Minibus,8.251,Urban,City_Core,0.6434,0.332,1.25,0.4877,True,MP,35,0,0,0,False,,0.0871,0,34,10,5.0,16,8.0,1283.5,66.0,OSRM+JhelumBridge,Route R0228 (HAZRATBAL ↔ LD) merged into Trunk FDR-142. Spatial overlap with trunk corridor. CDI=0.4877. Fleet=0 (counted under Trunk). 🚩 Social Obligation
R0229,SOURA ↔ HAZRATBAL,MERGED_INTO_TRUNK,TRK-031,Private Minibus,8.337,Urban,City_Core,0.6895,0.4061,1.25,0.5478,False,MP,35,0,0,0,False,,0.0349,0,41,6,3.0,16,8.0,1248.4,66.7,OSRM+JhelumBridge,Route R0229 (SOURA ↔ HAZRATBAL) merged into Trunk TRK-031. Spatial overlap with trunk corridor. CDI=0.5478. Fleet=0 (counted under Trunk). 
R0230,PARIMPORA ↔ HAZRATBAL,MERGED_INTO_TRUNK,FDR-266,LPV / Tempo,16.104,Peri_Urban,City_Core,0.6786,0.2341,1.25,0.4564,False,MP,35,0,0,0,False,,0.0917,0,53,22,11.0,32,16.0,1713.6,80.5,OSRM+JhelumBridge,Route R0230 (PARIMPORA ↔ HAZRATBAL) merged into Trunk FDR-266. Spatial overlap with trunk corridor. CDI=0.4564. Fleet=0 (counted under Trunk). 
R0231,PARIMPORA ↔ HUMHAMA,MERGED_INTO_TRUNK,FDR-185,Private Minibus,16.99,Peri_Urban,City_Core,0.7477,0.3013,1.25,0.5245,False,MP,35,0,0,0,False,,0.1663,0,61,9,4.5,33,16.5,1011.8,84.9,OSRM,Route R0231 (PARIMPORA ↔ HUMHAMA) merged into Trunk FDR-185. Spatial overlap with trunk corridor. CDI=0.5245. Fleet=0 (counted under Trunk). 
R0232,PARIMPORA ↔ HUMHAMA,MERGED_INTO_TRUNK,FDR-185,LPV / Tempo,16.99,Peri_Urban,City_Core,0.7477,0.3013,1.25,0.5245,False,MP,35,0,0,0,False,,0.1663,0,61,9,4.5,33,16.5,1011.8,84.9,OSRM,Route R0232 (PARIMPORA ↔ HUMHAMA) merged into Trunk FDR-185. Spatial overlap with trunk corridor. CDI=0.5245. Fleet=0 (counted under Trunk). 
R0233,PARIMPORA ↔ HUMHAMA,MERGED_INTO_TRUNK,FDR-185,Private Minibus,16.99,Peri_Urban,City_Core,0.7477,0.3013,1.25,0.5245,False,MP,35,0,0,0,False,,0.1663,0,61,9,4.5,33,16.5,1011.8,84.9,OSRM,Route R0233 (PARIMPORA ↔ HUMHAMA) merged into Trunk FDR-185. Spatial overlap with trunk corridor. CDI=0.5245. Fleet=0 (counted under Trunk). 
R0234,LD ↔ PARIMPORA,RETAINED_AS_FEEDER,FDR-195,,10.44,Urban,City_Core,0.7409,0.2619,0.75,0.5014,True,MP,35,4,0,4,False,,0.2498,5587,32,8,4.0,20,10.0,669.5,83.5,OSRM,"Route R0234 (LD ↔ PARIMPORA) → Feeder FDR-195. Route_Type=Urban | Zone=City_Core | CDI=0.5014 | Band=MP | Headway=35 min | Fleet=4 (HPV=0 enforced, MPV=4 — 100%% MPV). Distinct catchment: 4.76% of CMP 2024 pop. residents over 10.4 km. 🚩 Social Obligation"
R0235,PARIMPORA ↔ HUMHAMA,MERGED_INTO_TRUNK,FDR-185,Private Minibus,16.99,Peri_Urban,City_Core,0.7477,0.3013,1.25,0.5245,False,MP,35,0,0,0,False,,0.1663,0,61,9,4.5,33,16.5,1011.8,84.9,OSRM,Route R0235 (PARIMPORA ↔ HUMHAMA) merged into Trunk FDR-185. Spatial overlap with trunk corridor. CDI=0.5245. Fleet=0 (counted under Trunk). 
R0236,JEHANGIR CHOWK ↔ BEMINA,MERGED_INTO_TRUNK,FDR-168,LPV / Tempo,6.545,Urban,City_Core,0.7911,0.2692,1.25,0.5302,False,MP,35,0,0,0,False,,0.1434,0,20,13,6.5,13,6.5,656.8,52.4,OSRM,Route R0236 (JEHANGIR CHOWK ↔ BEMINA) merged into Trunk FDR-168. Spatial overlap with trunk corridor. CDI=0.5302. Fleet=0 (counted under Trunk). 
R0237,PARIMPORA ↔ HAZRATBAL,MERGED_INTO_TRUNK,FDR-266,Private Minibus,16.104,Peri_Urban,City_Core,0.6786,0.2341,1.25,0.4564,False,MP,35,0,0,0,False,,0.0917,0,53,22,11.0,32,16.0,1713.6,80.5,OSRM+JhelumBridge,Route R0237 (PARIMPORA ↔ HAZRATBAL) merged into Trunk FDR-266. Spatial overlap with trunk corridor. CDI=0.4564. Fleet=0 (counted under Trunk). 
R0238,SOURA ↔ DALGATE,RETAINED_AS_FEEDER,FDR-091,,11.745,Urban,City_Core,0.7896,0.6282,0.75,0.7089,False,HP,20,6,0,0,False,,0.1453,6398,88,8,4.0,23,11.5,1220.0,94.0,OSRM+JhelumBridge,"Route R0238 (SOURA ↔ DALGATE) → Feeder FDR-091. Route_Type=Urban | Zone=City_Core | CDI=0.7089 | Band=HP | Headway=20 min | Fleet=6 (HPV=0 enforced, MPV=0 — 100%% MPV). Distinct catchment: 5.64% of CMP 2024 pop. residents over 11.7 km. "
R0239,SOURA ↔ JEHANGIR CHOWK,MERGED_INTO_TRUNK,FDR-105,LPV / Tempo,9.676,Urban,City_Core,0.9556,0.6685,1.25,0.812,True,HP,20,0,0,0,False,,0.108,0,86,10,5.0,19,9.5,786.9,77.4,OSRM,Route R0239 (SOURA ↔ JEHANGIR CHOWK) merged into Trunk FDR-105. Spatial overlap with trunk corridor. CDI=0.8120. Fleet=0 (counted under Trunk). 🚩 Social Obligation
R0240,JEHANGIR CHOWK ↔ HMT,MERGED_INTO_TRUNK,FDR-270,LPV / Tempo,10.311,Urban,City_Core,0.6477,0.2503,1.25,0.449,False,MP,35,0,0,0,False,,0.26,0,30,10,5.0,20,10.0,654.3,82.5,OSRM,Route R0240 (JEHANGIR CHOWK ↔ HMT) merged into Trunk FDR-270. Spatial overlap with trunk corridor. CDI=0.4490. Fleet=0 (counted under Trunk). 
R0241,HAZRATBAL ↔ LD,MERGED_INTO_TRUNK,FDR-142,LPV / Tempo,8.251,Urban,City_Core,0.6434,0.332,1.25,0.4877,True,MP,35,0,0,0,False,,0.0871,0,34,10,5.0,16,8.0,1283.5,66.0,OSRM+JhelumBridge,Route R0241 (HAZRATBAL ↔ LD) merged into Trunk FDR-142. Spatial overlap with trunk corridor. CDI=0.4877. Fleet=0 (counted under Trunk). 🚩 Social Obligation
R0242,HAZRATBAL ↔ LD,MERGED_INTO_TRUNK,FDR-142,Private Minibus,8.251,Urban,City_Core,0.6434,0.332,1.25,0.4877,True,MP,35,0,0,0,False,,0.0871,0,34,10,5.0,16,8.0,1283.5,66.0,OSRM+JhelumBridge,Route R0242 (HAZRATBAL ↔ LD) merged into Trunk FDR-142. Spatial overlap with trunk corridor. CDI=0.4877. Fleet=0 (counted under Trunk). 🚩 Social Obligation
R0243,PARIMPORA ↔ HUMHAMA,MERGED_INTO_TRUNK,FDR-185,LPV / Tempo,16.99,Peri_Urban,City_Core,0.7477,0.3013,1.25,0.5245,False,MP,35,0,0,0,False,,0.1663,0,61,9,4.5,33,16.5,1011.8,84.9,OSRM,Route R0243 (PARIMPORA ↔ HUMHAMA) merged into Trunk FDR-185. Spatial overlap with trunk corridor. CDI=0.5245. Fleet=0 (counted under Trunk). 
R0244,PARIMPORA ↔ PANTHACHOWK,MERGED_INTO_TRUNK,FDR-287,LPV / Tempo,21.307,Peri_Urban,City_Core,0.5783,0.3124,1.25,0.4454,False,MP,35,0,0,0,False,,0.2278,0,73,5,2.5,42,21.0,1713.4,106.5,OSRM+JhelumBridge,Route R0244 (PARIMPORA ↔ PANTHACHOWK) merged into Trunk FDR-287. Spatial overlap with trunk corridor. CDI=0.4454. Fleet=0 (counted under Trunk). 
R0245,SOURA ↔ JEHANGIR CHOWK,MERGED_INTO_TRUNK,FDR-105,LPV / Tempo,9.676,Urban,City_Core,0.9556,0.6685,1.25,0.812,True,HP,20,0,0,0,False,,0.108,0,86,10,5.0,19,9.5,786.9,77.4,OSRM,Route R0245 (SOURA ↔ JEHANGIR CHOWK) merged into Trunk FDR-105. Spatial overlap with trunk corridor. CDI=0.8120. Fleet=0 (counted under Trunk). 🚩 Social Obligation
R0246,JEHANGIR CHOWK ↔ BEMINA,MERGED_INTO_TRUNK,FDR-168,LPV / Tempo,6.545,Urban,City_Core,0.7911,0.2692,1.25,0.5302,False,MP,35,0,0,0,False,,0.1434,0,20,13,6.5,13,6.5,656.8,52.4,OSRM,Route R0246 (JEHANGIR CHOWK ↔ BEMINA) merged into Trunk FDR-168. Spatial overlap with trunk corridor. CDI=0.5302. Fleet=0 (counted under Trunk). 
R0247,SOURA ↔ CHUNTWALIWAR,UPGRADED_TO_TRUNK,TRK-032,,5.78,Urban,City_Core,1.0,0.6467,1.25,0.8234,False,HP,20,4,0,4,False,,0.1239,13352,53,4,2.0,11,5.5,411.7,46.2,OSRM,Route R0247 (SOURA ↔ CHUNTWALIWAR) → Trunk TRK-032. Route_Type=Urban | Zone=City_Core | CDI=0.8234 | Band=HP | Headway=20 min | Fleet=4 (HPV=0 MPV=4). Serves ~3.58% of CMP 2024 pop. residents over 5.8 km. 
R0248,JEHANGIR CHOWK ↔ HMT,MERGED_INTO_TRUNK,FDR-270,Private Minibus,10.311,Urban,City_Core,0.6477,0.2503,1.25,0.449,False,MP,35,0,0,0,False,,0.26,0,30,10,5.0,20,10.0,654.3,82.5,OSRM,Route R0248 (JEHANGIR CHOWK ↔ HMT) merged into Trunk FDR-270. Spatial overlap with trunk corridor. CDI=0.4490. Fleet=0 (counted under Trunk). 
R0249,JEHANGIR CHOWK ↔ JVC,MERGED_INTO_TRUNK,FDR-260,Private Minibus,8.334,Urban,City_Core,0.678,0.3067,1.25,0.4924,False,MP,35,0,0,0,False,,0.1862,0,27,15,7.5,16,8.0,646.4,66.7,OSRM,Route R0249 (JEHANGIR CHOWK ↔ JVC) merged into Trunk FDR-260. Spatial overlap with trunk corridor. CDI=0.4924. Fleet=0 (counted under Trunk). 
R0250,HMT ↔ JEHANGIR CHOWK,MERGED_INTO_TRUNK,FDR-362,Private Minibus,9.915,Urban,City_Core,0.6117,0.1834,1.25,0.3976,False,MP,35,0,0,0,False,,0.2106,0,22,20,10.0,19,9.5,802.3,79.3,OSRM,Route R0250 (HMT ↔ JEHANGIR CHOWK) merged into Trunk FDR-362. Spatial overlap with trunk corridor. CDI=0.3976. Fleet=0 (counted under Trunk). 
R0251,SOURA ↔ BATAMALLO,RETAINED_AS_FEEDER,FDR-062,,11.366,Urban,City_Core,0.9787,0.5774,0.75,0.778,False,HP,20,6,0,6,False,,0.1351,8311,85,12,6.0,22,11.0,831.6,90.9,OSRM,"Route R0251 (SOURA ↔ BATAMALLO) → Feeder FDR-062. Route_Type=Urban | Zone=City_Core | CDI=0.7780 | Band=HP | Headway=20 min | Fleet=6 (HPV=0 enforced, MPV=6 — 100%% MPV). Distinct catchment: 6.50% of CMP 2024 pop. residents over 11.4 km. "
R0252,PARIMPORA ↔ HUMHAMA,MERGED_INTO_TRUNK,FDR-185,Private Minibus,16.99,Peri_Urban,City_Core,0.7477,0.3013,1.25,0.5245,False,MP,35,0,0,0,False,,0.1663,0,61,9,4.5,33,16.5,1011.8,84.9,OSRM,Route R0252 (PARIMPORA ↔ HUMHAMA) merged into Trunk FDR-185. Spatial overlap with trunk corridor. CDI=0.5245. Fleet=0 (counted under Trunk). 
R0253,JEHANGIR CHOWK ↔ BEMINA,MERGED_INTO_TRUNK,FDR-168,Private Minibus,6.545,Urban,City_Core,0.7911,0.2692,1.25,0.5302,False,MP,35,0,0,0,False,,0.1434,0,20,13,6.5,13,6.5,656.8,52.4,OSRM,Route R0253 (JEHANGIR CHOWK ↔ BEMINA) merged into Trunk FDR-168. Spatial overlap with trunk corridor. CDI=0.5302. Fleet=0 (counted under Trunk). 
R0254,SOURA ↔ PARIMPORA,MERGED_INTO_TRUNK,FDR-180,Private Minibus,12.845,Urban,City_Core,0.7956,0.3871,1.25,0.5914,False,HP,20,0,0,0,False,,0.1563,0,74,20,10.0,25,12.5,926.8,102.8,OSRM,Route R0254 (SOURA ↔ PARIMPORA) merged into Trunk FDR-180. Spatial overlap with trunk corridor. CDI=0.5914. Fleet=0 (counted under Trunk). 
R0255,RANGPORA ↔ SOURA,RETAINED_AS_FEEDER,FDR-331,,22.053,Peri_Urban,City_Core,0.4527,0.353,0.75,0.4028,False,MP,35,5,0,5,False,,0.1101,7900,101,15,7.5,44,22.0,1804.1,110.3,OSRM+JhelumBridge,"Route R0255 (RANGPORA ↔ SOURA) → Feeder FDR-331. Route_Type=Peri_Urban | Zone=City_Core | CDI=0.4028 | Band=MP | Headway=35 min | Fleet=5 (HPV=0 enforced, MPV=5 — 100%% MPV). Distinct catchment: 6.96% of CMP 2024 pop. residents over 22.1 km. "
R0256,PARIMPORA ↔ HUMHAMA,MERGED_INTO_TRUNK,FDR-185,Private Minibus,16.99,Peri_Urban,City_Core,0.7477,0.3013,1.25,0.5245,False,MP,35,0,0,0,False,,0.1663,0,61,9,4.5,33,16.5,1011.8,84.9,OSRM,Route R0256 (PARIMPORA ↔ HUMHAMA) merged into Trunk FDR-185. Spatial overlap with trunk corridor. CDI=0.5245. Fleet=0 (counted under Trunk). 
R0257,PARIMPORA ↔ PANTHACHOWK,MERGED_INTO_TRUNK,FDR-287,Private Minibus,21.307,Peri_Urban,City_Core,0.5783,0.3124,1.25,0.4454,False,MP,35,0,0,0,False,,0.2278,0,73,5,2.5,42,21.0,1713.4,106.5,OSRM+JhelumBridge,Route R0257 (PARIMPORA ↔ PANTHACHOWK) merged into Trunk FDR-287. Spatial overlap with trunk corridor. CDI=0.4454. Fleet=0 (counted under Trunk). 
R0258,RANGPORA ↔ SOURA,MERGED_INTO_TRUNK,FDR-331,Private Minibus,22.053,Peri_Urban,City_Core,0.4527,0.353,1.25,0.4028,False,MP,35,0,0,0,False,,0.1101,0,101,15,7.5,44,22.0,1804.1,110.3,OSRM+JhelumBridge,Route R0258 (RANGPORA ↔ SOURA) merged into Trunk FDR-331. Spatial overlap with trunk corridor. CDI=0.4028. Fleet=0 (counted under Trunk). 
R0259,LD ↔ PARIMPORA,MERGED_INTO_TRUNK,FDR-195,Private Minibus,10.44,Urban,City_Core,0.7409,0.2619,1.25,0.5014,True,MP,35,0,0,0,False,,0.2498,0,32,8,4.0,20,10.0,669.5,83.5,OSRM,Route R0259 (LD ↔ PARIMPORA) merged into Trunk FDR-195. Spatial overlap with trunk corridor. CDI=0.5014. Fleet=0 (counted under Trunk). 🚩 Social Obligation
R0260,HAZRATBAL ↔ LD,MERGED_INTO_TRUNK,FDR-142,Private Minibus,8.251,Urban,City_Core,0.6434,0.332,1.25,0.4877,True,MP,35,0,0,0,False,,0.0871,0,34,10,5.0,16,8.0,1283.5,66.0,OSRM+JhelumBridge,Route R0260 (HAZRATBAL ↔ LD) merged into Trunk FDR-142. Spatial overlap with trunk corridor. CDI=0.4877. Fleet=0 (counted under Trunk). 🚩 Social Obligation
R0261,HAZRATBAL ↔ LD,MERGED_INTO_TRUNK,FDR-142,Private Minibus,8.251,Urban,City_Core,0.6434,0.332,1.25,0.4877,True,MP,35,0,0,0,False,,0.0871,0,34,10,5.0,16,8.0,1283.5,66.0,OSRM+JhelumBridge,Route R0261 (HAZRATBAL ↔ LD) merged into Trunk FDR-142. Spatial overlap with trunk corridor. CDI=0.4877. Fleet=0 (counted under Trunk). 🚩 Social Obligation
R0262,JEHANGIR CHOWK ↔ PANZINARA,MERGED_INTO_TRUNK,FDR-396,Private Minibus,16.494,Peri_Urban,City_Core,0.4477,0.148,1.25,0.2978,False,MP,35,0,0,0,False,,0.1599,0,30,12,6.0,32,16.0,978.7,82.5,OSRM,Route R0262 (JEHANGIR CHOWK ↔ PANZINARA) merged into Trunk FDR-396. Spatial overlap with trunk corridor. CDI=0.2978. Fleet=0 (counted under Trunk). 
R0263,LD ↔ BUDGAM,RETAINED_AS_FEEDER,FDR-516,,21.784,Peri_Urban,City_Core,0.2153,0.0608,0.75,0.138,True,MP,35,5,0,5,False,,0.0867,6060,19,5,2.5,43,21.5,1664.2,108.9,OSRM,"Route R0263 (LD ↔ BUDGAM) → Feeder FDR-516. Route_Type=Peri_Urban | Zone=City_Core | CDI=0.1380 | Band=MP | Headway=35 min | Fleet=5 (HPV=0 enforced, MPV=5 — 100%% MPV). Distinct catchment: 4.35% of CMP 2024 pop. residents over 21.8 km. 🚩 Social Obligation"
R0264,BATAMALLO ↔ PANTHACHOWK,MERGED_INTO_TRUNK,FDR-402,Private Minibus,17.436,Peri_Urban,Peri_Urban,0.4631,0.1055,1.25,0.2843,False,LP,35,0,0,0,False,,0.0973,0,29,7,3.5,34,17.0,1539.8,87.2,OSRM+JhelumBridge,Route R0264 (BATAMALLO ↔ PANTHACHOWK) merged into Trunk FDR-402. Spatial overlap with trunk corridor. CDI=0.2843. Fleet=0 (counted under Trunk). 
R0265,HAZRATBAL ↔ LD,MERGED_INTO_TRUNK,FDR-142,Private Minibus,8.251,Urban,City_Core,0.6434,0.332,1.25,0.4877,True,MP,35,0,0,0,False,,0.0871,0,34,10,5.0,16,8.0,1283.5,66.0,OSRM+JhelumBridge,Route R0265 (HAZRATBAL ↔ LD) merged into Trunk FDR-142. Spatial overlap with trunk corridor. CDI=0.4877. Fleet=0 (counted under Trunk). 🚩 Social Obligation
R0266,PARIMPORA ↔ PANTHACHOWK,MERGED_INTO_TRUNK,FDR-287,Private Minibus,21.307,Peri_Urban,City_Core,0.5783,0.3124,1.25,0.4454,False,MP,35,0,0,0,False,,0.2278,0,73,5,2.5,42,21.0,1713.4,106.5,OSRM+JhelumBridge,Route R0266 (PARIMPORA ↔ PANTHACHOWK) merged into Trunk FDR-287. Spatial overlap with trunk corridor. CDI=0.4454. Fleet=0 (counted under Trunk). 
R0267,JEHANGIR CHOWK ↔ BUDGAM,MERGED_INTO_TRUNK,FDR-462,Private Minibus,45.581,Regional_District,City_Core,0.2918,0.1206,1.25,0.2062,False,LP,35,0,0,0,False,,0.1126,0,78,9,4.5,91,45.5,2755.2,136.7,OSRM,Route R0267 (JEHANGIR CHOWK ↔ BUDGAM) merged into Trunk FDR-462. Spatial overlap with trunk corridor. CDI=0.2062. Fleet=0 (counted under Trunk). 
R0268,NARBAL ↔ JEHANGIR CHOWK,MERGED_INTO_TRUNK,FDR-449,Private Minibus,20.672,Peri_Urban,City_Core,0.3692,0.1066,1.25,0.2379,False,LP,35,0,0,0,False,,0.1221,0,34,11,5.5,41,20.5,1495.4,103.4,OSRM,Route R0268 (NARBAL ↔ JEHANGIR CHOWK) merged into Trunk FDR-449. Spatial overlap with trunk corridor. CDI=0.2379. Fleet=0 (counted under Trunk). 
R0269,JEHANGIR CHOWK ↔ BUDGAM,MERGED_INTO_TRUNK,FDR-462,Private Minibus,45.581,Regional_District,City_Core,0.2918,0.1206,1.25,0.2062,False,LP,35,0,0,0,False,,0.1126,0,78,9,4.5,91,45.5,2755.2,136.7,OSRM,Route R0269 (JEHANGIR CHOWK ↔ BUDGAM) merged into Trunk FDR-462. Spatial overlap with trunk corridor. CDI=0.2062. Fleet=0 (counted under Trunk). 
R0270,LD ↔ BUDGAM,MERGED_INTO_TRUNK,FDR-516,Private Minibus,21.784,Peri_Urban,City_Core,0.2153,0.0608,1.25,0.138,True,MP,35,0,0,0,False,,0.0867,0,19,5,2.5,43,21.5,1664.2,108.9,OSRM,Route R0270 (LD ↔ BUDGAM) merged into Trunk FDR-516. Spatial overlap with trunk corridor. CDI=0.1380. Fleet=0 (counted under Trunk). 🚩 Social Obligation
R0271,RANGPORA ↔ SOURA,MERGED_INTO_TRUNK,FDR-331,Private Minibus,18.757,Peri_Urban,City_Core,0.4849,0.3732,1.25,0.429,False,MP,35,0,0,0,False,,0.097,0,86,9,4.5,37,18.5,1602.8,93.8,OSRM+JhelumBridge,Route R0271 (RANGPORA ↔ SOURA) merged into Trunk FDR-331. Spatial overlap with trunk corridor. CDI=0.4290. Fleet=0 (counted under Trunk). 
R0272,JEHANGIR CHOWK ↔ HMT,MERGED_INTO_TRUNK,FDR-270,LPV / Tempo,10.311,Urban,City_Core,0.6477,0.2503,1.25,0.449,False,MP,35,0,0,0,False,,0.26,0,30,10,5.0,20,10.0,654.3,82.5,OSRM,Route R0272 (JEHANGIR CHOWK ↔ HMT) merged into Trunk FDR-270. Spatial overlap with trunk corridor. CDI=0.4490. Fleet=0 (counted under Trunk). 
R0273,LD ↔ PAMPORE,MERGED_INTO_TRUNK,FDR-339,Private Minibus,15.854,Peri_Urban,City_Core,0.5323,0.2636,1.25,0.398,True,MP,35,0,0,0,False,,0.155,0,50,6,3.0,31,15.5,1392.5,79.3,OSRM+JhelumBridge,Route R0273 (LD ↔ PAMPORE) merged into Trunk FDR-339. Spatial overlap with trunk corridor. CDI=0.3980. Fleet=0 (counted under Trunk). 🚩 Social Obligation
R0274,PARIMPORA ↔ PAMPORE,RETAINED_AS_FEEDER,FDR-315,,23.817,Peri_Urban,City_Core,0.574,0.3015,0.75,0.4378,False,MP,35,5,0,5,False,,0.2097,9687,82,4,2.0,47,23.5,1805.8,119.1,OSRM+JhelumBridge,"Route R0274 (PARIMPORA ↔ PAMPORE) → Feeder FDR-315. Route_Type=Peri_Urban | Zone=City_Core | CDI=0.4378 | Band=MP | Headway=35 min | Fleet=5 (HPV=0 enforced, MPV=5 — 100%% MPV). Distinct catchment: 8.92% of CMP 2024 pop. residents over 23.8 km. "
R0275,LD ↔ BUDGAM,MERGED_INTO_TRUNK,FDR-516,Private Minibus,21.784,Peri_Urban,City_Core,0.2153,0.0608,1.25,0.138,True,MP,35,0,0,0,False,,0.0867,0,19,5,2.5,43,21.5,1664.2,108.9,OSRM,Route R0275 (LD ↔ BUDGAM) merged into Trunk FDR-516. Spatial overlap with trunk corridor. CDI=0.1380. Fleet=0 (counted under Trunk). 🚩 Social Obligation
R0276,SOURA ↔ JEHANGIR CHOWK,MERGED_INTO_TRUNK,FDR-105,Private Minibus,15.353,Peri_Urban,City_Core,0.6303,0.262,1.25,0.4462,False,MP,35,0,0,0,False,,0.1298,0,57,25,12.5,30,15.0,1270.2,76.8,OSRM,Route R0276 (SOURA ↔ JEHANGIR CHOWK) merged into Trunk FDR-105. Spatial overlap with trunk corridor. CDI=0.4462. Fleet=0 (counted under Trunk). 
R0277,HAZRATBAL ↔ LD,MERGED_INTO_TRUNK,FDR-142,Private Minibus,8.251,Urban,City_Core,0.6434,0.332,1.25,0.4877,True,MP,35,0,0,0,False,,0.0871,0,34,10,5.0,16,8.0,1283.5,66.0,OSRM+JhelumBridge,Route R0277 (HAZRATBAL ↔ LD) merged into Trunk FDR-142. Spatial overlap with trunk corridor. CDI=0.4877. Fleet=0 (counted under Trunk). 🚩 Social Obligation
R0278,LALBAZAR ↔ LALCHOWK,MERGED_INTO_TRUNK,FDR-076,Private Minibus,8.433,Urban,City_Core,1.0,0.5182,1.25,0.7591,True,HP,20,0,0,0,False,,0.128,0,56,11,5.5,16,8.0,617.5,67.5,OSRM,Route R0278 (LALBAZAR ↔ LALCHOWK) merged into Trunk FDR-076. Spatial overlap with trunk corridor. CDI=0.7591. Fleet=0 (counted under Trunk). 🚩 Social Obligation
R0279,LD ↔ BUDGAM,MERGED_INTO_TRUNK,FDR-516,Private Minibus,21.784,Peri_Urban,City_Core,0.2153,0.0608,1.25,0.138,True,MP,35,0,0,0,False,,0.0867,0,19,5,2.5,43,21.5,1664.2,108.9,OSRM,Route R0279 (LD ↔ BUDGAM) merged into Trunk FDR-516. Spatial overlap with trunk corridor. CDI=0.1380. Fleet=0 (counted under Trunk). 🚩 Social Obligation
R0280,PARIMPORA ↔ PANTHACHOWK,MERGED_INTO_TRUNK,FDR-287,LPV / Tempo,21.307,Peri_Urban,City_Core,0.5783,0.3124,1.25,0.4454,False,MP,35,0,0,0,False,,0.2278,0,73,5,2.5,42,21.0,1713.4,106.5,OSRM+JhelumBridge,Route R0280 (PARIMPORA ↔ PANTHACHOWK) merged into Trunk FDR-287. Spatial overlap with trunk corridor. CDI=0.4454. Fleet=0 (counted under Trunk). 
R0281,RANGPORA ↔ DALGATE,RETAINED_AS_FEEDER,FDR-100,,15.533,Peri_Urban,City_Core,0.7604,0.5587,0.75,0.6596,False,HP,20,5,0,5,False,,0.1133,8214,103,11,5.5,31,15.5,923.8,77.7,OSRM,"Route R0281 (RANGPORA ↔ DALGATE) → Feeder FDR-100. Route_Type=Peri_Urban | Zone=City_Core | CDI=0.6596 | Band=HP | Headway=20 min | Fleet=5 (HPV=0 enforced, MPV=5 — 100%% MPV). Distinct catchment: 7.23% of CMP 2024 pop. residents over 15.5 km. "
R0282,JEHANGIR CHOWK ↔ BEMINA,MERGED_INTO_TRUNK,FDR-168,LPV / Tempo,6.545,Urban,City_Core,0.7911,0.2692,1.25,0.5302,False,MP,35,0,0,0,False,,0.1434,0,20,13,6.5,13,6.5,656.8,52.4,OSRM,Route R0282 (JEHANGIR CHOWK ↔ BEMINA) merged into Trunk FDR-168. Spatial overlap with trunk corridor. CDI=0.5302. Fleet=0 (counted under Trunk). 
R0283,LD ↔ PARIMPORA,MERGED_INTO_TRUNK,FDR-195,Private Minibus,10.44,Urban,City_Core,0.7409,0.2619,1.25,0.5014,True,MP,35,0,0,0,False,,0.2498,0,32,8,4.0,20,10.0,669.5,83.5,OSRM,Route R0283 (LD ↔ PARIMPORA) merged into Trunk FDR-195. Spatial overlap with trunk corridor. CDI=0.5014. Fleet=0 (counted under Trunk). 🚩 Social Obligation
R0284,PARIMPORA ↔ PANTHACHOWK,MERGED_INTO_TRUNK,FDR-287,Private Minibus,21.307,Peri_Urban,City_Core,0.5783,0.3124,1.25,0.4454,False,MP,35,0,0,0,False,,0.2278,0,73,5,2.5,42,21.0,1713.4,106.5,OSRM+JhelumBridge,Route R0284 (PARIMPORA ↔ PANTHACHOWK) merged into Trunk FDR-287. Spatial overlap with trunk corridor. CDI=0.4454. Fleet=0 (counted under Trunk). 
R0285,SOURA ↔ JEHANGIR CHOWK,MERGED_INTO_TRUNK,FDR-105,Private Minibus,9.512,Urban,City_Core,0.7039,0.4946,1.25,0.5992,True,HP,20,0,0,0,False,,0.0552,0,63,11,5.5,19,9.5,718.6,76.1,OSRM,Route R0285 (SOURA ↔ JEHANGIR CHOWK) merged into Trunk FDR-105. Spatial overlap with trunk corridor. CDI=0.5992. Fleet=0 (counted under Trunk). 🚩 Social Obligation
R0286,BATAMAALO ↔ PANTHACHOWK,MERGED_INTO_TRUNK,FDR-402,Private Minibus,17.988,Peri_Urban,Peri_Urban,0.4784,0.106,1.25,0.2922,False,LP,35,0,0,0,False,,0.0931,0,29,11,5.5,35,17.5,1642.6,89.9,OSRM+JhelumBridge,Route R0286 (BATAMAALO ↔ PANTHACHOWK) merged into Trunk FDR-402. Spatial overlap with trunk corridor. CDI=0.2922. Fleet=0 (counted under Trunk). 
R0287,LD ↔ PAMPORE,MERGED_INTO_TRUNK,FDR-339,Private Minibus,15.854,Peri_Urban,City_Core,0.5323,0.2636,1.25,0.398,True,MP,35,0,0,0,False,,0.155,0,50,6,3.0,31,15.5,1392.5,79.3,OSRM+JhelumBridge,Route R0287 (LD ↔ PAMPORE) merged into Trunk FDR-339. Spatial overlap with trunk corridor. CDI=0.3980. Fleet=0 (counted under Trunk). 🚩 Social Obligation
R0288,LALBAZAR ↔ LALCHOWK,MERGED_INTO_TRUNK,FDR-076,LPV / Tempo,8.433,Urban,City_Core,1.0,0.5182,1.25,0.7591,True,HP,20,0,0,0,False,,0.128,0,56,11,5.5,16,8.0,617.5,67.5,OSRM,Route R0288 (LALBAZAR ↔ LALCHOWK) merged into Trunk FDR-076. Spatial overlap with trunk corridor. CDI=0.7591. Fleet=0 (counted under Trunk). 🚩 Social Obligation
R0289,JEHANGIR CHOWK ↔ BEMINA,MERGED_INTO_TRUNK,FDR-168,Private Minibus,6.545,Urban,City_Core,0.7911,0.2692,1.25,0.5302,False,MP,35,0,0,0,False,,0.1434,0,20,13,6.5,13,6.5,656.8,52.4,OSRM,Route R0289 (JEHANGIR CHOWK ↔ BEMINA) merged into Trunk FDR-168. Spatial overlap with trunk corridor. CDI=0.5302. Fleet=0 (counted under Trunk). 
R0290,BATAMALLO ↔ PANTHACHOWK,MERGED_INTO_TRUNK,FDR-402,Private Minibus,17.436,Peri_Urban,Peri_Urban,0.4631,0.1055,1.25,0.2843,False,LP,35,0,0,0,False,,0.0973,0,29,7,3.5,34,17.0,1539.8,87.2,OSRM+JhelumBridge,Route R0290 (BATAMALLO ↔ PANTHACHOWK) merged into Trunk FDR-402. Spatial overlap with trunk corridor. CDI=0.2843. Fleet=0 (counted under Trunk). 
R0291,LD ↔ PAMPORE,MERGED_INTO_TRUNK,FDR-339,Private Minibus,15.854,Peri_Urban,City_Core,0.5323,0.2636,1.25,0.398,True,MP,35,0,0,0,False,,0.155,0,50,6,3.0,31,15.5,1392.5,79.3,OSRM+JhelumBridge,Route R0291 (LD ↔ PAMPORE) merged into Trunk FDR-339. Spatial overlap with trunk corridor. CDI=0.3980. Fleet=0 (counted under Trunk). 🚩 Social Obligation
R0292,BATAMALLO ↔ PANTHACHOWK,MERGED_INTO_TRUNK,FDR-402,Private Minibus,17.436,Peri_Urban,Peri_Urban,0.4631,0.1055,1.25,0.2843,False,LP,35,0,0,0,False,,0.0973,0,29,7,3.5,34,17.0,1539.8,87.2,OSRM+JhelumBridge,Route R0292 (BATAMALLO ↔ PANTHACHOWK) merged into Trunk FDR-402. Spatial overlap with trunk corridor. CDI=0.2843. Fleet=0 (counted under Trunk). 
R0293,NARBAL ↔ JEHANGIR CHOWK,MERGED_INTO_TRUNK,FDR-449,Private Minibus,21.634,Peri_Urban,City_Core,0.3447,0.0941,1.25,0.2194,False,LP,35,0,0,0,False,,0.1076,0,31,22,11.0,43,21.5,1698.7,108.2,OSRM,Route R0293 (NARBAL ↔ JEHANGIR CHOWK) merged into Trunk FDR-449. Spatial overlap with trunk corridor. CDI=0.2194. Fleet=0 (counted under Trunk). 
R0294,SOURA ↔ JEHANGIR CHOWK,MERGED_INTO_TRUNK,FDR-105,Private Minibus,11.346,Urban,City_Core,0.9248,0.546,1.25,0.7354,False,HP,20,0,0,0,False,,0.1178,0,83,18,9.0,22,11.0,982.5,90.8,OSRM,Route R0294 (SOURA ↔ JEHANGIR CHOWK) merged into Trunk FDR-105. Spatial overlap with trunk corridor. CDI=0.7354. Fleet=0 (counted under Trunk). 
R0295,SOURA ↔ JEHANGIR CHOWK,MERGED_INTO_TRUNK,FDR-105,Private Minibus,9.676,Urban,City_Core,0.9556,0.6685,1.25,0.812,True,HP,20,0,0,0,False,,0.108,0,86,10,5.0,19,9.5,786.9,77.4,OSRM,Route R0295 (SOURA ↔ JEHANGIR CHOWK) merged into Trunk FDR-105. Spatial overlap with trunk corridor. CDI=0.8120. Fleet=0 (counted under Trunk). 🚩 Social Obligation
R0296,HAZRATBAL ↔ LD,MERGED_INTO_TRUNK,FDR-142,Private Minibus,8.251,Urban,City_Core,0.6434,0.332,1.25,0.4877,True,MP,35,0,0,0,False,,0.0871,0,34,10,5.0,16,8.0,1283.5,66.0,OSRM+JhelumBridge,Route R0296 (HAZRATBAL ↔ LD) merged into Trunk FDR-142. Spatial overlap with trunk corridor. CDI=0.4877. Fleet=0 (counted under Trunk). 🚩 Social Obligation
R0297,NARBAL ↔ JEHANGIR CHOWK,MERGED_INTO_TRUNK,FDR-449,Private Minibus,21.634,Peri_Urban,City_Core,0.3447,0.0941,1.25,0.2194,False,LP,35,0,0,0,False,,0.1076,0,31,22,11.0,43,21.5,1698.7,108.2,OSRM,Route R0297 (NARBAL ↔ JEHANGIR CHOWK) merged into Trunk FDR-449. Spatial overlap with trunk corridor. CDI=0.2194. Fleet=0 (counted under Trunk). 
R0298,LD ↔ PAMPORE,MERGED_INTO_TRUNK,FDR-339,Private Minibus,15.854,Peri_Urban,City_Core,0.5323,0.2636,1.25,0.398,True,MP,35,0,0,0,False,,0.155,0,50,6,3.0,31,15.5,1392.5,79.3,OSRM+JhelumBridge,Route R0298 (LD ↔ PAMPORE) merged into Trunk FDR-339. Spatial overlap with trunk corridor. CDI=0.3980. Fleet=0 (counted under Trunk). 🚩 Social Obligation
R0299,HAZRATBAL ↔ LD,MERGED_INTO_TRUNK,FDR-142,LPV / Tempo,8.251,Urban,City_Core,0.6434,0.332,1.25,0.4877,True,MP,35,0,0,0,False,,0.0871,0,34,10,5.0,16,8.0,1283.5,66.0,OSRM+JhelumBridge,Route R0299 (HAZRATBAL ↔ LD) merged into Trunk FDR-142. Spatial overlap with trunk corridor. CDI=0.4877. Fleet=0 (counted under Trunk). 🚩 Social Obligation
R0300,HAZRATBAL ↔ LD,MERGED_INTO_TRUNK,FDR-142,Private Minibus,8.251,Urban,City_Core,0.6434,0.332,1.25,0.4877,True,MP,35,0,0,0,False,,0.0871,0,34,10,5.0,16,8.0,1283.5,66.0,OSRM+JhelumBridge,Route R0300 (HAZRATBAL ↔ LD) merged into Trunk FDR-142. Spatial overlap with trunk corridor. CDI=0.4877. Fleet=0 (counted under Trunk). 🚩 Social Obligation
R0301,SOURA ↔ PARIMPORA,MERGED_INTO_TRUNK,FDR-180,Private Minibus,12.314,Urban,City_Core,0.7354,0.3235,1.25,0.5294,False,MP,35,0,0,0,False,,0.1424,0,60,18,9.0,24,12.0,938.7,98.5,OSRM,Route R0301 (SOURA ↔ PARIMPORA) merged into Trunk FDR-180. Spatial overlap with trunk corridor. CDI=0.5294. Fleet=0 (counted under Trunk). 
R0302,BATAMALLO ↔ PANTHACHOWK,MERGED_INTO_TRUNK,FDR-402,Private Minibus,17.436,Peri_Urban,Peri_Urban,0.4631,0.1055,1.25,0.2843,False,LP,35,0,0,0,False,,0.0973,0,29,7,3.5,34,17.0,1539.8,87.2,OSRM+JhelumBridge,Route R0302 (BATAMALLO ↔ PANTHACHOWK) merged into Trunk FDR-402. Spatial overlap with trunk corridor. CDI=0.2843. Fleet=0 (counted under Trunk). 
R0303,PARIMPORA ↔ PANTHACHOWK,MERGED_INTO_TRUNK,FDR-287,Private Minibus,21.307,Peri_Urban,City_Core,0.5783,0.3124,1.25,0.4454,False,MP,35,0,0,0,False,,0.2278,0,73,5,2.5,42,21.0,1713.4,106.5,OSRM+JhelumBridge,Route R0303 (PARIMPORA ↔ PANTHACHOWK) merged into Trunk FDR-287. Spatial overlap with trunk corridor. CDI=0.4454. Fleet=0 (counted under Trunk). 
R0304,LD ↔ PAMPORE,MERGED_INTO_TRUNK,FDR-339,Private Minibus,15.854,Peri_Urban,City_Core,0.5323,0.2636,1.25,0.398,True,MP,35,0,0,0,False,,0.155,0,50,6,3.0,31,15.5,1392.5,79.3,OSRM+JhelumBridge,Route R0304 (LD ↔ PAMPORE) merged into Trunk FDR-339. Spatial overlap with trunk corridor. CDI=0.3980. Fleet=0 (counted under Trunk). 🚩 Social Obligation
R0305,SOURA ↔ JEHANGIR CHOWK,MERGED_INTO_TRUNK,FDR-105,Private Minibus,9.17,Urban,City_Core,0.7578,0.5299,1.25,0.6438,True,HP,20,0,0,0,False,,0.0538,0,66,9,4.5,18,9.0,764.2,73.4,OSRM,Route R0305 (SOURA ↔ JEHANGIR CHOWK) merged into Trunk FDR-105. Spatial overlap with trunk corridor. CDI=0.6438. Fleet=0 (counted under Trunk). 🚩 Social Obligation
R0306,PARIMPORA ↔ PATHACHOWK,MERGED_INTO_TRUNK,FDR-287,Private Minibus,21.307,Peri_Urban,City_Core,0.5783,0.3124,1.25,0.4454,False,MP,35,0,0,0,False,,0.2278,0,73,5,2.5,42,21.0,1713.4,106.5,OSRM+JhelumBridge,Route R0306 (PARIMPORA ↔ PATHACHOWK) merged into Trunk FDR-287. Spatial overlap with trunk corridor. CDI=0.4454. Fleet=0 (counted under Trunk). 
R0307,PARIMPORA ↔ BUDGAM,MERGED_INTO_TRUNK,FDR-483,Private Minibus,27.978,Peri_Urban,City_Core,0.1396,0.0199,1.25,0.0798,False,LP,35,0,0,0,False,,0.0879,0,15,12,6.0,55,27.5,1972.1,139.9,OSRM,Route R0307 (PARIMPORA ↔ BUDGAM) merged into Trunk FDR-483. Spatial overlap with trunk corridor. CDI=0.0798. Fleet=0 (counted under Trunk). 
R0308,JEHANGIR CHOWK ↔ BUDGAM,MERGED_INTO_TRUNK,FDR-462,Private Minibus,45.581,Regional_District,City_Core,0.2918,0.1206,1.25,0.2062,False,LP,35,0,0,0,False,,0.1126,0,78,9,4.5,91,45.5,2755.2,136.7,OSRM,Route R0308 (JEHANGIR CHOWK ↔ BUDGAM) merged into Trunk FDR-462. Spatial overlap with trunk corridor. CDI=0.2062. Fleet=0 (counted under Trunk). 
R0309,LD ↔ PAMPORE,MERGED_INTO_TRUNK,FDR-339,Private Minibus,15.854,Peri_Urban,City_Core,0.5323,0.2636,1.25,0.398,True,MP,35,0,0,0,False,,0.155,0,50,6,3.0,31,15.5,1392.5,79.3,OSRM+JhelumBridge,Route R0309 (LD ↔ PAMPORE) merged into Trunk FDR-339. Spatial overlap with trunk corridor. CDI=0.3980. Fleet=0 (counted under Trunk). 🚩 Social Obligation
R0310,BATAMALLO ↔ PANTHACHOWK,MERGED_INTO_TRUNK,FDR-402,LPV / Tempo,17.436,Peri_Urban,Peri_Urban,0.4631,0.1055,1.25,0.2843,False,LP,35,0,0,0,False,,0.0973,0,29,7,3.5,34,17.0,1539.8,87.2,OSRM+JhelumBridge,Route R0310 (BATAMALLO ↔ PANTHACHOWK) merged into Trunk FDR-402. Spatial overlap with trunk corridor. CDI=0.2843. Fleet=0 (counted under Trunk). 
R0311,NARBAL ↔ JEHANGIR CHOWK,MERGED_INTO_TRUNK,FDR-449,Private Minibus,21.634,Peri_Urban,City_Core,0.3447,0.0941,1.25,0.2194,False,LP,35,0,0,0,False,,0.1076,0,31,22,11.0,43,21.5,1698.7,108.2,OSRM,Route R0311 (NARBAL ↔ JEHANGIR CHOWK) merged into Trunk FDR-449. Spatial overlap with trunk corridor. CDI=0.2194. Fleet=0 (counted under Trunk). 
R0312,PARIMPORA ↔ BUDGAM,MERGED_INTO_TRUNK,FDR-483,Private Minibus,22.663,Peri_Urban,City_Core,0.1204,0.0143,1.25,0.0673,False,LP,35,0,0,0,False,,0.089,0,9,7,3.5,45,22.5,1638.0,113.3,OSRM,Route R0312 (PARIMPORA ↔ BUDGAM) merged into Trunk FDR-483. Spatial overlap with trunk corridor. CDI=0.0673. Fleet=0 (counted under Trunk). 
R0313,PARIMPORA ↔ BUDGAM,MERGED_INTO_TRUNK,FDR-483,Private Minibus,22.663,Peri_Urban,City_Core,0.1204,0.0143,1.25,0.0673,False,LP,35,0,0,0,False,,0.089,0,9,7,3.5,45,22.5,1638.0,113.3,OSRM,Route R0313 (PARIMPORA ↔ BUDGAM) merged into Trunk FDR-483. Spatial overlap with trunk corridor. CDI=0.0673. Fleet=0 (counted under Trunk). 
R0314,PARIMPORA ↔ PANTHACHOWK,MERGED_INTO_TRUNK,FDR-287,LPV / Tempo,21.307,Peri_Urban,City_Core,0.5783,0.3124,1.25,0.4454,False,MP,35,0,0,0,False,,0.2278,0,73,5,2.5,42,21.0,1713.4,106.5,OSRM+JhelumBridge,Route R0314 (PARIMPORA ↔ PANTHACHOWK) merged into Trunk FDR-287. Spatial overlap with trunk corridor. CDI=0.4454. Fleet=0 (counted under Trunk). 
R0315,PARIMPORA ↔ PANTHACHOWK,MERGED_INTO_TRUNK,FDR-287,Private Minibus,21.307,Peri_Urban,City_Core,0.5783,0.3124,1.25,0.4454,False,MP,35,0,0,0,False,,0.2278,0,73,5,2.5,42,21.0,1713.4,106.5,OSRM+JhelumBridge,Route R0315 (PARIMPORA ↔ PANTHACHOWK) merged into Trunk FDR-287. Spatial overlap with trunk corridor. CDI=0.4454. Fleet=0 (counted under Trunk). 
R0316,HAZRATBAL ↔ LD,MERGED_INTO_TRUNK,FDR-142,Private Minibus,8.251,Urban,City_Core,0.6434,0.332,1.25,0.4877,True,MP,35,0,0,0,False,,0.0871,0,34,10,5.0,16,8.0,1283.5,66.0,OSRM+JhelumBridge,Route R0316 (HAZRATBAL ↔ LD) merged into Trunk FDR-142. Spatial overlap with trunk corridor. CDI=0.4877. Fleet=0 (counted under Trunk). 🚩 Social Obligation
R0317,LAWAYPORA ↔ JEHANGIR CHOWK,MERGED_INTO_TRUNK,FDR-389,LPV / Tempo,14.207,Urban,City_Core,0.5254,0.1454,1.25,0.3354,False,MP,35,0,0,0,False,,0.1549,0,29,21,10.5,28,14.0,1005.6,113.7,OSRM,Route R0317 (LAWAYPORA ↔ JEHANGIR CHOWK) merged into Trunk FDR-389. Spatial overlap with trunk corridor. CDI=0.3354. Fleet=0 (counted under Trunk). 
R0318,JEHANGIR CHOWK ↔ BEMINA,MERGED_INTO_TRUNK,FDR-168,Private Minibus,6.545,Urban,City_Core,0.7911,0.2692,1.25,0.5302,False,MP,35,0,0,0,False,,0.1434,0,20,13,6.5,13,6.5,656.8,52.4,OSRM,Route R0318 (JEHANGIR CHOWK ↔ BEMINA) merged into Trunk FDR-168. Spatial overlap with trunk corridor. CDI=0.5302. Fleet=0 (counted under Trunk). 
R0319,RANGPORA ↔ LALCHOWK,RETAINED_AS_FEEDER,FDR-083,,13.983,Urban,City_Core,0.8563,0.6027,0.75,0.7295,False,HP,20,7,0,0,False,,0.1145,8135,96,12,6.0,27,13.5,853.2,111.7,OSRM,"Route R0319 (RANGPORA ↔ LALCHOWK) → Feeder FDR-083. Route_Type=Urban | Zone=City_Core | CDI=0.7295 | Band=HP | Headway=20 min | Fleet=7 (HPV=0 enforced, MPV=0 — 100%% MPV). Distinct catchment: 7.16% of CMP 2024 pop. residents over 14.0 km. "
R0320,BATAMALLO ↔ PANTHACHOWK,MERGED_INTO_TRUNK,FDR-402,LPV / Tempo,17.436,Peri_Urban,Peri_Urban,0.4631,0.1055,1.25,0.2843,False,LP,35,0,0,0,False,,0.0973,0,29,7,3.5,34,17.0,1539.8,87.2,OSRM+JhelumBridge,Route R0320 (BATAMALLO ↔ PANTHACHOWK) merged into Trunk FDR-402. Spatial overlap with trunk corridor. CDI=0.2843. Fleet=0 (counted under Trunk). 
R0321,RANGPORA ↔ LALCHOWK,MERGED_INTO_TRUNK,FDR-083,LPV / Tempo,13.983,Urban,City_Core,0.8563,0.6027,1.25,0.7295,False,HP,20,0,0,0,False,,0.1145,0,96,12,6.0,27,13.5,853.2,111.7,OSRM,Route R0321 (RANGPORA ↔ LALCHOWK) merged into Trunk FDR-083. Spatial overlap with trunk corridor. CDI=0.7295. Fleet=0 (counted under Trunk). 
R0322,RANGPORA ↔ LALCHOWK,MERGED_INTO_TRUNK,FDR-083,Private Minibus,13.983,Urban,City_Core,0.8563,0.6027,1.25,0.7295,False,HP,20,0,0,0,False,,0.1145,0,96,12,6.0,27,13.5,853.2,111.7,OSRM,Route R0322 (RANGPORA ↔ LALCHOWK) merged into Trunk FDR-083. Spatial overlap with trunk corridor. CDI=0.7295. Fleet=0 (counted under Trunk). 
R0323,BATAMALLO ↔ PANTHACHOWK,MERGED_INTO_TRUNK,FDR-402,Private Minibus,17.436,Peri_Urban,Peri_Urban,0.4631,0.1055,1.25,0.2843,False,LP,35,0,0,0,False,,0.0973,0,29,7,3.5,34,17.0,1539.8,87.2,OSRM+JhelumBridge,Route R0323 (BATAMALLO ↔ PANTHACHOWK) merged into Trunk FDR-402. Spatial overlap with trunk corridor. CDI=0.2843. Fleet=0 (counted under Trunk). 
R0324,JEHANGIR CHOWK ↔ BEMINA,MERGED_INTO_TRUNK,FDR-168,LPV / Tempo,6.545,Urban,City_Core,0.7911,0.2692,1.25,0.5302,False,MP,35,0,0,0,False,,0.1434,0,20,13,6.5,13,6.5,656.8,52.4,OSRM,Route R0324 (JEHANGIR CHOWK ↔ BEMINA) merged into Trunk FDR-168. Spatial overlap with trunk corridor. CDI=0.5302. Fleet=0 (counted under Trunk). 
R0325,PARIMPORA ↔ PANTHACHOWK,MERGED_INTO_TRUNK,FDR-287,Private Minibus,21.307,Peri_Urban,City_Core,0.5783,0.3124,1.25,0.4454,False,MP,35,0,0,0,False,,0.2278,0,73,5,2.5,42,21.0,1713.4,106.5,OSRM+JhelumBridge,Route R0325 (PARIMPORA ↔ PANTHACHOWK) merged into Trunk FDR-287. Spatial overlap with trunk corridor. CDI=0.4454. Fleet=0 (counted under Trunk). 
R0326,PARIMPORA ↔ PATHACHOWK,MERGED_INTO_TRUNK,FDR-287,Private Minibus,21.307,Peri_Urban,City_Core,0.5783,0.3124,1.25,0.4454,False,MP,35,0,0,0,False,,0.2278,0,73,5,2.5,42,21.0,1713.4,106.5,OSRM+JhelumBridge,Route R0326 (PARIMPORA ↔ PATHACHOWK) merged into Trunk FDR-287. Spatial overlap with trunk corridor. CDI=0.4454. Fleet=0 (counted under Trunk). 
R0327,LD ↔ PAMPORE,MERGED_INTO_TRUNK,FDR-339,Private Minibus,15.854,Peri_Urban,City_Core,0.5323,0.2636,1.25,0.398,True,MP,35,0,0,0,False,,0.155,0,50,6,3.0,31,15.5,1392.5,79.3,OSRM+JhelumBridge,Route R0327 (LD ↔ PAMPORE) merged into Trunk FDR-339. Spatial overlap with trunk corridor. CDI=0.3980. Fleet=0 (counted under Trunk). 🚩 Social Obligation
R0328,PARIMPORA ↔ PAMPORE,MERGED_INTO_TRUNK,FDR-315,LPV / Tempo,23.817,Peri_Urban,City_Core,0.574,0.3015,1.25,0.4378,False,MP,35,0,0,0,False,,0.2097,0,82,4,2.0,47,23.5,1805.8,119.1,OSRM+JhelumBridge,Route R0328 (PARIMPORA ↔ PAMPORE) merged into Trunk FDR-315. Spatial overlap with trunk corridor. CDI=0.4378. Fleet=0 (counted under Trunk). 
R0329,PARIMPORA ↔ BUDGAM,MERGED_INTO_TRUNK,FDR-483,Private Minibus,22.663,Peri_Urban,City_Core,0.1204,0.0143,1.25,0.0673,False,LP,35,0,0,0,False,,0.089,0,9,7,3.5,45,22.5,1638.0,113.3,OSRM,Route R0329 (PARIMPORA ↔ BUDGAM) merged into Trunk FDR-483. Spatial overlap with trunk corridor. CDI=0.0673. Fleet=0 (counted under Trunk). 
R0330,PARIMPORA ↔ PAMPORE,MERGED_INTO_TRUNK,FDR-315,Private Minibus,23.817,Peri_Urban,City_Core,0.574,0.3015,1.25,0.4378,False,MP,35,0,0,0,False,,0.2097,0,82,4,2.0,47,23.5,1805.8,119.1,OSRM+JhelumBridge,Route R0330 (PARIMPORA ↔ PAMPORE) merged into Trunk FDR-315. Spatial overlap with trunk corridor. CDI=0.4378. Fleet=0 (counted under Trunk). 
R0331,LD ↔ PAMPORE,MERGED_INTO_TRUNK,FDR-339,Private Minibus,15.854,Peri_Urban,City_Core,0.5323,0.2636,1.25,0.398,True,MP,35,0,0,0,False,,0.155,0,50,6,3.0,31,15.5,1392.5,79.3,OSRM+JhelumBridge,Route R0331 (LD ↔ PAMPORE) merged into Trunk FDR-339. Spatial overlap with trunk corridor. CDI=0.3980. Fleet=0 (counted under Trunk). 🚩 Social Obligation
R0332,BATAMALLO ↔ PANTHACHOWK,MERGED_INTO_TRUNK,FDR-402,LPV / Tempo,17.436,Peri_Urban,Peri_Urban,0.4631,0.1055,1.25,0.2843,False,LP,35,0,0,0,False,,0.0973,0,29,7,3.5,34,17.0,1539.8,87.2,OSRM+JhelumBridge,Route R0332 (BATAMALLO ↔ PANTHACHOWK) merged into Trunk FDR-402. Spatial overlap with trunk corridor. CDI=0.2843. Fleet=0 (counted under Trunk). 
R0333,SOURA ↔ JEHANGIR CHOWK,MERGED_INTO_TRUNK,FDR-105,Private Minibus,9.676,Urban,City_Core,0.9556,0.6685,1.25,0.812,True,HP,20,0,0,0,False,,0.108,0,86,10,5.0,19,9.5,786.9,77.4,OSRM,Route R0333 (SOURA ↔ JEHANGIR CHOWK) merged into Trunk FDR-105. Spatial overlap with trunk corridor. CDI=0.8120. Fleet=0 (counted under Trunk). 🚩 Social Obligation
R0334,PARIMPORA ↔ PAMPORE,MERGED_INTO_TRUNK,FDR-315,Private Minibus,23.817,Peri_Urban,City_Core,0.574,0.3015,1.25,0.4378,False,MP,35,0,0,0,False,,0.2097,0,82,4,2.0,47,23.5,1805.8,119.1,OSRM+JhelumBridge,Route R0334 (PARIMPORA ↔ PAMPORE) merged into Trunk FDR-315. Spatial overlap with trunk corridor. CDI=0.4378. Fleet=0 (counted under Trunk). 
R0335,PARIMPORA ↔ BUDGAM,MERGED_INTO_TRUNK,FDR-483,Private Minibus,22.663,Peri_Urban,City_Core,0.1204,0.0143,1.25,0.0673,False,LP,35,0,0,0,False,,0.089,0,9,7,3.5,45,22.5,1638.0,113.3,OSRM,Route R0335 (PARIMPORA ↔ BUDGAM) merged into Trunk FDR-483. Spatial overlap with trunk corridor. CDI=0.0673. Fleet=0 (counted under Trunk). 
R0336,PARIMPORA ↔ BUDGAM,MERGED_INTO_TRUNK,FDR-483,Private Minibus,22.663,Peri_Urban,City_Core,0.1204,0.0143,1.25,0.0673,False,LP,35,0,0,0,False,,0.089,0,9,7,3.5,45,22.5,1638.0,113.3,OSRM,Route R0336 (PARIMPORA ↔ BUDGAM) merged into Trunk FDR-483. Spatial overlap with trunk corridor. CDI=0.0673. Fleet=0 (counted under Trunk). 
R0337,MALBAGH ↔ LD,MERGED_INTO_TRUNK,FDR-096,LPV / Tempo,11.428,Urban,City_Core,0.9144,0.45,1.25,0.6822,True,HP,20,0,0,0,False,,0.0855,0,71,17,8.5,22,11.0,1281.3,91.4,OSRM+JhelumBridge,Route R0337 (MALBAGH ↔ LD) merged into Trunk FDR-096. Spatial overlap with trunk corridor. CDI=0.6822. Fleet=0 (counted under Trunk). 🚩 Social Obligation
R0338,LD ↔ PAMPORE,MERGED_INTO_TRUNK,FDR-339,Private Minibus,15.854,Peri_Urban,City_Core,0.5323,0.2636,1.25,0.398,True,MP,35,0,0,0,False,,0.155,0,50,6,3.0,31,15.5,1392.5,79.3,OSRM+JhelumBridge,Route R0338 (LD ↔ PAMPORE) merged into Trunk FDR-339. Spatial overlap with trunk corridor. CDI=0.3980. Fleet=0 (counted under Trunk). 🚩 Social Obligation
R0339,HAZRATBAL ↔ LD,MERGED_INTO_TRUNK,FDR-142,Private Minibus,8.251,Urban,City_Core,0.6434,0.332,1.25,0.4877,True,MP,35,0,0,0,False,,0.0871,0,34,10,5.0,16,8.0,1283.5,66.0,OSRM+JhelumBridge,Route R0339 (HAZRATBAL ↔ LD) merged into Trunk FDR-142. Spatial overlap with trunk corridor. CDI=0.4877. Fleet=0 (counted under Trunk). 🚩 Social Obligation
R0340,JEHANGIR CHOWK ↔ BEMINA,MERGED_INTO_TRUNK,FDR-168,Private Minibus,6.545,Urban,City_Core,0.7911,0.2692,1.25,0.5302,False,MP,35,0,0,0,False,,0.1434,0,20,13,6.5,13,6.5,656.8,52.4,OSRM,Route R0340 (JEHANGIR CHOWK ↔ BEMINA) merged into Trunk FDR-168. Spatial overlap with trunk corridor. CDI=0.5302. Fleet=0 (counted under Trunk). 
R0341,PARIMPORA ↔ BUDGAM,MERGED_INTO_TRUNK,FDR-483,Private Minibus,22.663,Peri_Urban,City_Core,0.1204,0.0143,1.25,0.0673,False,LP,35,0,0,0,False,,0.089,0,9,7,3.5,45,22.5,1638.0,113.3,OSRM,Route R0341 (PARIMPORA ↔ BUDGAM) merged into Trunk FDR-483. Spatial overlap with trunk corridor. CDI=0.0673. Fleet=0 (counted under Trunk). 
R0342,LD ↔ PAMPORE,MERGED_INTO_TRUNK,FDR-339,Private Minibus,15.854,Peri_Urban,City_Core,0.5323,0.2636,1.25,0.398,True,MP,35,0,0,0,False,,0.155,0,50,6,3.0,31,15.5,1392.5,79.3,OSRM+JhelumBridge,Route R0342 (LD ↔ PAMPORE) merged into Trunk FDR-339. Spatial overlap with trunk corridor. CDI=0.3980. Fleet=0 (counted under Trunk). 🚩 Social Obligation
R0343,JEHANGIR CHOWK ↔ BUDGAM,MERGED_INTO_TRUNK,FDR-462,Private Minibus,45.581,Regional_District,City_Core,0.2918,0.1206,1.25,0.2062,False,LP,35,0,0,0,False,,0.1126,0,78,9,4.5,91,45.5,2755.2,136.7,OSRM,Route R0343 (JEHANGIR CHOWK ↔ BUDGAM) merged into Trunk FDR-462. Spatial overlap with trunk corridor. CDI=0.2062. Fleet=0 (counted under Trunk). 
R0344,RANGPORA ↔ LALCHOWK,MERGED_INTO_TRUNK,FDR-083,LPV / Tempo,13.983,Urban,City_Core,0.8563,0.6027,1.25,0.7295,False,HP,20,0,0,0,False,,0.1145,0,96,12,6.0,27,13.5,853.2,111.7,OSRM,Route R0344 (RANGPORA ↔ LALCHOWK) merged into Trunk FDR-083. Spatial overlap with trunk corridor. CDI=0.7295. Fleet=0 (counted under Trunk). 
R0345,LD ↔ PAMPORE,MERGED_INTO_TRUNK,FDR-339,Private Minibus,15.854,Peri_Urban,City_Core,0.5323,0.2636,1.25,0.398,True,MP,35,0,0,0,False,,0.155,0,50,6,3.0,31,15.5,1392.5,79.3,OSRM+JhelumBridge,Route R0345 (LD ↔ PAMPORE) merged into Trunk FDR-339. Spatial overlap with trunk corridor. CDI=0.3980. Fleet=0 (counted under Trunk). 🚩 Social Obligation
R0346,RANGPORA ↔ LALCHOWK,MERGED_INTO_TRUNK,FDR-083,LPV / Tempo,13.983,Urban,City_Core,0.8563,0.6027,1.25,0.7295,False,HP,20,0,0,0,False,,0.1145,0,96,12,6.0,27,13.5,853.2,111.7,OSRM,Route R0346 (RANGPORA ↔ LALCHOWK) merged into Trunk FDR-083. Spatial overlap with trunk corridor. CDI=0.7295. Fleet=0 (counted under Trunk). 
R0347,SOURA ↔ JEHANGIR CHOWK,MERGED_INTO_TRUNK,FDR-105,Private Minibus,15.353,Peri_Urban,City_Core,0.6303,0.262,1.25,0.4462,False,MP,35,0,0,0,False,,0.1298,0,57,25,12.5,30,15.0,1270.2,76.8,OSRM,Route R0347 (SOURA ↔ JEHANGIR CHOWK) merged into Trunk FDR-105. Spatial overlap with trunk corridor. CDI=0.4462. Fleet=0 (counted under Trunk). 
R0348,LD ↔ PAMPORE,MERGED_INTO_TRUNK,FDR-339,Private Minibus,15.854,Peri_Urban,City_Core,0.5323,0.2636,1.25,0.398,True,MP,35,0,0,0,False,,0.155,0,50,6,3.0,31,15.5,1392.5,79.3,OSRM+JhelumBridge,Route R0348 (LD ↔ PAMPORE) merged into Trunk FDR-339. Spatial overlap with trunk corridor. CDI=0.3980. Fleet=0 (counted under Trunk). 🚩 Social Obligation
R0349,HAZRATBAL ↔ LD,MERGED_INTO_TRUNK,FDR-142,Private Minibus,8.251,Urban,City_Core,0.6434,0.332,1.25,0.4877,True,MP,35,0,0,0,False,,0.0871,0,34,10,5.0,16,8.0,1283.5,66.0,OSRM+JhelumBridge,Route R0349 (HAZRATBAL ↔ LD) merged into Trunk FDR-142. Spatial overlap with trunk corridor. CDI=0.4877. Fleet=0 (counted under Trunk). 🚩 Social Obligation
R0350,LALBAZAR ↔ LD,MERGED_INTO_TRUNK,FDR-063,Private Minibus,9.308,Urban,City_Core,1.0,0.5555,1.25,0.7777,True,HP,20,0,0,0,False,,0.1132,0,62,7,3.5,18,9.0,1072.3,74.5,OSRM+JhelumBridge,Route R0350 (LALBAZAR ↔ LD) merged into Trunk FDR-063. Spatial overlap with trunk corridor. CDI=0.7777. Fleet=0 (counted under Trunk). 🚩 Social Obligation
R0351,JEHANGIR CHOWK ↔ PANZINARA,MERGED_INTO_TRUNK,FDR-396,Private Minibus,16.494,Peri_Urban,City_Core,0.4477,0.148,1.25,0.2978,False,MP,35,0,0,0,False,,0.1599,0,30,12,6.0,32,16.0,978.7,82.5,OSRM,Route R0351 (JEHANGIR CHOWK ↔ PANZINARA) merged into Trunk FDR-396. Spatial overlap with trunk corridor. CDI=0.2978. Fleet=0 (counted under Trunk). 
R0352,LALBAZAR ↔ LD,MERGED_INTO_TRUNK,FDR-063,Private Minibus,9.308,Urban,City_Core,1.0,0.5555,1.25,0.7777,True,HP,20,0,0,0,False,,0.1132,0,62,7,3.5,18,9.0,1072.3,74.5,OSRM+JhelumBridge,Route R0352 (LALBAZAR ↔ LD) merged into Trunk FDR-063. Spatial overlap with trunk corridor. CDI=0.7777. Fleet=0 (counted under Trunk). 🚩 Social Obligation
R0353,LD ↔ PAMPORE,MERGED_INTO_TRUNK,FDR-339,Private Minibus,15.854,Peri_Urban,City_Core,0.5323,0.2636,1.25,0.398,True,MP,35,0,0,0,False,,0.155,0,50,6,3.0,31,15.5,1392.5,79.3,OSRM+JhelumBridge,Route R0353 (LD ↔ PAMPORE) merged into Trunk FDR-339. Spatial overlap with trunk corridor. CDI=0.3980. Fleet=0 (counted under Trunk). 🚩 Social Obligation
R0354,PARIMPORA ↔ PANTHACHOWK,MERGED_INTO_TRUNK,FDR-287,Private Minibus,21.307,Peri_Urban,City_Core,0.5783,0.3124,1.25,0.4454,False,MP,35,0,0,0,False,,0.2278,0,73,5,2.5,42,21.0,1713.4,106.5,OSRM+JhelumBridge,Route R0354 (PARIMPORA ↔ PANTHACHOWK) merged into Trunk FDR-287. Spatial overlap with trunk corridor. CDI=0.4454. Fleet=0 (counted under Trunk). 
R0355,HAZRATBAL ↔ LD,MERGED_INTO_TRUNK,FDR-142,Private Minibus,8.251,Urban,City_Core,0.6434,0.332,1.25,0.4877,True,MP,35,0,0,0,False,,0.0871,0,34,10,5.0,16,8.0,1283.5,66.0,OSRM+JhelumBridge,Route R0355 (HAZRATBAL ↔ LD) merged into Trunk FDR-142. Spatial overlap with trunk corridor. CDI=0.4877. Fleet=0 (counted under Trunk). 🚩 Social Obligation
R0356,HAZRATBAL ↔ LD,MERGED_INTO_TRUNK,FDR-142,Private Minibus,8.251,Urban,City_Core,0.6434,0.332,1.25,0.4877,True,MP,35,0,0,0,False,,0.0871,0,34,10,5.0,16,8.0,1283.5,66.0,OSRM+JhelumBridge,Route R0356 (HAZRATBAL ↔ LD) merged into Trunk FDR-142. Spatial overlap with trunk corridor. CDI=0.4877. Fleet=0 (counted under Trunk). 🚩 Social Obligation
R0357,PARIMPORA ↔ PATHACHOWK,MERGED_INTO_TRUNK,FDR-287,Private Minibus,21.307,Peri_Urban,City_Core,0.5783,0.3124,1.25,0.4454,False,MP,35,0,0,0,False,,0.2278,0,73,5,2.5,42,21.0,1713.4,106.5,OSRM+JhelumBridge,Route R0357 (PARIMPORA ↔ PATHACHOWK) merged into Trunk FDR-287. Spatial overlap with trunk corridor. CDI=0.4454. Fleet=0 (counted under Trunk). 
R0358,HAZRATBAL ↔ LD,MERGED_INTO_TRUNK,FDR-142,Private Minibus,8.251,Urban,City_Core,0.6434,0.332,1.25,0.4877,True,MP,35,0,0,0,False,,0.0871,0,34,10,5.0,16,8.0,1283.5,66.0,OSRM+JhelumBridge,Route R0358 (HAZRATBAL ↔ LD) merged into Trunk FDR-142. Spatial overlap with trunk corridor. CDI=0.4877. Fleet=0 (counted under Trunk). 🚩 Social Obligation
R0359,PARIMPORA ↔ BUDGAM,MERGED_INTO_TRUNK,FDR-483,Private Minibus,31.385,Peri_Urban,City_Core,0.2617,0.0874,1.25,0.1745,False,LP,35,0,0,0,False,,0.139,0,38,11,5.5,62,31.0,2180.6,156.9,OSRM,Route R0359 (PARIMPORA ↔ BUDGAM) merged into Trunk FDR-483. Spatial overlap with trunk corridor. CDI=0.1745. Fleet=0 (counted under Trunk). 
R0360,HAZRATBAL ↔ LD,MERGED_INTO_TRUNK,FDR-142,Private Minibus,8.251,Urban,City_Core,0.6434,0.332,1.25,0.4877,True,MP,35,0,0,0,False,,0.0871,0,34,10,5.0,16,8.0,1283.5,66.0,OSRM+JhelumBridge,Route R0360 (HAZRATBAL ↔ LD) merged into Trunk FDR-142. Spatial overlap with trunk corridor. CDI=0.4877. Fleet=0 (counted under Trunk). 🚩 Social Obligation
R0361,LD ↔ PAMPORE,MERGED_INTO_TRUNK,FDR-339,LPV / Tempo,15.854,Peri_Urban,City_Core,0.5323,0.2636,1.25,0.398,True,MP,35,0,0,0,False,,0.155,0,50,6,3.0,31,15.5,1392.5,79.3,OSRM+JhelumBridge,Route R0361 (LD ↔ PAMPORE) merged into Trunk FDR-339. Spatial overlap with trunk corridor. CDI=0.3980. Fleet=0 (counted under Trunk). 🚩 Social Obligation
R0362,SOURA ↔ RAILWAY STATION,MERGED_INTO_TRUNK,FDR-257,Private Minibus,18.799,Peri_Urban,City_Core,0.5755,0.3947,1.25,0.4851,False,MP,35,0,0,0,False,,0.1419,0,91,8,4.0,37,18.5,1610.0,94.0,OSRM+JhelumBridge,Route R0362 (SOURA ↔ RAILWAY STATION) merged into Trunk FDR-257. Spatial overlap with trunk corridor. CDI=0.4851. Fleet=0 (counted under Trunk). 
R0363,SOURA ↔ JEHANGIR CHOWK,MERGED_INTO_TRUNK,FDR-105,Private Minibus,9.17,Urban,City_Core,0.7578,0.5299,1.25,0.6438,True,HP,20,0,0,0,False,,0.0538,0,66,9,4.5,18,9.0,764.2,73.4,OSRM,Route R0363 (SOURA ↔ JEHANGIR CHOWK) merged into Trunk FDR-105. Spatial overlap with trunk corridor. CDI=0.6438. Fleet=0 (counted under Trunk). 🚩 Social Obligation
R0364,SOURA ↔ JEHANGIR CHOWK,MERGED_INTO_TRUNK,FDR-105,Private Minibus,9.17,Urban,City_Core,0.7578,0.5299,1.25,0.6438,True,HP,20,0,0,0,False,,0.0538,0,66,9,4.5,18,9.0,764.2,73.4,OSRM,Route R0364 (SOURA ↔ JEHANGIR CHOWK) merged into Trunk FDR-105. Spatial overlap with trunk corridor. CDI=0.6438. Fleet=0 (counted under Trunk). 🚩 Social Obligation
R0365,SAIDAKADAL ↔ PARIMPORA,MERGED_INTO_TRUNK,FDR-132,Private Minibus,14.556,Urban,City_Core,0.7948,0.4331,1.25,0.614,False,HP,20,0,0,0,False,,0.2146,0,63,11,5.5,29,14.5,1441.1,116.4,OSRM+JhelumBridge,Route R0365 (SAIDAKADAL ↔ PARIMPORA) merged into Trunk FDR-132. Spatial overlap with trunk corridor. CDI=0.6140. Fleet=0 (counted under Trunk). 
R0366,PARIMPORA ↔ BUDGAM,MERGED_INTO_TRUNK,FDR-483,Private Minibus,31.385,Peri_Urban,City_Core,0.2617,0.0874,1.25,0.1745,False,LP,35,0,0,0,False,,0.139,0,38,11,5.5,62,31.0,2180.6,156.9,OSRM,Route R0366 (PARIMPORA ↔ BUDGAM) merged into Trunk FDR-483. Spatial overlap with trunk corridor. CDI=0.1745. Fleet=0 (counted under Trunk). 
R0367,NARBAL ↔ JEHANGIR CHOWK,MERGED_INTO_TRUNK,FDR-449,Private Minibus,21.634,Peri_Urban,City_Core,0.3447,0.0941,1.25,0.2194,False,LP,35,0,0,0,False,,0.1076,0,31,22,11.0,43,21.5,1698.7,108.2,OSRM,Route R0367 (NARBAL ↔ JEHANGIR CHOWK) merged into Trunk FDR-449. Spatial overlap with trunk corridor. CDI=0.2194. Fleet=0 (counted under Trunk). 
R0368,LALBAZAR ↔ LALCHOWK,MERGED_INTO_TRUNK,FDR-076,Private Minibus,8.433,Urban,City_Core,1.0,0.5182,1.25,0.7591,True,HP,20,0,0,0,False,,0.128,0,56,11,5.5,16,8.0,617.5,67.5,OSRM,Route R0368 (LALBAZAR ↔ LALCHOWK) merged into Trunk FDR-076. Spatial overlap with trunk corridor. CDI=0.7591. Fleet=0 (counted under Trunk). 🚩 Social Obligation
R0369,HAZRATBAL ↔ LD,MERGED_INTO_TRUNK,FDR-142,Private Minibus,8.251,Urban,City_Core,0.6434,0.332,1.25,0.4877,True,MP,35,0,0,0,False,,0.0871,0,34,10,5.0,16,8.0,1283.5,66.0,OSRM+JhelumBridge,Route R0369 (HAZRATBAL ↔ LD) merged into Trunk FDR-142. Spatial overlap with trunk corridor. CDI=0.4877. Fleet=0 (counted under Trunk). 🚩 Social Obligation
R0370,PARIMPORA ↔ PANTHACHOWK,MERGED_INTO_TRUNK,FDR-287,LPV / Tempo,21.307,Peri_Urban,City_Core,0.5783,0.3124,1.25,0.4454,False,MP,35,0,0,0,False,,0.2278,0,73,5,2.5,42,21.0,1713.4,106.5,OSRM+JhelumBridge,Route R0370 (PARIMPORA ↔ PANTHACHOWK) merged into Trunk FDR-287. Spatial overlap with trunk corridor. CDI=0.4454. Fleet=0 (counted under Trunk). 
R0371,LD ↔ PAMPORE,MERGED_INTO_TRUNK,FDR-339,Private Minibus,15.854,Peri_Urban,City_Core,0.5323,0.2636,1.25,0.398,True,MP,35,0,0,0,False,,0.155,0,50,6,3.0,31,15.5,1392.5,79.3,OSRM+JhelumBridge,Route R0371 (LD ↔ PAMPORE) merged into Trunk FDR-339. Spatial overlap with trunk corridor. CDI=0.3980. Fleet=0 (counted under Trunk). 🚩 Social Obligation
R0372,SOURA ↔ JEHANGIR CHOWK,MERGED_INTO_TRUNK,FDR-105,Private Minibus,9.17,Urban,City_Core,0.7578,0.5299,1.25,0.6438,True,HP,20,0,0,0,False,,0.0538,0,66,9,4.5,18,9.0,764.2,73.4,OSRM,Route R0372 (SOURA ↔ JEHANGIR CHOWK) merged into Trunk FDR-105. Spatial overlap with trunk corridor. CDI=0.6438. Fleet=0 (counted under Trunk). 🚩 Social Obligation
R0373,QAMARWARI ↔ PARIMPORA,RETAINED_AS_FEEDER,FDR-401,,14.577,Urban,City_Core,0.4125,0.164,0.75,0.2882,True,MP,35,5,0,5,False,,0.1988,5922,31,19,9.5,29,14.5,1073.9,116.6,OSRM,"Route R0373 (QAMARWARI ↔ PARIMPORA) → Feeder FDR-401. Route_Type=Urban | Zone=City_Core | CDI=0.2882 | Band=MP | Headway=35 min | Fleet=5 (HPV=0 enforced, MPV=5 — 100%% MPV). Distinct catchment: 4.31% of CMP 2024 pop. residents over 14.6 km. 🚩 Social Obligation"
R0374,PARIMPORA ↔ BUDGAM,MERGED_INTO_TRUNK,FDR-483,Private Minibus,31.385,Peri_Urban,City_Core,0.2617,0.0874,1.25,0.1745,False,LP,35,0,0,0,False,,0.139,0,38,11,5.5,62,31.0,2180.6,156.9,OSRM,Route R0374 (PARIMPORA ↔ BUDGAM) merged into Trunk FDR-483. Spatial overlap with trunk corridor. CDI=0.1745. Fleet=0 (counted under Trunk). 
R0375,LD ↔ PAMPORE,MERGED_INTO_TRUNK,FDR-339,Private Minibus,15.854,Peri_Urban,City_Core,0.5323,0.2636,1.25,0.398,True,MP,35,0,0,0,False,,0.155,0,50,6,3.0,31,15.5,1392.5,79.3,OSRM+JhelumBridge,Route R0375 (LD ↔ PAMPORE) merged into Trunk FDR-339. Spatial overlap with trunk corridor. CDI=0.3980. Fleet=0 (counted under Trunk). 🚩 Social Obligation
R0376,PARIMPORA ↔ BUDGAM,MERGED_INTO_TRUNK,FDR-483,Private Minibus,31.385,Peri_Urban,City_Core,0.2617,0.0874,1.25,0.1745,False,LP,35,0,0,0,False,,0.139,0,38,11,5.5,62,31.0,2180.6,156.9,OSRM,Route R0376 (PARIMPORA ↔ BUDGAM) merged into Trunk FDR-483. Spatial overlap with trunk corridor. CDI=0.1745. Fleet=0 (counted under Trunk). 
R0377,LD ↔ PARIMPORA,MERGED_INTO_TRUNK,FDR-195,Private Minibus,10.44,Urban,City_Core,0.7409,0.2619,1.25,0.5014,True,MP,35,0,0,0,False,,0.2498,0,32,8,4.0,20,10.0,669.5,83.5,OSRM,Route R0377 (LD ↔ PARIMPORA) merged into Trunk FDR-195. Spatial overlap with trunk corridor. CDI=0.5014. Fleet=0 (counted under Trunk). 🚩 Social Obligation
R0378,SOURA ↔ LD,MERGED_INTO_TRUNK,FDR-054,Private Minibus,10.817,Urban,City_Core,0.7865,0.4422,1.25,0.6143,True,HP,20,0,0,0,False,,0.1055,0,69,11,5.5,21,10.5,798.2,86.5,OSRM,Route R0378 (SOURA ↔ LD) merged into Trunk FDR-054. Spatial overlap with trunk corridor. CDI=0.6143. Fleet=0 (counted under Trunk). 🚩 Social Obligation
R0379,LD ↔ PAMPORE,MERGED_INTO_TRUNK,FDR-339,Private Minibus,15.854,Peri_Urban,City_Core,0.5323,0.2636,1.25,0.398,True,MP,35,0,0,0,False,,0.155,0,50,6,3.0,31,15.5,1392.5,79.3,OSRM+JhelumBridge,Route R0379 (LD ↔ PAMPORE) merged into Trunk FDR-339. Spatial overlap with trunk corridor. CDI=0.3980. Fleet=0 (counted under Trunk). 🚩 Social Obligation
R0380,SOURA ↔ HAZRATBAL,MERGED_INTO_TRUNK,TRK-031,Private Minibus,8.337,Urban,City_Core,0.6895,0.4061,1.25,0.5478,False,MP,35,0,0,0,False,,0.0349,0,41,6,3.0,16,8.0,1248.4,66.7,OSRM+JhelumBridge,Route R0380 (SOURA ↔ HAZRATBAL) merged into Trunk TRK-031. Spatial overlap with trunk corridor. CDI=0.5478. Fleet=0 (counted under Trunk). 
R0381,SOURA ↔ HAZRATBAL,MERGED_INTO_TRUNK,TRK-031,Private Minibus,8.337,Urban,City_Core,0.6895,0.4061,1.25,0.5478,False,MP,35,0,0,0,False,,0.0349,0,41,6,3.0,16,8.0,1248.4,66.7,OSRM+JhelumBridge,Route R0381 (SOURA ↔ HAZRATBAL) merged into Trunk TRK-031. Spatial overlap with trunk corridor. CDI=0.5478. Fleet=0 (counted under Trunk). 
R0382,SOURA ↔ RAILWAY STATION,MERGED_INTO_TRUNK,FDR-257,Private Minibus,18.799,Peri_Urban,City_Core,0.5755,0.3947,1.25,0.4851,False,MP,35,0,0,0,False,,0.1419,0,91,8,4.0,37,18.5,1610.0,94.0,OSRM+JhelumBridge,Route R0382 (SOURA ↔ RAILWAY STATION) merged into Trunk FDR-257. Spatial overlap with trunk corridor. CDI=0.4851. Fleet=0 (counted under Trunk). 
R0383,PARIMPORA ↔ BUDGAM,MERGED_INTO_TRUNK,FDR-483,Private Minibus,31.385,Peri_Urban,City_Core,0.2617,0.0874,1.25,0.1745,False,LP,35,0,0,0,False,,0.139,0,38,11,5.5,62,31.0,2180.6,156.9,OSRM,Route R0383 (PARIMPORA ↔ BUDGAM) merged into Trunk FDR-483. Spatial overlap with trunk corridor. CDI=0.1745. Fleet=0 (counted under Trunk). 
R0384,QAMARWARI ↔ PARIMPORA,MERGED_INTO_TRUNK,FDR-401,Private Minibus,20.044,Peri_Urban,City_Core,0.3936,0.254,1.25,0.3238,False,MP,35,0,0,0,False,,0.2279,0,51,17,8.5,40,20.0,1296.0,100.2,OSRM,Route R0384 (QAMARWARI ↔ PARIMPORA) merged into Trunk FDR-401. Spatial overlap with trunk corridor. CDI=0.3238. Fleet=0 (counted under Trunk). 
R0385,QAMARWARI ↔ PARIMPORA,MERGED_INTO_TRUNK,FDR-401,Private Minibus,20.044,Peri_Urban,City_Core,0.3936,0.254,1.25,0.3238,False,MP,35,0,0,0,False,,0.2279,0,51,17,8.5,40,20.0,1296.0,100.2,OSRM,Route R0385 (QAMARWARI ↔ PARIMPORA) merged into Trunk FDR-401. Spatial overlap with trunk corridor. CDI=0.3238. Fleet=0 (counted under Trunk). 
R0386,SOURA ↔ LD,MERGED_INTO_TRUNK,FDR-054,Private Minibus,11.052,Urban,City_Core,0.9637,0.6122,1.25,0.7879,True,HP,20,0,0,0,False,,0.1553,0,85,8,4.0,22,11.0,725.1,88.4,OSRM,Route R0386 (SOURA ↔ LD) merged into Trunk FDR-054. Spatial overlap with trunk corridor. CDI=0.7879. Fleet=0 (counted under Trunk). 🚩 Social Obligation
R0387,HAZRATBAL ↔ LD,MERGED_INTO_TRUNK,FDR-142,Private Minibus,8.251,Urban,City_Core,0.6434,0.332,1.25,0.4877,True,MP,35,0,0,0,False,,0.0871,0,34,10,5.0,16,8.0,1283.5,66.0,OSRM+JhelumBridge,Route R0387 (HAZRATBAL ↔ LD) merged into Trunk FDR-142. Spatial overlap with trunk corridor. CDI=0.4877. Fleet=0 (counted under Trunk). 🚩 Social Obligation
R0388,QAMARWARI ↔ PARIMPORA,MERGED_INTO_TRUNK,FDR-401,LPV / Tempo,20.044,Peri_Urban,City_Core,0.3936,0.254,1.25,0.3238,False,MP,35,0,0,0,False,,0.2279,0,51,17,8.5,40,20.0,1296.0,100.2,OSRM,Route R0388 (QAMARWARI ↔ PARIMPORA) merged into Trunk FDR-401. Spatial overlap with trunk corridor. CDI=0.3238. Fleet=0 (counted under Trunk). 
R0389,LD ↔ PAMPORE,MERGED_INTO_TRUNK,FDR-339,Private Minibus,15.854,Peri_Urban,City_Core,0.5323,0.2636,1.25,0.398,True,MP,35,0,0,0,False,,0.155,0,50,6,3.0,31,15.5,1392.5,79.3,OSRM+JhelumBridge,Route R0389 (LD ↔ PAMPORE) merged into Trunk FDR-339. Spatial overlap with trunk corridor. CDI=0.3980. Fleet=0 (counted under Trunk). 🚩 Social Obligation
R0390,QAMARWARI ↔ PARIMPORA,MERGED_INTO_TRUNK,FDR-401,Private Minibus,20.044,Peri_Urban,City_Core,0.3936,0.254,1.25,0.3238,False,MP,35,0,0,0,False,,0.2279,0,51,17,8.5,40,20.0,1296.0,100.2,OSRM,Route R0390 (QAMARWARI ↔ PARIMPORA) merged into Trunk FDR-401. Spatial overlap with trunk corridor. CDI=0.3238. Fleet=0 (counted under Trunk). 
R0391,SOURA ↔ LD,MERGED_INTO_TRUNK,FDR-054,Private Minibus,10.817,Urban,City_Core,0.7865,0.4422,1.25,0.6143,True,HP,20,0,0,0,False,,0.1055,0,69,11,5.5,21,10.5,798.2,86.5,OSRM,Route R0391 (SOURA ↔ LD) merged into Trunk FDR-054. Spatial overlap with trunk corridor. CDI=0.6143. Fleet=0 (counted under Trunk). 🚩 Social Obligation
R0392,SOURA ↔ HAZRATBAL,MERGED_INTO_TRUNK,TRK-031,Private Minibus,8.337,Urban,City_Core,0.6895,0.4061,1.25,0.5478,False,MP,35,0,0,0,False,,0.0349,0,41,6,3.0,16,8.0,1248.4,66.7,OSRM+JhelumBridge,Route R0392 (SOURA ↔ HAZRATBAL) merged into Trunk TRK-031. Spatial overlap with trunk corridor. CDI=0.5478. Fleet=0 (counted under Trunk). 
R0393,MA ROAD ↔ SAFAKADAL,RETAINED_AS_FEEDER,FDR-193,,13.244,Urban,City_Core,0.5802,0.4656,0.75,0.5229,True,MP,35,5,0,0,False,,0.1761,6392,71,6,3.0,26,13.0,1219.1,106.0,OSRM+JhelumBridge,"Route R0393 (MA ROAD ↔ SAFAKADAL) → Feeder FDR-193. Route_Type=Urban | Zone=City_Core | CDI=0.5229 | Band=MP | Headway=35 min | Fleet=5 (HPV=0 enforced, MPV=0 — 100%% MPV). Distinct catchment: 5.00% of CMP 2024 pop. residents over 13.2 km. 🚩 Social Obligation"
R0394,SOURA ↔ LD,MERGED_INTO_TRUNK,FDR-054,Private Minibus,11.052,Urban,City_Core,0.9637,0.6122,1.25,0.7879,True,HP,20,0,0,0,False,,0.1553,0,85,8,4.0,22,11.0,725.1,88.4,OSRM,Route R0394 (SOURA ↔ LD) merged into Trunk FDR-054. Spatial overlap with trunk corridor. CDI=0.7879. Fleet=0 (counted under Trunk). 🚩 Social Obligation
R0395,PARIMPORA ↔ PANTHACHOWK,MERGED_INTO_TRUNK,FDR-287,Private Minibus,21.307,Peri_Urban,City_Core,0.5783,0.3124,1.25,0.4454,False,MP,35,0,0,0,False,,0.2278,0,73,5,2.5,42,21.0,1713.4,106.5,OSRM+JhelumBridge,Route R0395 (PARIMPORA ↔ PANTHACHOWK) merged into Trunk FDR-287. Spatial overlap with trunk corridor. CDI=0.4454. Fleet=0 (counted under Trunk). 
R0396,RANGPORA ↔ LD,RETAINED_AS_FEEDER,FDR-153,,21.916,Peri_Urban,City_Core,0.7128,0.4216,0.75,0.5672,True,MP,35,5,0,5,False,,0.1108,10013,114,21,10.5,43,21.5,1926.0,109.6,OSRM+JhelumBridge,"Route R0396 (RANGPORA ↔ LD) → Feeder FDR-153. Route_Type=Peri_Urban | Zone=City_Core | CDI=0.5672 | Band=MP | Headway=35 min | Fleet=5 (HPV=0 enforced, MPV=5 — 100%% MPV). Distinct catchment: 9.69% of CMP 2024 pop. residents over 21.9 km. 🚩 Social Obligation"
R0397,SOURA ↔ LD,MERGED_INTO_TRUNK,FDR-054,Private Minibus,10.817,Urban,City_Core,0.7865,0.4422,1.25,0.6143,True,HP,20,0,0,0,False,,0.1055,0,69,11,5.5,21,10.5,798.2,86.5,OSRM,Route R0397 (SOURA ↔ LD) merged into Trunk FDR-054. Spatial overlap with trunk corridor. CDI=0.6143. Fleet=0 (counted under Trunk). 🚩 Social Obligation
R0398,BAGHAT SHORA ↔ LALCHOWK,MERGED_INTO_TRUNK,FDR-261,LPV / Tempo,13.003,Urban,City_Core,0.5753,0.3788,1.25,0.477,False,MP,35,0,0,0,False,,0.1314,0,55,12,6.0,26,13.0,1312.7,104.0,OSRM+JhelumBridge,Route R0398 (BAGHAT SHORA ↔ LALCHOWK) merged into Trunk FDR-261. Spatial overlap with trunk corridor. CDI=0.4770. Fleet=0 (counted under Trunk). 
R0399,LD ↔ PAMPORE,MERGED_INTO_TRUNK,FDR-339,Private Minibus,15.854,Peri_Urban,City_Core,0.5323,0.2636,1.25,0.398,True,MP,35,0,0,0,False,,0.155,0,50,6,3.0,31,15.5,1392.5,79.3,OSRM+JhelumBridge,Route R0399 (LD ↔ PAMPORE) merged into Trunk FDR-339. Spatial overlap with trunk corridor. CDI=0.3980. Fleet=0 (counted under Trunk). 🚩 Social Obligation
R0400,PARIMPORA ↔ BUDGAM,MERGED_INTO_TRUNK,FDR-483,LPV / Tempo,31.385,Peri_Urban,City_Core,0.2617,0.0874,1.25,0.1745,False,LP,35,0,0,0,False,,0.139,0,38,11,5.5,62,31.0,2180.6,156.9,OSRM,Route R0400 (PARIMPORA ↔ BUDGAM) merged into Trunk FDR-483. Spatial overlap with trunk corridor. CDI=0.1745. Fleet=0 (counted under Trunk). 
R0401,PARIMPORA ↔ BUDGAM,MERGED_INTO_TRUNK,FDR-483,LPV / Tempo,31.385,Peri_Urban,City_Core,0.2617,0.0874,1.25,0.1745,False,LP,35,0,0,0,False,,0.139,0,38,11,5.5,62,31.0,2180.6,156.9,OSRM,Route R0401 (PARIMPORA ↔ BUDGAM) merged into Trunk FDR-483. Spatial overlap with trunk corridor. CDI=0.1745. Fleet=0 (counted under Trunk). 
R0402,CHANAPORA ↔ SOURA,MERGED_INTO_TRUNK,FDR-073,Private Minibus,14.108,Urban,City_Core,0.9707,0.5627,1.25,0.7667,False,HP,20,0,0,0,False,,0.1318,0,101,6,3.0,28,14.0,849.7,105.9,OSRM,Route R0402 (CHANAPORA ↔ SOURA) merged into Trunk FDR-073. Spatial overlap with trunk corridor. CDI=0.7667. Fleet=0 (counted under Trunk). 
R0403,SOURA ↔ LD,MERGED_INTO_TRUNK,FDR-054,Private Minibus,11.052,Urban,City_Core,0.9637,0.6122,1.25,0.7879,True,HP,20,0,0,0,False,,0.1553,0,85,8,4.0,22,11.0,725.1,88.4,OSRM,Route R0403 (SOURA ↔ LD) merged into Trunk FDR-054. Spatial overlap with trunk corridor. CDI=0.7879. Fleet=0 (counted under Trunk). 🚩 Social Obligation
R0404,SOURA ↔ LD,MERGED_INTO_TRUNK,FDR-054,Private Minibus,7.325,Urban,City_Core,1.0,0.5994,1.25,0.7997,True,HP,20,0,0,0,False,,0.1215,0,65,13,6.5,14,7.0,606.8,58.6,OSRM,Route R0404 (SOURA ↔ LD) merged into Trunk FDR-054. Spatial overlap with trunk corridor. CDI=0.7997. Fleet=0 (counted under Trunk). 🚩 Social Obligation
R0405,SOURA ↔ JEHANGIR CHOWK,MERGED_INTO_TRUNK,FDR-105,LPV / Tempo,9.676,Urban,City_Core,0.9556,0.6685,1.25,0.812,True,HP,20,0,0,0,False,,0.108,0,86,10,5.0,19,9.5,786.9,77.4,OSRM,Route R0405 (SOURA ↔ JEHANGIR CHOWK) merged into Trunk FDR-105. Spatial overlap with trunk corridor. CDI=0.8120. Fleet=0 (counted under Trunk). 🚩 Social Obligation
R0406,SOURA ↔ LD,MERGED_INTO_TRUNK,FDR-054,Private Minibus,10.817,Urban,City_Core,0.7865,0.4422,1.25,0.6143,True,HP,20,0,0,0,False,,0.1055,0,69,11,5.5,21,10.5,798.2,86.5,OSRM,Route R0406 (SOURA ↔ LD) merged into Trunk FDR-054. Spatial overlap with trunk corridor. CDI=0.6143. Fleet=0 (counted under Trunk). 🚩 Social Obligation
R0407,BAGHAT SHORA ↔ LALCHOWK,MERGED_INTO_TRUNK,FDR-261,Private Minibus,13.003,Urban,City_Core,0.5753,0.3788,1.25,0.477,False,MP,35,0,0,0,False,,0.1314,0,55,12,6.0,26,13.0,1312.7,104.0,OSRM+JhelumBridge,Route R0407 (BAGHAT SHORA ↔ LALCHOWK) merged into Trunk FDR-261. Spatial overlap with trunk corridor. CDI=0.4770. Fleet=0 (counted under Trunk). 
R0408,SOURA ↔ LALCHOWK,RETAINED_AS_FEEDER,FDR-045,,9.494,Urban,City_Core,0.9271,0.6626,0.75,0.7949,False,HP,20,5,0,5,False,,0.1467,5897,80,11,5.5,18,9.0,1127.9,76.0,OSRM+JhelumBridge,"Route R0408 (SOURA ↔ LALCHOWK) → Feeder FDR-045. Route_Type=Urban | Zone=City_Core | CDI=0.7949 | Band=HP | Headway=20 min | Fleet=5 (HPV=0 enforced, MPV=5 — 100%% MPV). Distinct catchment: 5.19% of CMP 2024 pop. residents over 9.5 km. "
R0409,HAZRATBAL ↔ LD,MERGED_INTO_TRUNK,FDR-142,Private Minibus,8.251,Urban,City_Core,0.6434,0.332,1.25,0.4877,True,MP,35,0,0,0,False,,0.0871,0,34,10,5.0,16,8.0,1283.5,66.0,OSRM+JhelumBridge,Route R0409 (HAZRATBAL ↔ LD) merged into Trunk FDR-142. Spatial overlap with trunk corridor. CDI=0.4877. Fleet=0 (counted under Trunk). 🚩 Social Obligation
R0410,BAGHAT SHORA ↔ LALCHOWK,MERGED_INTO_TRUNK,FDR-261,LPV / Tempo,13.003,Urban,City_Core,0.5753,0.3788,1.25,0.477,False,MP,35,0,0,0,False,,0.1314,0,55,12,6.0,26,13.0,1312.7,104.0,OSRM+JhelumBridge,Route R0410 (BAGHAT SHORA ↔ LALCHOWK) merged into Trunk FDR-261. Spatial overlap with trunk corridor. CDI=0.4770. Fleet=0 (counted under Trunk). 
R0411,SOURA ↔ LALCHOWK,MERGED_INTO_TRUNK,FDR-045,Private Minibus,9.494,Urban,City_Core,0.9271,0.6626,1.25,0.7949,False,HP,20,0,0,0,False,,0.1467,0,80,11,5.5,18,9.0,1127.9,76.0,OSRM+JhelumBridge,Route R0411 (SOURA ↔ LALCHOWK) merged into Trunk FDR-045. Spatial overlap with trunk corridor. CDI=0.7949. Fleet=0 (counted under Trunk). 
R0412,LAWAYPORA ↔ JEHANGIR CHOWK,MERGED_INTO_TRUNK,FDR-389,Private Minibus,14.207,Urban,City_Core,0.5254,0.1454,1.25,0.3354,False,MP,35,0,0,0,False,,0.1549,0,29,21,10.5,28,14.0,1005.6,113.7,OSRM,Route R0412 (LAWAYPORA ↔ JEHANGIR CHOWK) merged into Trunk FDR-389. Spatial overlap with trunk corridor. CDI=0.3354. Fleet=0 (counted under Trunk). 
R0413,SOURA ↔ LD,MERGED_INTO_TRUNK,FDR-054,Private Minibus,10.817,Urban,City_Core,0.7865,0.4422,1.25,0.6143,True,HP,20,0,0,0,False,,0.1055,0,69,11,5.5,21,10.5,798.2,86.5,OSRM,Route R0413 (SOURA ↔ LD) merged into Trunk FDR-054. Spatial overlap with trunk corridor. CDI=0.6143. Fleet=0 (counted under Trunk). 🚩 Social Obligation
R0414,PARIMPORA ↔ BUDGAM,MERGED_INTO_TRUNK,FDR-483,LPV / Tempo,31.385,Peri_Urban,City_Core,0.2617,0.0874,1.25,0.1745,False,LP,35,0,0,0,False,,0.139,0,38,11,5.5,62,31.0,2180.6,156.9,OSRM,Route R0414 (PARIMPORA ↔ BUDGAM) merged into Trunk FDR-483. Spatial overlap with trunk corridor. CDI=0.1745. Fleet=0 (counted under Trunk). 
R0415,PARIMPORA ↔ BUDGAM,MERGED_INTO_TRUNK,FDR-483,LPV / Tempo,31.385,Peri_Urban,City_Core,0.2617,0.0874,1.25,0.1745,False,LP,35,0,0,0,False,,0.139,0,38,11,5.5,62,31.0,2180.6,156.9,OSRM,Route R0415 (PARIMPORA ↔ BUDGAM) merged into Trunk FDR-483. Spatial overlap with trunk corridor. CDI=0.1745. Fleet=0 (counted under Trunk). 
R0416,SOURA ↔ GANDERBAL,MERGED_INTO_TRUNK,FDR-476,Private Minibus,9.86,Urban,City_Core,0.2351,0.1407,1.25,0.1879,False,LP,35,0,0,0,False,,0.0215,0,20,6,3.0,19,9.5,959.3,78.9,OSRM,Route R0416 (SOURA ↔ GANDERBAL) merged into Trunk FDR-476. Spatial overlap with trunk corridor. CDI=0.1879. Fleet=0 (counted under Trunk). 
R0417,SOURA ↔ GANDERBAL,MERGED_INTO_TRUNK,FDR-476,Private Minibus,9.86,Urban,City_Core,0.2351,0.1407,1.25,0.1879,False,LP,35,0,0,0,False,,0.0215,0,20,6,3.0,19,9.5,959.3,78.9,OSRM,Route R0417 (SOURA ↔ GANDERBAL) merged into Trunk FDR-476. Spatial overlap with trunk corridor. CDI=0.1879. Fleet=0 (counted under Trunk). 
R0418,SOURA ↔ HAZRATBAL,MERGED_INTO_TRUNK,TRK-031,Private Minibus,8.337,Urban,City_Core,0.6895,0.4061,1.25,0.5478,False,MP,35,0,0,0,False,,0.0349,0,41,6,3.0,16,8.0,1248.4,66.7,OSRM+JhelumBridge,Route R0418 (SOURA ↔ HAZRATBAL) merged into Trunk TRK-031. Spatial overlap with trunk corridor. CDI=0.5478. Fleet=0 (counted under Trunk). 
R0419,PARIMPORA ↔ BUDGAM,MERGED_INTO_TRUNK,FDR-483,Private Minibus,31.385,Peri_Urban,City_Core,0.2617,0.0874,1.25,0.1745,False,LP,35,0,0,0,False,,0.139,0,38,11,5.5,62,31.0,2180.6,156.9,OSRM,Route R0419 (PARIMPORA ↔ BUDGAM) merged into Trunk FDR-483. Spatial overlap with trunk corridor. CDI=0.1745. Fleet=0 (counted under Trunk). 
R0420,JEHANGIR CHOWK ↔ HMT,MERGED_INTO_TRUNK,FDR-270,LPV / Tempo,10.311,Urban,City_Core,0.6477,0.2503,1.25,0.449,False,MP,35,0,0,0,False,,0.26,0,30,10,5.0,20,10.0,654.3,82.5,OSRM,Route R0420 (JEHANGIR CHOWK ↔ HMT) merged into Trunk FDR-270. Spatial overlap with trunk corridor. CDI=0.4490. Fleet=0 (counted under Trunk). 
R0421,MALBAGH ↔ LD,MERGED_INTO_TRUNK,FDR-096,LPV / Tempo,11.428,Urban,City_Core,0.9144,0.45,1.25,0.6822,True,HP,20,0,0,0,False,,0.0855,0,71,17,8.5,22,11.0,1281.3,91.4,OSRM+JhelumBridge,Route R0421 (MALBAGH ↔ LD) merged into Trunk FDR-096. Spatial overlap with trunk corridor. CDI=0.6822. Fleet=0 (counted under Trunk). 🚩 Social Obligation
R0422,JEHANGIR CHOWK ↔ JVC,MERGED_INTO_TRUNK,FDR-260,Private Minibus,8.334,Urban,City_Core,0.678,0.3067,1.25,0.4924,False,MP,35,0,0,0,False,,0.1862,0,27,15,7.5,16,8.0,646.4,66.7,OSRM,Route R0422 (JEHANGIR CHOWK ↔ JVC) merged into Trunk FDR-260. Spatial overlap with trunk corridor. CDI=0.4924. Fleet=0 (counted under Trunk). 
R0423,MA ROAD ↔ PARIMPORA,RETAINED_AS_FEEDER,FDR-319,,18.669,Peri_Urban,City_Core,0.5855,0.2748,0.75,0.4302,False,MP,35,4,0,4,False,,0.161,8013,60,12,6.0,37,18.5,1649.3,93.3,OSRM+JhelumBridge,"Route R0423 (MA ROAD ↔ PARIMPORA) → Feeder FDR-319. Route_Type=Peri_Urban | Zone=City_Core | CDI=0.4302 | Band=MP | Headway=35 min | Fleet=4 (HPV=0 enforced, MPV=4 — 100%% MPV). Distinct catchment: 7.10% of CMP 2024 pop. residents over 18.7 km. "
R0424,TRC ↔ HAZRATBAL,MERGED_INTO_TRUNK,FDR-156,Private Minibus,8.127,Urban,City_Core,0.7098,0.3942,1.25,0.552,False,MP,35,0,0,0,False,,0.082,0,34,4,2.0,16,8.0,579.9,65.0,OSRM,Route R0424 (TRC ↔ HAZRATBAL) merged into Trunk FDR-156. Spatial overlap with trunk corridor. CDI=0.5520. Fleet=0 (counted under Trunk). 
R0425,TRC ↔ HAZRATBAL,MERGED_INTO_TRUNK,FDR-156,Private Minibus,8.127,Urban,City_Core,0.7098,0.3942,1.25,0.552,False,MP,35,0,0,0,False,,0.082,0,34,4,2.0,16,8.0,579.9,65.0,OSRM,Route R0425 (TRC ↔ HAZRATBAL) merged into Trunk FDR-156. Spatial overlap with trunk corridor. CDI=0.5520. Fleet=0 (counted under Trunk). 
R0426,LD ↔ PAMPORE,MERGED_INTO_TRUNK,FDR-339,Private Minibus,15.854,Peri_Urban,City_Core,0.5323,0.2636,1.25,0.398,True,MP,35,0,0,0,False,,0.155,0,50,6,3.0,31,15.5,1392.5,79.3,OSRM+JhelumBridge,Route R0426 (LD ↔ PAMPORE) merged into Trunk FDR-339. Spatial overlap with trunk corridor. CDI=0.3980. Fleet=0 (counted under Trunk). 🚩 Social Obligation
R0427,SOURA ↔ HAZRATBAL,MERGED_INTO_TRUNK,TRK-031,Private Minibus,8.337,Urban,City_Core,0.6895,0.4061,1.25,0.5478,False,MP,35,0,0,0,False,,0.0349,0,41,6,3.0,16,8.0,1248.4,66.7,OSRM+JhelumBridge,Route R0427 (SOURA ↔ HAZRATBAL) merged into Trunk TRK-031. Spatial overlap with trunk corridor. CDI=0.5478. Fleet=0 (counted under Trunk). 
R0428,SOURA ↔ HAZRATBAL,MERGED_INTO_TRUNK,TRK-031,LPV / Tempo,8.337,Urban,City_Core,0.6895,0.4061,1.25,0.5478,False,MP,35,0,0,0,False,,0.0349,0,41,6,3.0,16,8.0,1248.4,66.7,OSRM+JhelumBridge,Route R0428 (SOURA ↔ HAZRATBAL) merged into Trunk TRK-031. Spatial overlap with trunk corridor. CDI=0.5478. Fleet=0 (counted under Trunk). 
R0429,SOURA ↔ HAZRATBAL,MERGED_INTO_TRUNK,TRK-031,LPV / Tempo,8.337,Urban,City_Core,0.6895,0.4061,1.25,0.5478,False,MP,35,0,0,0,False,,0.0349,0,41,6,3.0,16,8.0,1248.4,66.7,OSRM+JhelumBridge,Route R0429 (SOURA ↔ HAZRATBAL) merged into Trunk TRK-031. Spatial overlap with trunk corridor. CDI=0.5478. Fleet=0 (counted under Trunk). 
R0430,PARIMPORA ↔ BUDGAM,MERGED_INTO_TRUNK,FDR-483,Private Minibus,31.385,Peri_Urban,City_Core,0.2617,0.0874,1.25,0.1745,False,LP,35,0,0,0,False,,0.139,0,38,11,5.5,62,31.0,2180.6,156.9,OSRM,Route R0430 (PARIMPORA ↔ BUDGAM) merged into Trunk FDR-483. Spatial overlap with trunk corridor. CDI=0.1745. Fleet=0 (counted under Trunk). 
R0431,LD ↔ PARIMPORA,MERGED_INTO_TRUNK,FDR-195,Private Minibus,10.44,Urban,City_Core,0.7409,0.2619,1.25,0.5014,True,MP,35,0,0,0,False,,0.2498,0,32,8,4.0,20,10.0,669.5,83.5,OSRM,Route R0431 (LD ↔ PARIMPORA) merged into Trunk FDR-195. Spatial overlap with trunk corridor. CDI=0.5014. Fleet=0 (counted under Trunk). 🚩 Social Obligation
R0432,SOURA ↔ LD,MERGED_INTO_TRUNK,FDR-054,Private Minibus,10.099,Urban,City_Core,0.9722,0.5977,1.25,0.785,True,HP,20,0,0,0,False,,0.1252,0,75,8,4.0,20,10.0,682.4,80.8,OSRM,Route R0432 (SOURA ↔ LD) merged into Trunk FDR-054. Spatial overlap with trunk corridor. CDI=0.7850. Fleet=0 (counted under Trunk). 🚩 Social Obligation
R0433,LD ↔ PARIMPORA,MERGED_INTO_TRUNK,FDR-195,Private Minibus,10.44,Urban,City_Core,0.7409,0.2619,1.25,0.5014,True,MP,35,0,0,0,False,,0.2498,0,32,8,4.0,20,10.0,669.5,83.5,OSRM,Route R0433 (LD ↔ PARIMPORA) merged into Trunk FDR-195. Spatial overlap with trunk corridor. CDI=0.5014. Fleet=0 (counted under Trunk). 🚩 Social Obligation
R0434,SOURA ↔ LD,MERGED_INTO_TRUNK,FDR-054,Private Minibus,10.099,Urban,City_Core,0.9722,0.5977,1.25,0.785,True,HP,20,0,0,0,False,,0.1252,0,75,8,4.0,20,10.0,682.4,80.8,OSRM,Route R0434 (SOURA ↔ LD) merged into Trunk FDR-054. Spatial overlap with trunk corridor. CDI=0.7850. Fleet=0 (counted under Trunk). 🚩 Social Obligation
R0435,LD ↔ PARIMPORA,MERGED_INTO_TRUNK,FDR-195,LPV / Tempo,10.44,Urban,City_Core,0.7409,0.2619,1.25,0.5014,True,MP,35,0,0,0,False,,0.2498,0,32,8,4.0,20,10.0,669.5,83.5,OSRM,Route R0435 (LD ↔ PARIMPORA) merged into Trunk FDR-195. Spatial overlap with trunk corridor. CDI=0.5014. Fleet=0 (counted under Trunk). 🚩 Social Obligation
R0436,SAFAKADAL ↔ JEHANGIR CHOWK,MERGED_INTO_TRUNK,FDR-550,Private Minibus,3.149,Urban,City_Core,1.0,0.9003,1.25,0.9502,True,HP,20,0,0,0,False,,0.0879,0,34,2,1.0,6,3.0,218.7,25.2,OSRM,Route R0436 (SAFAKADAL ↔ JEHANGIR CHOWK) merged into Trunk FDR-550. Spatial overlap with trunk corridor. CDI=0.9502. Fleet=0 (counted under Trunk). 🚩 Social Obligation
R0437,PARIMPORA ↔ BUDGAM,MERGED_INTO_TRUNK,FDR-483,Private Minibus,31.385,Peri_Urban,City_Core,0.2617,0.0874,1.25,0.1745,False,LP,35,0,0,0,False,,0.139,0,38,11,5.5,62,31.0,2180.6,156.9,OSRM,Route R0437 (PARIMPORA ↔ BUDGAM) merged into Trunk FDR-483. Spatial overlap with trunk corridor. CDI=0.1745. Fleet=0 (counted under Trunk). 
R0438,JEHANGIR CHOWK ↔ HMT,MERGED_INTO_TRUNK,FDR-270,LPV / Tempo,10.311,Urban,City_Core,0.6477,0.2503,1.25,0.449,False,MP,35,0,0,0,False,,0.26,0,30,10,5.0,20,10.0,654.3,82.5,OSRM,Route R0438 (JEHANGIR CHOWK ↔ HMT) merged into Trunk FDR-270. Spatial overlap with trunk corridor. CDI=0.4490. Fleet=0 (counted under Trunk). 
R0439,LD ↔ PARIMPORA,MERGED_INTO_TRUNK,FDR-195,Private Minibus,10.44,Urban,City_Core,0.7409,0.2619,1.25,0.5014,True,MP,35,0,0,0,False,,0.2498,0,32,8,4.0,20,10.0,669.5,83.5,OSRM,Route R0439 (LD ↔ PARIMPORA) merged into Trunk FDR-195. Spatial overlap with trunk corridor. CDI=0.5014. Fleet=0 (counted under Trunk). 🚩 Social Obligation
R0440,SOURA ↔ LD,MERGED_INTO_TRUNK,FDR-054,Private Minibus,11.052,Urban,City_Core,0.9637,0.6122,1.25,0.7879,True,HP,20,0,0,0,False,,0.1553,0,85,8,4.0,22,11.0,725.1,88.4,OSRM,Route R0440 (SOURA ↔ LD) merged into Trunk FDR-054. Spatial overlap with trunk corridor. CDI=0.7879. Fleet=0 (counted under Trunk). 🚩 Social Obligation
R0441,JEHANGIR CHOWK ↔ JVC,MERGED_INTO_TRUNK,FDR-260,LPV / Tempo,8.334,Urban,City_Core,0.678,0.3067,1.25,0.4924,False,MP,35,0,0,0,False,,0.1862,0,27,15,7.5,16,8.0,646.4,66.7,OSRM,Route R0441 (JEHANGIR CHOWK ↔ JVC) merged into Trunk FDR-260. Spatial overlap with trunk corridor. CDI=0.4924. Fleet=0 (counted under Trunk). 
R0442,SOURA ↔ LD,MERGED_INTO_TRUNK,FDR-054,LPV / Tempo,11.052,Urban,City_Core,0.9637,0.6122,1.25,0.7879,True,HP,20,0,0,0,False,,0.1553,0,85,8,4.0,22,11.0,725.1,88.4,OSRM,Route R0442 (SOURA ↔ LD) merged into Trunk FDR-054. Spatial overlap with trunk corridor. CDI=0.7879. Fleet=0 (counted under Trunk). 🚩 Social Obligation
R0443,SOURA ↔ LD,MERGED_INTO_TRUNK,FDR-054,LPV / Tempo,10.099,Urban,City_Core,0.9722,0.5977,1.25,0.785,True,HP,20,0,0,0,False,,0.1252,0,75,8,4.0,20,10.0,682.4,80.8,OSRM,Route R0443 (SOURA ↔ LD) merged into Trunk FDR-054. Spatial overlap with trunk corridor. CDI=0.7850. Fleet=0 (counted under Trunk). 🚩 Social Obligation
R0444,PARIMPORA ↔ JAWAHIRNAGAR,MERGED_INTO_TRUNK,FDR-146,Private Minibus,12.642,Urban,City_Core,0.7971,0.3444,1.25,0.5708,True,MP,35,0,0,0,False,,0.1933,0,49,12,6.0,25,12.5,1381.8,101.1,OSRM+JhelumBridge,Route R0444 (PARIMPORA ↔ JAWAHIRNAGAR) merged into Trunk FDR-146. Spatial overlap with trunk corridor. CDI=0.5708. Fleet=0 (counted under Trunk). 🚩 Social Obligation
R0445,SAFAKADAL ↔ JEHANGIR CHOWK,MERGED_INTO_TRUNK,FDR-550,Private Minibus,3.569,Urban,City_Core,1.0,0.844,1.25,0.922,True,HP,20,0,0,0,False,,0.0831,0,37,8,4.0,7,3.5,390.5,28.6,OSRM,Route R0445 (SAFAKADAL ↔ JEHANGIR CHOWK) merged into Trunk FDR-550. Spatial overlap with trunk corridor. CDI=0.9220. Fleet=0 (counted under Trunk). 🚩 Social Obligation
R0446,SRINAGAR to SHANGLIPORA,RETAINED_AS_FEEDER,FDR-505,,42.037,Regional_District,City_Core,0.2167,0.0999,0.75,0.1583,False,LP,35,5,2,3,False,,0.0706,10687,59,4,2.0,84,42.0,3410.4,126.1,OSRM+JhelumBridge,"Route R0446 (SRINAGAR to SHANGLIPORA) → Feeder FDR-505. Route_Type=Regional_District | Zone=City_Core | CDI=0.1583 | Band=LP | Headway=35 min | Fleet=5 (HPV=0 enforced, MPV=3 — 100%% MPV). Distinct catchment: 8.42% of CMP 2024 pop. residents over 42.0 km. "
R0447,SRINAGAR to ISGANDERPORA,RETAINED_AS_FEEDER,FDR-461,,33.616,Regional_District,City_Core,0.2799,0.1327,0.75,0.2063,False,LP,35,4,2,2,False,,0.0876,9866,60,5,2.5,67,33.5,2688.7,100.8,OSRM+JhelumBridge,"Route R0447 (SRINAGAR to ISGANDERPORA) → Feeder FDR-461. Route_Type=Regional_District | Zone=City_Core | CDI=0.2063 | Band=LP | Headway=35 min | Fleet=4 (HPV=0 enforced, MPV=2 — 100%% MPV). Distinct catchment: 7.77% of CMP 2024 pop. residents over 33.6 km. "
R0448,SRINAGAR to ABOORA,RETAINED_AS_FEEDER,FDR-457,,32.753,Regional_District,City_Core,0.308,0.1308,0.75,0.2194,False,LP,35,4,2,2,False,,0.0891,10179,58,4,2.0,65,32.5,2382.1,98.3,OSRM+JhelumBridge,"Route R0448 (SRINAGAR to ABOORA) → Feeder FDR-457. Route_Type=Regional_District | Zone=City_Core | CDI=0.2194 | Band=LP | Headway=35 min | Fleet=4 (HPV=0 enforced, MPV=2 — 100%% MPV). Distinct catchment: 8.02% of CMP 2024 pop. residents over 32.8 km. "
R0449,SRINAGAR to ARIZAL,RETAINED_AS_FEEDER,FDR-527,,44.306,Regional_District,City_Core,0.1687,0.0595,0.75,0.1141,False,LP,35,5,2,3,False,,0.0503,10562,35,13,6.5,88,44.0,3971.3,132.9,OSRM+JhelumBridge,"Route R0449 (SRINAGAR to ARIZAL) → Feeder FDR-527. Route_Type=Regional_District | Zone=City_Core | CDI=0.1141 | Band=LP | Headway=35 min | Fleet=5 (HPV=0 enforced, MPV=3 — 100%% MPV). Distinct catchment: 7.84% of CMP 2024 pop. residents over 44.3 km. "
R0450,SRINAGAR to BADERKOTE,RETAINED_AS_FEEDER,FDR-448,,42.864,Regional_District,City_Core,0.3445,0.099,0.75,0.2218,False,LP,35,5,2,3,False,,0.0688,14292,60,4,2.0,85,42.5,3009.3,128.6,OSRM+JhelumBridge,"Route R0450 (SRINAGAR to BADERKOTE) → Feeder FDR-448. Route_Type=Regional_District | Zone=City_Core | CDI=0.2218 | Band=LP | Headway=35 min | Fleet=5 (HPV=0 enforced, MPV=3 — 100%% MPV). Distinct catchment: 11.26% of CMP 2024 pop. residents over 42.9 km. "
R0451,SRINAGAR to LOOLPORA,RETAINED_AS_FEEDER,FDR-509,,38.921,Regional_District,City_Core,0.2097,0.0916,0.75,0.1506,False,LP,35,5,2,3,False,,0.0298,10374,49,14,7.0,77,38.5,3173.3,116.8,OSRM+JhelumBridge,"Route R0451 (SRINAGAR to LOOLPORA) → Feeder FDR-509. Route_Type=Regional_District | Zone=City_Core | CDI=0.1506 | Band=LP | Headway=35 min | Fleet=5 (HPV=0 enforced, MPV=3 — 100%% MPV). Distinct catchment: 7.66% of CMP 2024 pop. residents over 38.9 km. "
R0452,SRINAGAR to BEERU,RETAINED_AS_FEEDER,FDR-379,,15.277,Regional_District,City_Core,0.4971,0.2104,0.75,0.3538,False,MP,35,3,1,2,False,,0.1405,6941,35,3,1.5,30,15.0,1232.2,45.8,OSRM+JhelumBridge,"Route R0452 (SRINAGAR to BEERU) → Feeder FDR-379. Route_Type=Regional_District | Zone=City_Core | CDI=0.3538 | Band=MP | Headway=35 min | Fleet=3 (HPV=0 enforced, MPV=2 — 100%% MPV). Distinct catchment: 5.15% of CMP 2024 pop. residents over 15.3 km. "
R0454,SRINAGAR to GAGULDARA,MERGED_INTO_TRUNK,FDR-379,MPS (Stage Carriage),15.277,Regional_District,City_Core,0.4971,0.2104,1.25,0.3538,False,MP,35,0,0,0,False,,0.1405,0,35,3,1.5,30,15.0,1232.2,45.8,OSRM+JhelumBridge,Route R0454 (SRINAGAR to GAGULDARA) merged into Trunk FDR-379. Spatial overlap with trunk corridor. CDI=0.3538. Fleet=0 (counted under Trunk). 
R0455,SRINAGAR to RATNIPORA,RETAINED_AS_FEEDER,FDR-033,,25.567,Regional_District,City_Core,0.1224,0.0942,0.75,0.1083,False,LP,35,4,2,2,False,,0.0752,7834,40,3,1.5,51,25.5,1459.9,76.7,OSRM,"Route R0455 (SRINAGAR to RATNIPORA) → Feeder FDR-033. Route_Type=Regional_District | Zone=City_Core | CDI=0.1083 | Band=LP | Headway=35 min | Fleet=4 (HPV=0 enforced, MPV=2 — 100%% MPV). Distinct catchment: 3.94% of CMP 2024 pop. residents over 25.6 km. "
R0456,SRINAGAR to RATSUN,RETAINED_AS_FEEDER,FDR-432,,28.474,Regional_District,City_Core,0.3576,0.1531,0.75,0.2553,False,LP,35,4,2,2,False,,0.1021,9725,58,3,1.5,56,28.0,2123.0,85.4,OSRM+JhelumBridge,"Route R0456 (SRINAGAR to RATSUN) → Feeder FDR-432. Route_Type=Regional_District | Zone=City_Core | CDI=0.2553 | Band=LP | Headway=35 min | Fleet=4 (HPV=0 enforced, MPV=2 — 100%% MPV). Distinct catchment: 7.66% of CMP 2024 pop. residents over 28.5 km. "
R0457,SRINAGAR to KHAG,RETAINED_AS_FEEDER,FDR-482,,37.849,Regional_District,City_Core,0.2443,0.1135,0.75,0.1789,False,LP,35,5,2,3,False,,0.078,10270,59,2,1.0,75,37.5,2963.9,113.5,OSRM+JhelumBridge,"Route R0457 (SRINAGAR to KHAG) → Feeder FDR-482. Route_Type=Regional_District | Zone=City_Core | CDI=0.1789 | Band=LP | Headway=35 min | Fleet=5 (HPV=0 enforced, MPV=3 — 100%% MPV). Distinct catchment: 8.09% of CMP 2024 pop. residents over 37.8 km. "
R0458,SRINAGAR to KARHAMA,RETAINED_AS_FEEDER,FDR-458,,32.861,Regional_District,City_Core,0.3026,0.1303,0.75,0.2164,False,LP,35,4,2,2,False,,0.0888,10104,58,4,2.0,65,32.5,2340.8,98.6,OSRM+JhelumBridge,"Route R0458 (SRINAGAR to KARHAMA) → Feeder FDR-458. Route_Type=Regional_District | Zone=City_Core | CDI=0.2164 | Band=LP | Headway=35 min | Fleet=4 (HPV=0 enforced, MPV=2 — 100%% MPV). Distinct catchment: 7.96% of CMP 2024 pop. residents over 32.9 km. "
R0459,SRINAGAR to CHEWDARA,RETAINED_AS_FEEDER,FDR-504,,28.163,Regional_District,City_Core,0.2119,0.109,0.75,0.1604,False,LP,35,4,2,2,False,,0.0822,7511,38,10,5.0,56,28.0,2612.8,84.5,OSRM+JhelumBridge,"Route R0459 (SRINAGAR to CHEWDARA) → Feeder FDR-504. Route_Type=Regional_District | Zone=City_Core | CDI=0.1604 | Band=LP | Headway=35 min | Fleet=4 (HPV=0 enforced, MPV=2 — 100%% MPV). Distinct catchment: 5.57% of CMP 2024 pop. residents over 28.2 km. "
R0460,SRINAGAR to BADRUN,RETAINED_AS_FEEDER,FDR-459,,33.307,Regional_District,City_Core,0.287,0.1321,0.75,0.2096,False,LP,35,4,2,2,False,,0.0883,9922,59,2,1.0,66,33.0,2554.6,99.9,OSRM+JhelumBridge,"Route R0460 (SRINAGAR to BADRUN) → Feeder FDR-459. Route_Type=Regional_District | Zone=City_Core | CDI=0.2096 | Band=LP | Headway=35 min | Fleet=4 (HPV=0 enforced, MPV=2 — 100%% MPV). Distinct catchment: 7.81% of CMP 2024 pop. residents over 33.3 km. "
R0461,SRINAGAR to TANGMARG,RETAINED_AS_FEEDER,FDR-434,,40.568,Regional_District,City_Core,0.3887,0.1104,0.75,0.2496,False,LP,35,5,2,3,False,,0.0721,14640,62,2,1.0,81,40.5,2657.9,121.7,OSRM+JhelumBridge,"Route R0461 (SRINAGAR to TANGMARG) → Feeder FDR-434. Route_Type=Regional_District | Zone=City_Core | CDI=0.2496 | Band=LP | Headway=35 min | Fleet=5 (HPV=0 enforced, MPV=3 — 100%% MPV). Distinct catchment: 11.53% of CMP 2024 pop. residents over 40.6 km. "
R0464,SRINAGAR to SHEIKHPORA KAKUTHAL,MERGED_INTO_TRUNK,FDR-379,MPS (Stage Carriage),15.277,Regional_District,City_Core,0.4971,0.2104,1.25,0.3538,False,MP,35,0,0,0,False,,0.1405,0,35,3,1.5,30,15.0,1232.2,45.8,OSRM+JhelumBridge,Route R0464 (SRINAGAR to SHEIKHPORA KAKUTHAL) merged into Trunk FDR-379. Spatial overlap with trunk corridor. CDI=0.3538. Fleet=0 (counted under Trunk). 
R0467,SRINAGAR to MILYAAL,MERGED_INTO_TRUNK,FDR-379,MPS (Stage Carriage),15.277,Regional_District,City_Core,0.4971,0.2104,1.25,0.3538,False,MP,35,0,0,0,False,,0.1405,0,35,3,1.5,30,15.0,1232.2,45.8,OSRM+JhelumBridge,Route R0467 (SRINAGAR to MILYAAL) merged into Trunk FDR-379. Spatial overlap with trunk corridor. CDI=0.3538. Fleet=0 (counted under Trunk). 
R0468,SRINAGAR to ZURHAMA,MERGED_INTO_TRUNK,FDR-379,MPS (Stage Carriage),15.277,Regional_District,City_Core,0.4971,0.2104,1.25,0.3538,False,MP,35,0,0,0,False,,0.1405,0,35,3,1.5,30,15.0,1232.2,45.8,OSRM+JhelumBridge,Route R0468 (SRINAGAR to ZURHAMA) merged into Trunk FDR-379. Spatial overlap with trunk corridor. CDI=0.3538. Fleet=0 (counted under Trunk). 
R0469,SRINAGAR to TARTHPORA,MERGED_INTO_TRUNK,FDR-379,MPS (Stage Carriage),15.277,Regional_District,City_Core,0.4971,0.2104,1.25,0.3538,False,MP,35,0,0,0,False,,0.1405,0,35,3,1.5,30,15.0,1232.2,45.8,OSRM+JhelumBridge,Route R0469 (SRINAGAR to TARTHPORA) merged into Trunk FDR-379. Spatial overlap with trunk corridor. CDI=0.3538. Fleet=0 (counted under Trunk). 
R0470,SRINAGAR to GAZRIYAL,MERGED_INTO_TRUNK,FDR-379,MPS (Stage Carriage),15.277,Regional_District,City_Core,0.4971,0.2104,1.25,0.3538,False,MP,35,0,0,0,False,,0.1405,0,35,3,1.5,30,15.0,1232.2,45.8,OSRM+JhelumBridge,Route R0470 (SRINAGAR to GAZRIYAL) merged into Trunk FDR-379. Spatial overlap with trunk corridor. CDI=0.3538. Fleet=0 (counted under Trunk). 
R0471,SRINAGAR to HAJIN,RETAINED_AS_FEEDER,FDR-503,,35.566,Regional_District,City_Core,0.235,0.0861,0.75,0.1606,False,LP,35,5,2,3,False,,0.0819,9449,38,5,2.5,71,35.5,2440.4,106.7,OSRM+JhelumBridge,"Route R0471 (SRINAGAR to HAJIN) → Feeder FDR-503. Route_Type=Regional_District | Zone=City_Core | CDI=0.1606 | Band=LP | Headway=35 min | Fleet=5 (HPV=0 enforced, MPV=3 — 100%% MPV). Distinct catchment: 7.44% of CMP 2024 pop. residents over 35.6 km. "
R0472,SRINAGAR to SAFAPORA SUMBAL,RETAINED_AS_FEEDER,FDR-481,,30.51,Regional_District,City_Core,0.2683,0.0996,0.75,0.184,False,LP,35,4,2,2,False,,0.0971,8734,38,4,2.0,61,30.5,1955.8,91.5,OSRM+JhelumBridge,"Route R0472 (SRINAGAR to SAFAPORA SUMBAL) → Feeder FDR-481. Route_Type=Regional_District | Zone=City_Core | CDI=0.1840 | Band=LP | Headway=35 min | Fleet=4 (HPV=0 enforced, MPV=2 — 100%% MPV). Distinct catchment: 6.88% of CMP 2024 pop. residents over 30.5 km. "
R0473,SRINAGAR to SAFAPORA GBL,RETAINED_AS_FEEDER,FDR-499,,32.954,Regional_District,City_Core,0.2546,0.0905,0.75,0.1725,False,LP,35,4,2,2,False,,0.0907,9154,38,7,3.5,65,32.5,2234.3,98.9,OSRM+JhelumBridge,"Route R0473 (SRINAGAR to SAFAPORA GBL) → Feeder FDR-499. Route_Type=Regional_District | Zone=City_Core | CDI=0.1725 | Band=LP | Headway=35 min | Fleet=4 (HPV=0 enforced, MPV=2 — 100%% MPV). Distinct catchment: 7.21% of CMP 2024 pop. residents over 33.0 km. "
R0474,SRINAGAR to NARWARA BUDGAM,RETAINED_AS_FEEDER,FDR-508,,28.415,Regional_District,City_Core,0.2015,0.101,0.75,0.1512,False,LP,35,4,2,2,False,,0.0811,7386,34,5,2.5,56,28.0,2645.6,85.2,OSRM+JhelumBridge,"Route R0474 (SRINAGAR to NARWARA BUDGAM) → Feeder FDR-508. Route_Type=Regional_District | Zone=City_Core | CDI=0.1512 | Band=LP | Headway=35 min | Fleet=4 (HPV=0 enforced, MPV=2 — 100%% MPV). Distinct catchment: 5.48% of CMP 2024 pop. residents over 28.4 km. "
R0475,SRINAGAR to CHARISHREEF,RETAINED_AS_FEEDER,FDR-460,,31.248,Regional_District,City_Core,0.292,0.1234,0.75,0.2077,False,LP,35,4,2,2,False,,0.0391,10029,51,2,1.0,62,31.0,2393.0,93.7,OSRM+JhelumBridge,"Route R0475 (SRINAGAR to CHARISHREEF) → Feeder FDR-460. Route_Type=Regional_District | Zone=City_Core | CDI=0.2077 | Band=LP | Headway=35 min | Fleet=4 (HPV=0 enforced, MPV=2 — 100%% MPV). Distinct catchment: 7.41% of CMP 2024 pop. residents over 31.2 km. "
R0476,SRINAGAR to PAKHERPORA,RETAINED_AS_FEEDER,FDR-514,,42.101,Regional_District,City_Core,0.1878,0.0918,0.75,0.1398,False,LP,35,5,2,3,False,,0.03,10612,55,5,2.5,84,42.0,3186.9,126.3,OSRM+JhelumBridge,"Route R0476 (SRINAGAR to PAKHERPORA) → Feeder FDR-514. Route_Type=Regional_District | Zone=City_Core | CDI=0.1398 | Band=LP | Headway=35 min | Fleet=5 (HPV=0 enforced, MPV=3 — 100%% MPV). Distinct catchment: 7.84% of CMP 2024 pop. residents over 42.1 km. "
R0477,SRINAGAR to TRAL DADSUR,MERGED_INTO_TRUNK,FDR-379,MPS (Stage Carriage),15.277,Regional_District,City_Core,0.4971,0.2104,1.25,0.3538,False,MP,35,0,0,0,False,,0.1405,0,35,3,1.5,30,15.0,1232.2,45.8,OSRM+JhelumBridge,Route R0477 (SRINAGAR to TRAL DADSUR) merged into Trunk FDR-379. Spatial overlap with trunk corridor. CDI=0.3538. Fleet=0 (counted under Trunk). 
R0478,SRINAGAR to PASTHOON,RETAINED_AS_FEEDER,FDR-546,,50.003,Regional_District,City_Core,0.0475,0.0854,0.75,0.0665,False,LP,35,6,2,4,False,,0.0475,11690,82,4,2.0,100,50.0,3013.4,150.0,OSRM,"Route R0478 (SRINAGAR to PASTHOON) → Feeder FDR-546. Route_Type=Regional_District | Zone=City_Core | CDI=0.0665 | Band=LP | Headway=35 min | Fleet=6 (HPV=0 enforced, MPV=4 — 100%% MPV). Distinct catchment: 5.88% of CMP 2024 pop. residents over 50.0 km. "
R0479,SRINAGAR to NARISTAN,MERGED_INTO_TRUNK,FDR-379,MPS (Stage Carriage),15.277,Regional_District,City_Core,0.4971,0.2104,1.25,0.3538,False,MP,35,0,0,0,False,,0.1405,0,35,3,1.5,30,15.0,1232.2,45.8,OSRM+JhelumBridge,Route R0479 (SRINAGAR to NARISTAN) merged into Trunk FDR-379. Spatial overlap with trunk corridor. CDI=0.3538. Fleet=0 (counted under Trunk). 
R0480,SRINAGAR to PINGLISH,RETAINED_AS_FEEDER,FDR-534,,43.953,Regional_District,City_Core,0.0712,0.0943,0.75,0.0827,False,LP,35,5,2,3,False,,0.0541,11283,74,4,2.0,87,43.5,2424.1,131.9,OSRM,"Route R0480 (SRINAGAR to PINGLISH) → Feeder FDR-534. Route_Type=Regional_District | Zone=City_Core | CDI=0.0827 | Band=LP | Headway=35 min | Fleet=5 (HPV=0 enforced, MPV=3 — 100%% MPV). Distinct catchment: 5.68% of CMP 2024 pop. residents over 44.0 km. "
R0481,SRINAGAR to TRAL NOWDAL,RETAINED_AS_FEEDER,FDR-539,,39.5,Regional_District,City_Core,0.0663,0.0866,0.75,0.0764,False,LP,35,5,2,3,False,,0.06,9957,62,2,1.0,79,39.5,2014.2,118.5,OSRM,"Route R0481 (SRINAGAR to TRAL NOWDAL) → Feeder FDR-539. Route_Type=Regional_District | Zone=City_Core | CDI=0.0764 | Band=LP | Headway=35 min | Fleet=5 (HPV=0 enforced, MPV=3 — 100%% MPV). Distinct catchment: 5.01% of CMP 2024 pop. residents over 39.5 km. "
R0482,SRINAGAR to QAZIGUND,RETAINED_AS_FEEDER,FDR-004,,71.019,Regional_District,City_Core,0.006,0.025,0.75,0.0155,False,LP,35,9,3,6,False,,0.0427,13697,46,5,2.5,142,71.0,3609.9,213.1,OSRM,"Route R0482 (SRINAGAR to QAZIGUND) → Feeder FDR-004. Route_Type=Regional_District | Zone=City_Core | CDI=0.0155 | Band=LP | Headway=35 min | Fleet=9 (HPV=0 enforced, MPV=6 — 100%% MPV). Distinct catchment: 6.92% of CMP 2024 pop. residents over 71.0 km. "
R0483,SRINAGAR to MIRPORA BUDGAM,RETAINED_AS_FEEDER,FDR-520,,31.366,Regional_District,City_Core,0.1774,0.0956,0.75,0.1365,False,LP,35,4,2,2,False,,0.0742,7656,38,12,6.0,62,31.0,3066.9,94.1,OSRM+JhelumBridge,"Route R0483 (SRINAGAR to MIRPORA BUDGAM) → Feeder FDR-520. Route_Type=Regional_District | Zone=City_Core | CDI=0.1365 | Band=LP | Headway=35 min | Fleet=4 (HPV=0 enforced, MPV=2 — 100%% MPV). Distinct catchment: 5.68% of CMP 2024 pop. residents over 31.4 km. "
R0484,SRINAGAR to VIJIPOPRA,RETAINED_AS_FEEDER,FDR-502,,34.662,Regional_District,City_Core,0.2406,0.0849,0.75,0.1628,False,LP,35,4,2,2,False,,0.0842,9327,38,7,3.5,69,34.5,2380.7,104.0,OSRM+JhelumBridge,"Route R0484 (SRINAGAR to VIJIPOPRA) → Feeder FDR-502. Route_Type=Regional_District | Zone=City_Core | CDI=0.1628 | Band=LP | Headway=35 min | Fleet=4 (HPV=0 enforced, MPV=2 — 100%% MPV). Distinct catchment: 7.35% of CMP 2024 pop. residents over 34.7 km. "
R0488,SRINAGAR to ZACHALDAR,MERGED_INTO_TRUNK,FDR-379,MPS (Stage Carriage),15.277,Regional_District,City_Core,0.4971,0.2104,1.25,0.3538,False,MP,35,0,0,0,False,,0.1405,0,35,3,1.5,30,15.0,1232.2,45.8,OSRM+JhelumBridge,Route R0488 (SRINAGAR to ZACHALDAR) merged into Trunk FDR-379. Spatial overlap with trunk corridor. CDI=0.3538. Fleet=0 (counted under Trunk). 
R0489,BANDIPORA to SRINAGAR,RETAINED_AS_FEEDER,FDR-531,,58.597,Regional_District,City_Core,0.1282,0.0448,0.75,0.0865,False,LP,35,7,3,4,False,,0.0558,11662,41,1,0.5,117,58.5,3493.6,175.8,OSRM+JhelumBridge,"Route R0489 (BANDIPORA to SRINAGAR) → Feeder FDR-531. Route_Type=Regional_District | Zone=City_Core | CDI=0.0865 | Band=LP | Headway=35 min | Fleet=7 (HPV=0 enforced, MPV=4 — 100%% MPV). Distinct catchment: 9.21% of CMP 2024 pop. residents over 58.6 km. "
R0490,BANDIPORA to SRINAGAR,MERGED_INTO_TRUNK,FDR-531,Private Minibus,58.597,Regional_District,City_Core,0.1282,0.0448,1.25,0.0865,False,LP,35,0,0,0,False,,0.0558,0,41,1,0.5,117,58.5,3493.6,175.8,OSRM+JhelumBridge,Route R0490 (BANDIPORA to SRINAGAR) merged into Trunk FDR-531. Spatial overlap with trunk corridor. CDI=0.0865. Fleet=0 (counted under Trunk). 
R0491,BANDIPORA to SRINAGAR,MERGED_INTO_TRUNK,FDR-531,Private Minibus,58.597,Regional_District,City_Core,0.1282,0.0448,1.25,0.0865,False,LP,35,0,0,0,False,,0.0558,0,41,1,0.5,117,58.5,3493.6,175.8,OSRM+JhelumBridge,Route R0491 (BANDIPORA to SRINAGAR) merged into Trunk FDR-531. Spatial overlap with trunk corridor. CDI=0.0865. Fleet=0 (counted under Trunk). 
R0492,BANDIPORA to SOURA,RETAINED_AS_FEEDER,FDR-003,,51.094,Regional_District,City_Core,0.0737,0.0509,0.75,0.0623,False,LP,35,6,2,4,False,,0.0114,32482,48,3,1.5,102,51.0,3042.1,153.3,OSRM,"Route R0492 (BANDIPORA to SOURA) → Feeder FDR-003. Route_Type=Regional_District | Zone=City_Core | CDI=0.0623 | Band=LP | Headway=35 min | Fleet=6 (HPV=0 enforced, MPV=4 — 100%% MPV). Distinct catchment: 6.67% of CMP 2024 pop. residents over 51.1 km. "
R0493,BANKOOT to SRINAGAR via BANDIPORA,RETAINED_AS_FEEDER,FDR-537,,60.768,Regional_District,City_Core,0.1178,0.0424,0.75,0.0801,False,LP,35,7,3,4,False,,0.0548,11700,41,6,3.0,121,60.5,3733.9,182.3,OSRM+JhelumBridge,"Route R0493 (BANKOOT to SRINAGAR via BANDIPORA) → Feeder FDR-537. Route_Type=Regional_District | Zone=City_Core | CDI=0.0801 | Band=LP | Headway=35 min | Fleet=7 (HPV=0 enforced, MPV=4 — 100%% MPV). Distinct catchment: 9.24% of CMP 2024 pop. residents over 60.8 km. "
R0494,ARIN to SRINAGAR,MERGED_INTO_TRUNK,FDR-537,Private Minibus,56.892,Regional_District,City_Core,0.1185,0.0437,1.25,0.0811,False,LP,35,0,0,0,False,,0.0572,0,38,3,1.5,113,56.5,3515.6,170.7,OSRM+JhelumBridge,Route R0494 (ARIN to SRINAGAR) merged into Trunk FDR-537. Spatial overlap with trunk corridor. CDI=0.0811. Fleet=0 (counted under Trunk). 
R0495,MALANGAM to SRINAGAR,MERGED_INTO_TRUNK,FDR-537,Private Minibus,56.892,Regional_District,City_Core,0.1185,0.0437,1.25,0.0811,False,LP,35,0,0,0,False,,0.0572,0,38,3,1.5,113,56.5,3515.6,170.7,OSRM+JhelumBridge,Route R0495 (MALANGAM to SRINAGAR) merged into Trunk FDR-537. Spatial overlap with trunk corridor. CDI=0.0811. Fleet=0 (counted under Trunk). 
R0497,SOPORE to SRINAGAR,RETAINED_AS_FEEDER,FDR-506,,50.022,Regional_District,City_Core,0.2352,0.0728,0.75,0.154,False,LP,35,6,2,4,False,,0.058,13292,57,4,2.0,100,50.0,2805.9,150.1,OSRM+JhelumBridge,"Route R0497 (SOPORE to SRINAGAR) → Feeder FDR-506. Route_Type=Regional_District | Zone=City_Core | CDI=0.1540 | Band=LP | Headway=35 min | Fleet=6 (HPV=0 enforced, MPV=4 — 100%% MPV). Distinct catchment: 10.47% of CMP 2024 pop. residents over 50.0 km. "
R0498,SOPORE to SRINAGAR,MERGED_INTO_TRUNK,FDR-506,Private Minibus,50.022,Regional_District,City_Core,0.2352,0.0728,1.25,0.154,False,LP,35,0,0,0,False,,0.058,0,57,4,2.0,100,50.0,2805.9,150.1,OSRM+JhelumBridge,Route R0498 (SOPORE to SRINAGAR) merged into Trunk FDR-506. Spatial overlap with trunk corridor. CDI=0.1540. Fleet=0 (counted under Trunk). 
R0500,BOTINGUE to SRINAGAR,RETAINED_AS_FEEDER,FDR-521,,61.995,Regional_District,City_Core,0.2002,0.0544,0.75,0.1273,False,LP,35,7,3,4,False,,0.0468,15133,57,5,2.5,123,61.5,3666.8,186.0,OSRM+JhelumBridge,"Route R0500 (BOTINGUE to SRINAGAR) → Feeder FDR-521. Route_Type=Regional_District | Zone=City_Core | CDI=0.1273 | Band=LP | Headway=35 min | Fleet=7 (HPV=0 enforced, MPV=4 — 100%% MPV). Distinct catchment: 11.92% of CMP 2024 pop. residents over 62.0 km. "
R0517,SHOPIAN to SRINAGAR,RETAINED_AS_FEEDER,FDR-510,,48.367,Regional_District,City_Core,0.2004,0.0855,0.75,0.143,True,MP,35,6,2,4,False,,0.037,12687,58,3,1.5,96,48.0,2371.8,145.1,OSRM,"Route R0517 (SHOPIAN to SRINAGAR) → Feeder FDR-510. Route_Type=Regional_District | Zone=City_Core | CDI=0.1430 | Band=MP | Headway=35 min | Fleet=6 (HPV=0 enforced, MPV=4 — 100%% MPV). Distinct catchment: 9.30% of CMP 2024 pop. residents over 48.4 km. 🚩 Social Obligation"
R0518,SEDOW to SRINAGAR,RETAINED_AS_FEEDER,FDR-529,,57.772,Regional_District,City_Core,0.1498,0.0686,0.75,0.1092,True,MP,35,6,2,4,False,,0.0312,13208,60,7,3.5,115,57.5,3428.4,173.3,OSRM+JhelumBridge,"Route R0518 (SEDOW to SRINAGAR) → Feeder FDR-529. Route_Type=Regional_District | Zone=City_Core | CDI=0.1092 | Band=MP | Headway=35 min | Fleet=6 (HPV=0 enforced, MPV=4 — 100%% MPV). Distinct catchment: 9.68% of CMP 2024 pop. residents over 57.8 km. 🚩 Social Obligation"
R0519,HARMAN to SRINAGAR,RETAINED_AS_FEEDER,FDR-513,,48.805,Regional_District,City_Core,0.1939,0.0858,0.75,0.1398,True,MP,35,6,2,4,False,,0.0367,12587,60,5,2.5,97,48.5,2416.1,146.4,OSRM,"Route R0519 (HARMAN to SRINAGAR) → Feeder FDR-513. Route_Type=Regional_District | Zone=City_Core | CDI=0.1398 | Band=MP | Headway=35 min | Fleet=6 (HPV=0 enforced, MPV=4 — 100%% MPV). Distinct catchment: 9.23% of CMP 2024 pop. residents over 48.8 km. 🚩 Social Obligation"
R0520,KAPRIN to SRINAGAR,RETAINED_AS_FEEDER,FDR-526,,58.528,Regional_District,City_Core,0.1583,0.07,0.75,0.1142,True,MP,35,7,3,4,False,,0.0313,13712,61,4,2.0,117,58.5,2853.2,175.6,OSRM,"Route R0520 (KAPRIN to SRINAGAR) → Feeder FDR-526. Route_Type=Regional_District | Zone=City_Core | CDI=0.1142 | Band=MP | Headway=35 min | Fleet=7 (HPV=0 enforced, MPV=4 — 100%% MPV). Distinct catchment: 10.05% of CMP 2024 pop. residents over 58.5 km. 🚩 Social Obligation"
R0521,NEHAMA to SRINAGAR,RETAINED_AS_FEEDER,FDR-530,,62.131,Regional_District,City_Core,0.1465,0.0657,0.75,0.1061,True,MP,35,7,3,4,False,,0.0293,14067,62,4,2.0,124,62.0,3318.0,186.4,OSRM,"Route R0521 (NEHAMA to SRINAGAR) → Feeder FDR-530. Route_Type=Regional_District | Zone=City_Core | CDI=0.1061 | Band=MP | Headway=35 min | Fleet=7 (HPV=0 enforced, MPV=4 — 100%% MPV). Distinct catchment: 10.31% of CMP 2024 pop. residents over 62.1 km. 🚩 Social Obligation"
R0522,KHULL AHMADABAD to SRINAGAR,RETAINED_AS_FEEDER,FDR-005,,66.828,Regional_District,City_Core,0.014,0.038,0.75,0.026,False,LP,35,7,3,4,False,,0.0469,13411,51,2,1.0,133,66.5,3066.2,200.5,OSRM,"Route R0522 (KHULL AHMADABAD to SRINAGAR) → Feeder FDR-005. Route_Type=Regional_District | Zone=City_Core | CDI=0.0260 | Band=LP | Headway=35 min | Fleet=7 (HPV=0 enforced, MPV=4 — 100%% MPV). Distinct catchment: 6.77% of CMP 2024 pop. residents over 66.8 km. "
R0523,DHPORA to SRINAGAR,MERGED_INTO_TRUNK,FDR-005,Private Minibus,66.828,Regional_District,City_Core,0.014,0.038,1.25,0.026,False,LP,35,0,0,0,False,,0.0469,0,51,2,1.0,133,66.5,3066.2,200.5,OSRM,Route R0523 (DHPORA to SRINAGAR) merged into Trunk FDR-005. Spatial overlap with trunk corridor. CDI=0.0260. Fleet=0 (counted under Trunk). 
R0524,PARIWAN to SRINAGAR,RETAINED_AS_FEEDER,FDR-528,,60.618,Regional_District,City_Core,0.1518,0.0668,0.75,0.1093,True,MP,35,7,3,4,False,,0.0303,13938,61,5,2.5,121,60.5,2951.6,181.9,OSRM,"Route R0524 (PARIWAN to SRINAGAR) → Feeder FDR-528. Route_Type=Regional_District | Zone=City_Core | CDI=0.1093 | Band=MP | Headway=35 min | Fleet=7 (HPV=0 enforced, MPV=4 — 100%% MPV). Distinct catchment: 10.22% of CMP 2024 pop. residents over 60.6 km. 🚩 Social Obligation"
R0525,KULGAM to SRINAGAR,RETAINED_AS_FEEDER,FDR-007,,67.019,Regional_District,City_Core,0.0146,0.0378,0.75,0.0262,False,LP,35,7,3,4,False,,0.0468,13484,51,3,1.5,134,67.0,3090.1,201.1,OSRM,"Route R0525 (KULGAM to SRINAGAR) → Feeder FDR-007. Route_Type=Regional_District | Zone=City_Core | CDI=0.0262 | Band=LP | Headway=35 min | Fleet=7 (HPV=0 enforced, MPV=4 — 100%% MPV). Distinct catchment: 6.81% of CMP 2024 pop. residents over 67.0 km. "
R0526,KATROSOO to SRINAGAR,RETAINED_AS_FEEDER,FDR-008,,69.172,Regional_District,City_Core,0.0001,0.0325,0.75,0.0163,False,LP,35,7,3,4,False,,0.045,12947,47,3,1.5,138,69.0,3421.8,207.5,OSRM,"Route R0526 (KATROSOO to SRINAGAR) → Feeder FDR-008. Route_Type=Regional_District | Zone=City_Core | CDI=0.0163 | Band=LP | Headway=35 min | Fleet=7 (HPV=0 enforced, MPV=4 — 100%% MPV). Distinct catchment: 6.54% of CMP 2024 pop. residents over 69.2 km. "
R0527,YARIPORA to SRINAGAR,RETAINED_AS_FEEDER,FDR-009,,64.929,Regional_District,City_Core,0.0064,0.0369,0.75,0.0217,False,LP,35,7,3,4,False,,0.0479,12546,48,3,1.5,129,64.5,3131.9,194.8,OSRM,"Route R0527 (YARIPORA to SRINAGAR) → Feeder FDR-009. Route_Type=Regional_District | Zone=City_Core | CDI=0.0217 | Band=LP | Headway=35 min | Fleet=7 (HPV=0 enforced, MPV=4 — 100%% MPV). Distinct catchment: 6.34% of CMP 2024 pop. residents over 64.9 km. "
R0528,PULWAMA to SRINAGAR,RETAINED_AS_FEEDER,FDR-439,,28.043,Peri_Urban,City_Core,0.3218,0.145,0.75,0.2334,False,LP,35,6,2,4,False,,0.0556,9643,52,2,1.0,56,28.0,1514.9,140.2,OSRM,"Route R0528 (PULWAMA to SRINAGAR) → Feeder FDR-439. Route_Type=Peri_Urban | Zone=City_Core | CDI=0.2334 | Band=LP | Headway=35 min | Fleet=6 (HPV=0 enforced, MPV=4 — 100%% MPV). Distinct catchment: 7.05% of CMP 2024 pop. residents over 28.0 km. "
R0529,PULWAMA to SRINAGAR,MERGED_INTO_TRUNK,FDR-439,Private Minibus,28.043,Peri_Urban,City_Core,0.3218,0.145,1.25,0.2334,False,LP,35,0,0,0,False,,0.0556,0,52,2,1.0,56,28.0,1514.9,140.2,OSRM,Route R0529 (PULWAMA to SRINAGAR) merged into Trunk FDR-439. Spatial overlap with trunk corridor. CDI=0.2334. Fleet=0 (counted under Trunk). 
R0530,KOIL to SRINAGAR,RETAINED_AS_FEEDER,FDR-034,,32.725,Peri_Urban,City_Core,0.0977,0.083,0.75,0.0904,False,LP,35,6,2,4,False,,0.0576,9242,41,4,2.0,65,32.5,2143.8,163.6,OSRM,"Route R0530 (KOIL to SRINAGAR) → Feeder FDR-034. Route_Type=Peri_Urban | Zone=City_Core | CDI=0.0904 | Band=LP | Headway=35 min | Fleet=6 (HPV=0 enforced, MPV=4 — 100%% MPV). Distinct catchment: 4.65% of CMP 2024 pop. residents over 32.7 km. "
R0531,WASOORA to SRINAGAR,RETAINED_AS_FEEDER,FDR-500,,39.631,Peri_Urban,City_Core,0.2391,0.1012,0.75,0.1702,True,MP,35,7,3,4,False,,0.0398,11443,55,4,2.0,79,39.5,2436.5,198.2,OSRM,"Route R0531 (WASOORA to SRINAGAR) → Feeder FDR-500. Route_Type=Peri_Urban | Zone=City_Core | CDI=0.1702 | Band=MP | Headway=35 min | Fleet=7 (HPV=0 enforced, MPV=4 — 100%% MPV). Distinct catchment: 8.37% of CMP 2024 pop. residents over 39.6 km. 🚩 Social Obligation"
R0532,SRINAGAR to LETTAR,RETAINED_AS_FEEDER,FDR-435,,28.413,Peri_Urban,City_Core,0.3244,0.1516,0.75,0.238,False,LP,35,6,2,4,False,,0.0555,9822,55,4,2.0,56,28.0,1558.6,142.1,OSRM,"Route R0532 (SRINAGAR to LETTAR) → Feeder FDR-435. Route_Type=Peri_Urban | Zone=City_Core | CDI=0.2380 | Band=LP | Headway=35 min | Fleet=6 (HPV=0 enforced, MPV=4 — 100%% MPV). Distinct catchment: 7.18% of CMP 2024 pop. residents over 28.4 km. "
R0533,LETTER to SRINAGAR,RETAINED_AS_FEEDER,FDR-437,,28.289,Peri_Urban,City_Core,0.3237,0.1484,0.75,0.236,False,LP,35,6,2,4,False,,0.0553,9765,54,3,1.5,56,28.0,1552.3,141.4,OSRM,"Route R0533 (LETTER to SRINAGAR) → Feeder FDR-437. Route_Type=Peri_Urban | Zone=City_Core | CDI=0.2360 | Band=LP | Headway=35 min | Fleet=6 (HPV=0 enforced, MPV=4 — 100%% MPV). Distinct catchment: 7.14% of CMP 2024 pop. residents over 28.3 km. "
R0534,HEFF to SRINAGAR,RETAINED_AS_FEEDER,FDR-501,,40.635,Regional_District,City_Core,0.2348,0.0989,0.75,0.1668,True,MP,35,5,2,3,False,,0.0389,11615,55,6,3.0,81,40.5,2518.1,121.9,OSRM,"Route R0534 (HEFF to SRINAGAR) → Feeder FDR-501. Route_Type=Regional_District | Zone=City_Core | CDI=0.1668 | Band=MP | Headway=35 min | Fleet=5 (HPV=0 enforced, MPV=3 — 100%% MPV). Distinct catchment: 8.50% of CMP 2024 pop. residents over 40.6 km. 🚩 Social Obligation"
R0535,SRINAGAR to KELLER,RETAINED_AS_FEEDER,FDR-522,,50.376,Regional_District,City_Core,0.1639,0.0792,0.75,0.1216,True,MP,35,6,2,4,False,,0.0352,12016,57,6,3.0,100,50.0,3727.6,151.1,OSRM+JhelumBridge,"Route R0535 (SRINAGAR to KELLER) → Feeder FDR-522. Route_Type=Regional_District | Zone=City_Core | CDI=0.1216 | Band=MP | Headway=35 min | Fleet=6 (HPV=0 enforced, MPV=4 — 100%% MPV). Distinct catchment: 8.79% of CMP 2024 pop. residents over 50.4 km. 🚩 Social Obligation"
R0536,KELLER to SRINAGAR,RETAINED_AS_FEEDER,FDR-524,,50.252,Regional_District,City_Core,0.164,0.0772,0.75,0.1206,True,MP,35,6,2,4,False,,0.035,11991,56,5,2.5,100,50.0,3721.0,150.8,OSRM+JhelumBridge,"Route R0536 (KELLER to SRINAGAR) → Feeder FDR-524. Route_Type=Regional_District | Zone=City_Core | CDI=0.1206 | Band=MP | Headway=35 min | Fleet=6 (HPV=0 enforced, MPV=4 — 100%% MPV). Distinct catchment: 8.77% of CMP 2024 pop. residents over 50.3 km. 🚩 Social Obligation"
R0537,KELLER to SRINAGAR,MERGED_INTO_TRUNK,FDR-524,Private Minibus,50.252,Regional_District,City_Core,0.164,0.0772,1.25,0.1206,True,MP,35,0,0,0,False,,0.035,0,56,5,2.5,100,50.0,3721.0,150.8,OSRM+JhelumBridge,Route R0537 (KELLER to SRINAGAR) merged into Trunk FDR-524. Spatial overlap with trunk corridor. CDI=0.1206. Fleet=0 (counted under Trunk). 🚩 Social Obligation
R0538,ACHGUZE to SRINAGAR,MERGED_INTO_TRUNK,FDR-437,Private Minibus,28.289,Peri_Urban,City_Core,0.3237,0.1484,1.25,0.236,False,LP,35,0,0,0,False,,0.0553,0,54,3,1.5,56,28.0,1552.3,141.4,OSRM,Route R0538 (ACHGUZE to SRINAGAR) merged into Trunk FDR-437. Spatial overlap with trunk corridor. CDI=0.2360. Fleet=0 (counted under Trunk). 
R0539,SANGERWANI to SRINAGAR,RETAINED_AS_FEEDER,FDR-523,,44.959,Regional_District,City_Core,0.1614,0.081,0.75,0.1212,False,LP,35,5,2,3,False,,0.028,10549,53,12,6.0,89,44.5,3447.6,134.9,OSRM+JhelumBridge,"Route R0539 (SANGERWANI to SRINAGAR) → Feeder FDR-523. Route_Type=Regional_District | Zone=City_Core | CDI=0.1212 | Band=LP | Headway=35 min | Fleet=5 (HPV=0 enforced, MPV=3 — 100%% MPV). Distinct catchment: 7.79% of CMP 2024 pop. residents over 45.0 km. "
R0540,PAKHERPORA to SRINAGAR,RETAINED_AS_FEEDER,FDR-515,,41.976,Regional_District,City_Core,0.1883,0.0895,0.75,0.1389,False,LP,35,5,2,3,False,,0.0298,10596,54,4,2.0,83,41.5,3171.9,125.9,OSRM+JhelumBridge,"Route R0540 (PAKHERPORA to SRINAGAR) → Feeder FDR-515. Route_Type=Regional_District | Zone=City_Core | CDI=0.1389 | Band=LP | Headway=35 min | Fleet=5 (HPV=0 enforced, MPV=3 — 100%% MPV). Distinct catchment: 7.82% of CMP 2024 pop. residents over 42.0 km. "
R0541,ANANTNAGH to SRINAGAR,RETAINED_AS_FEEDER,FDR-010,,59.305,Regional_District,City_Core,0.0979,0.0526,0.75,0.0752,False,LP,35,7,3,4,False,,0.055,16474,57,2,1.0,118,59.0,2812.0,177.9,OSRM,"Route R0541 (ANANTNAGH to SRINAGAR) → Feeder FDR-010. Route_Type=Regional_District | Zone=City_Core | CDI=0.0752 | Band=LP | Headway=35 min | Fleet=7 (HPV=0 enforced, MPV=4 — 100%% MPV). Distinct catchment: 8.44% of CMP 2024 pop. residents over 59.3 km. "
R0542,ANANTNAGH to SRINAGAR,MERGED_INTO_TRUNK,FDR-010,Private Minibus,59.305,Regional_District,City_Core,0.0979,0.0526,1.25,0.0752,False,LP,35,0,0,0,False,,0.055,0,57,2,1.0,118,59.0,2812.0,177.9,OSRM,Route R0542 (ANANTNAGH to SRINAGAR) merged into Trunk FDR-010. Spatial overlap with trunk corridor. CDI=0.0752. Fleet=0 (counted under Trunk). 
R0543,ANANTNAGH to SRINAGAR,MERGED_INTO_TRUNK,FDR-010,Private Minibus,59.305,Regional_District,City_Core,0.0979,0.0526,1.25,0.0752,False,LP,35,0,0,0,False,,0.055,0,57,2,1.0,118,59.0,2812.0,177.9,OSRM,Route R0543 (ANANTNAGH to SRINAGAR) merged into Trunk FDR-010. Spatial overlap with trunk corridor. CDI=0.0752. Fleet=0 (counted under Trunk). 
R0544,ANANTNAGH to SRINAGAR,MERGED_INTO_TRUNK,FDR-010,Private Minibus,59.305,Regional_District,City_Core,0.0979,0.0526,1.25,0.0752,False,LP,35,0,0,0,False,,0.055,0,57,2,1.0,118,59.0,2812.0,177.9,OSRM,Route R0544 (ANANTNAGH to SRINAGAR) merged into Trunk FDR-010. Spatial overlap with trunk corridor. CDI=0.0752. Fleet=0 (counted under Trunk). 
R0545,ANANTNAGH to SRINAGAR,MERGED_INTO_TRUNK,FDR-010,Private Minibus,59.305,Regional_District,City_Core,0.0979,0.0526,1.25,0.0752,False,LP,35,0,0,0,False,,0.055,0,57,2,1.0,118,59.0,2812.0,177.9,OSRM,Route R0545 (ANANTNAGH to SRINAGAR) merged into Trunk FDR-010. Spatial overlap with trunk corridor. CDI=0.0752. Fleet=0 (counted under Trunk). 
R0546,ANANTNAGH to SRINAGAR,MERGED_INTO_TRUNK,FDR-010,Private Minibus,59.305,Regional_District,City_Core,0.0979,0.0526,1.25,0.0752,False,LP,35,0,0,0,False,,0.055,0,57,2,1.0,118,59.0,2812.0,177.9,OSRM,Route R0546 (ANANTNAGH to SRINAGAR) merged into Trunk FDR-010. Spatial overlap with trunk corridor. CDI=0.0752. Fleet=0 (counted under Trunk). 
R0547,ANANTNAGH to SRINAGAR,MERGED_INTO_TRUNK,FDR-010,Private Minibus,59.305,Regional_District,City_Core,0.0979,0.0526,1.25,0.0752,False,LP,35,0,0,0,False,,0.055,0,57,2,1.0,118,59.0,2812.0,177.9,OSRM,Route R0547 (ANANTNAGH to SRINAGAR) merged into Trunk FDR-010. Spatial overlap with trunk corridor. CDI=0.0752. Fleet=0 (counted under Trunk). 
R0548,ANANTNAGH to SRINAGAR,MERGED_INTO_TRUNK,FDR-010,Private Minibus,59.305,Regional_District,City_Core,0.0979,0.0526,1.25,0.0752,False,LP,35,0,0,0,False,,0.055,0,57,2,1.0,118,59.0,2812.0,177.9,OSRM,Route R0548 (ANANTNAGH to SRINAGAR) merged into Trunk FDR-010. Spatial overlap with trunk corridor. CDI=0.0752. Fleet=0 (counted under Trunk). 
R0549,ANANTNAGH to SRINAGAR,MERGED_INTO_TRUNK,FDR-010,Private Minibus,59.305,Regional_District,City_Core,0.0979,0.0526,1.25,0.0752,False,LP,35,0,0,0,False,,0.055,0,57,2,1.0,118,59.0,2812.0,177.9,OSRM,Route R0549 (ANANTNAGH to SRINAGAR) merged into Trunk FDR-010. Spatial overlap with trunk corridor. CDI=0.0752. Fleet=0 (counted under Trunk). 
R0550,ANANTNAGH to SRINAGAR,MERGED_INTO_TRUNK,FDR-010,Private Minibus,59.305,Regional_District,City_Core,0.0979,0.0526,1.25,0.0752,False,LP,35,0,0,0,False,,0.055,0,57,2,1.0,118,59.0,2812.0,177.9,OSRM,Route R0550 (ANANTNAGH to SRINAGAR) merged into Trunk FDR-010. Spatial overlap with trunk corridor. CDI=0.0752. Fleet=0 (counted under Trunk). 
R0552,MAWAN to SRINAGAR,RETAINED_AS_FEEDER,FDR-020,,56.111,Regional_District,City_Core,0.0871,0.0497,0.75,0.0684,True,MP,35,6,2,4,False,,0.0566,15010,50,4,2.0,112,56.0,2644.2,168.3,OSRM,"Route R0552 (MAWAN to SRINAGAR) → Feeder FDR-020. Route_Type=Regional_District | Zone=City_Core | CDI=0.0684 | Band=MP | Headway=35 min | Fleet=6 (HPV=0 enforced, MPV=4 — 100%% MPV). Distinct catchment: 7.69% of CMP 2024 pop. residents over 56.1 km. 🚩 Social Obligation"
R0553,DEVSUR to SRINAGAR,RETAINED_AS_FEEDER,FDR-021,,65.241,Regional_District,City_Core,0.0057,0.0351,0.75,0.0204,False,LP,35,7,3,4,False,,0.0471,12562,46,2,1.0,130,65.0,3044.2,195.7,OSRM,"Route R0553 (DEVSUR to SRINAGAR) → Feeder FDR-021. Route_Type=Regional_District | Zone=City_Core | CDI=0.0204 | Band=LP | Headway=35 min | Fleet=7 (HPV=0 enforced, MPV=4 — 100%% MPV). Distinct catchment: 6.35% of CMP 2024 pop. residents over 65.2 km. "
R0554,LAMMER to ANANTNAGH,RETAINED_AS_FEEDER,FDR-022,,4.333,Urban,Peri_Urban,0.4735,0.0868,0.75,0.2802,True,MP,35,2,1,1,False,,0.0174,40216,7,5,2.5,8,4.0,331.9,31.3,OSRM,"Route R0554 (LAMMER to ANANTNAGH) → Feeder FDR-022. Route_Type=Urban | Zone=Peri_Urban | CDI=0.2802 | Band=MP | Headway=35 min | Fleet=2 (HPV=0 enforced, MPV=1 — 100%% MPV). Distinct catchment: 1.41% of CMP 2024 pop. residents over 4.3 km. 🚩 Social Obligation"
R0555,KAPRUN to SRINAGAR,MERGED_INTO_TRUNK,FDR-020,Private Minibus,56.111,Regional_District,City_Core,0.0871,0.0497,1.25,0.0684,True,MP,35,0,0,0,False,,0.0566,0,50,4,2.0,112,56.0,2644.2,168.3,OSRM,Route R0555 (KAPRUN to SRINAGAR) merged into Trunk FDR-020. Spatial overlap with trunk corridor. CDI=0.0684. Fleet=0 (counted under Trunk). 🚩 Social Obligation
R0556,CHOWGUND to SRINAGAR,MERGED_INTO_TRUNK,FDR-020,Private Minibus,56.111,Regional_District,City_Core,0.0871,0.0497,1.25,0.0684,True,MP,35,0,0,0,False,,0.0566,0,50,4,2.0,112,56.0,2644.2,168.3,OSRM,Route R0556 (CHOWGUND to SRINAGAR) merged into Trunk FDR-020. Spatial overlap with trunk corridor. CDI=0.0684. Fleet=0 (counted under Trunk). 🚩 Social Obligation
R0559,VAILO to SRINAGAR,MERGED_INTO_TRUNK,FDR-020,Private Minibus,56.111,Regional_District,City_Core,0.0871,0.0497,1.25,0.0684,True,MP,35,0,0,0,False,,0.0566,0,50,4,2.0,112,56.0,2644.2,168.3,OSRM,Route R0559 (VAILO to SRINAGAR) merged into Trunk FDR-020. Spatial overlap with trunk corridor. CDI=0.0684. Fleet=0 (counted under Trunk). 🚩 Social Obligation
R0560,CHAKIL PORA to SRINAGAR,MERGED_INTO_TRUNK,FDR-020,Private Minibus,56.111,Regional_District,City_Core,0.0871,0.0497,1.25,0.0684,True,MP,35,0,0,0,False,,0.0566,0,50,4,2.0,112,56.0,2644.2,168.3,OSRM,Route R0560 (CHAKIL PORA to SRINAGAR) merged into Trunk FDR-020. Spatial overlap with trunk corridor. CDI=0.0684. Fleet=0 (counted under Trunk). 🚩 Social Obligation
R0561,HAFTNAR to ANANTNAGH,MERGED_INTO_TRUNK,FDR-022,Private Minibus,4.333,Urban,Peri_Urban,0.4735,0.0868,1.25,0.2802,True,MP,35,0,0,0,False,,0.0174,0,7,5,2.5,8,4.0,331.9,31.3,OSRM,Route R0561 (HAFTNAR to ANANTNAGH) merged into Trunk FDR-022. Spatial overlap with trunk corridor. CDI=0.2802. Fleet=0 (counted under Trunk). 🚩 Social Obligation
R0562,KHERUM to ANANTNAGH,MERGED_INTO_TRUNK,FDR-022,Private Minibus,4.333,Urban,Peri_Urban,0.4735,0.0868,1.25,0.2802,True,MP,35,0,0,0,False,,0.0174,0,7,5,2.5,8,4.0,331.9,31.3,OSRM,Route R0562 (KHERUM to ANANTNAGH) merged into Trunk FDR-022. Spatial overlap with trunk corridor. CDI=0.2802. Fleet=0 (counted under Trunk). 🚩 Social Obligation
R0563,MATIGAWRAN to ANANTNAG,MERGED_INTO_TRUNK,FDR-022,Private Minibus,4.333,Urban,Peri_Urban,0.4735,0.0868,1.25,0.2802,True,MP,35,0,0,0,False,,0.0174,0,7,5,2.5,8,4.0,331.9,31.3,OSRM,Route R0563 (MATIGAWRAN to ANANTNAG) merged into Trunk FDR-022. Spatial overlap with trunk corridor. CDI=0.2802. Fleet=0 (counted under Trunk). 🚩 Social Obligation
R0564,ANANTNAGH to SHOPIAN,RETAINED_AS_FEEDER,FDR-030,,43.843,Regional_District,Peri_Urban,0.1,0.0119,0.75,0.056,False,LP,35,5,2,3,False,,0.0056,102363,22,3,1.5,87,43.5,2261.6,131.5,OSRM,"Route R0564 (ANANTNAGH to SHOPIAN) → Feeder FDR-030. Route_Type=Regional_District | Zone=Peri_Urban | CDI=0.0560 | Band=LP | Headway=35 min | Fleet=5 (HPV=0 enforced, MPV=3 — 100%% MPV). Distinct catchment: 6.28% of CMP 2024 pop. residents over 43.8 km. "
R0565,SRINAGAR to NEW KHANDA,RETAINED_AS_FEEDER,FDR-430,,22.786,Urban,City_Core,0.3783,0.1718,0.75,0.275,False,LP,35,6,0,6,False,,0.0625,8696,48,4,2.0,45,22.5,1284.7,157.5,OSRM,"Route R0565 (SRINAGAR to NEW KHANDA) → Feeder FDR-430. Route_Type=Urban | Zone=City_Core | CDI=0.2750 | Band=LP | Headway=35 min | Fleet=6 (HPV=0 enforced, MPV=6 — 100%% MPV). Distinct catchment: 6.36% of CMP 2024 pop. residents over 22.8 km. "
R0566,SRINAGAR to BY PASS,RETAINED_AS_FEEDER,FDR-567,,3.279,Urban,City_Core,1.0,1.0,0.75,1.0,True,HP,20,3,0,3,False,,0.2233,2922,31,5,2.5,6,3.0,703.7,26.2,OSRM+JhelumBridge,"Route R0566 (SRINAGAR to BY PASS) → Feeder FDR-567. Route_Type=Urban | Zone=City_Core | CDI=1.0000 | Band=HP | Headway=20 min | Fleet=3 (HPV=0 enforced, MPV=3 — 100%% MPV). Distinct catchment: 1.98% of CMP 2024 pop. residents over 3.3 km. 🚩 Social Obligation"
R0567,SRINAGAR to KHREW,RETAINED_AS_FEEDER,FDR-471,,19.597,Urban,City_Core,0.2831,0.1212,0.75,0.2022,False,LP,35,6,0,6,False,,0.0947,9088,38,2,1.0,39,19.5,1389.0,156.8,OSRM,"Route R0567 (SRINAGAR to KHREW) → Feeder FDR-471. Route_Type=Urban | Zone=City_Core | CDI=0.2022 | Band=LP | Headway=35 min | Fleet=6 (HPV=0 enforced, MPV=6 — 100%% MPV). Distinct catchment: 4.56% of CMP 2024 pop. residents over 19.6 km. "
R0568,SRINAGAR to KHREW,MERGED_INTO_TRUNK,FDR-471,JKRTC / City Bus,19.597,Urban,City_Core,0.2831,0.1212,1.25,0.2022,False,LP,35,0,0,0,False,,0.0947,0,38,2,1.0,39,19.5,1389.0,156.8,OSRM,Route R0568 (SRINAGAR to KHREW) merged into Trunk FDR-471. Spatial overlap with trunk corridor. CDI=0.2022. Fleet=0 (counted under Trunk). 
R0569,SRINAGAR to RAILWAY,RETAINED_AS_FEEDER,FDR-088,,7.778,Urban,City_Core,0.9655,0.4748,0.75,0.7202,False,HP,20,4,0,4,False,,0.1235,6016,41,3,1.5,15,7.5,440.7,55.3,OSRM,"Route R0569 (SRINAGAR to RAILWAY) → Feeder FDR-088. Route_Type=Urban | Zone=City_Core | CDI=0.7202 | Band=HP | Headway=20 min | Fleet=4 (HPV=0 enforced, MPV=4 — 100%% MPV). Distinct catchment: 4.40% of CMP 2024 pop. residents over 7.8 km. "
R0570,SRINAGAR to BYPASS,RETAINED_AS_FEEDER,FDR-118,,8.341,Urban,City_Core,0.8137,0.4371,0.75,0.6254,False,HP,20,5,0,5,False,,0.2006,5527,37,3,1.5,16,8.0,941.8,66.7,OSRM+JhelumBridge,"Route R0570 (SRINAGAR to BYPASS) → Feeder FDR-118. Route_Type=Urban | Zone=City_Core | CDI=0.6254 | Band=HP | Headway=20 min | Fleet=5 (HPV=0 enforced, MPV=5 — 100%% MPV). Distinct catchment: 4.10% of CMP 2024 pop. residents over 8.3 km. "
R0571,SRINAGAR to GULABAGH,RETAINED_AS_FEEDER,FDR-139,,14.022,Urban,City_Core,0.7554,0.455,0.75,0.6052,False,MP,35,4,0,4,False,,0.0815,8985,88,8,4.0,28,14.0,781.3,102.6,OSRM,"Route R0571 (SRINAGAR to GULABAGH) → Feeder FDR-139. Route_Type=Urban | Zone=City_Core | CDI=0.6052 | Band=MP | Headway=35 min | Fleet=4 (HPV=0 enforced, MPV=4 — 100%% MPV). Distinct catchment: 6.49% of CMP 2024 pop. residents over 14.0 km. "
R0572,SRINAGAR to BYPASS,MERGED_INTO_TRUNK,FDR-118,JKRTC / City Bus,8.341,Urban,City_Core,0.8137,0.4371,1.25,0.6254,False,HP,20,0,0,0,False,,0.2006,0,37,3,1.5,16,8.0,941.8,66.7,OSRM+JhelumBridge,Route R0572 (SRINAGAR to BYPASS) merged into Trunk FDR-118. Spatial overlap with trunk corridor. CDI=0.6254. Fleet=0 (counted under Trunk). 
R0573,SRINAGAR to RATNIPURA,RETAINED_AS_FEEDER,FDR-035,,25.991,Urban,City_Core,0.1184,0.0896,0.75,0.104,False,LP,35,7,0,7,False,,0.074,7863,39,3,1.5,51,25.5,1484.1,179.1,OSRM,"Route R0573 (SRINAGAR to RATNIPURA) → Feeder FDR-035. Route_Type=Urban | Zone=City_Core | CDI=0.1040 | Band=LP | Headway=35 min | Fleet=7 (HPV=0 enforced, MPV=7 — 100%% MPV). Distinct catchment: 3.96% of CMP 2024 pop. residents over 26.0 km. "
R0574,SRINAGAR to BYPASS,MERGED_INTO_TRUNK,FDR-118,JKRTC / City Bus,8.341,Urban,City_Core,0.8137,0.4371,1.25,0.6254,False,HP,20,0,0,0,False,,0.2006,0,37,3,1.5,16,8.0,941.8,66.7,OSRM+JhelumBridge,Route R0574 (SRINAGAR to BYPASS) merged into Trunk FDR-118. Spatial overlap with trunk corridor. CDI=0.6254. Fleet=0 (counted under Trunk). 
R0575,SRINAGAR to BUCHPORA,RETAINED_AS_FEEDER,FDR-047,,9.37,Urban,City_Core,0.9897,0.5946,0.75,0.7922,False,HP,20,5,0,5,False,,0.1136,7486,77,3,1.5,18,9.0,969.8,75.0,OSRM+JhelumBridge,"Route R0575 (SRINAGAR to BUCHPORA) → Feeder FDR-047. Route_Type=Urban | Zone=City_Core | CDI=0.7922 | Band=HP | Headway=20 min | Fleet=5 (HPV=0 enforced, MPV=5 — 100%% MPV). Distinct catchment: 5.41% of CMP 2024 pop. residents over 9.4 km. "
R0576,SRINAGAR to PAMPORE,RETAINED_AS_FEEDER,FDR-365,,12.883,Urban,City_Core,0.478,0.2396,0.75,0.3588,False,MP,35,4,0,4,False,,0.1673,8417,47,1,0.5,25,12.5,647.3,80.8,OSRM,"Route R0576 (SRINAGAR to PAMPORE) → Feeder FDR-365. Route_Type=Urban | Zone=City_Core | CDI=0.3588 | Band=MP | Headway=35 min | Fleet=4 (HPV=0 enforced, MPV=4 — 100%% MPV). Distinct catchment: 4.22% of CMP 2024 pop. residents over 12.9 km. "
R0577,SRINAGAR to BUDGAM,RETAINED_AS_FEEDER,FDR-474,,23.639,Urban,City_Core,0.2707,0.1259,0.75,0.1983,False,LP,35,7,0,7,False,,0.1196,7220,34,5,2.5,47,23.5,2175.0,189.1,OSRM+JhelumBridge,"Route R0577 (SRINAGAR to BUDGAM) → Feeder FDR-474. Route_Type=Urban | Zone=City_Core | CDI=0.1983 | Band=LP | Headway=35 min | Fleet=7 (HPV=0 enforced, MPV=7 — 100%% MPV). Distinct catchment: 5.36% of CMP 2024 pop. residents over 23.6 km. "
R0578,SRINAGAR to PAMPORE,MERGED_INTO_TRUNK,FDR-365,JKRTC / City Bus,12.883,Urban,City_Core,0.478,0.2396,1.25,0.3588,False,MP,35,0,0,0,False,,0.1673,0,47,1,0.5,25,12.5,647.3,80.8,OSRM,Route R0578 (SRINAGAR to PAMPORE) merged into Trunk FDR-365. Spatial overlap with trunk corridor. CDI=0.3588. Fleet=0 (counted under Trunk). 
R0579,SRINAGAR to GUND,RETAINED_AS_FEEDER,FDR-511,,57.421,Peri_Urban,City_Core,0.1804,0.104,0.75,0.1422,True,MP,35,11,0,11,False,,0.0236,14433,97,7,3.5,114,57.0,3915.6,287.1,OSRM,"Route R0579 (SRINAGAR to GUND) → Feeder FDR-511. Route_Type=Peri_Urban | Zone=City_Core | CDI=0.1422 | Band=MP | Headway=35 min | Fleet=11 (HPV=0 enforced, MPV=11 — 100%% MPV). Distinct catchment: 10.48% of CMP 2024 pop. residents over 57.4 km. 🚩 Social Obligation"
R0580,SRINAGAR to CHADOORA,RETAINED_AS_FEEDER,FDR-321,,16.895,Urban,City_Core,0.602,0.2433,0.75,0.4226,False,MP,35,5,0,5,False,,0.066,8881,50,2,1.0,33,16.5,1452.7,135.2,OSRM+JhelumBridge,"Route R0580 (SRINAGAR to CHADOORA) → Feeder FDR-321. Route_Type=Urban | Zone=City_Core | CDI=0.4226 | Band=MP | Headway=35 min | Fleet=5 (HPV=0 enforced, MPV=5 — 100%% MPV). Distinct catchment: 6.56% of CMP 2024 pop. residents over 16.9 km. "
R0581,SRINAGAR to RAILWAY,MERGED_INTO_TRUNK,FDR-088,JKRTC / City Bus,7.778,Urban,City_Core,0.9655,0.4748,1.25,0.7202,False,HP,20,0,0,0,False,,0.1235,0,41,3,1.5,15,7.5,440.7,55.3,OSRM,Route R0581 (SRINAGAR to RAILWAY) merged into Trunk FDR-088. Spatial overlap with trunk corridor. CDI=0.7202. Fleet=0 (counted under Trunk). 
R0582,SRINAGAR to PAMPORE,MERGED_INTO_TRUNK,FDR-365,JKRTC / City Bus,12.883,Urban,City_Core,0.478,0.2396,1.25,0.3588,False,MP,35,0,0,0,False,,0.1673,0,47,1,0.5,25,12.5,647.3,80.8,OSRM,Route R0582 (SRINAGAR to PAMPORE) merged into Trunk FDR-365. Spatial overlap with trunk corridor. CDI=0.3588. Fleet=0 (counted under Trunk). 
R0583,SRINAGAR to BUGAM,RETAINED_AS_FEEDER,FDR-031,,62.557,Peri_Urban,City_Core,0.0,0.0325,0.75,0.0162,False,LP,35,11,0,11,False,,0.0492,11703,47,2,1.0,125,62.5,2939.6,312.8,OSRM,"Route R0583 (SRINAGAR to BUGAM) → Feeder FDR-031. Route_Type=Peri_Urban | Zone=City_Core | CDI=0.0162 | Band=LP | Headway=35 min | Fleet=11 (HPV=0 enforced, MPV=11 — 100%% MPV). Distinct catchment: 5.91% of CMP 2024 pop. residents over 62.6 km. "
R0584,SRINAGAR to CHADOORA,MERGED_INTO_TRUNK,FDR-321,JKRTC / City Bus,16.895,Urban,City_Core,0.602,0.2433,1.25,0.4226,False,MP,35,0,0,0,False,,0.066,0,50,2,1.0,33,16.5,1452.7,135.2,OSRM+JhelumBridge,Route R0584 (SRINAGAR to CHADOORA) merged into Trunk FDR-321. Spatial overlap with trunk corridor. CDI=0.4226. Fleet=0 (counted under Trunk). 
R0585,SRINAGAR to PAMPORE,MERGED_INTO_TRUNK,FDR-365,JKRTC / City Bus,12.883,Urban,City_Core,0.478,0.2396,1.25,0.3588,False,MP,35,0,0,0,False,,0.1673,0,47,1,0.5,25,12.5,647.3,80.8,OSRM,Route R0585 (SRINAGAR to PAMPORE) merged into Trunk FDR-365. Spatial overlap with trunk corridor. CDI=0.3588. Fleet=0 (counted under Trunk). 
R0586,SRINAGAR to BYPASS,MERGED_INTO_TRUNK,FDR-118,JKRTC / City Bus,8.341,Urban,City_Core,0.8137,0.4371,1.25,0.6254,False,HP,20,0,0,0,False,,0.2006,0,37,3,1.5,16,8.0,941.8,66.7,OSRM+JhelumBridge,Route R0586 (SRINAGAR to BYPASS) merged into Trunk FDR-118. Spatial overlap with trunk corridor. CDI=0.6254. Fleet=0 (counted under Trunk). 
R0587,SRINAGAR to RASOO,RETAINED_AS_FEEDER,FDR-568,,4.174,Urban,City_Core,1.0,0.5937,0.75,0.7969,False,HP,20,3,0,3,False,,0.1084,3759,35,4,2.0,8,4.0,762.7,33.4,OSRM+JhelumBridge,"Route R0587 (SRINAGAR to RASOO) → Feeder FDR-568. Route_Type=Urban | Zone=City_Core | CDI=0.7969 | Band=HP | Headway=20 min | Fleet=3 (HPV=0 enforced, MPV=3 — 100%% MPV). Distinct catchment: 2.45% of CMP 2024 pop. residents over 4.2 km. "
R0588,SRINAGAR to PAMPORE,MERGED_INTO_TRUNK,FDR-365,JKRTC / City Bus,12.883,Urban,City_Core,0.478,0.2396,1.25,0.3588,False,MP,35,0,0,0,False,,0.1673,0,47,1,0.5,25,12.5,647.3,80.8,OSRM,Route R0588 (SRINAGAR to PAMPORE) merged into Trunk FDR-365. Spatial overlap with trunk corridor. CDI=0.3588. Fleet=0 (counted under Trunk). 
R0589,SRINAGAR to HARWAN,RETAINED_AS_FEEDER,FDR-570,,16.558,Urban,City_Core,0.3367,0.1536,0.75,0.2452,False,LP,35,5,0,5,False,,0.0218,9396,28,3,1.5,33,16.5,1070.2,125.9,OSRM,"Route R0589 (SRINAGAR to HARWAN) → Feeder FDR-570. Route_Type=Urban | Zone=City_Core | CDI=0.2452 | Band=LP | Headway=35 min | Fleet=5 (HPV=0 enforced, MPV=5 — 100%% MPV). Distinct catchment: 4.29% of CMP 2024 pop. residents over 16.6 km. "
R0590,SRINAGAR to HARWAN,MERGED_INTO_TRUNK,FDR-570,JKRTC / City Bus,16.558,Urban,City_Core,0.3367,0.1536,1.25,0.2452,False,LP,35,0,0,0,False,,0.0218,0,28,3,1.5,33,16.5,1070.2,125.9,OSRM,Route R0590 (SRINAGAR to HARWAN) merged into Trunk FDR-570. Spatial overlap with trunk corridor. CDI=0.2452. Fleet=0 (counted under Trunk). 
R0591,SRINAGAR to PAMPORE,MERGED_INTO_TRUNK,FDR-365,JKRTC / City Bus,12.883,Urban,City_Core,0.478,0.2396,1.25,0.3588,False,MP,35,0,0,0,False,,0.1673,0,47,1,0.5,25,12.5,647.3,80.8,OSRM,Route R0591 (SRINAGAR to PAMPORE) merged into Trunk FDR-365. Spatial overlap with trunk corridor. CDI=0.3588. Fleet=0 (counted under Trunk). 
R0592,SRINAGAR to NEW KHANDA,MERGED_INTO_TRUNK,FDR-430,JKRTC / City Bus,22.786,Urban,City_Core,0.3783,0.1718,1.25,0.275,False,LP,35,0,0,0,False,,0.0625,0,48,4,2.0,45,22.5,1284.7,157.5,OSRM,Route R0592 (SRINAGAR to NEW KHANDA) merged into Trunk FDR-430. Spatial overlap with trunk corridor. CDI=0.2750. Fleet=0 (counted under Trunk). 
R0593,SRINAGAR to KHREW,MERGED_INTO_TRUNK,FDR-471,JKRTC / City Bus,19.597,Urban,City_Core,0.2831,0.1212,1.25,0.2022,False,LP,35,0,0,0,False,,0.0947,0,38,2,1.0,39,19.5,1389.0,156.8,OSRM,Route R0593 (SRINAGAR to KHREW) merged into Trunk FDR-471. Spatial overlap with trunk corridor. CDI=0.2022. Fleet=0 (counted under Trunk). 
R0594,SRINAGAR to PAMPORE,MERGED_INTO_TRUNK,FDR-365,JKRTC / City Bus,12.883,Urban,City_Core,0.478,0.2396,1.25,0.3588,False,MP,35,0,0,0,False,,0.1673,0,47,1,0.5,25,12.5,647.3,80.8,OSRM,Route R0594 (SRINAGAR to PAMPORE) merged into Trunk FDR-365. Spatial overlap with trunk corridor. CDI=0.3588. Fleet=0 (counted under Trunk). 
R0595,SRINAGAR to PAMPORE,MERGED_INTO_TRUNK,FDR-365,JKRTC / City Bus,12.883,Urban,City_Core,0.478,0.2396,1.25,0.3588,False,MP,35,0,0,0,False,,0.1673,0,47,1,0.5,25,12.5,647.3,80.8,OSRM,Route R0595 (SRINAGAR to PAMPORE) merged into Trunk FDR-365. Spatial overlap with trunk corridor. CDI=0.3588. Fleet=0 (counted under Trunk). 
R0596,SRINAGAR to GULABAGH,MERGED_INTO_TRUNK,FDR-139,JKRTC / City Bus,14.022,Urban,City_Core,0.7554,0.455,1.25,0.6052,False,HP,20,0,0,0,False,,0.0815,0,88,8,4.0,28,14.0,781.3,102.6,OSRM,Route R0596 (SRINAGAR to GULABAGH) merged into Trunk FDR-139. Spatial overlap with trunk corridor. CDI=0.6052. Fleet=0 (counted under Trunk). 
R0597,SRINAGAR to BYPASS,MERGED_INTO_TRUNK,FDR-118,JKRTC / City Bus,8.341,Urban,City_Core,0.8137,0.4371,1.25,0.6254,False,HP,20,0,0,0,False,,0.2006,0,37,3,1.5,16,8.0,941.8,66.7,OSRM+JhelumBridge,Route R0597 (SRINAGAR to BYPASS) merged into Trunk FDR-118. Spatial overlap with trunk corridor. CDI=0.6254. Fleet=0 (counted under Trunk). 
R0598,SRINAGAR to RATNIPURA,MERGED_INTO_TRUNK,FDR-035,JKRTC / City Bus,25.991,Urban,City_Core,0.1184,0.0896,1.25,0.104,False,LP,35,0,0,0,False,,0.074,0,39,3,1.5,51,25.5,1484.1,179.1,OSRM,Route R0598 (SRINAGAR to RATNIPURA) merged into Trunk FDR-035. Spatial overlap with trunk corridor. CDI=0.1040. Fleet=0 (counted under Trunk). 
R0599,SRINAGAR to PAMPORE,MERGED_INTO_TRUNK,FDR-365,JKRTC / City Bus,12.883,Urban,City_Core,0.478,0.2396,1.25,0.3588,False,MP,35,0,0,0,False,,0.1673,0,47,1,0.5,25,12.5,647.3,80.8,OSRM,Route R0599 (SRINAGAR to PAMPORE) merged into Trunk FDR-365. Spatial overlap with trunk corridor. CDI=0.3588. Fleet=0 (counted under Trunk). 
R0600,SRINAGAR to GANDERBAL,RETAINED_AS_FEEDER,FDR-286,,16.689,Urban,City_Core,0.5665,0.3251,0.75,0.4458,False,MP,35,5,0,5,False,,0.0681,8568,77,3,1.5,33,16.5,1621.9,133.5,OSRM+JhelumBridge,"Route R0600 (SRINAGAR to GANDERBAL) → Feeder FDR-286. Route_Type=Urban | Zone=City_Core | CDI=0.4458 | Band=MP | Headway=35 min | Fleet=5 (HPV=0 enforced, MPV=5 — 100%% MPV). Distinct catchment: 6.19% of CMP 2024 pop. residents over 16.7 km. "
R0601,SRINAGAR to PAMPORE,MERGED_INTO_TRUNK,FDR-365,JKRTC / City Bus,12.883,Urban,City_Core,0.478,0.2396,1.25,0.3588,False,MP,35,0,0,0,False,,0.1673,0,47,1,0.5,25,12.5,647.3,80.8,OSRM,Route R0601 (SRINAGAR to PAMPORE) merged into Trunk FDR-365. Spatial overlap with trunk corridor. CDI=0.3588. Fleet=0 (counted under Trunk). 
R0602,SRINAGAR to BUDGAM,MERGED_INTO_TRUNK,FDR-474,JKRTC / City Bus,23.639,Urban,City_Core,0.2707,0.1259,1.25,0.1983,False,LP,35,0,0,0,False,,0.1196,0,34,5,2.5,47,23.5,2175.0,189.1,OSRM+JhelumBridge,Route R0602 (SRINAGAR to BUDGAM) merged into Trunk FDR-474. Spatial overlap with trunk corridor. CDI=0.1983. Fleet=0 (counted under Trunk). 
R0603,SRINAGAR to BYPASS,MERGED_INTO_TRUNK,FDR-118,JKRTC / City Bus,8.341,Urban,City_Core,0.8137,0.4371,1.25,0.6254,False,HP,20,0,0,0,False,,0.2006,0,37,3,1.5,16,8.0,941.8,66.7,OSRM+JhelumBridge,Route R0603 (SRINAGAR to BYPASS) merged into Trunk FDR-118. Spatial overlap with trunk corridor. CDI=0.6254. Fleet=0 (counted under Trunk). 
R0604,SRINAGAR to GUND,MERGED_INTO_TRUNK,FDR-511,JKRTC / City Bus,57.421,Peri_Urban,City_Core,0.1804,0.104,1.25,0.1422,True,MP,35,0,0,0,False,,0.0236,0,97,7,3.5,114,57.0,3915.6,287.1,OSRM,Route R0604 (SRINAGAR to GUND) merged into Trunk FDR-511. Spatial overlap with trunk corridor. CDI=0.1422. Fleet=0 (counted under Trunk). 🚩 Social Obligation
R0605,SRINAGAR to RAILWAY,MERGED_INTO_TRUNK,FDR-088,JKRTC / City Bus,7.778,Urban,City_Core,0.9655,0.4748,1.25,0.7202,False,HP,20,0,0,0,False,,0.1235,0,41,3,1.5,15,7.5,440.7,55.3,OSRM,Route R0605 (SRINAGAR to RAILWAY) merged into Trunk FDR-088. Spatial overlap with trunk corridor. CDI=0.7202. Fleet=0 (counted under Trunk). 
R0606,SRINAGAR to PAMPORE,MERGED_INTO_TRUNK,FDR-365,JKRTC / City Bus,12.883,Urban,City_Core,0.478,0.2396,1.25,0.3588,False,MP,35,0,0,0,False,,0.1673,0,47,1,0.5,25,12.5,647.3,80.8,OSRM,Route R0606 (SRINAGAR to PAMPORE) merged into Trunk FDR-365. Spatial overlap with trunk corridor. CDI=0.3588. Fleet=0 (counted under Trunk). 
R0607,SRINAGAR to CHADOORA,MERGED_INTO_TRUNK,FDR-321,JKRTC / City Bus,16.895,Urban,City_Core,0.602,0.2433,1.25,0.4226,False,MP,35,0,0,0,False,,0.066,0,50,2,1.0,33,16.5,1452.7,135.2,OSRM+JhelumBridge,Route R0607 (SRINAGAR to CHADOORA) merged into Trunk FDR-321. Spatial overlap with trunk corridor. CDI=0.4226. Fleet=0 (counted under Trunk). 
R0608,SRINAGAR to BUGAM,MERGED_INTO_TRUNK,FDR-031,JKRTC / City Bus,62.557,Peri_Urban,City_Core,0.0,0.0325,1.25,0.0162,False,LP,35,0,0,0,False,,0.0492,0,47,2,1.0,125,62.5,2939.6,312.8,OSRM,Route R0608 (SRINAGAR to BUGAM) merged into Trunk FDR-031. Spatial overlap with trunk corridor. CDI=0.0162. Fleet=0 (counted under Trunk). 
R0609,SRINAGAR to PAMPORE,MERGED_INTO_TRUNK,FDR-365,JKRTC / City Bus,12.883,Urban,City_Core,0.478,0.2396,1.25,0.3588,False,MP,35,0,0,0,False,,0.1673,0,47,1,0.5,25,12.5,647.3,80.8,OSRM,Route R0609 (SRINAGAR to PAMPORE) merged into Trunk FDR-365. Spatial overlap with trunk corridor. CDI=0.3588. Fleet=0 (counted under Trunk). 
R0610,SRINAGAR to PAMPORE,MERGED_INTO_TRUNK,FDR-365,JKRTC / City Bus,12.883,Urban,City_Core,0.478,0.2396,1.25,0.3588,False,MP,35,0,0,0,False,,0.1673,0,47,1,0.5,25,12.5,647.3,80.8,OSRM,Route R0610 (SRINAGAR to PAMPORE) merged into Trunk FDR-365. Spatial overlap with trunk corridor. CDI=0.3588. Fleet=0 (counted under Trunk). 
R0611,SRINAGAR to PAMPORE,MERGED_INTO_TRUNK,FDR-365,JKRTC / City Bus,12.883,Urban,City_Core,0.478,0.2396,1.25,0.3588,False,MP,35,0,0,0,False,,0.1673,0,47,1,0.5,25,12.5,647.3,80.8,OSRM,Route R0611 (SRINAGAR to PAMPORE) merged into Trunk FDR-365. Spatial overlap with trunk corridor. CDI=0.3588. Fleet=0 (counted under Trunk). 
R0612,SRINAGAR to RASOO,MERGED_INTO_TRUNK,FDR-568,JKRTC / City Bus,4.174,Urban,City_Core,1.0,0.5937,1.25,0.7969,False,HP,20,0,0,0,False,,0.1084,0,35,4,2.0,8,4.0,762.7,33.4,OSRM+JhelumBridge,Route R0612 (SRINAGAR to RASOO) merged into Trunk FDR-568. Spatial overlap with trunk corridor. CDI=0.7969. Fleet=0 (counted under Trunk). 
R0613,SRINAGAR to HARWAN,MERGED_INTO_TRUNK,FDR-570,JKRTC / City Bus,16.558,Urban,City_Core,0.3367,0.1536,1.25,0.2452,False,LP,35,0,0,0,False,,0.0218,0,28,3,1.5,33,16.5,1070.2,125.9,OSRM,Route R0613 (SRINAGAR to HARWAN) merged into Trunk FDR-570. Spatial overlap with trunk corridor. CDI=0.2452. Fleet=0 (counted under Trunk). 
R0614,TRC SRINAGAR to AIRPORT,RETAINED_AS_FEEDER,FDR-573,,14.524,Urban,City_Core,0.624,0.3077,0.75,0.4658,False,MP,35,5,0,5,False,,0.0645,7737,51,2,1.0,29,14.5,1698.8,116.2,OSRM+JhelumBridge,"Route R0614 (TRC SRINAGAR to AIRPORT) → Feeder FDR-573. Route_Type=Urban | Zone=City_Core | CDI=0.4658 | Band=MP | Headway=35 min | Fleet=5 (HPV=0 enforced, MPV=5 — 100%% MPV). Distinct catchment: 5.80% of CMP 2024 pop. residents over 14.5 km. "
SSCL-01,Parimpora to Harwan via Brein Nishat,UPGRADED_TO_TRUNK,SSCL-01,,23.249,Peri_Urban,City_Core,0.71,0.1662,1.25,0.4381,False,HP,15,10,0,10,True,SSCL-01,0.0667,18321,57,11,5.5,46,23.0,2199.3,116.2,OSRM+JhelumBridge,Route SSCL-01 (Parimpora to Harwan via Brein Nishat) → Trunk SSCL-01 [CMP-SSCL-01]. Route_Type=Peri_Urban | Zone=City_Core | CDI=0.4381 | Band=HP | Headway=15 min | Fleet=10 (HPV=0 MPV=10). Serves ~10.25% of CMP 2024 pop. residents over 23.2 km. 
SSCL-02,Batamaloo to Nasrullah Pora via Jehangir Chowk Rambagh Hyderpora,UPGRADED_TO_TRUNK,SSCL-02,,7.083,Urban,Peri_Urban,0.3866,0.0329,1.25,0.2098,False,HP,15,5,0,5,True,SSCL-02,0.0861,9004,5,5,2.5,14,7.0,439.1,43.4,OSRM,Route SSCL-02 (Batamaloo to Nasrullah Pora via Jehangir Chowk Rambagh Hyderpora) → Trunk SSCL-02 [CMP-SSCL-02]. Route_Type=Urban | Zone=Peri_Urban | CDI=0.2098 | Band=HP | Headway=15 min | Fleet=5 (HPV=0 MPV=5). Serves ~2.01% of CMP 2024 pop. residents over 7.1 km. 
SSCL-03,Batamaloo to Hazratbal via Khanyar,UPGRADED_TO_TRUNK,SSCL-03,,12.926,Urban,City_Core,0.7515,0.4438,1.25,0.5976,False,HP,15,9,0,9,True,SSCL-03,0.1153,6652,60,11,5.5,25,12.5,1499.0,103.4,OSRM+JhelumBridge,Route SSCL-03 (Batamaloo to Hazratbal via Khanyar) → Trunk SSCL-03 [CMP-SSCL-03]. Route_Type=Urban | Zone=City_Core | CDI=0.5976 | Band=HP | Headway=15 min | Fleet=9 (HPV=0 MPV=9). Serves ~5.96% of CMP 2024 pop. residents over 12.9 km. 
SSCL-04,Batamaloo to Chadoora Chowk via Jehangir Chowk,UPGRADED_TO_TRUNK,SSCL-04,,10.858,Urban,Peri_Urban,0.2544,0.0136,1.25,0.134,False,HP,15,6,0,6,True,SSCL-04,0.0763,10659,5,6,3.0,21,10.5,703.8,65.8,OSRM,Route SSCL-04 (Batamaloo to Chadoora Chowk via Jehangir Chowk) → Trunk SSCL-04 [CMP-SSCL-04]. Route_Type=Urban | Zone=Peri_Urban | CDI=0.1340 | Band=HP | Headway=15 min | Fleet=6 (HPV=0 MPV=6). Serves ~2.37% of CMP 2024 pop. residents over 10.9 km. 
SSCL-05,LD Hospital to Pandach via Jehangir Chowk Dalgate Khanyar,UPGRADED_TO_TRUNK,SSCL-05,,10.884,Urban,City_Core,0.9025,0.4961,1.25,0.6993,True,HP,15,7,0,7,True,SSCL-05,0.0866,13659,74,10,5.0,21,10.5,1197.0,87.1,OSRM+JhelumBridge,Route SSCL-05 (LD Hospital to Pandach via Jehangir Chowk Dalgate Khanyar) → Trunk SSCL-05 [CMP-SSCL-05]. Route_Type=Urban | Zone=City_Core | CDI=0.6993 | Band=HP | Headway=15 min | Fleet=7 (HPV=0 MPV=7). Serves ~5.82% of CMP 2024 pop. residents over 10.9 km. 🚩 Social Obligation
SSCL-06,Pantha Chowk to Narbal Crossing via Sonwar Jehangir Chowk Qamarwari,UPGRADED_TO_TRUNK,SSCL-06,,19.752,Peri_Urban,City_Core,0.4414,0.0739,1.25,0.2576,False,HP,15,9,4,5,True,SSCL-06,0.0577,10543,23,6,3.0,39,19.5,1619.9,98.8,OSRM+JhelumBridge,Route SSCL-06 (Pantha Chowk to Narbal Crossing via Sonwar Jehangir Chowk Qamarwari) → Trunk SSCL-06 [CMP-SSCL-06]. Route_Type=Peri_Urban | Zone=City_Core | CDI=0.2576 | Band=HP | Headway=15 min | Fleet=9 (HPV=4 MPV=5). Serves ~6.12% of CMP 2024 pop. residents over 19.8 km. 
SSCL-07,Batamaloo to Drussu Pulwama via Marwal,UPGRADED_TO_TRUNK,SSCL-07,,32.735,Peri_Urban,Peri_Urban,0.258,0.0646,1.25,0.1613,False,HP,15,13,6,7,True,SSCL-07,0.0373,31165,37,6,3.0,65,32.5,2489.1,163.7,OSRM+JhelumBridge,Route SSCL-07 (Batamaloo to Drussu Pulwama via Marwal) → Trunk SSCL-07 [CMP-SSCL-07]. Route_Type=Peri_Urban | Zone=Peri_Urban | CDI=0.1613 | Band=HP | Headway=15 min | Fleet=13 (HPV=6 MPV=7). Serves ~7.22% of CMP 2024 pop. residents over 32.7 km. 
SSCL-08,Batamaloo to Budgam Railway Station via Khumeni Chowk,UPGRADED_TO_TRUNK,SSCL-08,,15.685,Peri_Urban,Peri_Urban,0.1697,0.0056,1.25,0.0876,True,HP,15,7,0,7,True,SSCL-08,0.054,12487,6,10,5.0,31,15.5,1234.0,78.4,OSRM,Route SSCL-08 (Batamaloo to Budgam Railway Station via Khumeni Chowk) → Trunk SSCL-08 [CMP-SSCL-08]. Route_Type=Peri_Urban | Zone=Peri_Urban | CDI=0.0876 | Band=HP | Headway=15 min | Fleet=7 (HPV=0 MPV=7). Serves ~2.78% of CMP 2024 pop. residents over 15.7 km. 🚩 Social Obligation
SSCL-09,Parimpora to Naseem Bagh via Noorbagh Gojwara Mill Stop,UPGRADED_TO_TRUNK,SSCL-09,,15.058,Peri_Urban,City_Core,0.7433,0.3028,1.25,0.523,False,HP,15,7,0,7,True,SSCL-09,0.1046,10813,62,11,5.5,30,15.0,1526.3,75.3,OSRM+JhelumBridge,Route SSCL-09 (Parimpora to Naseem Bagh via Noorbagh Gojwara Mill Stop) → Trunk SSCL-09 [CMP-SSCL-09]. Route_Type=Peri_Urban | Zone=City_Core | CDI=0.5230 | Band=HP | Headway=15 min | Fleet=7 (HPV=0 MPV=7). Serves ~6.89% of CMP 2024 pop. residents over 15.1 km. 
SSCL-10,Pantha Chowk to Agri Kalan Kanihama via Bypass,UPGRADED_TO_TRUNK,SSCL-10,,23.59,Peri_Urban,City_Core,0.3922,0.0898,1.25,0.241,False,HP,15,10,5,5,True,SSCL-10,0.0515,11615,33,5,2.5,47,23.5,1788.9,118.0,OSRM+JhelumBridge,Route SSCL-10 (Pantha Chowk to Agri Kalan Kanihama via Bypass) → Trunk SSCL-10 [CMP-SSCL-10]. Route_Type=Peri_Urban | Zone=City_Core | CDI=0.2410 | Band=HP | Headway=15 min | Fleet=10 (HPV=5 MPV=5). Serves ~6.74% of CMP 2024 pop. residents over 23.6 km. 
SSCL-11,Old City Loop Downtown Srinagar,UPGRADED_TO_TRUNK,SSCL-11,,1.169,Urban,City_Core,1.0,0.9685,1.25,0.9842,False,HP,15,2,0,2,True,SSCL-11,0.1073,5270,20,1,0.5,2,1.0,555.2,9.4,OSRM+JhelumBridge,Route SSCL-11 (Old City Loop Downtown Srinagar) → Trunk SSCL-11 [CMP-SSCL-11]. Route_Type=Urban | Zone=City_Core | CDI=0.9842 | Band=HP | Headway=15 min | Fleet=2 (HPV=0 MPV=2). Serves ~1.06% of CMP 2024 pop. residents over 1.2 km. 
SSCL-12,Rangreth to District Court Srinagar via Barzulla Jehangir Chowk,UPGRADED_TO_TRUNK,SSCL-12,,10.327,Urban,City_Core,0.9354,0.4086,1.25,0.672,False,HP,15,7,0,7,True,SSCL-12,0.0556,8449,51,8,4.0,20,10.0,857.5,82.6,OSRM,Route SSCL-12 (Rangreth to District Court Srinagar via Barzulla Jehangir Chowk) → Trunk SSCL-12 [CMP-SSCL-12]. Route_Type=Urban | Zone=City_Core | CDI=0.6720 | Band=HP | Headway=15 min | Fleet=7 (HPV=0 MPV=7). Serves ~5.69% of CMP 2024 pop. residents over 10.3 km. 
SSCL-13,Batamaloo to Beehama Ganderbal via Hazratbal Zakura,UPGRADED_TO_TRUNK,SSCL-13,,26.584,Peri_Urban,City_Core,0.5127,0.2784,1.25,0.3956,True,HP,15,11,0,11,True,SSCL-13,0.0437,14120,104,14,7.0,53,26.5,2386.6,132.9,OSRM+JhelumBridge,Route SSCL-13 (Batamaloo to Beehama Ganderbal via Hazratbal Zakura) → Trunk SSCL-13 [CMP-SSCL-13]. Route_Type=Peri_Urban | Zone=City_Core | CDI=0.3956 | Band=HP | Headway=15 min | Fleet=11 (HPV=0 MPV=11). Serves ~9.16% of CMP 2024 pop. residents over 26.6 km. 🚩 Social Obligation
SSCL-14,TRC to Central University Ganderbal via Karan Nagar Zoonimar 90ft Road,UPGRADED_TO_TRUNK,SSCL-14,,27.314,Peri_Urban,City_Core,0.3736,0.2008,1.25,0.2872,True,HP,15,12,0,12,True,SSCL-14,0.0384,21772,82,10,5.0,54,27.0,2374.8,136.6,OSRM+JhelumBridge,Route SSCL-14 (TRC to Central University Ganderbal via Karan Nagar Zoonimar 90ft Road) → Trunk SSCL-14 [CMP-SSCL-14]. Route_Type=Peri_Urban | Zone=City_Core | CDI=0.2872 | Band=HP | Headway=15 min | Fleet=12 (HPV=0 MPV=12). Serves ~7.56% of CMP 2024 pop. residents over 27.3 km. 🚩 Social Obligation
SSCL-15,TRC to Pulwama via Nowgam Kaanipora,UPGRADED_TO_TRUNK,SSCL-15,,29.364,Peri_Urban,City_Core,0.3434,0.1222,1.25,0.2328,True,HP,15,12,0,12,True,SSCL-15,0.0473,9540,49,8,4.0,58,29.0,2163.1,146.8,OSRM+JhelumBridge,Route SSCL-15 (TRC to Pulwama via Nowgam Kaanipora) → Trunk SSCL-15 [CMP-SSCL-15]. Route_Type=Peri_Urban | Zone=City_Core | CDI=0.2328 | Band=HP | Headway=15 min | Fleet=12 (HPV=0 MPV=12). Serves ~7.70% of CMP 2024 pop. residents over 29.4 km. 🚩 Social Obligation
SSCL-16,Batamaloo Circular via Khonmoh,UPGRADED_TO_TRUNK,SSCL-16,,13.87,Urban,Peri_Urban,0.5322,0.1385,1.25,0.3354,False,HP,15,9,0,9,True,SSCL-16,0.0771,11248,28,5,2.5,27,13.5,1225.6,98.1,OSRM+JhelumBridge,Route SSCL-16 (Batamaloo Circular via Khonmoh) → Trunk SSCL-16 [CMP-SSCL-16]. Route_Type=Urban | Zone=Peri_Urban | CDI=0.3354 | Band=HP | Headway=15 min | Fleet=9 (HPV=0 MPV=9). Serves ~4.91% of CMP 2024 pop. residents over 13.9 km. 
SSCL-17,Batamaloo to Womens College Batpora via Rainawari,UPGRADED_TO_TRUNK,SSCL-17,,4.508,Urban,City_Core,0.9664,0.5503,1.25,0.7584,False,HP,15,4,0,4,True,SSCL-17,0.0436,4756,33,6,3.0,9,4.5,456.4,36.1,OSRM,Route SSCL-17 (Batamaloo to Womens College Batpora via Rainawari) → Trunk SSCL-17 [CMP-SSCL-17]. Route_Type=Urban | Zone=City_Core | CDI=0.7584 | Band=HP | Headway=15 min | Fleet=4 (HPV=0 MPV=4). Serves ~2.55% of CMP 2024 pop. residents over 4.5 km. 
SSCL-18,JKPDC Jehangir Chowk to Wadwan,UPGRADED_TO_TRUNK,SSCL-18,,15.202,Peri_Urban,City_Core,0.5155,0.29,1.25,0.4027,False,HP,15,7,0,7,True,SSCL-18,0.1758,6831,56,5,2.5,30,15.0,1353.8,76.0,OSRM+JhelumBridge,Route SSCL-18 (JKPDC Jehangir Chowk to Wadwan) → Trunk SSCL-18 [CMP-SSCL-18]. Route_Type=Peri_Urban | Zone=City_Core | CDI=0.4027 | Band=HP | Headway=15 min | Fleet=7 (HPV=0 MPV=7). Serves ~5.26% of CMP 2024 pop. residents over 15.2 km. 
SSCL-19,Pantha Chowk to Sumbal,UPGRADED_TO_TRUNK,SSCL-19,,35.736,Peri_Urban,City_Core,0.2206,0.0225,1.25,0.1216,False,HP,15,14,7,7,True,SSCL-19,0.0385,12443,17,8,4.0,71,35.5,2367.1,178.7,OSRM+JhelumBridge,Route SSCL-19 (Pantha Chowk to Sumbal) → Trunk SSCL-19 [CMP-SSCL-19]. Route_Type=Peri_Urban | Zone=City_Core | CDI=0.1216 | Band=HP | Headway=15 min | Fleet=14 (HPV=7 MPV=7). Serves ~7.22% of CMP 2024 pop. residents over 35.7 km. 
SSCL-20,Pantha Chowk to Safapora,UPGRADED_TO_TRUNK,SSCL-20,,60.631,Regional_District,City_Core,0.0924,0.0063,1.25,0.0494,False,HP,15,15,7,8,True,SSCL-20,0.0264,14534,18,11,5.5,121,60.5,4564.3,181.9,OSRM+JhelumBridge,Route SSCL-20 (Pantha Chowk to Safapora) → Trunk SSCL-20 [CMP-SSCL-20]. Route_Type=Regional_District | Zone=City_Core | CDI=0.0494 | Band=HP | Headway=15 min | Fleet=15 (HPV=7 MPV=8). Serves ~8.46% of CMP 2024 pop. residents over 60.6 km. 
SSCL-21,Batamaloo to Arath,UPGRADED_TO_TRUNK,SSCL-21,,12.395,Urban,Peri_Urban,0.5342,0.1386,1.25,0.3364,False,HP,15,9,0,9,True,SSCL-21,0.0623,18456,25,6,3.0,24,12.0,1275.2,98.5,OSRM+JhelumBridge,Route SSCL-21 (Batamaloo to Arath) → Trunk SSCL-21 [CMP-SSCL-21]. Route_Type=Urban | Zone=Peri_Urban | CDI=0.3364 | Band=HP | Headway=15 min | Fleet=9 (HPV=0 MPV=9). Serves ~4.40% of CMP 2024 pop. residents over 12.4 km. 
SSCL-22,Batamaloo to Khrew Bus Stand,UPGRADED_TO_TRUNK,SSCL-22,,18.186,Peri_Urban,Peri_Urban,0.4654,0.104,1.25,0.2847,False,HP,15,9,0,9,True,SSCL-22,0.0778,13393,29,7,3.5,36,18.0,1564.9,90.9,OSRM+JhelumBridge,Route SSCL-22 (Batamaloo to Khrew Bus Stand) → Trunk SSCL-22 [CMP-SSCL-22]. Route_Type=Peri_Urban | Zone=Peri_Urban | CDI=0.2847 | Band=HP | Headway=15 min | Fleet=9 (HPV=0 MPV=9). Serves ~5.85% of CMP 2024 pop. residents over 18.2 km. 
SSCL-23,Batamaloo to Charesharief via Chadoora,UPGRADED_TO_TRUNK,SSCL-23,,29.633,Peri_Urban,Peri_Urban,0.2859,0.0512,1.25,0.1686,False,HP,15,12,0,12,True,SSCL-23,0.0268,35620,29,8,4.0,59,29.5,2143.8,148.2,OSRM,Route SSCL-23 (Batamaloo to Charesharief via Chadoora) → Trunk SSCL-23 [CMP-SSCL-23]. Route_Type=Peri_Urban | Zone=Peri_Urban | CDI=0.1686 | Band=HP | Headway=15 min | Fleet=12 (HPV=0 MPV=12). Serves ~6.94% of CMP 2024 pop. residents over 29.6 km. 
SSCL-24,Pantha Chowk to Palhalan via Sangrama Sopore,UPGRADED_TO_TRUNK,SSCL-24,,36.463,Peri_Urban,City_Core,0.251,0.0375,1.25,0.1442,False,HP,15,15,7,8,True,SSCL-24,0.0343,13628,28,4,2.0,72,36.0,2237.0,182.3,OSRM+JhelumBridge,Route SSCL-24 (Pantha Chowk to Palhalan via Sangrama Sopore) → Trunk SSCL-24 [CMP-SSCL-24]. Route_Type=Peri_Urban | Zone=City_Core | CDI=0.1442 | Band=HP | Headway=15 min | Fleet=15 (HPV=7 MPV=8). Serves ~7.91% of CMP 2024 pop. residents over 36.5 km. 
SSCL-25,Batamaloo to Dadsara Tral via Awantipora,UPGRADED_TO_TRUNK,SSCL-25,,43.869,Regional_District,Peri_Urban,0.1238,0.0646,1.25,0.0942,False,HP,15,11,0,11,True,SSCL-25,0.0378,23205,55,4,2.0,87,43.5,2750.4,131.6,OSRM+JhelumBridge,Route SSCL-25 (Batamaloo to Dadsara Tral via Awantipora) → Trunk SSCL-25 [CMP-SSCL-25]. Route_Type=Regional_District | Zone=Peri_Urban | CDI=0.0942 | Band=HP | Headway=15 min | Fleet=11 (HPV=0 MPV=11). Serves ~6.80% of CMP 2024 pop. residents over 43.9 km. 
SSCL-26,Batamaloo to Kangan via Hazratbal Manigam,UPGRADED_TO_TRUNK,SSCL-26,,55.703,Regional_District,City_Core,0.0728,0.0,1.25,0.0364,False,HP,15,14,0,14,True,SSCL-26,0.0208,15126,15,9,4.5,111,55.5,3838.4,167.1,OSRM+JhelumBridge,Route SSCL-26 (Batamaloo to Kangan via Hazratbal Manigam) → Trunk SSCL-26 [CMP-SSCL-26]. Route_Type=Regional_District | Zone=City_Core | CDI=0.0364 | Band=HP | Headway=15 min | Fleet=14 (HPV=0 MPV=14). Serves ~7.24% of CMP 2024 pop. residents over 55.7 km. 
SSCL-27,Batamaloo to Manigam,UPGRADED_TO_TRUNK,SSCL-27,,54.466,Regional_District,City_Core,0.074,0.0005,1.25,0.0372,False,HP,15,13,0,13,True,SSCL-27,0.0209,14857,15,8,4.0,108,54.0,3765.4,163.4,OSRM+JhelumBridge,Route SSCL-27 (Batamaloo to Manigam) → Trunk SSCL-27 [CMP-SSCL-27]. Route_Type=Regional_District | Zone=City_Core | CDI=0.0372 | Band=HP | Headway=15 min | Fleet=13 (HPV=0 MPV=13). Serves ~7.11% of CMP 2024 pop. residents over 54.5 km. 
SSCL-28,Batamaloo to Pinglena Pampore via Galandar,UPGRADED_TO_TRUNK,SSCL-28,,22.233,Peri_Urban,Peri_Urban,0.4106,0.1013,1.25,0.256,False,HP,15,10,5,5,True,SSCL-28,0.075,15010,37,5,2.5,44,22.0,1859.8,111.2,OSRM+JhelumBridge,Route SSCL-28 (Batamaloo to Pinglena Pampore via Galandar) → Trunk SSCL-28 [CMP-SSCL-28]. Route_Type=Peri_Urban | Zone=Peri_Urban | CDI=0.2560 | Band=HP | Headway=15 min | Fleet=10 (HPV=5 MPV=5). Serves ~6.56% of CMP 2024 pop. residents over 22.2 km. 
SSCL-29,Pantha Chowk to Panzinara,UPGRADED_TO_TRUNK,SSCL-29,,10.811,Urban,Peri_Urban,0.5596,0.0592,1.25,0.3094,False,HP,15,7,0,7,True,SSCL-29,0.0442,11270,9,5,2.5,21,10.5,1225.2,86.5,OSRM+JhelumBridge,Route SSCL-29 (Pantha Chowk to Panzinara) → Trunk SSCL-29 [CMP-SSCL-29]. Route_Type=Urban | Zone=Peri_Urban | CDI=0.3094 | Band=HP | Headway=15 min | Fleet=7 (HPV=0 MPV=7). Serves ~3.97% of CMP 2024 pop. residents over 10.8 km. 
SSCL-30,Batamaloo to DC Office Budgam,UPGRADED_TO_TRUNK,SSCL-30,,15.685,Peri_Urban,Peri_Urban,0.1697,0.0056,1.25,0.0876,True,HP,15,7,0,7,True,SSCL-30,0.054,12487,6,10,5.0,31,15.5,1234.0,78.4,OSRM,Route SSCL-30 (Batamaloo to DC Office Budgam) → Trunk SSCL-30 [CMP-SSCL-30]. Route_Type=Peri_Urban | Zone=Peri_Urban | CDI=0.0876 | Band=HP | Headway=15 min | Fleet=7 (HPV=0 MPV=7). Serves ~2.78% of CMP 2024 pop. residents over 15.7 km. 🚩 Social Obligation
