Route_Code,Route_ID,Route_Name,Action_Taken,New_Route_ID,Displaced_Operator_Class,Route_KM,Route_Type,OSRM_Duration_S,Cycle_Time_Min,Congestion_Zone,N_Stops_Estimated,Stop_Penalty_Min,Sharp_Turns,Junction_Penalty_Min,Pop_Score,POI_Score,Road_Multiplier,Final_CDI,Social_Flag,Priority_Band,Headway_Min,Fleet_Required,HPV_Count,MPV_Count,LPV_Count,CMP_Trunk,CMP_Route_ID,Population_Served,Population_Served_Raw,Corridor_Competitors,HV_POI_Count,Overlap_Metric,Geo_Source,Tourist_Corridor,Seasonal_Operability,District_HQ_Floor,SSCL_CDI_Conflict,SSCL_CDI_Conflict_Strong,SSCL_CDI_Conflict_Weak_SSCL,Daily_Trips,Daily_KM,Daily_Capacity_Pax,Daily_Demand_Pax,Load_Ratio,Load_Flag,Pax_Journey_Time_Min,Journey_Time_Flag,Daily_Revenue_INR,Daily_Op_Cost_INR,Viability_Ratio,Subsidy_Risk_Flag,Emissions_GCO2_Daily,Equity_Score,Map_File
SRSR10105860-01,R0001,Soura to LD,RETAINED_AS_FEEDER,FDR-070,,10.099,Urban,682.4,80.8,City_Core,20,10.0,8,4.0,0.9721,0.5242,0.75,0.7482,True,HP,20,6,0,6,0,False,,9071,95384,256,75,0.1554,OSRM,False,Year_Round,False,True,True,False,96.0,969.5,2495.0,156.0,0.062,Amber_Under,55.9,True,1556.0,63018.0,0.025,False,921029.0,0.177,route_maps_kashmir/FDR-070.html
BGBG02022104-01,R0002,Parimpora to Budgam,RETAINED_AS_FEEDER,FDR-320,,22.663,Peri_Urban,1638.0,113.3,City_Core,45,22.5,7,3.5,0.1151,0.0125,0.75,0.0638,False,LP,35,5,0,5,0,False,,8455,57658,166,9,0.1071,OSRM,False,Year_Round,False,False,False,False,54.9,1243.2,1483.0,96.0,0.065,Amber_Under,79.6,True,962.0,80810.0,0.012,True,1181066.0,0.11,route_maps_kashmir/FDR-320.html
BGBG02022104-02,R0003,Parimpora to Budgam,MERGED_INTO_TRUNK,FDR-320,Private Minibus,22.663,Peri_Urban,1638.0,113.3,City_Core,45,22.5,7,3.5,0.1151,0.0125,1.25,0.0638,False,LP,35,0,0,0,0,False,,0,57658,166,9,0.1071,OSRM,False,Year_Round,False,False,False,False,54.9,1243.2,0.0,96.0,0.0,Red_NoCapacity,79.6,True,962.0,80810.0,0.012,True,1181066.0,0.11,route_maps_kashmir/FDR-320.html
BGBG02022104-03,R0004,Parimpora to Budgam,MERGED_INTO_TRUNK,FDR-320,Private Minibus,22.663,Peri_Urban,1638.0,113.3,City_Core,45,22.5,7,3.5,0.1151,0.0125,1.25,0.0638,False,LP,35,0,0,0,0,False,,0,57658,166,9,0.1071,OSRM,False,Year_Round,False,False,False,False,54.9,1243.2,0.0,96.0,0.0,Red_NoCapacity,79.6,True,962.0,80810.0,0.012,True,1181066.0,0.11,route_maps_kashmir/FDR-320.html
BGBG02022104-04,R0005,Parimpora to Budgam,RETAINED_AS_FEEDER,FDR-323,,22.663,Peri_Urban,1638.0,113.3,City_Core,45,22.5,7,3.5,0.1151,0.0125,0.75,0.0638,False,LP,35,5,0,0,5,False,,8455,57658,166,9,0.1071,OSRM,False,Year_Round,False,False,False,False,54.9,1243.2,847.0,96.0,0.114,Amber_Under,79.6,True,962.0,80810.0,0.012,True,1181066.0,0.11,route_maps_kashmir/FDR-323.html
BGSR02102118-01,R0006,Parimpora to Hazratbal,UPGRADED_TO_TRUNK,TRK-043,,16.104,Peri_Urban,1713.6,80.5,City_Core,32,16.0,22,11.0,0.6766,0.2053,1.25,0.441,False,MP,35,4,2,2,0,False,,9618,113789,288,53,0.1026,OSRM+JhelumBridge,False,Year_Round,False,False,False,False,54.9,883.4,2266.0,114.0,0.05,Amber_Under,63.2,True,1143.0,57422.0,0.02,True,839248.0,0.125,route_maps_kashmir/TRK-043.html
BGBG02022106-01,R0007,Parimpora to Chadora,RETAINED_AS_FEEDER,FDR-041,,25.752,Peri_Urban,1621.9,128.8,City_Core,51,25.5,7,3.5,0.4641,0.0824,0.75,0.2732,False,LP,35,5,0,5,0,False,,16373,137879,205,39,0.0855,OSRM,False,Year_Round,False,False,False,False,54.9,1412.7,1304.0,233.0,0.179,Amber_Under,87.4,True,2334.0,91824.0,0.025,True,1342047.0,0.213,route_maps_kashmir/FDR-041.html
BGBG02022106-02,R0008,Parimpora to Chadora,MERGED_INTO_TRUNK,FDR-041,Private Minibus,25.752,Peri_Urban,1621.9,128.8,City_Core,51,25.5,7,3.5,0.4641,0.0824,1.25,0.2732,False,LP,35,0,0,0,0,False,,0,137879,205,39,0.0855,OSRM,False,Year_Round,False,False,False,False,54.9,1412.7,0.0,233.0,0.0,Red_NoCapacity,87.4,True,2334.0,91824.0,0.025,True,1342047.0,0.213,route_maps_kashmir/FDR-041.html
SRSR10103460-01,R0009,Lalbazar to LD,RETAINED_AS_FEEDER,FDR-078,,9.308,Urban,1072.3,74.5,City_Core,18,9.0,7,3.5,1.0,0.4872,0.75,0.7436,True,HP,20,5,0,5,0,False,,9365,90006,234,62,0.1482,OSRM+JhelumBridge,False,Year_Round,False,True,True,False,96.0,893.6,2255.0,168.0,0.075,Amber_Under,52.8,True,1684.0,58082.0,0.029,False,848890.0,0.183,route_maps_kashmir/FDR-078.html
SRGB10055804-01,R0010,Soura to Ganderbal,RETAINED_AS_FEEDER,FDR-186,,9.86,Urban,959.3,78.9,City_Core,19,9.5,6,3.0,0.2305,0.1234,0.75,0.177,False,LP,35,4,0,0,4,False,,10688,34248,78,20,0.028,OSRM,False,Year_Round,False,False,False,False,54.9,540.9,973.0,582.0,0.597,Green,62.4,True,5816.0,35158.0,0.165,True,513847.0,0.139,route_maps_kashmir/FDR-186.html
SRGB10055804-02,R0011,Soura to Ganderbal,MERGED_INTO_TRUNK,FDR-186,LPV / Tempo,9.86,Urban,959.3,78.9,City_Core,19,9.5,6,3.0,0.2305,0.1234,1.25,0.177,False,LP,35,0,0,0,0,False,,0,34248,78,20,0.028,OSRM,False,Year_Round,False,False,False,False,54.9,540.9,0.0,582.0,0.0,Red_NoCapacity,62.4,True,5816.0,35158.0,0.165,True,513847.0,0.139,route_maps_kashmir/FDR-186.html
SRSR10103462-01,R0012,Lalbazar to Lalchowk,RETAINED_AS_FEEDER,FDR-090,,8.433,Urban,617.5,67.5,City_Core,16,8.0,11,5.5,1.0,0.4545,0.75,0.7272,True,HP,20,5,0,5,0,False,,7514,83040,269,56,0.1324,OSRM,False,Year_Round,False,True,True,False,96.0,809.6,2489.0,151.0,0.061,Amber_Under,49.2,True,1513.0,52622.0,0.029,False,769090.0,0.146,route_maps_kashmir/FDR-090.html
SRSR10105860-02,R0013,Soura to LD,RETAINED_AS_FEEDER,FDR-114,,10.817,Urban,798.2,86.5,City_Core,21,10.5,11,5.5,0.7852,0.3878,0.75,0.5865,True,HP,20,6,0,0,6,False,,9863,85889,212,69,0.131,OSRM,False,Year_Round,False,False,False,False,96.0,1038.4,1332.0,201.0,0.151,Amber_Under,58.8,True,2007.0,67498.0,0.03,False,986510.0,0.192,route_maps_kashmir/FDR-114.html
SRSR10105860-03,R0014,Soura to LD,MERGED_INTO_TRUNK,FDR-070,Private Minibus,10.099,Urban,682.4,80.8,City_Core,20,10.0,8,4.0,0.9721,0.5242,1.25,0.7482,True,HP,20,0,0,0,0,False,,0,95384,256,75,0.1554,OSRM,False,Year_Round,False,False,False,False,96.0,969.5,0.0,156.0,0.0,Red_NoCapacity,55.9,True,1556.0,63018.0,0.025,False,921029.0,0.177,route_maps_kashmir/FDR-070.html
SRSR10105818-01,R0015,Soura to Hazratbal,UPGRADED_TO_TRUNK,TRK-040,,8.337,Urban,1248.4,66.7,City_Core,16,8.0,6,3.0,0.6876,0.3562,1.25,0.5219,False,MP,35,3,0,3,0,False,,10836,59647,134,41,0.0454,OSRM+JhelumBridge,False,Year_Round,False,False,False,False,54.9,457.3,1511.0,364.0,0.241,Amber_Under,56.4,True,3636.0,29727.0,0.122,True,434477.0,0.141,route_maps_kashmir/TRK-040.html
SRSR10105218-01,R0016,TRC to Hazratbal,RETAINED_AS_FEEDER,FDR-133,,8.127,Urban,579.9,65.0,City_Core,16,8.0,4,2.0,0.7081,0.3458,0.75,0.527,False,MP,35,3,0,0,3,False,,5985,59483,242,34,0.1061,OSRM,False,Year_Round,False,False,False,False,54.9,445.8,886.0,86.0,0.097,Amber_Under,55.5,True,859.0,28979.0,0.03,True,423533.0,0.078,route_maps_kashmir/FDR-133.html
SRSR10101860-01,R0017,Hazratbal to LD,RETAINED_AS_FEEDER,FDR-123,,9.286,Urban,1246.0,74.3,City_Core,18,9.0,7,3.5,0.7634,0.3697,0.75,0.5666,True,MP,35,4,0,4,0,False,,7800,72103,225,39,0.1255,OSRM+JhelumBridge,False,Year_Round,False,False,False,False,54.9,509.4,1809.0,95.0,0.052,Amber_Under,60.2,True,947.0,33111.0,0.029,False,483933.0,0.152,route_maps_kashmir/FDR-123.html
SRAN10015813-01,R0018,Soura to Railway Station,RETAINED_AS_FEEDER,FDR-179,,18.799,Peri_Urban,1610.0,94.0,City_Core,37,18.5,8,4.0,0.573,0.3462,0.75,0.4596,False,MP,35,4,0,4,0,False,,9505,117138,300,91,0.1583,OSRM+JhelumBridge,False,Year_Round,False,False,False,False,54.9,1031.3,1430.0,73.0,0.051,Amber_Under,70.0,True,732.0,67032.0,0.011,True,979696.0,0.124,route_maps_kashmir/FDR-179.html
SRSR10105860-04,R0019,Soura to LD,MERGED_INTO_TRUNK,FDR-070,Private Minibus,11.052,Urban,725.1,88.4,City_Core,22,11.0,8,4.0,0.9634,0.5369,1.25,0.7502,True,HP,20,0,0,0,0,False,,0,103616,317,85,0.149,OSRM,False,Year_Round,False,False,False,False,96.0,1061.0,0.0,142.0,0.0,Red_NoCapacity,59.7,True,1424.0,68964.0,0.021,False,1007942.0,0.155,route_maps_kashmir/FDR-070.html
SRSR10106360-01,R0020,Malbagh to LD,RETAINED_AS_FEEDER,FDR-104,,9.178,Urban,1169.0,73.4,City_Core,18,9.0,8,4.0,0.9916,0.332,0.75,0.6618,True,HP,20,5,0,5,0,False,,10674,88125,201,49,0.0976,OSRM+JhelumBridge,False,Year_Round,False,False,False,False,96.0,881.1,2289.0,292.0,0.127,Amber_Under,52.2,True,2915.0,57271.0,0.051,False,837034.0,0.208,route_maps_kashmir/FDR-104.html
SRBG10025821-01,R0021,Soura to Parimpora,MERGED_INTO_TRUNK,TRK-039,LPV / Tempo,11.326,Urban,779.0,90.6,City_Core,22,11.0,14,7.0,0.6429,0.2425,1.25,0.4427,False,MP,35,0,0,0,0,False,,0,76952,228,50,0.1099,OSRM,False,Year_Round,False,False,False,False,54.9,621.3,0.0,114.0,0.0,Red_NoCapacity,68.3,True,1139.0,40385.0,0.028,True,590246.0,0.107,route_maps_kashmir/TRK-039.html
SRSR10105818-02,R0022,Soura to Hazratbal,MERGED_INTO_TRUNK,TRK-040,LPV / Tempo,8.337,Urban,1248.4,66.7,City_Core,16,8.0,6,3.0,0.6876,0.3562,1.25,0.5219,False,MP,35,0,0,0,0,False,,0,59647,134,41,0.0454,OSRM+JhelumBridge,False,Year_Round,False,False,False,False,54.9,457.3,0.0,364.0,0.0,Red_NoCapacity,56.4,True,3636.0,29727.0,0.122,True,434477.0,0.141,route_maps_kashmir/TRK-040.html
SRSR10105860-05,R0023,Soura to LD,MERGED_INTO_TRUNK,FDR-114,LPV / Tempo,7.325,Urban,606.8,58.6,City_Core,14,7.0,13,6.5,1.0,0.5257,1.25,0.7628,True,HP,20,0,0,0,0,False,,0,71571,212,65,0.1479,OSRM,False,Year_Round,False,False,False,False,96.0,703.2,0.0,148.0,0.0,Red_NoCapacity,44.8,False,1481.0,45708.0,0.032,False,668040.0,0.16,route_maps_kashmir/FDR-114.html
BGSR02102161-01,R0024,Parimpora to Saidakadal,UPGRADED_TO_TRUNK,TRK-045,,14.067,Urban,1375.0,112.5,City_Core,28,14.0,4,2.0,0.8285,0.4179,1.25,0.6232,False,HP,20,7,4,3,0,False,,8301,116598,342,68,0.1865,OSRM+JhelumBridge,False,Year_Round,False,False,False,False,96.0,1350.4,2944.0,119.0,0.04,Amber_Under,71.8,True,1186.0,87778.0,0.014,True,1282910.0,0.108,route_maps_kashmir/TRK-045.html
SRBG10025021,R0025,Sora to Parimpora,MERGED_INTO_TRUNK,TRK-039,LPV / Tempo,12.572,Urban,1134.0,100.6,City_Core,25,12.5,28,14.0,0.5946,0.2097,1.25,0.4022,False,MP,35,0,0,0,0,False,,0,80530,229,48,0.0942,OSRM,False,Year_Round,False,False,False,False,54.9,689.7,0.0,138.0,0.0,Red_NoCapacity,73.3,True,1384.0,44828.0,0.031,True,655181.0,0.111,route_maps_kashmir/TRK-039.html
BGSR02102140-01,R0026,Parimpora to Pantha Chowk,RETAINED_AS_FEEDER,FDR-225,,21.307,Peri_Urban,1713.4,106.5,City_Core,42,21.0,5,2.5,0.5757,0.274,0.75,0.4248,False,MP,35,5,0,0,5,False,,9921,133241,327,73,0.2159,OSRM+JhelumBridge,False,Year_Round,False,False,False,False,54.9,1168.8,901.0,56.0,0.062,Amber_Under,76.2,True,560.0,75975.0,0.007,True,1110399.0,0.129,route_maps_kashmir/FDR-225.html
SRSR10105860-06,R0027,Soura to LD,MERGED_INTO_TRUNK,FDR-114,LPV / Tempo,10.817,Urban,798.2,86.5,City_Core,21,10.5,11,5.5,0.7852,0.3878,1.25,0.5865,True,HP,20,0,0,0,0,False,,0,85889,212,69,0.131,OSRM,False,Year_Round,False,False,False,False,96.0,1038.4,0.0,201.0,0.0,Red_NoCapacity,58.8,True,2007.0,67498.0,0.03,False,986510.0,0.192,route_maps_kashmir/FDR-114.html
BGBG02022106-03,R0028,Parimpora to Chadora,MERGED_INTO_TRUNK,FDR-041,Private Minibus,25.928,Peri_Urban,1186.3,129.6,City_Core,51,25.5,7,3.5,0.1556,0.0148,1.25,0.0852,False,LP,35,0,0,0,0,False,,0,74417,170,12,0.0671,OSRM,False,Year_Round,False,False,False,False,54.9,1422.3,0.0,194.0,0.0,Red_NoCapacity,87.8,True,1936.0,92452.0,0.021,True,1351219.0,0.139,route_maps_kashmir/FDR-041.html
SRSR10105860-07,R0029,Soura to LD,MERGED_INTO_TRUNK,FDR-114,LPV / Tempo,10.099,Urban,682.4,80.8,City_Core,20,10.0,8,4.0,0.9721,0.5242,1.25,0.7482,True,HP,20,0,0,0,0,False,,0,95384,256,75,0.1554,OSRM,False,Year_Round,False,False,False,False,96.0,969.5,0.0,156.0,0.0,Red_NoCapacity,55.9,True,1556.0,63018.0,0.025,False,921029.0,0.177,route_maps_kashmir/FDR-114.html
SRAN10015813-02,R0030,Soura to Railway Station,RETAINED_AS_FEEDER,FDR-137,,18.412,Peri_Urban,1608.0,92.1,City_Core,36,18.0,8,4.0,0.5931,0.3539,0.75,0.4735,False,MP,35,4,0,0,4,False,,9552,117708,300,91,0.157,OSRM+JhelumBridge,False,Year_Round,False,False,False,False,54.9,1010.0,834.0,74.0,0.089,Amber_Under,69.0,True,741.0,65652.0,0.011,True,959528.0,0.124,route_maps_kashmir/FDR-137.html
SRSR10105818-03,R0031,Soura to Hazratbal,MERGED_INTO_TRUNK,TRK-040,LPV / Tempo,8.337,Urban,1248.4,66.7,City_Core,16,8.0,6,3.0,0.6876,0.3562,1.25,0.5219,False,MP,35,0,0,0,0,False,,0,59647,134,41,0.0454,OSRM+JhelumBridge,False,Year_Round,False,False,False,False,54.9,457.3,0.0,364.0,0.0,Red_NoCapacity,56.4,True,3636.0,29727.0,0.122,True,434477.0,0.141,route_maps_kashmir/TRK-040.html
SRSR10105060,R0032,Sora to LD,MERGED_INTO_TRUNK,FDR-114,LPV / Tempo,10.099,Urban,682.4,80.8,City_Core,20,10.0,8,4.0,0.9721,0.5242,1.25,0.7482,True,HP,20,0,0,0,0,False,,0,95384,256,75,0.1554,OSRM,False,Year_Round,False,False,False,False,96.0,969.5,0.0,156.0,0.0,Red_NoCapacity,55.9,True,1556.0,63018.0,0.025,False,921029.0,0.177,route_maps_kashmir/FDR-114.html
BGSR02102143-01,R0033,Parimpora to Rawalpora,RETAINED_AS_FEEDER,FDR-006,,14.409,Urban,938.3,115.3,City_Core,28,14.0,11,5.5,0.642,0.1392,0.75,0.3906,False,MP,35,5,0,5,0,False,,11337,97796,210,33,0.0999,OSRM,False,Year_Round,False,False,False,False,54.9,790.4,1457.0,173.0,0.119,Amber_Under,80.6,True,1729.0,51378.0,0.034,True,750915.0,0.147,route_maps_kashmir/FDR-006.html
BGSR02102143-02,R0034,Parimpora to Rawalpora,MERGED_INTO_TRUNK,FDR-006,Private Minibus,14.409,Urban,938.3,115.3,City_Core,28,14.0,11,5.5,0.642,0.1392,1.25,0.3906,False,MP,35,0,0,0,0,False,,0,97796,210,33,0.0999,OSRM,False,Year_Round,False,False,False,False,54.9,790.4,0.0,173.0,0.0,Red_NoCapacity,80.6,True,1729.0,51378.0,0.034,True,750915.0,0.147,route_maps_kashmir/FDR-006.html
BGSR02102143-03,R0035,Parimpora to Rawalpora,RETAINED_AS_FEEDER,FDR-008,,14.409,Urban,938.3,115.3,City_Core,28,14.0,11,5.5,0.642,0.1392,0.75,0.3906,False,MP,35,5,0,0,5,False,,11337,97796,210,33,0.0999,OSRM,False,Year_Round,False,False,False,False,54.9,790.4,833.0,173.0,0.208,Amber_Under,80.6,True,1729.0,51378.0,0.034,True,750915.0,0.147,route_maps_kashmir/FDR-008.html
SRSR10105860-08,R0036,Soura to LD,MERGED_INTO_TRUNK,TRK-044,LPV / Tempo,7.137,Urban,524.1,57.1,City_Core,14,7.0,8,4.0,1.0,0.5038,1.25,0.7519,True,HP,20,0,0,0,0,False,,0,71085,212,59,0.1488,OSRM,False,Year_Round,False,False,False,False,96.0,685.2,0.0,146.0,0.0,Red_NoCapacity,44.0,False,1462.0,44535.0,0.033,False,650894.0,0.159,route_maps_kashmir/TRK-044.html
SRSR10103406,R0037,Lalbazar to Qamarwari,RETAINED_AS_FEEDER,FDR-101,,8.695,Urban,1126.1,69.6,City_Core,17,8.5,12,6.0,0.9883,0.3605,0.75,0.6744,False,HP,20,5,0,5,0,False,,11785,83258,172,52,0.1112,OSRM+JhelumBridge,False,Year_Round,False,False,False,False,96.0,834.7,2414.0,283.0,0.117,Amber_Under,50.3,True,2825.0,54257.0,0.052,True,792984.0,0.153,route_maps_kashmir/FDR-101.html
SRSR10104446-01,R0038,Safakadal to SMHS,RETAINED_AS_FEEDER,FDR-345,,1.579,Urban,163.2,12.6,City_Core,3,1.5,4,2.0,1.0,1.0,0.75,1.0,True,HP,20,2,0,0,2,False,,51299,18965,9,26,0.0127,OSRM,False,Year_Round,False,True,True,False,96.0,151.6,3048.0,901.0,0.296,Amber_Under,21.8,False,9012.0,9853.0,0.915,False,144005.0,1.0,route_maps_kashmir/FDR-345.html
SRSR10105846-01,R0039,Soura to SMHS,UPGRADED_TO_TRUNK,TRK-044,,7.687,Urban,559.6,61.5,City_Core,15,7.5,6,3.0,1.0,0.6008,1.25,0.8004,False,HP,20,5,0,5,0,False,,14266,75598,129,75,0.1177,OSRM,False,Year_Round,False,True,True,False,96.0,738.0,2732.0,323.0,0.118,Amber_Under,46.2,True,3231.0,47967.0,0.067,True,701054.0,0.185,route_maps_kashmir/TRK-044.html
SRSR10105846-02,R0040,Soura to SMHS,MERGED_INTO_TRUNK,TRK-044,Private Minibus,7.687,Urban,559.6,61.5,City_Core,15,7.5,6,3.0,1.0,0.6008,1.25,0.8004,False,HP,20,0,0,0,0,False,,0,75598,129,75,0.1177,OSRM,False,Year_Round,False,False,False,False,96.0,738.0,0.0,323.0,0.0,Red_NoCapacity,46.2,True,3231.0,47967.0,0.067,True,701054.0,0.185,route_maps_kashmir/TRK-044.html
SRBG10025821-02,R0041,Soura to Parimpora,RETAINED_AS_FEEDER,FDR-121,,12.845,Urban,926.8,102.8,City_Core,25,12.5,20,10.0,0.7944,0.3395,0.75,0.567,False,MP,35,4,0,4,0,False,,10064,102944,249,74,0.1604,OSRM,False,Year_Round,False,False,False,False,54.9,704.6,1307.0,96.0,0.073,Amber_Under,74.4,True,956.0,45802.0,0.021,True,669408.0,0.131,route_maps_kashmir/FDR-121.html
BGSR02102161-02,R0042,Parimpora to Saidakadal,MERGED_INTO_TRUNK,TRK-045,Private Minibus,14.067,Urban,1375.0,112.5,City_Core,28,14.0,4,2.0,0.8285,0.4179,1.25,0.6232,False,HP,20,0,0,0,0,False,,0,116598,342,68,0.1865,OSRM+JhelumBridge,False,Year_Round,False,False,False,False,96.0,1350.4,0.0,119.0,0.0,Red_NoCapacity,71.8,True,1186.0,87778.0,0.014,True,1282910.0,0.108,route_maps_kashmir/TRK-045.html
SRSR10105806,R0043,Soura to Qamarwari,UPGRADED_TO_TRUNK,TRK-039,,9.3,Urban,818.9,74.4,City_Core,18,9.0,19,9.5,0.6482,0.2422,1.25,0.4452,False,MP,35,4,0,4,0,False,,9214,63584,168,41,0.0461,OSRM,False,Year_Round,False,False,False,False,54.9,510.2,1806.0,304.0,0.169,Amber_Under,60.2,True,3045.0,33161.0,0.092,True,484663.0,0.12,route_maps_kashmir/TRK-039.html
SRSR10105846-03,R0044,Soura to SMHS,MERGED_INTO_TRUNK,TRK-044,Private Minibus,7.687,Urban,559.6,61.5,City_Core,15,7.5,6,3.0,1.0,0.6008,1.25,0.8004,False,HP,20,0,0,0,0,False,,0,75598,129,75,0.1177,OSRM,False,Year_Round,False,False,False,False,96.0,738.0,0.0,323.0,0.0,Red_NoCapacity,46.2,True,3231.0,47967.0,0.067,True,701054.0,0.185,route_maps_kashmir/TRK-044.html
SRSP10090619,R0045,Qamarwari to Pathachowk,RETAINED_AS_FEEDER,FDR-249,,19.719,Peri_Urban,1705.8,98.6,City_Core,39,19.5,11,5.5,0.5686,0.2793,0.75,0.424,False,MP,35,4,0,4,0,False,,11015,122169,270,67,0.2028,OSRM+JhelumBridge,False,Year_Round,False,False,False,False,54.9,1081.7,1363.0,66.0,0.049,Amber_Under,72.3,True,662.0,70312.0,0.009,True,1027642.0,0.143,route_maps_kashmir/FDR-249.html
SRSR10105860-09,R0046,Soura to LD,MERGED_INTO_TRUNK,FDR-070,Private Minibus,10.099,Urban,682.4,80.8,City_Core,20,10.0,8,4.0,0.9721,0.5242,1.25,0.7482,True,HP,20,0,0,0,0,False,,0,95384,256,75,0.1554,OSRM,False,Year_Round,False,False,False,False,96.0,969.5,0.0,156.0,0.0,Red_NoCapacity,55.9,True,1556.0,63018.0,0.025,False,921029.0,0.177,route_maps_kashmir/FDR-070.html
SRSR10103460-02,R0047,Lalbazar to LD,MERGED_INTO_TRUNK,FDR-078,Private Minibus,10.261,Urban,1115.0,82.1,City_Core,20,10.0,7,3.5,0.959,0.5043,1.25,0.7316,True,HP,20,0,0,0,0,False,,0,95836,295,72,0.1419,OSRM+JhelumBridge,False,Year_Round,False,False,False,False,96.0,985.1,0.0,149.0,0.0,Red_NoCapacity,56.6,True,1486.0,64029.0,0.023,False,935803.0,0.154,route_maps_kashmir/FDR-078.html
SRSR10100615-01,R0048,Qamarwari to Dalgate,RETAINED_AS_FEEDER,FDR-108,,8.844,Urban,1139.6,70.8,City_Core,17,8.5,13,6.5,0.885,0.3521,0.75,0.6186,False,HP,20,5,0,5,0,False,,7591,77329,248,42,0.1002,OSRM+JhelumBridge,False,Year_Round,False,False,False,False,96.0,849.0,2373.0,202.0,0.085,Amber_Under,50.9,True,2020.0,55187.0,0.037,True,806573.0,0.099,route_maps_kashmir/FDR-108.html
SRSR10101860-02,R0049,Hazratbal to LD,MERGED_INTO_TRUNK,FDR-123,Private Minibus,8.251,Urban,1283.5,66.0,City_Core,16,8.0,10,5.0,0.6412,0.2912,1.25,0.4662,True,MP,35,0,0,0,0,False,,0,55948,193,34,0.1245,OSRM+JhelumBridge,False,Year_Round,False,False,False,False,54.9,452.6,0.0,86.0,0.0,Red_NoCapacity,56.0,True,864.0,29421.0,0.029,False,429995.0,0.138,route_maps_kashmir/FDR-123.html
SRSR10101860-03,R0050,Hazratbal to LD,MERGED_INTO_TRUNK,FDR-123,Private Minibus,8.251,Urban,1283.5,66.0,City_Core,16,8.0,10,5.0,0.6412,0.2912,1.25,0.4662,True,MP,35,0,0,0,0,False,,0,55948,193,34,0.1245,OSRM+JhelumBridge,False,Year_Round,False,False,False,False,54.9,452.6,0.0,86.0,0.0,Red_NoCapacity,56.0,True,864.0,29421.0,0.029,False,429995.0,0.138,route_maps_kashmir/FDR-123.html
SRSR10100615-02,R0051,Qamarwari to Dalgate,MERGED_INTO_TRUNK,FDR-108,Private Minibus,8.844,Urban,1139.6,70.8,City_Core,17,8.5,13,6.5,0.885,0.3521,1.25,0.6186,False,HP,20,0,0,0,0,False,,0,77329,248,42,0.1002,OSRM+JhelumBridge,False,Year_Round,False,False,False,False,96.0,849.0,0.0,202.0,0.0,Red_NoCapacity,50.9,True,2020.0,55187.0,0.037,True,806573.0,0.099,route_maps_kashmir/FDR-108.html
SRSR10104446-02,R0052,Safakadal to SMHS,RETAINED_AS_FEEDER,FDR-346,,1.579,Urban,163.2,12.6,City_Core,3,1.5,4,2.0,1.0,1.0,0.75,1.0,True,HP,20,2,0,2,0,False,,51299,18965,9,26,0.0127,OSRM,False,Year_Round,False,True,True,False,96.0,151.6,5333.0,901.0,0.169,Amber_Under,21.8,False,9012.0,9853.0,0.915,False,144005.0,1.0,route_maps_kashmir/FDR-346.html
SRBG10026121-01,R0053,Saidakadal to Parimpora,RETAINED_AS_FEEDER,FDR-203,,14.556,Urban,1441.1,116.4,City_Core,29,14.5,11,5.5,0.7935,0.3798,0.75,0.5866,False,HP,20,7,0,7,0,False,,8298,116554,342,63,0.1796,OSRM+JhelumBridge,False,Year_Round,False,False,False,False,96.0,1397.4,2021.0,123.0,0.061,Amber_Under,73.7,True,1232.0,90829.0,0.014,True,1327507.0,0.108,route_maps_kashmir/FDR-203.html
SRSR10104446-03,R0054,Safakadal to SMHS,MERGED_INTO_TRUNK,FDR-346,Private Minibus,1.579,Urban,163.2,12.6,City_Core,3,1.5,4,2.0,1.0,1.0,1.25,1.0,True,HP,20,0,0,0,0,False,,0,18965,9,26,0.0127,OSRM,False,Year_Round,False,False,False,False,96.0,151.6,0.0,901.0,0.0,Red_NoCapacity,21.8,False,9012.0,9853.0,0.915,False,144005.0,1.0,route_maps_kashmir/FDR-346.html
SRSR10104446-04,R0055,Safakadal to SMHS,MERGED_INTO_TRUNK,FDR-346,Private Minibus,1.579,Urban,163.2,12.6,City_Core,3,1.5,4,2.0,1.0,1.0,1.25,1.0,True,HP,20,0,0,0,0,False,,0,18965,9,26,0.0127,OSRM,False,Year_Round,False,False,False,False,96.0,151.6,0.0,901.0,0.0,Red_NoCapacity,21.8,False,9012.0,9853.0,0.915,False,144005.0,1.0,route_maps_kashmir/FDR-346.html
SRSR10104446-05,R0056,Safakadal to SMHS,MERGED_INTO_TRUNK,FDR-346,Private Minibus,1.579,Urban,163.2,12.6,City_Core,3,1.5,4,2.0,1.0,1.0,1.25,1.0,True,HP,20,0,0,0,0,False,,0,18965,9,26,0.0127,OSRM,False,Year_Round,False,False,False,False,96.0,151.6,0.0,901.0,0.0,Red_NoCapacity,21.8,False,9012.0,9853.0,0.915,False,144005.0,1.0,route_maps_kashmir/FDR-346.html
SRBG10023421-01,R0057,Lalbazar to Parimpora,RETAINED_AS_FEEDER,FDR-125,,12.646,Urban,1535.3,101.2,City_Core,25,12.5,27,13.5,0.7865,0.2771,0.75,0.5318,False,MP,35,4,0,4,0,False,,10506,100546,233,59,0.1398,OSRM+JhelumBridge,False,Year_Round,False,False,False,False,54.9,693.7,1328.0,114.0,0.086,Amber_Under,73.6,True,1145.0,45092.0,0.025,True,659037.0,0.137,route_maps_kashmir/FDR-125.html
BGSR02102143-04,R0058,Parimpora to Rawalpora,MERGED_INTO_TRUNK,FDR-006,Private Minibus,12.637,Urban,676.8,89.8,City_Core,25,12.5,7,3.5,0.6172,0.14,1.25,0.3786,False,MP,35,0,0,0,0,False,,0,83239,198,30,0.1377,OSRM,False,Year_Round,False,False,False,False,54.9,693.2,0.0,113.0,0.0,Red_NoCapacity,67.9,True,1132.0,45060.0,0.025,True,658568.0,0.133,route_maps_kashmir/FDR-006.html
BGSR02102118-02,R0059,Parimpora to Hazratbal,MERGED_INTO_TRUNK,TRK-043,Private Minibus,16.104,Peri_Urban,1713.6,80.5,City_Core,32,16.0,22,11.0,0.6766,0.2053,1.25,0.441,False,MP,35,0,0,0,0,False,,0,113789,288,53,0.1026,OSRM+JhelumBridge,False,Year_Round,False,False,False,False,54.9,883.4,0.0,114.0,0.0,Red_NoCapacity,63.2,True,1143.0,57422.0,0.02,True,839248.0,0.125,route_maps_kashmir/TRK-043.html
SRBG10023421-02,R0060,Lalbazar to Parimpora,MERGED_INTO_TRUNK,FDR-125,Private Minibus,12.646,Urban,1535.3,101.2,City_Core,25,12.5,27,13.5,0.7865,0.2771,1.25,0.5318,False,MP,35,0,0,0,0,False,,0,100546,233,59,0.1398,OSRM+JhelumBridge,False,Year_Round,False,False,False,False,54.9,693.7,0.0,114.0,0.0,Red_NoCapacity,73.6,True,1145.0,45092.0,0.025,True,659037.0,0.137,route_maps_kashmir/FDR-125.html
SRBG10023421-03,R0061,Lalbazar to Parimpora,MERGED_INTO_TRUNK,FDR-125,Private Minibus,12.646,Urban,1535.3,101.2,City_Core,25,12.5,27,13.5,0.7865,0.2771,1.25,0.5318,False,MP,35,0,0,0,0,False,,0,100546,233,59,0.1398,OSRM+JhelumBridge,False,Year_Round,False,False,False,False,54.9,693.7,0.0,114.0,0.0,Red_NoCapacity,73.6,True,1145.0,45092.0,0.025,True,659037.0,0.137,route_maps_kashmir/FDR-125.html
SRBG10023421-04,R0062,Lalbazar to Parimpora,MERGED_INTO_TRUNK,FDR-125,Private Minibus,12.646,Urban,1535.3,101.2,City_Core,25,12.5,27,13.5,0.7865,0.2771,1.25,0.5318,False,MP,35,0,0,0,0,False,,0,100546,233,59,0.1398,OSRM+JhelumBridge,False,Year_Round,False,False,False,False,54.9,693.7,0.0,114.0,0.0,Red_NoCapacity,73.6,True,1145.0,45092.0,0.025,True,659037.0,0.137,route_maps_kashmir/FDR-125.html
BGBG02022106-04,R0063,Parimpora to Chadora,MERGED_INTO_TRUNK,FDR-041,Private Minibus,25.928,Peri_Urban,1186.3,129.6,City_Core,51,25.5,7,3.5,0.1556,0.0148,1.25,0.0852,False,LP,35,0,0,0,0,False,,0,74417,170,12,0.0671,OSRM,False,Year_Round,False,False,False,False,54.9,1422.3,0.0,194.0,0.0,Red_NoCapacity,87.8,True,1936.0,92452.0,0.021,True,1351219.0,0.139,route_maps_kashmir/FDR-041.html
SRBG10023421-05,R0064,Lalbazar to Parimpora,MERGED_INTO_TRUNK,FDR-125,Private Minibus,12.646,Urban,1535.3,101.2,City_Core,25,12.5,27,13.5,0.7865,0.2771,1.25,0.5318,False,MP,35,0,0,0,0,False,,0,100546,233,59,0.1398,OSRM+JhelumBridge,False,Year_Round,False,False,False,False,54.9,693.7,0.0,114.0,0.0,Red_NoCapacity,73.6,True,1145.0,45092.0,0.025,True,659037.0,0.137,route_maps_kashmir/FDR-125.html
SRBG10023421-06,R0065,Lalbazar to Parimpora,MERGED_INTO_TRUNK,FDR-125,Private Minibus,12.646,Urban,1535.3,101.2,City_Core,25,12.5,27,13.5,0.7865,0.2771,1.25,0.5318,False,MP,35,0,0,0,0,False,,0,100546,233,59,0.1398,OSRM+JhelumBridge,False,Year_Round,False,False,False,False,54.9,693.7,0.0,114.0,0.0,Red_NoCapacity,73.6,True,1145.0,45092.0,0.025,True,659037.0,0.137,route_maps_kashmir/FDR-125.html
SRSR10100618,R0066,Qamarwari to Hazratbal,RETAINED_AS_FEEDER,FDR-136,,14.081,Urban,1561.8,112.6,City_Core,28,14.0,15,7.5,0.699,0.2658,0.75,0.4824,False,MP,35,5,0,5,0,False,,10754,102032,231,56,0.0956,OSRM+JhelumBridge,False,Year_Round,False,False,False,False,54.9,772.4,1492.0,171.0,0.115,Amber_Under,79.3,True,1713.0,50209.0,0.034,True,733821.0,0.14,route_maps_kashmir/FDR-136.html
SRBG10023421-07,R0067,Lalbazar to Parimpora,RETAINED_AS_FEEDER,FDR-131,,12.646,Urban,1535.3,101.2,City_Core,25,12.5,27,13.5,0.7865,0.2771,0.75,0.5318,False,MP,35,4,0,0,4,False,,10506,100546,233,59,0.1398,OSRM+JhelumBridge,False,Year_Round,False,False,False,False,54.9,693.7,759.0,114.0,0.151,Amber_Under,73.6,True,1145.0,45092.0,0.025,True,659037.0,0.137,route_maps_kashmir/FDR-131.html
SRBG10023421-08,R0068,Lalbazar to Parimpora,MERGED_INTO_TRUNK,FDR-125,Private Minibus,12.646,Urban,1535.3,101.2,City_Core,25,12.5,27,13.5,0.7865,0.2771,1.25,0.5318,False,MP,35,0,0,0,0,False,,0,100546,233,59,0.1398,OSRM+JhelumBridge,False,Year_Round,False,False,False,False,54.9,693.7,0.0,114.0,0.0,Red_NoCapacity,73.6,True,1145.0,45092.0,0.025,True,659037.0,0.137,route_maps_kashmir/FDR-125.html
BGBG02022123-01,R0069,Parimpora to Rangrath,RETAINED_AS_FEEDER,FDR-046,,19.812,Peri_Urban,981.1,99.1,City_Core,39,19.5,8,4.0,0.3498,0.0947,0.75,0.2222,False,LP,35,4,0,4,0,False,,10801,87853,198,35,0.1329,OSRM,False,Year_Round,False,False,False,False,54.9,1086.8,1356.0,99.0,0.073,Amber_Under,72.6,True,991.0,70644.0,0.014,True,1032488.0,0.14,route_maps_kashmir/FDR-046.html
SRGB10056102-01,R0070,Saidakadal to Bypass,RETAINED_AS_FEEDER,FDR-193,,13.28,Urban,1334.6,106.2,City_Core,26,13.0,7,3.5,0.8094,0.4253,0.75,0.6174,False,HP,20,7,0,0,7,False,,8116,108026,324,62,0.1425,OSRM+JhelumBridge,False,Year_Round,False,False,False,False,96.0,1274.9,1266.0,152.0,0.12,Amber_Under,68.6,True,1519.0,82867.0,0.018,True,1211136.0,0.105,route_maps_kashmir/FDR-193.html
SRGB10056102-02,R0071,Saidakadal to Bypass,RETAINED_AS_FEEDER,FDR-194,,13.28,Urban,1334.6,106.2,City_Core,26,13.0,7,3.5,0.8094,0.4253,0.75,0.6174,False,HP,20,7,0,7,0,False,,8116,108026,324,62,0.1425,OSRM+JhelumBridge,False,Year_Round,False,False,False,False,96.0,1274.9,2215.0,152.0,0.069,Amber_Under,68.6,True,1519.0,82867.0,0.018,True,1211136.0,0.105,route_maps_kashmir/FDR-194.html
BGBG02022123-02,R0072,Parimpora to Rangrath,MERGED_INTO_TRUNK,FDR-046,Private Minibus,19.812,Peri_Urban,981.1,99.1,City_Core,39,19.5,8,4.0,0.3498,0.0947,1.25,0.2222,False,LP,35,0,0,0,0,False,,0,87853,198,35,0.1329,OSRM,False,Year_Round,False,False,False,False,54.9,1086.8,0.0,99.0,0.0,Red_NoCapacity,72.6,True,991.0,70644.0,0.014,True,1032488.0,0.14,route_maps_kashmir/FDR-046.html
BGBG02022123-03,R0073,Parimpora to Rangrath,MERGED_INTO_TRUNK,FDR-046,Private Minibus,19.812,Peri_Urban,981.1,99.1,City_Core,39,19.5,8,4.0,0.3498,0.0947,1.25,0.2222,False,LP,35,0,0,0,0,False,,0,87853,198,35,0.1329,OSRM,False,Year_Round,False,False,False,False,54.9,1086.8,0.0,99.0,0.0,Red_NoCapacity,72.6,True,991.0,70644.0,0.014,True,1032488.0,0.14,route_maps_kashmir/FDR-046.html
SRSR10100840-01,R0074,Batamallo to Pantha Chowk,UPGRADED_TO_TRUNK,SSCL-04,,17.436,Peri_Urban,1539.8,87.2,Peri_Urban,34,17.0,7,3.5,0.4598,0.0926,1.25,0.2762,False,HP,15,7,0,7,0,True,SSCL-04,13603,92763,166,29,0.122,OSRM+JhelumBridge,False,Year_Round,False,True,False,True,128.0,2231.8,2697.0,317.0,0.118,Amber_Under,56.6,True,3171.0,145068.0,0.022,True,66954.0,0.177,route_maps_kashmir/SSCL-04.html
BGBG02022123-04,R0075,Parimpora to Rangrath,MERGED_INTO_TRUNK,FDR-046,Private Minibus,19.812,Peri_Urban,981.1,99.1,City_Core,39,19.5,8,4.0,0.3498,0.0947,1.25,0.2222,False,LP,35,0,0,0,0,False,,0,87853,198,35,0.1329,OSRM,False,Year_Round,False,False,False,False,54.9,1086.8,0.0,99.0,0.0,Red_NoCapacity,72.6,True,991.0,70644.0,0.014,True,1032488.0,0.14,route_maps_kashmir/FDR-046.html
BGSR02102143-05,R0076,Parimpora to Rawalpora,MERGED_INTO_TRUNK,FDR-006,Private Minibus,12.637,Urban,676.8,89.8,City_Core,25,12.5,7,3.5,0.6172,0.14,1.25,0.3786,False,MP,35,0,0,0,0,False,,0,83239,198,30,0.1377,OSRM,False,Year_Round,False,False,False,False,54.9,693.2,0.0,113.0,0.0,Red_NoCapacity,67.9,True,1132.0,45060.0,0.025,True,658568.0,0.133,route_maps_kashmir/FDR-006.html
SRSR10100840-02,R0077,Batamallo to Pantha Chowk,UPGRADED_TO_TRUNK,SSCL-04,,17.436,Peri_Urban,1539.8,87.2,Peri_Urban,34,17.0,7,3.5,0.4598,0.0926,1.25,0.2762,False,HP,15,7,0,7,0,True,SSCL-04,13603,92763,166,29,0.122,OSRM+JhelumBridge,False,Year_Round,False,True,False,True,128.0,2231.8,2697.0,317.0,0.118,Amber_Under,56.6,True,3171.0,145068.0,0.022,True,66954.0,0.177,route_maps_kashmir/SSCL-04.html
SRSR10100840-03,R0078,Batamallo to Pantha Chowk,UPGRADED_TO_TRUNK,SSCL-04,,17.436,Peri_Urban,1539.8,87.2,Peri_Urban,34,17.0,7,3.5,0.4598,0.0926,1.25,0.2762,False,HP,15,7,0,7,0,True,SSCL-04,13603,92763,166,29,0.122,OSRM+JhelumBridge,False,Year_Round,False,True,False,True,128.0,2231.8,2697.0,317.0,0.118,Amber_Under,56.6,True,3171.0,145068.0,0.022,True,66954.0,0.177,route_maps_kashmir/SSCL-04.html
BGBG02022123-05,R0079,Parimpora to Rangrath,MERGED_INTO_TRUNK,FDR-046,Private Minibus,19.812,Peri_Urban,981.1,99.1,City_Core,39,19.5,8,4.0,0.3498,0.0947,1.25,0.2222,False,LP,35,0,0,0,0,False,,0,87853,198,35,0.1329,OSRM,False,Year_Round,False,False,False,False,54.9,1086.8,0.0,99.0,0.0,Red_NoCapacity,72.6,True,991.0,70644.0,0.014,True,1032488.0,0.14,route_maps_kashmir/FDR-046.html
SRSR10100840-04,R0080,Batamallo to Pantha Chowk,UPGRADED_TO_TRUNK,SSCL-04,,13.366,Urban,1297.1,101.8,Peri_Urban,26,13.0,6,3.0,0.5874,0.2875,1.25,0.4374,False,HP,15,9,0,9,0,True,SSCL-04,9978,84840,207,53,0.2085,OSRM+JhelumBridge,False,Year_Round,False,True,False,True,128.0,1710.8,2971.0,170.0,0.057,Amber_Under,63.9,True,1701.0,111205.0,0.015,True,51325.0,0.13,route_maps_kashmir/SSCL-04.html
SRSR10100840-05,R0081,Batamallo to Pantha Chowk,UPGRADED_TO_TRUNK,SSCL-04,,13.366,Urban,1297.1,101.8,Peri_Urban,26,13.0,6,3.0,0.5874,0.2875,1.25,0.4374,False,HP,15,9,0,9,0,True,SSCL-04,9978,84840,207,53,0.2085,OSRM+JhelumBridge,False,Year_Round,False,True,False,True,128.0,1710.8,2971.0,170.0,0.057,Amber_Under,63.9,True,1701.0,111205.0,0.015,True,51325.0,0.13,route_maps_kashmir/SSCL-04.html
SRSR10100840-06,R0082,Batamallo to Pantha Chowk,UPGRADED_TO_TRUNK,SSCL-04,,13.366,Urban,1297.1,101.8,Peri_Urban,26,13.0,6,3.0,0.5874,0.2875,1.25,0.4374,False,HP,15,9,0,9,0,True,SSCL-04,9978,84840,207,53,0.2085,OSRM+JhelumBridge,False,Year_Round,False,True,False,True,128.0,1710.8,2971.0,170.0,0.057,Amber_Under,63.9,True,1701.0,111205.0,0.015,True,51325.0,0.13,route_maps_kashmir/SSCL-04.html
SRBG10023421-09,R0083,Lalbazar to Parimpora,MERGED_INTO_TRUNK,FDR-125,Private Minibus,14.237,Urban,1414.7,113.9,City_Core,28,14.0,17,8.5,0.8459,0.3504,1.25,0.5982,False,HP,20,0,0,0,0,False,,0,120007,274,88,0.1401,OSRM+JhelumBridge,False,Year_Round,False,False,False,False,96.0,1366.8,0.0,203.0,0.0,Red_NoCapacity,72.4,True,2029.0,88839.0,0.023,True,1298414.0,0.139,route_maps_kashmir/FDR-125.html
BGSR02102140-02,R0084,Parimpora to Panthachowk,MERGED_INTO_TRUNK,FDR-225,LPV / Tempo,21.307,Peri_Urban,1713.4,106.5,City_Core,42,21.0,5,2.5,0.5757,0.274,1.25,0.4248,False,MP,35,0,0,0,0,False,,0,133241,327,73,0.2159,OSRM+JhelumBridge,False,Year_Round,False,False,False,False,54.9,1168.8,0.0,56.0,0.0,Red_NoCapacity,76.2,True,560.0,75975.0,0.007,True,1110399.0,0.129,route_maps_kashmir/FDR-225.html
BGSR02102140-03,R0085,Parimpora to Panthachowk,MERGED_INTO_TRUNK,FDR-225,LPV / Tempo,22.227,Peri_Urban,1571.8,111.1,City_Core,44,22.0,4,2.0,0.4693,0.1071,1.25,0.2882,False,MP,35,0,0,0,0,False,,0,119941,267,41,0.1409,OSRM+JhelumBridge,False,Year_Round,False,False,False,False,54.9,1219.3,0.0,95.0,0.0,Red_NoCapacity,78.6,True,946.0,79255.0,0.012,True,1158344.0,0.142,route_maps_kashmir/FDR-225.html
BGSR02102140-04,R0086,Parimpora to Panthachowk,RETAINED_AS_FEEDER,FDR-227,,21.307,Peri_Urban,1713.4,106.5,City_Core,42,21.0,5,2.5,0.5757,0.274,0.75,0.4248,False,MP,35,5,0,5,0,False,,9921,133241,327,73,0.2159,OSRM+JhelumBridge,False,Year_Round,False,False,False,False,54.9,1168.8,1577.0,56.0,0.035,Amber_Under,76.2,True,560.0,75975.0,0.007,True,1110399.0,0.129,route_maps_kashmir/FDR-227.html
BGBG02022123-06,R0087,Parimpora to Rangrath,MERGED_INTO_TRUNK,FDR-046,Private Minibus,19.812,Peri_Urban,981.1,99.1,City_Core,39,19.5,8,4.0,0.3498,0.0947,1.25,0.2222,False,LP,35,0,0,0,0,False,,0,87853,198,35,0.1329,OSRM,False,Year_Round,False,False,False,False,54.9,1086.8,0.0,99.0,0.0,Red_NoCapacity,72.6,True,991.0,70644.0,0.014,True,1032488.0,0.14,route_maps_kashmir/FDR-046.html
BGBG02022104-05,R0088,Parimpora to Budgam,MERGED_INTO_TRUNK,FDR-320,Private Minibus,29.512,Peri_Urban,1978.5,147.6,City_Core,59,29.5,11,5.5,0.0424,0.005,1.25,0.0237,False,LP,35,0,0,0,0,False,,0,57800,166,9,0.1064,OSRM,False,Year_Round,False,False,False,False,54.9,1618.9,0.0,97.0,0.0,Red_NoCapacity,96.8,True,971.0,105231.0,0.009,True,1537997.0,0.11,route_maps_kashmir/FDR-320.html
SRSR10100615-03,R0089,Qamarwari to Dalgate,MERGED_INTO_TRUNK,FDR-108,Private Minibus,8.844,Urban,1139.6,70.8,City_Core,17,8.5,13,6.5,0.885,0.3521,1.25,0.6186,False,HP,20,0,0,0,0,False,,0,77329,248,42,0.1002,OSRM+JhelumBridge,False,Year_Round,False,False,False,False,96.0,849.0,0.0,202.0,0.0,Red_NoCapacity,50.9,True,2020.0,55187.0,0.037,True,806573.0,0.099,route_maps_kashmir/FDR-108.html
BGBG02022104-06,R0090,Parimpora to Budgam,MERGED_INTO_TRUNK,FDR-320,Private Minibus,29.512,Peri_Urban,1978.5,147.6,City_Core,59,29.5,11,5.5,0.0424,0.005,1.25,0.0237,False,LP,35,0,0,0,0,False,,0,57800,166,9,0.1064,OSRM,False,Year_Round,False,False,False,False,54.9,1618.9,0.0,97.0,0.0,Red_NoCapacity,96.8,True,971.0,105231.0,0.009,True,1537997.0,0.11,route_maps_kashmir/FDR-320.html
BGSR02102140-05,R0091,Parimpora to Panthachowk,MERGED_INTO_TRUNK,FDR-227,Private Minibus,23.396,Peri_Urban,1727.4,117.0,City_Core,46,23.0,10,5.0,0.4391,0.1007,1.25,0.2699,False,LP,35,0,0,0,0,False,,0,120559,267,41,0.1402,OSRM+JhelumBridge,False,Year_Round,False,False,False,False,54.9,1283.4,0.0,96.0,0.0,Red_NoCapacity,81.5,True,956.0,83423.0,0.011,True,1219266.0,0.143,route_maps_kashmir/FDR-227.html
SRSR10100615-04,R0092,Qamarwari to Dalgate,MERGED_INTO_TRUNK,FDR-108,Private Minibus,9.093,Urban,1103.6,72.7,City_Core,18,9.0,9,4.5,0.793,0.413,1.25,0.603,False,HP,20,0,0,0,0,False,,0,72767,242,40,0.1782,OSRM+JhelumBridge,False,Year_Round,False,False,False,False,96.0,872.9,0.0,110.0,0.0,Red_NoCapacity,51.8,True,1095.0,56740.0,0.019,True,829282.0,0.095,route_maps_kashmir/FDR-108.html
SRSR10100840-07,R0093,Batamallo to Panthachok,RETAINED_AS_FEEDER,FDR-021,,17.988,Peri_Urban,1642.6,89.9,Peri_Urban,35,17.5,11,5.5,0.4752,0.0929,0.75,0.2841,False,LP,35,4,0,4,0,False,,14362,97927,166,29,0.116,OSRM+JhelumBridge,False,Year_Round,False,False,False,False,54.9,986.8,1495.0,151.0,0.101,Amber_Under,68.0,True,1509.0,64140.0,0.024,True,937432.0,0.187,route_maps_kashmir/FDR-021.html
SRSR10103460-03,R0094,Lalbazar to LD,MERGED_INTO_TRUNK,FDR-078,Private Minibus,9.308,Urban,1072.3,74.5,City_Core,18,9.0,7,3.5,1.0,0.4872,1.25,0.7436,True,HP,20,0,0,0,0,False,,0,90006,234,62,0.1482,OSRM+JhelumBridge,False,Year_Round,False,False,False,False,96.0,893.6,0.0,168.0,0.0,Red_NoCapacity,52.8,True,1684.0,58082.0,0.029,False,848890.0,0.183,route_maps_kashmir/FDR-078.html
SRSR10103460-04,R0095,Lalbazar to LD,MERGED_INTO_TRUNK,FDR-078,Private Minibus,9.308,Urban,1072.3,74.5,City_Core,18,9.0,7,3.5,1.0,0.4872,1.25,0.7436,True,HP,20,0,0,0,0,False,,0,90006,234,62,0.1482,OSRM+JhelumBridge,False,Year_Round,False,False,False,False,96.0,893.6,0.0,168.0,0.0,Red_NoCapacity,52.8,True,1684.0,58082.0,0.029,False,848890.0,0.183,route_maps_kashmir/FDR-078.html
SRSR10103460-05,R0096,Lalbazar to LD,MERGED_INTO_TRUNK,FDR-078,Private Minibus,9.308,Urban,1072.3,74.5,City_Core,18,9.0,7,3.5,1.0,0.4872,1.25,0.7436,True,HP,20,0,0,0,0,False,,0,90006,234,62,0.1482,OSRM+JhelumBridge,False,Year_Round,False,False,False,False,96.0,893.6,0.0,168.0,0.0,Red_NoCapacity,52.8,True,1684.0,58082.0,0.029,False,848890.0,0.183,route_maps_kashmir/FDR-078.html
SRSR10105965,R0097,JVC to Batwara,RETAINED_AS_FEEDER,FDR-221,,14.66,Urban,1369.1,117.3,City_Core,29,14.5,9,4.5,0.6443,0.2877,0.75,0.466,False,MP,35,5,0,5,0,False,,8801,99772,276,56,0.1592,OSRM+JhelumBridge,False,Year_Round,False,False,False,False,54.9,804.2,1432.0,84.0,0.059,Amber_Under,81.6,True,842.0,52273.0,0.016,True,763995.0,0.114,route_maps_kashmir/FDR-221.html
SRSR10100615-05,R0098,Qamarwari to Dalgate,MERGED_INTO_TRUNK,FDR-108,Private Minibus,10.254,Urban,1176.8,82.0,City_Core,20,10.0,13,6.5,0.6711,0.3657,1.25,0.5184,False,MP,35,0,0,0,0,False,,0,71998,242,40,0.1776,OSRM+JhelumBridge,False,Year_Round,False,False,False,False,54.9,562.5,0.0,62.0,0.0,Red_NoCapacity,64.0,True,621.0,36563.0,0.017,True,534380.0,0.094,route_maps_kashmir/FDR-108.html
SRSR10100840-08,R0099,Batamallo to Panthachowk,MERGED_INTO_TRUNK,FDR-021,Private Minibus,17.436,Peri_Urban,1539.8,87.2,Peri_Urban,34,17.0,7,3.5,0.4598,0.0926,1.25,0.2762,False,MP,35,0,0,0,0,False,,0,92763,166,29,0.122,OSRM+JhelumBridge,False,Year_Round,False,False,False,False,54.9,956.5,0.0,136.0,0.0,Red_NoCapacity,66.6,True,1359.0,62172.0,0.022,True,908665.0,0.177,route_maps_kashmir/FDR-021.html
SRSR10100840-09,R0100,Batamallo to Panthachowk,MERGED_INTO_TRUNK,FDR-021,Private Minibus,17.436,Peri_Urban,1539.8,87.2,Peri_Urban,34,17.0,7,3.5,0.4598,0.0926,1.25,0.2762,False,MP,35,0,0,0,0,False,,0,92763,166,29,0.122,OSRM+JhelumBridge,False,Year_Round,False,False,False,False,54.9,956.5,0.0,136.0,0.0,Red_NoCapacity,66.6,True,1359.0,62172.0,0.022,True,908665.0,0.177,route_maps_kashmir/FDR-021.html
SRSR10100840-10,R0101,Batamallo to Panthachowk,MERGED_INTO_TRUNK,FDR-021,Private Minibus,17.436,Peri_Urban,1539.8,87.2,Peri_Urban,34,17.0,7,3.5,0.4598,0.0926,1.25,0.2762,False,MP,35,0,0,0,0,False,,0,92763,166,29,0.122,OSRM+JhelumBridge,False,Year_Round,False,False,False,False,54.9,956.5,0.0,136.0,0.0,Red_NoCapacity,66.6,True,1359.0,62172.0,0.022,True,908665.0,0.177,route_maps_kashmir/FDR-021.html
BGBG02022106-05,R0102,Parimpora to Chadora,MERGED_INTO_TRUNK,FDR-041,Private Minibus,32.777,Peri_Urban,1526.8,163.9,City_Core,65,32.5,11,5.5,0.0826,0.0075,1.25,0.0451,False,LP,35,0,0,0,0,False,,0,74808,170,12,0.0669,OSRM,False,Year_Round,False,False,False,False,54.9,1798.1,0.0,195.0,0.0,Red_NoCapacity,105.0,True,1952.0,116873.0,0.017,True,1708150.0,0.139,route_maps_kashmir/FDR-041.html
BGBG02022123-07,R0103,Parimpora to Rangrath,MERGED_INTO_TRUNK,FDR-046,Private Minibus,19.812,Peri_Urban,981.1,99.1,City_Core,39,19.5,8,4.0,0.3498,0.0947,1.25,0.2222,False,LP,35,0,0,0,0,False,,0,87853,198,35,0.1329,OSRM,False,Year_Round,False,False,False,False,54.9,1086.8,0.0,99.0,0.0,Red_NoCapacity,72.6,True,991.0,70644.0,0.014,True,1032488.0,0.14,route_maps_kashmir/FDR-046.html
SRSR10106040-01,R0104,LD to Panthachowk,RETAINED_AS_FEEDER,FDR-257,,13.344,Urban,1300.1,106.8,City_Core,26,13.0,7,3.5,0.5316,0.2403,0.75,0.386,True,MP,35,5,0,5,0,False,,7071,78707,271,41,0.209,OSRM+JhelumBridge,False,Year_Round,False,False,False,False,54.9,732.0,1573.0,52.0,0.033,Amber_Under,76.4,True,515.0,47581.0,0.011,False,695413.0,0.138,route_maps_kashmir/FDR-257.html
SRSR10106040-02,R0105,LD to Panthachowk,MERGED_INTO_TRUNK,FDR-257,Private Minibus,13.344,Urban,1300.1,106.8,City_Core,26,13.0,7,3.5,0.5316,0.2403,1.25,0.386,True,MP,35,0,0,0,0,False,,0,78707,271,41,0.209,OSRM+JhelumBridge,False,Year_Round,False,False,False,False,54.9,732.0,0.0,52.0,0.0,Red_NoCapacity,76.4,True,515.0,47581.0,0.011,False,695413.0,0.138,route_maps_kashmir/FDR-257.html
SRSR10106040-03,R0106,LD to Panthachowk,MERGED_INTO_TRUNK,FDR-257,Private Minibus,13.344,Urban,1300.1,106.8,City_Core,26,13.0,7,3.5,0.5316,0.2403,1.25,0.386,True,MP,35,0,0,0,0,False,,0,78707,271,41,0.209,OSRM+JhelumBridge,False,Year_Round,False,False,False,False,54.9,732.0,0.0,52.0,0.0,Red_NoCapacity,76.4,True,515.0,47581.0,0.011,False,695413.0,0.138,route_maps_kashmir/FDR-257.html
SRSR10101860-04,R0107,Hazratbal to LD,MERGED_INTO_TRUNK,FDR-123,Private Minibus,8.251,Urban,1283.5,66.0,City_Core,16,8.0,10,5.0,0.6412,0.2912,1.25,0.4662,True,MP,35,0,0,0,0,False,,0,55948,193,34,0.1245,OSRM+JhelumBridge,False,Year_Round,False,False,False,False,54.9,452.6,0.0,86.0,0.0,Red_NoCapacity,56.0,True,864.0,29421.0,0.029,False,429995.0,0.138,route_maps_kashmir/FDR-123.html
SRSR10101860-05,R0108,Hazratbal to LD,MERGED_INTO_TRUNK,FDR-123,Private Minibus,8.251,Urban,1283.5,66.0,City_Core,16,8.0,10,5.0,0.6412,0.2912,1.25,0.4662,True,MP,35,0,0,0,0,False,,0,55948,193,34,0.1245,OSRM+JhelumBridge,False,Year_Round,False,False,False,False,54.9,452.6,0.0,86.0,0.0,Red_NoCapacity,56.0,True,864.0,29421.0,0.029,False,429995.0,0.138,route_maps_kashmir/FDR-123.html
SRSR10100840-11,R0109,Batamallo to Panthachowk,MERGED_INTO_TRUNK,FDR-021,Private Minibus,17.436,Peri_Urban,1539.8,87.2,Peri_Urban,34,17.0,7,3.5,0.4598,0.0926,1.25,0.2762,False,MP,35,0,0,0,0,False,,0,92763,166,29,0.122,OSRM+JhelumBridge,False,Year_Round,False,False,False,False,54.9,956.5,0.0,136.0,0.0,Red_NoCapacity,66.6,True,1359.0,62172.0,0.022,True,908665.0,0.177,route_maps_kashmir/FDR-021.html
SRSR10100840-12,R0110,Batamallo to Panthachowk,MERGED_INTO_TRUNK,FDR-021,Private Minibus,17.436,Peri_Urban,1539.8,87.2,Peri_Urban,34,17.0,7,3.5,0.4598,0.0926,1.25,0.2762,False,MP,35,0,0,0,0,False,,0,92763,166,29,0.122,OSRM+JhelumBridge,False,Year_Round,False,False,False,False,54.9,956.5,0.0,136.0,0.0,Red_NoCapacity,66.6,True,1359.0,62172.0,0.022,True,908665.0,0.177,route_maps_kashmir/FDR-021.html
BGBG02022106-06,R0111,Parimpora to Chadora,MERGED_INTO_TRUNK,FDR-041,Private Minibus,25.928,Peri_Urban,1186.3,129.6,City_Core,51,25.5,7,3.5,0.1556,0.0148,1.25,0.0852,False,LP,35,0,0,0,0,False,,0,74417,170,12,0.0671,OSRM,False,Year_Round,False,False,False,False,54.9,1422.3,0.0,194.0,0.0,Red_NoCapacity,87.8,True,1936.0,92452.0,0.021,True,1351219.0,0.139,route_maps_kashmir/FDR-041.html
BGSR02102140-06,R0112,Parimpora to Panthachowk,MERGED_INTO_TRUNK,FDR-227,Private Minibus,21.307,Peri_Urban,1713.4,106.5,City_Core,42,21.0,5,2.5,0.5757,0.274,1.25,0.4248,False,MP,35,0,0,0,0,False,,0,133241,327,73,0.2159,OSRM+JhelumBridge,False,Year_Round,False,False,False,False,54.9,1168.8,0.0,56.0,0.0,Red_NoCapacity,76.2,True,560.0,75975.0,0.007,True,1110399.0,0.129,route_maps_kashmir/FDR-227.html
SRSR10104060-01,R0113,Panthachowk to LD,RETAINED_AS_FEEDER,FDR-255,,12.905,Urban,1246.8,103.2,City_Core,25,12.5,5,2.5,0.5408,0.2478,0.75,0.3943,True,MP,35,4,0,4,0,False,,6923,77073,271,41,0.2029,OSRM+JhelumBridge,False,Year_Round,False,False,False,False,54.9,707.9,1302.0,52.0,0.04,Amber_Under,74.6,True,520.0,46016.0,0.011,False,672535.0,0.135,route_maps_kashmir/FDR-255.html
SRSR10104060-02,R0114,Panthachowk to LD,MERGED_INTO_TRUNK,FDR-255,Private Minibus,12.905,Urban,1246.8,103.2,City_Core,25,12.5,5,2.5,0.5408,0.2478,1.25,0.3943,True,MP,35,0,0,0,0,False,,0,77073,271,41,0.2029,OSRM+JhelumBridge,False,Year_Round,False,False,False,False,54.9,707.9,0.0,52.0,0.0,Red_NoCapacity,74.6,True,520.0,46016.0,0.011,False,672535.0,0.135,route_maps_kashmir/FDR-255.html
BGSR02102140-07,R0115,Parimpora to Panthachowk,MERGED_INTO_TRUNK,FDR-227,Private Minibus,21.307,Peri_Urban,1713.4,106.5,City_Core,42,21.0,5,2.5,0.5757,0.274,1.25,0.4248,False,MP,35,0,0,0,0,False,,0,133241,327,73,0.2159,OSRM+JhelumBridge,False,Year_Round,False,False,False,False,54.9,1168.8,0.0,56.0,0.0,Red_NoCapacity,76.2,True,560.0,75975.0,0.007,True,1110399.0,0.129,route_maps_kashmir/FDR-227.html
SRBG10022504,R0116,Parimpora to Jawahairnagar,RETAINED_AS_FEEDER,FDR-205,,12.642,Urban,1381.8,101.1,City_Core,25,12.5,12,6.0,0.7959,0.302,0.75,0.549,True,MP,35,4,0,4,0,False,,7720,101463,320,49,0.1521,OSRM+JhelumBridge,False,Year_Round,False,False,False,False,54.9,693.5,1329.0,77.0,0.058,Amber_Under,73.6,True,773.0,45078.0,0.017,False,658829.0,0.15,route_maps_kashmir/FDR-205.html
SRSR10100615-06,R0117,Qamarwari to Dalgate,RETAINED_AS_FEEDER,FDR-111,,8.844,Urban,1139.6,70.8,City_Core,17,8.5,13,6.5,0.885,0.3521,0.75,0.6186,False,HP,20,5,0,0,5,False,,7591,77329,248,42,0.1002,OSRM+JhelumBridge,False,Year_Round,False,False,False,False,96.0,849.0,1356.0,202.0,0.149,Amber_Under,50.9,True,2020.0,55187.0,0.037,True,806573.0,0.099,route_maps_kashmir/FDR-111.html
SRSR10105825,R0118,Parimpora to Jawahairnagar,MERGED_INTO_TRUNK,FDR-205,Private Minibus,12.642,Urban,1381.8,101.1,City_Core,25,12.5,12,6.0,0.7959,0.302,1.25,0.549,True,MP,35,0,0,0,0,False,,0,101463,320,49,0.1521,OSRM+JhelumBridge,False,Year_Round,False,False,False,False,54.9,693.5,0.0,77.0,0.0,Red_NoCapacity,73.6,True,773.0,45078.0,0.017,False,658829.0,0.15,route_maps_kashmir/FDR-205.html
SRSR10100605,R0119,Qamarwari to Baghi Mehtab,RETAINED_AS_FEEDER,FDR-009,,13.166,Urban,1293.8,105.3,City_Core,26,13.0,17,8.5,0.6369,0.1323,0.75,0.3846,False,MP,35,5,0,5,0,False,,14811,88820,146,30,0.1002,OSRM+JhelumBridge,False,Year_Round,False,False,False,False,54.9,722.2,1595.0,225.0,0.141,Amber_Under,75.6,True,2252.0,46946.0,0.048,True,686137.0,0.192,route_maps_kashmir/FDR-009.html
SRSR10103460-06,R0120,Lalbazar to LD,MERGED_INTO_TRUNK,FDR-078,Private Minibus,9.308,Urban,1072.3,74.5,City_Core,18,9.0,7,3.5,1.0,0.4872,1.25,0.7436,True,HP,20,0,0,0,0,False,,0,90006,234,62,0.1482,OSRM+JhelumBridge,False,Year_Round,False,False,False,False,96.0,893.6,0.0,168.0,0.0,Red_NoCapacity,52.8,True,1684.0,58082.0,0.029,False,848890.0,0.183,route_maps_kashmir/FDR-078.html
SRSR10103460-07,R0121,Lalbazar to LD,MERGED_INTO_TRUNK,FDR-078,Private Minibus,9.308,Urban,1072.3,74.5,City_Core,18,9.0,7,3.5,1.0,0.4872,1.25,0.7436,True,HP,20,0,0,0,0,False,,0,90006,234,62,0.1482,OSRM+JhelumBridge,False,Year_Round,False,False,False,False,96.0,893.6,0.0,168.0,0.0,Red_NoCapacity,52.8,True,1684.0,58082.0,0.029,False,848890.0,0.183,route_maps_kashmir/FDR-078.html
SRSR10103460-08,R0122,Lalbazar to LD,MERGED_INTO_TRUNK,FDR-078,Private Minibus,9.308,Urban,1072.3,74.5,City_Core,18,9.0,7,3.5,1.0,0.4872,1.25,0.7436,True,HP,20,0,0,0,0,False,,0,90006,234,62,0.1482,OSRM+JhelumBridge,False,Year_Round,False,False,False,False,96.0,893.6,0.0,168.0,0.0,Red_NoCapacity,52.8,True,1684.0,58082.0,0.029,False,848890.0,0.183,route_maps_kashmir/FDR-078.html
SRSR10101860-06,R0123,Hazratbal to LD,MERGED_INTO_TRUNK,FDR-123,Private Minibus,8.251,Urban,1283.5,66.0,City_Core,16,8.0,10,5.0,0.6412,0.2912,1.25,0.4662,True,MP,35,0,0,0,0,False,,0,55948,193,34,0.1245,OSRM+JhelumBridge,False,Year_Round,False,False,False,False,54.9,452.6,0.0,86.0,0.0,Red_NoCapacity,56.0,True,864.0,29421.0,0.029,False,429995.0,0.138,route_maps_kashmir/FDR-123.html
SRSR10101860-07,R0124,Hazratbal to LD,MERGED_INTO_TRUNK,FDR-123,Private Minibus,8.251,Urban,1283.5,66.0,City_Core,16,8.0,10,5.0,0.6412,0.2912,1.25,0.4662,True,MP,35,0,0,0,0,False,,0,55948,193,34,0.1245,OSRM+JhelumBridge,False,Year_Round,False,False,False,False,54.9,452.6,0.0,86.0,0.0,Red_NoCapacity,56.0,True,864.0,29421.0,0.029,False,429995.0,0.138,route_maps_kashmir/FDR-123.html
BGSR02101725,R0125,Parimpora to Jawahirnagar,MERGED_INTO_TRUNK,FDR-205,Private Minibus,12.642,Urban,1381.8,101.1,City_Core,25,12.5,12,6.0,0.7959,0.302,1.25,0.549,True,MP,35,0,0,0,0,False,,0,101463,320,49,0.1521,OSRM+JhelumBridge,False,Year_Round,False,False,False,False,54.9,693.5,0.0,77.0,0.0,Red_NoCapacity,73.6,True,773.0,45078.0,0.017,False,658829.0,0.15,route_maps_kashmir/FDR-205.html
SRSR10101860-08,R0126,Hazratbal to LD,MERGED_INTO_TRUNK,FDR-123,Private Minibus,8.251,Urban,1283.5,66.0,City_Core,16,8.0,10,5.0,0.6412,0.2912,1.25,0.4662,True,MP,35,0,0,0,0,False,,0,55948,193,34,0.1245,OSRM+JhelumBridge,False,Year_Round,False,False,False,False,54.9,452.6,0.0,86.0,0.0,Red_NoCapacity,56.0,True,864.0,29421.0,0.029,False,429995.0,0.138,route_maps_kashmir/FDR-123.html
SRSR10101860-09,R0127,Hazratbal to LD,MERGED_INTO_TRUNK,FDR-123,Private Minibus,8.251,Urban,1283.5,66.0,City_Core,16,8.0,10,5.0,0.6412,0.2912,1.25,0.4662,True,MP,35,0,0,0,0,False,,0,55948,193,34,0.1245,OSRM+JhelumBridge,False,Year_Round,False,False,False,False,54.9,452.6,0.0,86.0,0.0,Red_NoCapacity,56.0,True,864.0,29421.0,0.029,False,429995.0,0.138,route_maps_kashmir/FDR-123.html
SRSR10101860-10,R0128,Hazratbal to LD,MERGED_INTO_TRUNK,FDR-123,Private Minibus,8.251,Urban,1283.5,66.0,City_Core,16,8.0,10,5.0,0.6412,0.2912,1.25,0.4662,True,MP,35,0,0,0,0,False,,0,55948,193,34,0.1245,OSRM+JhelumBridge,False,Year_Round,False,False,False,False,54.9,452.6,0.0,86.0,0.0,Red_NoCapacity,56.0,True,864.0,29421.0,0.029,False,429995.0,0.138,route_maps_kashmir/FDR-123.html
TMP-K0129,R0129,Parimpora to Jawahirnagar,MERGED_INTO_TRUNK,FDR-205,Private Minibus,12.642,Urban,1381.8,101.1,City_Core,25,12.5,12,6.0,0.7959,0.302,1.25,0.549,True,MP,35,0,0,0,0,False,,0,101463,320,49,0.1521,OSRM+JhelumBridge,False,Year_Round,False,False,False,False,54.9,693.5,0.0,77.0,0.0,Red_NoCapacity,73.6,True,773.0,45078.0,0.017,False,658829.0,0.15,route_maps_kashmir/FDR-205.html
SRSR10100840-13,R0130,Batamallo to Panthachowk,MERGED_INTO_TRUNK,FDR-021,Private Minibus,17.436,Peri_Urban,1539.8,87.2,Peri_Urban,34,17.0,7,3.5,0.4598,0.0926,1.25,0.2762,False,MP,35,0,0,0,0,False,,0,92763,166,29,0.122,OSRM+JhelumBridge,False,Year_Round,False,False,False,False,54.9,956.5,0.0,136.0,0.0,Red_NoCapacity,66.6,True,1359.0,62172.0,0.022,True,908665.0,0.177,route_maps_kashmir/FDR-021.html
SRSR10100840-14,R0131,Batamallo to Panthachowk,MERGED_INTO_TRUNK,FDR-021,Private Minibus,17.436,Peri_Urban,1539.8,87.2,Peri_Urban,34,17.0,7,3.5,0.4598,0.0926,1.25,0.2762,False,MP,35,0,0,0,0,False,,0,92763,166,29,0.122,OSRM+JhelumBridge,False,Year_Round,False,False,False,False,54.9,956.5,0.0,136.0,0.0,Red_NoCapacity,66.6,True,1359.0,62172.0,0.022,True,908665.0,0.177,route_maps_kashmir/FDR-021.html
TMP-K0132,R0132,Parimpora to Jawahirnagar,RETAINED_AS_FEEDER,FDR-209,,12.642,Urban,1381.8,101.1,City_Core,25,12.5,12,6.0,0.7959,0.302,0.75,0.549,True,MP,35,4,0,0,4,False,,7720,101463,320,49,0.1521,OSRM+JhelumBridge,False,Year_Round,False,False,False,False,54.9,693.5,760.0,77.0,0.102,Amber_Under,73.6,True,773.0,45078.0,0.017,False,658829.0,0.15,route_maps_kashmir/FDR-209.html
BGSR02102140-08,R0133,Parimpora to Panthachowk,MERGED_INTO_TRUNK,FDR-227,Private Minibus,21.307,Peri_Urban,1713.4,106.5,City_Core,42,21.0,5,2.5,0.5757,0.274,1.25,0.4248,False,MP,35,0,0,0,0,False,,0,133241,327,73,0.2159,OSRM+JhelumBridge,False,Year_Round,False,False,False,False,54.9,1168.8,0.0,56.0,0.0,Red_NoCapacity,76.2,True,560.0,75975.0,0.007,True,1110399.0,0.129,route_maps_kashmir/FDR-227.html
SRSR10101860-11,R0134,Hazratbal to LD,MERGED_INTO_TRUNK,FDR-123,Private Minibus,8.251,Urban,1283.5,66.0,City_Core,16,8.0,10,5.0,0.6412,0.2912,1.25,0.4662,True,MP,35,0,0,0,0,False,,0,55948,193,34,0.1245,OSRM+JhelumBridge,False,Year_Round,False,False,False,False,54.9,452.6,0.0,86.0,0.0,Red_NoCapacity,56.0,True,864.0,29421.0,0.029,False,429995.0,0.138,route_maps_kashmir/FDR-123.html
SRSR10101860-12,R0135,Hazratbal to LD,MERGED_INTO_TRUNK,FDR-123,Private Minibus,8.251,Urban,1283.5,66.0,City_Core,16,8.0,10,5.0,0.6412,0.2912,1.25,0.4662,True,MP,35,0,0,0,0,False,,0,55948,193,34,0.1245,OSRM+JhelumBridge,False,Year_Round,False,False,False,False,54.9,452.6,0.0,86.0,0.0,Red_NoCapacity,56.0,True,864.0,29421.0,0.029,False,429995.0,0.138,route_maps_kashmir/FDR-123.html
SRSR10100840-15,R0136,Batamallo to Panthachowk,MERGED_INTO_TRUNK,FDR-021,Private Minibus,17.436,Peri_Urban,1539.8,87.2,Peri_Urban,34,17.0,7,3.5,0.4598,0.0926,1.25,0.2762,False,MP,35,0,0,0,0,False,,0,92763,166,29,0.122,OSRM+JhelumBridge,False,Year_Round,False,False,False,False,54.9,956.5,0.0,136.0,0.0,Red_NoCapacity,66.6,True,1359.0,62172.0,0.022,True,908665.0,0.177,route_maps_kashmir/FDR-021.html
SRSR10101860-13,R0137,Hazratbal to LD,MERGED_INTO_TRUNK,FDR-123,Private Minibus,8.251,Urban,1283.5,66.0,City_Core,16,8.0,10,5.0,0.6412,0.2912,1.25,0.4662,True,MP,35,0,0,0,0,False,,0,55948,193,34,0.1245,OSRM+JhelumBridge,False,Year_Round,False,False,False,False,54.9,452.6,0.0,86.0,0.0,Red_NoCapacity,56.0,True,864.0,29421.0,0.029,False,429995.0,0.138,route_maps_kashmir/FDR-123.html
SRSR10100615-07,R0138,Qamarwari to Dalgate,MERGED_INTO_TRUNK,FDR-108,Private Minibus,8.844,Urban,1139.6,70.8,City_Core,17,8.5,13,6.5,0.885,0.3521,1.25,0.6186,False,HP,20,0,0,0,0,False,,0,77329,248,42,0.1002,OSRM+JhelumBridge,False,Year_Round,False,False,False,False,96.0,849.0,0.0,202.0,0.0,Red_NoCapacity,50.9,True,2020.0,55187.0,0.037,True,806573.0,0.099,route_maps_kashmir/FDR-108.html
SRSR10103462-02,R0139,Lalbazar to Lalchowk,MERGED_INTO_TRUNK,FDR-090,Private Minibus,8.433,Urban,617.5,67.5,City_Core,16,8.0,11,5.5,1.0,0.4545,1.25,0.7272,True,HP,20,0,0,0,0,False,,0,83040,269,56,0.1324,OSRM,False,Year_Round,False,False,False,False,96.0,809.6,0.0,151.0,0.0,Red_NoCapacity,49.2,True,1513.0,52622.0,0.029,False,769090.0,0.146,route_maps_kashmir/FDR-090.html
SRBG10025821-03,R0140,Soura to Parimpora,MERGED_INTO_TRUNK,TRK-039,Private Minibus,11.326,Urban,779.0,90.6,City_Core,22,11.0,14,7.0,0.6429,0.2425,1.25,0.4427,False,MP,35,0,0,0,0,False,,0,76952,228,50,0.1099,OSRM,False,Year_Round,False,False,False,False,54.9,621.3,0.0,114.0,0.0,Red_NoCapacity,68.3,True,1139.0,40385.0,0.028,True,590246.0,0.107,route_maps_kashmir/TRK-039.html
BGSR02102140-09,R0141,Parimpora to Panthachowk,MERGED_INTO_TRUNK,FDR-227,Private Minibus,19.86,Peri_Urban,1695.9,99.3,City_Core,39,19.5,6,3.0,0.6011,0.2495,1.25,0.4253,False,MP,35,0,0,0,0,False,,0,128248,308,71,0.2119,OSRM+JhelumBridge,False,Year_Round,False,False,False,False,54.9,1089.5,0.0,58.0,0.0,Red_NoCapacity,72.6,True,583.0,70815.0,0.008,True,1034990.0,0.132,route_maps_kashmir/FDR-227.html
SRSR10101860-14,R0142,Hazratbal to LD,MERGED_INTO_TRUNK,FDR-123,Private Minibus,8.251,Urban,1283.5,66.0,City_Core,16,8.0,10,5.0,0.6412,0.2912,1.25,0.4662,True,MP,35,0,0,0,0,False,,0,55948,193,34,0.1245,OSRM+JhelumBridge,False,Year_Round,False,False,False,False,54.9,452.6,0.0,86.0,0.0,Red_NoCapacity,56.0,True,864.0,29421.0,0.029,False,429995.0,0.138,route_maps_kashmir/FDR-123.html
SRSR10101358-01,R0143,Chanapora to Soura,RETAINED_AS_FEEDER,FDR-087,,14.108,Urban,849.7,105.9,City_Core,28,14.0,6,3.0,0.9705,0.4935,0.75,0.732,False,HP,20,7,0,7,0,False,,10350,133070,313,101,0.118,OSRM,False,Year_Round,False,True,True,False,96.0,1354.4,2221.0,234.0,0.105,Amber_Under,68.4,True,2338.0,88034.0,0.027,True,1286650.0,0.134,route_maps_kashmir/FDR-087.html
BGSR02102122-01,R0144,Parimpora to Humhama,RETAINED_AS_FEEDER,FDR-012,,12.759,Urban,675.4,89.7,City_Core,25,12.5,7,3.5,0.5626,0.1523,0.75,0.3574,False,MP,35,4,0,4,0,False,,9692,78440,197,31,0.1273,OSRM,False,Year_Round,False,False,False,False,54.9,699.9,1498.0,116.0,0.077,Amber_Under,67.8,True,1160.0,45495.0,0.025,True,664926.0,0.126,route_maps_kashmir/FDR-012.html
SRSR10100840-16,R0145,Batamallo to Panthachowk,MERGED_INTO_TRUNK,FDR-021,Private Minibus,17.436,Peri_Urban,1539.8,87.2,Peri_Urban,34,17.0,7,3.5,0.4598,0.0926,1.25,0.2762,False,MP,35,0,0,0,0,False,,0,92763,166,29,0.122,OSRM+JhelumBridge,False,Year_Round,False,False,False,False,54.9,956.5,0.0,136.0,0.0,Red_NoCapacity,66.6,True,1359.0,62172.0,0.022,True,908665.0,0.177,route_maps_kashmir/FDR-021.html
BGSR02102140-10,R0146,Parimpora to Panthachowk,MERGED_INTO_TRUNK,FDR-227,Private Minibus,19.86,Peri_Urban,1695.9,99.3,City_Core,39,19.5,6,3.0,0.6011,0.2495,1.25,0.4253,False,MP,35,0,0,0,0,False,,0,128248,308,71,0.2119,OSRM+JhelumBridge,False,Year_Round,False,False,False,False,54.9,1089.5,0.0,58.0,0.0,Red_NoCapacity,72.6,True,583.0,70815.0,0.008,True,1034990.0,0.132,route_maps_kashmir/FDR-227.html
SRGB10055804-03,R0147,Soura to Ganderbal,RETAINED_AS_FEEDER,FDR-188,,9.86,Urban,959.3,78.9,City_Core,19,9.5,6,3.0,0.2305,0.1234,0.75,0.177,False,LP,35,4,0,4,0,False,,10688,34248,78,20,0.028,OSRM,False,Year_Round,False,False,False,False,54.9,540.9,1703.0,582.0,0.341,Amber_Under,62.4,True,5816.0,35158.0,0.165,True,513847.0,0.139,route_maps_kashmir/FDR-188.html
SRSR10101860-15,R0148,Hazratbal to LD,MERGED_INTO_TRUNK,FDR-123,Private Minibus,8.251,Urban,1283.5,66.0,City_Core,16,8.0,10,5.0,0.6412,0.2912,1.25,0.4662,True,MP,35,0,0,0,0,False,,0,55948,193,34,0.1245,OSRM+JhelumBridge,False,Year_Round,False,False,False,False,54.9,452.6,0.0,86.0,0.0,Red_NoCapacity,56.0,True,864.0,29421.0,0.029,False,429995.0,0.138,route_maps_kashmir/FDR-123.html
BGSR02102140-11,R0149,Parimpora to Panthachowk,MERGED_INTO_TRUNK,FDR-227,Private Minibus,21.307,Peri_Urban,1713.4,106.5,City_Core,42,21.0,5,2.5,0.5757,0.274,1.25,0.4248,False,MP,35,0,0,0,0,False,,0,133241,327,73,0.2159,OSRM+JhelumBridge,False,Year_Round,False,False,False,False,54.9,1168.8,0.0,56.0,0.0,Red_NoCapacity,76.2,True,560.0,75975.0,0.007,True,1110399.0,0.129,route_maps_kashmir/FDR-227.html
SRSR10101860-16,R0150,Hazratbal to LD,MERGED_INTO_TRUNK,FDR-123,Private Minibus,8.251,Urban,1283.5,66.0,City_Core,16,8.0,10,5.0,0.6412,0.2912,1.25,0.4662,True,MP,35,0,0,0,0,False,,0,55948,193,34,0.1245,OSRM+JhelumBridge,False,Year_Round,False,False,False,False,54.9,452.6,0.0,86.0,0.0,Red_NoCapacity,56.0,True,864.0,29421.0,0.029,False,429995.0,0.138,route_maps_kashmir/FDR-123.html
SRPW10086005-01,R0151,LD to Pampore,RETAINED_AS_FEEDER,FDR-260,,15.854,Peri_Urban,1392.5,79.3,City_Core,31,15.5,6,3.0,0.5295,0.2311,0.75,0.3803,True,MP,35,4,0,4,0,False,,8375,93243,271,50,0.1896,OSRM+JhelumBridge,False,Year_Round,False,False,False,False,54.9,869.7,1695.0,54.0,0.032,Amber_Under,62.6,True,538.0,56531.0,0.01,False,826220.0,0.163,route_maps_kashmir/FDR-260.html
SRSR10100915,R0152,Batmaloo to Dalgate,RETAINED_AS_FEEDER,FDR-350,,4.792,Urban,756.6,38.3,City_Core,9,4.5,2,1.0,0.9131,0.6972,0.75,0.8052,False,HP,20,3,0,3,0,False,,4843,42983,216,33,0.1972,OSRM+JhelumBridge,False,Year_Round,False,True,True,False,96.0,460.0,2632.0,65.0,0.025,Amber_Under,34.6,False,655.0,29902.0,0.022,True,437030.0,0.063,route_maps_kashmir/FDR-350.html
BGSR02102140-12,R0153,Parimpora to Panthachowk,MERGED_INTO_TRUNK,FDR-227,Private Minibus,19.86,Peri_Urban,1695.9,99.3,City_Core,39,19.5,6,3.0,0.6011,0.2495,1.25,0.4253,False,MP,35,0,0,0,0,False,,0,128248,308,71,0.2119,OSRM+JhelumBridge,False,Year_Round,False,False,False,False,54.9,1089.5,0.0,58.0,0.0,Red_NoCapacity,72.6,True,583.0,70815.0,0.008,True,1034990.0,0.132,route_maps_kashmir/FDR-227.html
SRSR10103462-03,R0154,Lalbazar to Lalchowk,RETAINED_AS_FEEDER,FDR-092,,8.433,Urban,617.5,67.5,City_Core,16,8.0,11,5.5,1.0,0.4545,0.75,0.7272,True,HP,20,5,0,0,5,False,,7514,83040,269,56,0.1324,OSRM,False,Year_Round,False,True,True,False,96.0,809.6,1422.0,151.0,0.106,Amber_Under,49.2,True,1513.0,52622.0,0.029,False,769090.0,0.146,route_maps_kashmir/FDR-092.html
BGSR02102140-13,R0155,Parimpora to Panthachowk,MERGED_INTO_TRUNK,FDR-225,LPV / Tempo,21.307,Peri_Urban,1713.4,106.5,City_Core,42,21.0,5,2.5,0.5757,0.274,1.25,0.4248,False,MP,35,0,0,0,0,False,,0,133241,327,73,0.2159,OSRM+JhelumBridge,False,Year_Round,False,False,False,False,54.9,1168.8,0.0,56.0,0.0,Red_NoCapacity,76.2,True,560.0,75975.0,0.007,True,1110399.0,0.129,route_maps_kashmir/FDR-225.html
SRSR10101860-17,R0156,Hazratbal to LD,RETAINED_AS_FEEDER,FDR-153,,8.251,Urban,1283.5,66.0,City_Core,16,8.0,10,5.0,0.6412,0.2912,0.75,0.4662,True,MP,35,3,0,0,3,False,,7057,55948,193,34,0.1245,OSRM+JhelumBridge,False,Year_Round,False,False,False,False,54.9,452.6,873.0,86.0,0.099,Amber_Under,56.0,True,864.0,29421.0,0.029,False,429995.0,0.138,route_maps_kashmir/FDR-153.html
TMP-K0157,R0157,"Hazratbal, Lalbazar",RETAINED_AS_FEEDER,FDR-124,,8.808,Urban,1028.5,70.5,City_Core,17,8.5,5,2.5,0.8251,0.25,0.75,0.5376,False,MP,35,4,0,0,4,False,,7803,72765,227,40,0.1412,OSRM+JhelumBridge,False,Year_Round,False,False,False,False,54.9,483.2,1089.0,84.0,0.077,Amber_Under,58.2,True,842.0,31407.0,0.027,True,459023.0,0.101,route_maps_kashmir/FDR-124.html
SRSR10101860-18,R0158,Hazratbal to LD,MERGED_INTO_TRUNK,FDR-123,Private Minibus,8.251,Urban,1283.5,66.0,City_Core,16,8.0,10,5.0,0.6412,0.2912,1.25,0.4662,True,MP,35,0,0,0,0,False,,0,55948,193,34,0.1245,OSRM+JhelumBridge,False,Year_Round,False,False,False,False,54.9,452.6,0.0,86.0,0.0,Red_NoCapacity,56.0,True,864.0,29421.0,0.029,False,429995.0,0.138,route_maps_kashmir/FDR-123.html
SRSR10101860-19,R0159,Hazratbal to LD,MERGED_INTO_TRUNK,FDR-153,LPV / Tempo,8.251,Urban,1283.5,66.0,City_Core,16,8.0,10,5.0,0.6412,0.2912,1.25,0.4662,True,MP,35,0,0,0,0,False,,0,55948,193,34,0.1245,OSRM+JhelumBridge,False,Year_Round,False,False,False,False,54.9,452.6,0.0,86.0,0.0,Red_NoCapacity,56.0,True,864.0,29421.0,0.029,False,429995.0,0.138,route_maps_kashmir/FDR-153.html
SRSR10100840-17,R0160,Batamallo to Panthachowk,MERGED_INTO_TRUNK,FDR-021,Private Minibus,17.436,Peri_Urban,1539.8,87.2,Peri_Urban,34,17.0,7,3.5,0.4598,0.0926,1.25,0.2762,False,MP,35,0,0,0,0,False,,0,92763,166,29,0.122,OSRM+JhelumBridge,False,Year_Round,False,False,False,False,54.9,956.5,0.0,136.0,0.0,Red_NoCapacity,66.6,True,1359.0,62172.0,0.022,True,908665.0,0.177,route_maps_kashmir/FDR-021.html
SRSR10101860-20,R0161,Hazratbal to LD,MERGED_INTO_TRUNK,FDR-123,Private Minibus,8.251,Urban,1283.5,66.0,City_Core,16,8.0,10,5.0,0.6412,0.2912,1.25,0.4662,True,MP,35,0,0,0,0,False,,0,55948,193,34,0.1245,OSRM+JhelumBridge,False,Year_Round,False,False,False,False,54.9,452.6,0.0,86.0,0.0,Red_NoCapacity,56.0,True,864.0,29421.0,0.029,False,429995.0,0.138,route_maps_kashmir/FDR-123.html
SRPW10086005-02,R0162,LD to Pampore,MERGED_INTO_TRUNK,FDR-260,Private Minibus,15.854,Peri_Urban,1392.5,79.3,City_Core,31,15.5,6,3.0,0.5295,0.2311,1.25,0.3803,True,MP,35,0,0,0,0,False,,0,93243,271,50,0.1896,OSRM+JhelumBridge,False,Year_Round,False,False,False,False,54.9,869.7,0.0,54.0,0.0,Red_NoCapacity,62.6,True,538.0,56531.0,0.01,False,826220.0,0.163,route_maps_kashmir/FDR-260.html
SRSR10101860-21,R0163,Hazratbal to LD,MERGED_INTO_TRUNK,FDR-123,Private Minibus,8.251,Urban,1283.5,66.0,City_Core,16,8.0,10,5.0,0.6412,0.2912,1.25,0.4662,True,MP,35,0,0,0,0,False,,0,55948,193,34,0.1245,OSRM+JhelumBridge,False,Year_Round,False,False,False,False,54.9,452.6,0.0,86.0,0.0,Red_NoCapacity,56.0,True,864.0,29421.0,0.029,False,429995.0,0.138,route_maps_kashmir/FDR-123.html
SRSR10103460-09,R0164,Parimpora to Jawahirnagar,MERGED_INTO_TRUNK,FDR-205,Private Minibus,12.642,Urban,1381.8,101.1,City_Core,25,12.5,12,6.0,0.7959,0.302,1.25,0.549,True,MP,35,0,0,0,0,False,,0,101463,320,49,0.1521,OSRM+JhelumBridge,False,Year_Round,False,False,False,False,54.9,693.5,0.0,77.0,0.0,Red_NoCapacity,73.6,True,773.0,45078.0,0.017,False,658829.0,0.15,route_maps_kashmir/FDR-205.html
SRSR10101860-22,R0165,Hazratbal to LD,MERGED_INTO_TRUNK,FDR-123,Private Minibus,8.251,Urban,1283.5,66.0,City_Core,16,8.0,10,5.0,0.6412,0.2912,1.25,0.4662,True,MP,35,0,0,0,0,False,,0,55948,193,34,0.1245,OSRM+JhelumBridge,False,Year_Round,False,False,False,False,54.9,452.6,0.0,86.0,0.0,Red_NoCapacity,56.0,True,864.0,29421.0,0.029,False,429995.0,0.138,route_maps_kashmir/FDR-123.html
BGSR02102140-14,R0166,Parimpora to Panthachowk,MERGED_INTO_TRUNK,FDR-227,Private Minibus,21.307,Peri_Urban,1713.4,106.5,City_Core,42,21.0,5,2.5,0.5757,0.274,1.25,0.4248,False,MP,35,0,0,0,0,False,,0,133241,327,73,0.2159,OSRM+JhelumBridge,False,Year_Round,False,False,False,False,54.9,1168.8,0.0,56.0,0.0,Red_NoCapacity,76.2,True,560.0,75975.0,0.007,True,1110399.0,0.129,route_maps_kashmir/FDR-227.html
SRSR10101860-23,R0167,Hazratbal to LD,MERGED_INTO_TRUNK,FDR-123,Private Minibus,8.251,Urban,1283.5,66.0,City_Core,16,8.0,10,5.0,0.6412,0.2912,1.25,0.4662,True,MP,35,0,0,0,0,False,,0,55948,193,34,0.1245,OSRM+JhelumBridge,False,Year_Round,False,False,False,False,54.9,452.6,0.0,86.0,0.0,Red_NoCapacity,56.0,True,864.0,29421.0,0.029,False,429995.0,0.138,route_maps_kashmir/FDR-123.html
SRSR10105818-04,R0168,Soura to Hazratbal,MERGED_INTO_TRUNK,TRK-040,Private Minibus,8.337,Urban,1248.4,66.7,City_Core,16,8.0,6,3.0,0.6876,0.3562,1.25,0.5219,False,MP,35,0,0,0,0,False,,0,59647,134,41,0.0454,OSRM+JhelumBridge,False,Year_Round,False,False,False,False,54.9,457.3,0.0,364.0,0.0,Red_NoCapacity,56.4,True,3636.0,29727.0,0.122,True,434477.0,0.141,route_maps_kashmir/TRK-040.html
BGSR02102118-03,R0169,Parimpora to Hazratbal,MERGED_INTO_TRUNK,TRK-043,LPV / Tempo,16.104,Peri_Urban,1713.6,80.5,City_Core,32,16.0,22,11.0,0.6766,0.2053,1.25,0.441,False,MP,35,0,0,0,0,False,,0,113789,288,53,0.1026,OSRM+JhelumBridge,False,Year_Round,False,False,False,False,54.9,883.4,0.0,114.0,0.0,Red_NoCapacity,63.2,True,1143.0,57422.0,0.02,True,839248.0,0.125,route_maps_kashmir/TRK-043.html
BGSR02102122-02,R0170,Parimpora to Humhama,MERGED_INTO_TRUNK,FDR-012,Private Minibus,12.759,Urban,675.4,89.7,City_Core,25,12.5,7,3.5,0.5626,0.1523,1.25,0.3574,False,MP,35,0,0,0,0,False,,0,78440,197,31,0.1273,OSRM,False,Year_Round,False,False,False,False,54.9,699.9,0.0,116.0,0.0,Red_NoCapacity,67.8,True,1160.0,45495.0,0.025,True,664926.0,0.126,route_maps_kashmir/FDR-012.html
BGSR02102122-03,R0171,Parimpora to Humhama,RETAINED_AS_FEEDER,FDR-014,,12.759,Urban,675.4,89.7,City_Core,25,12.5,7,3.5,0.5626,0.1523,0.75,0.3574,False,MP,35,4,0,0,4,False,,9692,78440,197,31,0.1273,OSRM,False,Year_Round,False,False,False,False,54.9,699.9,856.0,116.0,0.135,Amber_Under,67.8,True,1160.0,45495.0,0.025,True,664926.0,0.126,route_maps_kashmir/FDR-014.html
BGSR02102122-04,R0172,Parimpora to Humhama,MERGED_INTO_TRUNK,FDR-012,Private Minibus,12.759,Urban,675.4,89.7,City_Core,25,12.5,7,3.5,0.5626,0.1523,1.25,0.3574,False,MP,35,0,0,0,0,False,,0,78440,197,31,0.1273,OSRM,False,Year_Round,False,False,False,False,54.9,699.9,0.0,116.0,0.0,Red_NoCapacity,67.8,True,1160.0,45495.0,0.025,True,664926.0,0.126,route_maps_kashmir/FDR-012.html
SRBG10026021-01,R0173,LD to Parimpora,RETAINED_AS_FEEDER,FDR-213,,7.761,Urban,537.5,62.1,City_Core,15,7.5,7,3.5,0.7614,0.2099,0.75,0.4856,True,MP,35,3,0,3,0,False,,5014,60135,292,23,0.1836,OSRM,False,Year_Round,False,False,False,False,54.9,425.7,1623.0,42.0,0.026,Amber_Under,54.0,True,416.0,27674.0,0.015,False,404459.0,0.098,route_maps_kashmir/FDR-213.html
BGSR02102122-05,R0174,Parimpora to Humhama,MERGED_INTO_TRUNK,FDR-012,Private Minibus,12.759,Urban,675.4,89.7,City_Core,25,12.5,7,3.5,0.5626,0.1523,1.25,0.3574,False,MP,35,0,0,0,0,False,,0,78440,197,31,0.1273,OSRM,False,Year_Round,False,False,False,False,54.9,699.9,0.0,116.0,0.0,Red_NoCapacity,67.8,True,1160.0,45495.0,0.025,True,664926.0,0.126,route_maps_kashmir/FDR-012.html
BGSR02102118-04,R0175,Parimpora to Hazratbal,MERGED_INTO_TRUNK,TRK-043,Private Minibus,16.104,Peri_Urban,1713.6,80.5,City_Core,32,16.0,22,11.0,0.6766,0.2053,1.25,0.441,False,MP,35,0,0,0,0,False,,0,113789,288,53,0.1026,OSRM+JhelumBridge,False,Year_Round,False,False,False,False,54.9,883.4,0.0,114.0,0.0,Red_NoCapacity,63.2,True,1143.0,57422.0,0.02,True,839248.0,0.125,route_maps_kashmir/TRK-043.html
SRSR10105815,R0176,Soura to Dalgate,RETAINED_AS_FEEDER,FDR-102,,11.745,Urban,1220.0,94.0,City_Core,23,11.5,8,4.0,0.7883,0.551,0.75,0.6697,False,HP,20,6,0,0,6,False,,7517,93551,303,88,0.1573,OSRM+JhelumBridge,False,Year_Round,False,False,False,False,96.0,1127.5,1226.0,127.0,0.104,Amber_Under,62.5,True,1274.0,73289.0,0.017,True,1071144.0,0.098,route_maps_kashmir/FDR-102.html
SRSR10101860-24,R0177,Hazratbal to LD,MERGED_INTO_TRUNK,FDR-153,LPV / Tempo,8.251,Urban,1283.5,66.0,City_Core,16,8.0,10,5.0,0.6412,0.2912,1.25,0.4662,True,MP,35,0,0,0,0,False,,0,55948,193,34,0.1245,OSRM+JhelumBridge,False,Year_Round,False,False,False,False,54.9,452.6,0.0,86.0,0.0,Red_NoCapacity,56.0,True,864.0,29421.0,0.029,False,429995.0,0.138,route_maps_kashmir/FDR-153.html
SRSR10101860-25,R0178,Hazratbal to LD,MERGED_INTO_TRUNK,FDR-123,Private Minibus,8.251,Urban,1283.5,66.0,City_Core,16,8.0,10,5.0,0.6412,0.2912,1.25,0.4662,True,MP,35,0,0,0,0,False,,0,55948,193,34,0.1245,OSRM+JhelumBridge,False,Year_Round,False,False,False,False,54.9,452.6,0.0,86.0,0.0,Red_NoCapacity,56.0,True,864.0,29421.0,0.029,False,429995.0,0.138,route_maps_kashmir/FDR-123.html
BGSR02102122-06,R0179,Parimpora to Humhama,MERGED_INTO_TRUNK,FDR-014,LPV / Tempo,12.759,Urban,675.4,89.7,City_Core,25,12.5,7,3.5,0.5626,0.1523,1.25,0.3574,False,MP,35,0,0,0,0,False,,0,78440,197,31,0.1273,OSRM,False,Year_Round,False,False,False,False,54.9,699.9,0.0,116.0,0.0,Red_NoCapacity,67.8,True,1160.0,45495.0,0.025,True,664926.0,0.126,route_maps_kashmir/FDR-014.html
BGSR02102140-15,R0180,Parimpora to Panthachowk,MERGED_INTO_TRUNK,FDR-225,LPV / Tempo,21.307,Peri_Urban,1713.4,106.5,City_Core,42,21.0,5,2.5,0.5757,0.274,1.25,0.4248,False,MP,35,0,0,0,0,False,,0,133241,327,73,0.2159,OSRM+JhelumBridge,False,Year_Round,False,False,False,False,54.9,1168.8,0.0,56.0,0.0,Red_NoCapacity,76.2,True,560.0,75975.0,0.007,True,1110399.0,0.129,route_maps_kashmir/FDR-225.html
SRSR10105808,R0181,Soura to Batamallo,UPGRADED_TO_TRUNK,SSCL-25,,9.167,Urban,704.6,73.3,City_Core,18,9.0,11,5.5,1.0,0.5372,1.25,0.7686,False,HP,15,6,0,6,0,True,SSCL-25,9775,94361,235,77,0.1062,OSRM,False,Year_Round,False,True,False,True,128.0,1173.4,2750.0,327.0,0.119,Amber_Under,49.6,True,3272.0,76269.0,0.043,True,35201.0,0.127,route_maps_kashmir/SSCL-25.html
BGSR02102122-07,R0182,Parimpora to Humhama,MERGED_INTO_TRUNK,FDR-012,Private Minibus,12.759,Urban,675.4,89.7,City_Core,25,12.5,7,3.5,0.5626,0.1523,1.25,0.3574,False,MP,35,0,0,0,0,False,,0,78440,197,31,0.1273,OSRM,False,Year_Round,False,False,False,False,54.9,699.9,0.0,116.0,0.0,Red_NoCapacity,67.8,True,1160.0,45495.0,0.025,True,664926.0,0.126,route_maps_kashmir/FDR-012.html
SRBG10025821-04,R0183,Soura to Parimpora,MERGED_INTO_TRUNK,FDR-121,Private Minibus,12.845,Urban,926.8,102.8,City_Core,25,12.5,20,10.0,0.7944,0.3395,1.25,0.567,False,HP,20,0,0,0,0,False,,0,102944,249,74,0.1604,OSRM,False,Year_Round,False,False,False,False,96.0,1233.1,0.0,167.0,0.0,Red_NoCapacity,66.9,True,1673.0,80153.0,0.021,True,1171464.0,0.131,route_maps_kashmir/FDR-121.html
BGSR02102258-01,R0184,Rangpora to Soura,RETAINED_AS_FEEDER,FDR-184,,22.053,Peri_Urban,1804.1,110.3,City_Core,44,22.0,15,7.5,0.4494,0.3096,0.75,0.3795,False,MP,35,5,0,5,0,False,,9277,115477,303,101,0.1155,OSRM+JhelumBridge,False,Year_Round,False,False,False,False,54.9,1209.8,1523.0,98.0,0.064,Amber_Under,78.2,True,979.0,78635.0,0.012,True,1149276.0,0.121,route_maps_kashmir/FDR-184.html
BGSR02102122-08,R0185,Parimpora to Humhama,MERGED_INTO_TRUNK,FDR-012,Private Minibus,12.759,Urban,675.4,89.7,City_Core,25,12.5,7,3.5,0.5626,0.1523,1.25,0.3574,False,MP,35,0,0,0,0,False,,0,78440,197,31,0.1273,OSRM,False,Year_Round,False,False,False,False,54.9,699.9,0.0,116.0,0.0,Red_NoCapacity,67.8,True,1160.0,45495.0,0.025,True,664926.0,0.126,route_maps_kashmir/FDR-012.html
BGSR02102140-16,R0186,Parimpora to Panthachowk,MERGED_INTO_TRUNK,FDR-227,Private Minibus,21.307,Peri_Urban,1713.4,106.5,City_Core,42,21.0,5,2.5,0.5757,0.274,1.25,0.4248,False,MP,35,0,0,0,0,False,,0,133241,327,73,0.2159,OSRM+JhelumBridge,False,Year_Round,False,False,False,False,54.9,1168.8,0.0,56.0,0.0,Red_NoCapacity,76.2,True,560.0,75975.0,0.007,True,1110399.0,0.129,route_maps_kashmir/FDR-227.html
BGSR02102258-02,R0187,Rangpora to Soura,MERGED_INTO_TRUNK,FDR-184,Private Minibus,22.053,Peri_Urban,1804.1,110.3,City_Core,44,22.0,15,7.5,0.4494,0.3096,1.25,0.3795,False,MP,35,0,0,0,0,False,,0,115477,303,101,0.1155,OSRM+JhelumBridge,False,Year_Round,False,False,False,False,54.9,1209.8,0.0,98.0,0.0,Red_NoCapacity,78.2,True,979.0,78635.0,0.012,True,1149276.0,0.121,route_maps_kashmir/FDR-184.html
SRBG10026021-02,R0188,LD to Parimpora,MERGED_INTO_TRUNK,FDR-213,Private Minibus,7.761,Urban,537.5,62.1,City_Core,15,7.5,7,3.5,0.7614,0.2099,1.25,0.4856,True,MP,35,0,0,0,0,False,,0,60135,292,23,0.1836,OSRM,False,Year_Round,False,False,False,False,54.9,425.7,0.0,42.0,0.0,Red_NoCapacity,54.0,True,416.0,27674.0,0.015,False,404459.0,0.098,route_maps_kashmir/FDR-213.html
SRSR10101860-26,R0189,Hazratbal to LD,MERGED_INTO_TRUNK,FDR-123,Private Minibus,8.251,Urban,1283.5,66.0,City_Core,16,8.0,10,5.0,0.6412,0.2912,1.25,0.4662,True,MP,35,0,0,0,0,False,,0,55948,193,34,0.1245,OSRM+JhelumBridge,False,Year_Round,False,False,False,False,54.9,452.6,0.0,86.0,0.0,Red_NoCapacity,56.0,True,864.0,29421.0,0.029,False,429995.0,0.138,route_maps_kashmir/FDR-123.html
SRSR10101860-27,R0190,Hazratbal to LD,MERGED_INTO_TRUNK,FDR-123,Private Minibus,8.251,Urban,1283.5,66.0,City_Core,16,8.0,10,5.0,0.6412,0.2912,1.25,0.4662,True,MP,35,0,0,0,0,False,,0,55948,193,34,0.1245,OSRM+JhelumBridge,False,Year_Round,False,False,False,False,54.9,452.6,0.0,86.0,0.0,Red_NoCapacity,56.0,True,864.0,29421.0,0.029,False,429995.0,0.138,route_maps_kashmir/FDR-123.html
SRBG10026004-01,R0191,LD to Budgam,RETAINED_AS_FEEDER,FDR-309,,21.784,Peri_Urban,1664.2,108.9,City_Core,43,21.5,5,2.5,0.2106,0.0533,0.75,0.132,True,MP,35,5,0,5,0,False,,6557,72180,268,19,0.0805,OSRM,False,Year_Round,False,False,False,False,54.9,1195.0,1543.0,99.0,0.064,Amber_Under,77.4,True,993.0,77676.0,0.013,False,1135258.0,0.128,route_maps_kashmir/FDR-309.html
SRSR10100840-18,R0192,Batamallo to Panthachowk,MERGED_INTO_TRUNK,FDR-021,Private Minibus,17.436,Peri_Urban,1539.8,87.2,Peri_Urban,34,17.0,7,3.5,0.4598,0.0926,1.25,0.2762,False,MP,35,0,0,0,0,False,,0,92763,166,29,0.122,OSRM+JhelumBridge,False,Year_Round,False,False,False,False,54.9,956.5,0.0,136.0,0.0,Red_NoCapacity,66.6,True,1359.0,62172.0,0.022,True,908665.0,0.177,route_maps_kashmir/FDR-021.html
SRSR10101860-28,R0193,Hazratbal to LD,MERGED_INTO_TRUNK,FDR-123,Private Minibus,8.251,Urban,1283.5,66.0,City_Core,16,8.0,10,5.0,0.6412,0.2912,1.25,0.4662,True,MP,35,0,0,0,0,False,,0,55948,193,34,0.1245,OSRM+JhelumBridge,False,Year_Round,False,False,False,False,54.9,452.6,0.0,86.0,0.0,Red_NoCapacity,56.0,True,864.0,29421.0,0.029,False,429995.0,0.138,route_maps_kashmir/FDR-123.html
BGSR02102140-17,R0194,Parimpora to Panthachowk,MERGED_INTO_TRUNK,FDR-227,Private Minibus,21.307,Peri_Urban,1713.4,106.5,City_Core,42,21.0,5,2.5,0.5757,0.274,1.25,0.4248,False,MP,35,0,0,0,0,False,,0,133241,327,73,0.2159,OSRM+JhelumBridge,False,Year_Round,False,False,False,False,54.9,1168.8,0.0,56.0,0.0,Red_NoCapacity,76.2,True,560.0,75975.0,0.007,True,1110399.0,0.129,route_maps_kashmir/FDR-227.html
SRBG10026004-02,R0195,LD to Budgam,MERGED_INTO_TRUNK,FDR-309,Private Minibus,21.784,Peri_Urban,1664.2,108.9,City_Core,43,21.5,5,2.5,0.2106,0.0533,1.25,0.132,True,MP,35,0,0,0,0,False,,0,72180,268,19,0.0805,OSRM,False,Year_Round,False,False,False,False,54.9,1195.0,0.0,99.0,0.0,Red_NoCapacity,77.4,True,993.0,77676.0,0.013,False,1135258.0,0.128,route_maps_kashmir/FDR-309.html
BGSR02102258-03,R0196,Rangpora to Soura,MERGED_INTO_TRUNK,FDR-184,Private Minibus,18.757,Peri_Urban,1602.8,93.8,City_Core,37,18.5,9,4.5,0.4818,0.3273,1.25,0.4045,False,MP,35,0,0,0,0,False,,0,103107,235,86,0.1147,OSRM+JhelumBridge,False,Year_Round,False,False,False,False,54.9,1029.0,0.0,113.0,0.0,Red_NoCapacity,69.9,True,1135.0,66882.0,0.017,True,977508.0,0.139,route_maps_kashmir/FDR-184.html
SRPW10086005-03,R0197,LD to Pampore,MERGED_INTO_TRUNK,FDR-260,Private Minibus,15.854,Peri_Urban,1392.5,79.3,City_Core,31,15.5,6,3.0,0.5295,0.2311,1.25,0.3803,True,MP,35,0,0,0,0,False,,0,93243,271,50,0.1896,OSRM+JhelumBridge,False,Year_Round,False,False,False,False,54.9,869.7,0.0,54.0,0.0,Red_NoCapacity,62.6,True,538.0,56531.0,0.01,False,826220.0,0.163,route_maps_kashmir/FDR-260.html
BGPW02082105-01,R0198,Parimpora to Pampore,RETAINED_AS_FEEDER,FDR-250,,23.817,Peri_Urban,1805.8,119.1,City_Core,47,23.5,4,2.0,0.5714,0.2644,0.75,0.4179,False,MP,35,5,0,5,0,False,,11026,148103,327,82,0.2023,OSRM+JhelumBridge,False,Year_Round,False,False,False,False,54.9,1306.5,1411.0,66.0,0.047,Amber_Under,82.6,True,664.0,84925.0,0.008,True,1241206.0,0.143,route_maps_kashmir/FDR-250.html
SRBG10026004-03,R0199,LD to Budgam,MERGED_INTO_TRUNK,FDR-309,Private Minibus,21.784,Peri_Urban,1664.2,108.9,City_Core,43,21.5,5,2.5,0.2106,0.0533,1.25,0.132,True,MP,35,0,0,0,0,False,,0,72180,268,19,0.0805,OSRM,False,Year_Round,False,False,False,False,54.9,1195.0,0.0,99.0,0.0,Red_NoCapacity,77.4,True,993.0,77676.0,0.013,False,1135258.0,0.128,route_maps_kashmir/FDR-309.html
SRSR10101860-29,R0200,Hazratbal to LD,MERGED_INTO_TRUNK,FDR-123,Private Minibus,8.251,Urban,1283.5,66.0,City_Core,16,8.0,10,5.0,0.6412,0.2912,1.25,0.4662,True,MP,35,0,0,0,0,False,,0,55948,193,34,0.1245,OSRM+JhelumBridge,False,Year_Round,False,False,False,False,54.9,452.6,0.0,86.0,0.0,Red_NoCapacity,56.0,True,864.0,29421.0,0.029,False,429995.0,0.138,route_maps_kashmir/FDR-123.html
SRSR10103462-04,R0201,Lalbazar to Lalchowk,MERGED_INTO_TRUNK,FDR-090,Private Minibus,8.433,Urban,617.5,67.5,City_Core,16,8.0,11,5.5,1.0,0.4545,1.25,0.7272,True,HP,20,0,0,0,0,False,,0,83040,269,56,0.1324,OSRM,False,Year_Round,False,False,False,False,96.0,809.6,0.0,151.0,0.0,Red_NoCapacity,49.2,True,1513.0,52622.0,0.029,False,769090.0,0.146,route_maps_kashmir/FDR-090.html
SRBG10026004-04,R0202,LD to Budgam,MERGED_INTO_TRUNK,FDR-309,Private Minibus,21.784,Peri_Urban,1664.2,108.9,City_Core,43,21.5,5,2.5,0.2106,0.0533,1.25,0.132,True,MP,35,0,0,0,0,False,,0,72180,268,19,0.0805,OSRM,False,Year_Round,False,False,False,False,54.9,1195.0,0.0,99.0,0.0,Red_NoCapacity,77.4,True,993.0,77676.0,0.013,False,1135258.0,0.128,route_maps_kashmir/FDR-309.html
BGSR02102140-18,R0203,Parimpora to Panthachowk,MERGED_INTO_TRUNK,FDR-225,LPV / Tempo,21.307,Peri_Urban,1713.4,106.5,City_Core,42,21.0,5,2.5,0.5757,0.274,1.25,0.4248,False,MP,35,0,0,0,0,False,,0,133241,327,73,0.2159,OSRM+JhelumBridge,False,Year_Round,False,False,False,False,54.9,1168.8,0.0,56.0,0.0,Red_NoCapacity,76.2,True,560.0,75975.0,0.007,True,1110399.0,0.129,route_maps_kashmir/FDR-225.html
BGSR02102215,R0204,Rangpora to Dalgate,RETAINED_AS_FEEDER,FDR-107,,15.533,Peri_Urban,923.8,77.7,City_Core,31,15.5,11,5.5,0.7589,0.49,0.75,0.6244,False,HP,20,5,0,5,0,False,,9645,120044,303,103,0.1224,OSRM,False,Year_Round,False,False,False,False,96.0,1491.2,2162.0,168.0,0.078,Amber_Under,54.4,True,1681.0,96926.0,0.017,True,1416610.0,0.125,route_maps_kashmir/FDR-107.html
SRBG10026021-03,R0205,LD to Parimpora,MERGED_INTO_TRUNK,FDR-213,Private Minibus,7.761,Urban,537.5,62.1,City_Core,15,7.5,7,3.5,0.7614,0.2099,1.25,0.4856,True,MP,35,0,0,0,0,False,,0,60135,292,23,0.1836,OSRM,False,Year_Round,False,False,False,False,54.9,425.7,0.0,42.0,0.0,Red_NoCapacity,54.0,True,416.0,27674.0,0.015,False,404459.0,0.098,route_maps_kashmir/FDR-213.html
BGSR02102140-19,R0206,Parimpora to Panthachowk,MERGED_INTO_TRUNK,FDR-227,Private Minibus,21.307,Peri_Urban,1713.4,106.5,City_Core,42,21.0,5,2.5,0.5757,0.274,1.25,0.4248,False,MP,35,0,0,0,0,False,,0,133241,327,73,0.2159,OSRM+JhelumBridge,False,Year_Round,False,False,False,False,54.9,1168.8,0.0,56.0,0.0,Red_NoCapacity,76.2,True,560.0,75975.0,0.007,True,1110399.0,0.129,route_maps_kashmir/FDR-227.html
SRSR10100840-19,R0207,Batamaalo to Panthachowk,MERGED_INTO_TRUNK,FDR-021,Private Minibus,17.988,Peri_Urban,1642.6,89.9,Peri_Urban,35,17.5,11,5.5,0.4752,0.0929,1.25,0.2841,False,MP,35,0,0,0,0,False,,0,97927,166,29,0.116,OSRM+JhelumBridge,False,Year_Round,False,False,False,False,54.9,986.8,0.0,151.0,0.0,Red_NoCapacity,68.0,True,1509.0,64140.0,0.024,True,937432.0,0.187,route_maps_kashmir/FDR-021.html
SRPW10086005-04,R0208,LD to Pampore,MERGED_INTO_TRUNK,FDR-260,Private Minibus,15.854,Peri_Urban,1392.5,79.3,City_Core,31,15.5,6,3.0,0.5295,0.2311,1.25,0.3803,True,MP,35,0,0,0,0,False,,0,93243,271,50,0.1896,OSRM+JhelumBridge,False,Year_Round,False,False,False,False,54.9,869.7,0.0,54.0,0.0,Red_NoCapacity,62.6,True,538.0,56531.0,0.01,False,826220.0,0.163,route_maps_kashmir/FDR-260.html
SRSR10103462-05,R0209,Lalbazar to Lalchowk,MERGED_INTO_TRUNK,FDR-092,LPV / Tempo,8.433,Urban,617.5,67.5,City_Core,16,8.0,11,5.5,1.0,0.4545,1.25,0.7272,True,HP,20,0,0,0,0,False,,0,83040,269,56,0.1324,OSRM,False,Year_Round,False,False,False,False,96.0,809.6,0.0,151.0,0.0,Red_NoCapacity,49.2,True,1513.0,52622.0,0.029,False,769090.0,0.146,route_maps_kashmir/FDR-092.html
SRSR10100840-20,R0210,Batamallo to Panthachowk,MERGED_INTO_TRUNK,FDR-021,Private Minibus,17.436,Peri_Urban,1539.8,87.2,Peri_Urban,34,17.0,7,3.5,0.4598,0.0926,1.25,0.2762,False,MP,35,0,0,0,0,False,,0,92763,166,29,0.122,OSRM+JhelumBridge,False,Year_Round,False,False,False,False,54.9,956.5,0.0,136.0,0.0,Red_NoCapacity,66.6,True,1359.0,62172.0,0.022,True,908665.0,0.177,route_maps_kashmir/FDR-021.html
SRPW10086005-05,R0211,LD to Pampore,MERGED_INTO_TRUNK,FDR-260,Private Minibus,15.854,Peri_Urban,1392.5,79.3,City_Core,31,15.5,6,3.0,0.5295,0.2311,1.25,0.3803,True,MP,35,0,0,0,0,False,,0,93243,271,50,0.1896,OSRM+JhelumBridge,False,Year_Round,False,False,False,False,54.9,869.7,0.0,54.0,0.0,Red_NoCapacity,62.6,True,538.0,56531.0,0.01,False,826220.0,0.163,route_maps_kashmir/FDR-260.html
SRSR10100840-21,R0212,Batamallo to Panthachowk,MERGED_INTO_TRUNK,FDR-021,Private Minibus,17.436,Peri_Urban,1539.8,87.2,Peri_Urban,34,17.0,7,3.5,0.4598,0.0926,1.25,0.2762,False,MP,35,0,0,0,0,False,,0,92763,166,29,0.122,OSRM+JhelumBridge,False,Year_Round,False,False,False,False,54.9,956.5,0.0,136.0,0.0,Red_NoCapacity,66.6,True,1359.0,62172.0,0.022,True,908665.0,0.177,route_maps_kashmir/FDR-021.html
SRSR10101860-30,R0213,Hazratbal to LD,MERGED_INTO_TRUNK,FDR-123,Private Minibus,8.251,Urban,1283.5,66.0,City_Core,16,8.0,10,5.0,0.6412,0.2912,1.25,0.4662,True,MP,35,0,0,0,0,False,,0,55948,193,34,0.1245,OSRM+JhelumBridge,False,Year_Round,False,False,False,False,54.9,452.6,0.0,86.0,0.0,Red_NoCapacity,56.0,True,864.0,29421.0,0.029,False,429995.0,0.138,route_maps_kashmir/FDR-123.html
SRPW10086005-06,R0214,LD to Pampore,MERGED_INTO_TRUNK,FDR-260,Private Minibus,15.854,Peri_Urban,1392.5,79.3,City_Core,31,15.5,6,3.0,0.5295,0.2311,1.25,0.3803,True,MP,35,0,0,0,0,False,,0,93243,271,50,0.1896,OSRM+JhelumBridge,False,Year_Round,False,False,False,False,54.9,869.7,0.0,54.0,0.0,Red_NoCapacity,62.6,True,538.0,56531.0,0.01,False,826220.0,0.163,route_maps_kashmir/FDR-260.html
SRSR10101860-31,R0215,Hazratbal to LD,MERGED_INTO_TRUNK,FDR-153,LPV / Tempo,8.251,Urban,1283.5,66.0,City_Core,16,8.0,10,5.0,0.6412,0.2912,1.25,0.4662,True,MP,35,0,0,0,0,False,,0,55948,193,34,0.1245,OSRM+JhelumBridge,False,Year_Round,False,False,False,False,54.9,452.6,0.0,86.0,0.0,Red_NoCapacity,56.0,True,864.0,29421.0,0.029,False,429995.0,0.138,route_maps_kashmir/FDR-153.html
SRSR10101860-32,R0216,Hazratbal to LD,MERGED_INTO_TRUNK,FDR-123,Private Minibus,8.251,Urban,1283.5,66.0,City_Core,16,8.0,10,5.0,0.6412,0.2912,1.25,0.4662,True,MP,35,0,0,0,0,False,,0,55948,193,34,0.1245,OSRM+JhelumBridge,False,Year_Round,False,False,False,False,54.9,452.6,0.0,86.0,0.0,Red_NoCapacity,56.0,True,864.0,29421.0,0.029,False,429995.0,0.138,route_maps_kashmir/FDR-123.html
SRBG10025821-05,R0217,Soura to Parimpora,MERGED_INTO_TRUNK,TRK-039,Private Minibus,11.326,Urban,779.0,90.6,City_Core,22,11.0,14,7.0,0.6429,0.2425,1.25,0.4427,False,MP,35,0,0,0,0,False,,0,76952,228,50,0.1099,OSRM,False,Year_Round,False,False,False,False,54.9,621.3,0.0,114.0,0.0,Red_NoCapacity,68.3,True,1139.0,40385.0,0.028,True,590246.0,0.107,route_maps_kashmir/TRK-039.html
SRSR10100840-22,R0218,Batamallo to Panthachowk,MERGED_INTO_TRUNK,FDR-021,Private Minibus,17.436,Peri_Urban,1539.8,87.2,Peri_Urban,34,17.0,7,3.5,0.4598,0.0926,1.25,0.2762,False,MP,35,0,0,0,0,False,,0,92763,166,29,0.122,OSRM+JhelumBridge,False,Year_Round,False,False,False,False,54.9,956.5,0.0,136.0,0.0,Red_NoCapacity,66.6,True,1359.0,62172.0,0.022,True,908665.0,0.177,route_maps_kashmir/FDR-021.html
BGSR02102140-20,R0219,Parimpora to Panthachowk,MERGED_INTO_TRUNK,FDR-227,Private Minibus,21.307,Peri_Urban,1713.4,106.5,City_Core,42,21.0,5,2.5,0.5757,0.274,1.25,0.4248,False,MP,35,0,0,0,0,False,,0,133241,327,73,0.2159,OSRM+JhelumBridge,False,Year_Round,False,False,False,False,54.9,1168.8,0.0,56.0,0.0,Red_NoCapacity,76.2,True,560.0,75975.0,0.007,True,1110399.0,0.129,route_maps_kashmir/FDR-227.html
SRPW10086005-07,R0220,LD to Pampore,MERGED_INTO_TRUNK,FDR-260,Private Minibus,15.854,Peri_Urban,1392.5,79.3,City_Core,31,15.5,6,3.0,0.5295,0.2311,1.25,0.3803,True,MP,35,0,0,0,0,False,,0,93243,271,50,0.1896,OSRM+JhelumBridge,False,Year_Round,False,False,False,False,54.9,869.7,0.0,54.0,0.0,Red_NoCapacity,62.6,True,538.0,56531.0,0.01,False,826220.0,0.163,route_maps_kashmir/FDR-260.html
BGSP02092119-01,R0221,Parimpora to Pathachowk,MERGED_INTO_TRUNK,FDR-227,Private Minibus,21.307,Peri_Urban,1713.4,106.5,City_Core,42,21.0,5,2.5,0.5757,0.274,1.25,0.4248,False,MP,35,0,0,0,0,False,,0,133241,327,73,0.2159,OSRM+JhelumBridge,False,Year_Round,False,False,False,False,54.9,1168.8,0.0,56.0,0.0,Red_NoCapacity,76.2,True,560.0,75975.0,0.007,True,1110399.0,0.129,route_maps_kashmir/FDR-227.html
BGBG02022104-07,R0222,Parimpora to Budgam,MERGED_INTO_TRUNK,FDR-320,Private Minibus,27.978,Peri_Urban,1972.1,139.9,City_Core,55,27.5,12,6.0,0.1345,0.0175,1.25,0.076,False,LP,35,0,0,0,0,False,,0,75543,196,15,0.1054,OSRM,False,Year_Round,False,False,False,False,54.9,1534.8,0.0,108.0,0.0,Red_NoCapacity,93.0,True,1085.0,99762.0,0.011,True,1458053.0,0.122,route_maps_kashmir/FDR-320.html
SRPW10086005-08,R0223,LD to Pampore,MERGED_INTO_TRUNK,FDR-260,Private Minibus,15.854,Peri_Urban,1392.5,79.3,City_Core,31,15.5,6,3.0,0.5295,0.2311,1.25,0.3803,True,MP,35,0,0,0,0,False,,0,93243,271,50,0.1896,OSRM+JhelumBridge,False,Year_Round,False,False,False,False,54.9,869.7,0.0,54.0,0.0,Red_NoCapacity,62.6,True,538.0,56531.0,0.01,False,826220.0,0.163,route_maps_kashmir/FDR-260.html
SRSR10100840-23,R0224,Batamallo to Panthachowk,RETAINED_AS_FEEDER,FDR-037,,17.436,Peri_Urban,1539.8,87.2,Peri_Urban,34,17.0,7,3.5,0.4598,0.0926,0.75,0.2762,False,LP,35,4,0,0,4,False,,13603,92763,166,29,0.122,OSRM+JhelumBridge,False,Year_Round,False,False,False,False,54.9,956.5,881.0,136.0,0.154,Amber_Under,66.6,True,1359.0,62172.0,0.022,True,908665.0,0.177,route_maps_kashmir/FDR-037.html
BGBG02022104-08,R0225,Parimpora to Budgam,MERGED_INTO_TRUNK,FDR-320,Private Minibus,22.663,Peri_Urban,1638.0,113.3,City_Core,45,22.5,7,3.5,0.1151,0.0125,1.25,0.0638,False,LP,35,0,0,0,0,False,,0,57658,166,9,0.1071,OSRM,False,Year_Round,False,False,False,False,54.9,1243.2,0.0,96.0,0.0,Red_NoCapacity,79.6,True,962.0,80810.0,0.012,True,1181066.0,0.11,route_maps_kashmir/FDR-320.html
BGBG02022104-09,R0226,Parimpora to Budgam,MERGED_INTO_TRUNK,FDR-320,Private Minibus,22.663,Peri_Urban,1638.0,113.3,City_Core,45,22.5,7,3.5,0.1151,0.0125,1.25,0.0638,False,LP,35,0,0,0,0,False,,0,57658,166,9,0.1071,OSRM,False,Year_Round,False,False,False,False,54.9,1243.2,0.0,96.0,0.0,Red_NoCapacity,79.6,True,962.0,80810.0,0.012,True,1181066.0,0.11,route_maps_kashmir/FDR-320.html
BGSR02102140-21,R0227,Parimpora to Panthachowk,MERGED_INTO_TRUNK,FDR-225,LPV / Tempo,21.307,Peri_Urban,1713.4,106.5,City_Core,42,21.0,5,2.5,0.5757,0.274,1.25,0.4248,False,MP,35,0,0,0,0,False,,0,133241,327,73,0.2159,OSRM+JhelumBridge,False,Year_Round,False,False,False,False,54.9,1168.8,0.0,56.0,0.0,Red_NoCapacity,76.2,True,560.0,75975.0,0.007,True,1110399.0,0.129,route_maps_kashmir/FDR-225.html
BGSR02102140-22,R0228,Parimpora to Panthachowk,MERGED_INTO_TRUNK,FDR-227,Private Minibus,21.307,Peri_Urban,1713.4,106.5,City_Core,42,21.0,5,2.5,0.5757,0.274,1.25,0.4248,False,MP,35,0,0,0,0,False,,0,133241,327,73,0.2159,OSRM+JhelumBridge,False,Year_Round,False,False,False,False,54.9,1168.8,0.0,56.0,0.0,Red_NoCapacity,76.2,True,560.0,75975.0,0.007,True,1110399.0,0.129,route_maps_kashmir/FDR-227.html
SRSR10101860-33,R0229,Hazratbal to LD,MERGED_INTO_TRUNK,FDR-123,Private Minibus,8.251,Urban,1283.5,66.0,City_Core,16,8.0,10,5.0,0.6412,0.2912,1.25,0.4662,True,MP,35,0,0,0,0,False,,0,55948,193,34,0.1245,OSRM+JhelumBridge,False,Year_Round,False,False,False,False,54.9,452.6,0.0,86.0,0.0,Red_NoCapacity,56.0,True,864.0,29421.0,0.029,False,429995.0,0.138,route_maps_kashmir/FDR-123.html
BGSR02102262-01,R0230,Rangpora to Lalchowk,RETAINED_AS_FEEDER,FDR-096,,13.983,Urban,853.2,111.7,City_Core,27,13.5,12,6.0,0.8554,0.5286,0.75,0.692,False,HP,20,7,0,0,7,False,,9555,118930,303,96,0.1256,OSRM,False,Year_Round,False,False,False,False,96.0,1342.4,1203.0,203.0,0.169,Amber_Under,71.4,True,2028.0,87254.0,0.023,True,1275250.0,0.124,route_maps_kashmir/FDR-096.html
SRSR10100840-24,R0231,Batamallo to Panthachowk,MERGED_INTO_TRUNK,FDR-037,LPV / Tempo,17.436,Peri_Urban,1539.8,87.2,Peri_Urban,34,17.0,7,3.5,0.4598,0.0926,1.25,0.2762,False,MP,35,0,0,0,0,False,,0,92763,166,29,0.122,OSRM+JhelumBridge,False,Year_Round,False,False,False,False,54.9,956.5,0.0,136.0,0.0,Red_NoCapacity,66.6,True,1359.0,62172.0,0.022,True,908665.0,0.177,route_maps_kashmir/FDR-037.html
BGSR02102262-02,R0232,Rangpora to Lalchowk,MERGED_INTO_TRUNK,FDR-096,LPV / Tempo,13.983,Urban,853.2,111.7,City_Core,27,13.5,12,6.0,0.8554,0.5286,1.25,0.692,False,HP,20,0,0,0,0,False,,0,118930,303,96,0.1256,OSRM,False,Year_Round,False,False,False,False,96.0,1342.4,0.0,203.0,0.0,Red_NoCapacity,71.4,True,2028.0,87254.0,0.023,True,1275250.0,0.124,route_maps_kashmir/FDR-096.html
BGSR02102262-03,R0233,Rangpora to Lalchowk,RETAINED_AS_FEEDER,FDR-098,,13.983,Urban,853.2,111.7,City_Core,27,13.5,12,6.0,0.8554,0.5286,0.75,0.692,False,HP,20,7,0,7,0,False,,9555,118930,303,96,0.1256,OSRM,False,Year_Round,False,False,False,False,96.0,1342.4,2106.0,203.0,0.096,Amber_Under,71.4,True,2028.0,87254.0,0.023,True,1275250.0,0.124,route_maps_kashmir/FDR-098.html
SRSR10100840-25,R0234,Batamallo to Panthachowk,MERGED_INTO_TRUNK,FDR-021,Private Minibus,17.436,Peri_Urban,1539.8,87.2,Peri_Urban,34,17.0,7,3.5,0.4598,0.0926,1.25,0.2762,False,MP,35,0,0,0,0,False,,0,92763,166,29,0.122,OSRM+JhelumBridge,False,Year_Round,False,False,False,False,54.9,956.5,0.0,136.0,0.0,Red_NoCapacity,66.6,True,1359.0,62172.0,0.022,True,908665.0,0.177,route_maps_kashmir/FDR-021.html
BGSR02102140-23,R0235,Parimpora to Panthachowk,MERGED_INTO_TRUNK,FDR-227,Private Minibus,21.307,Peri_Urban,1713.4,106.5,City_Core,42,21.0,5,2.5,0.5757,0.274,1.25,0.4248,False,MP,35,0,0,0,0,False,,0,133241,327,73,0.2159,OSRM+JhelumBridge,False,Year_Round,False,False,False,False,54.9,1168.8,0.0,56.0,0.0,Red_NoCapacity,76.2,True,560.0,75975.0,0.007,True,1110399.0,0.129,route_maps_kashmir/FDR-227.html
BGSP02092119-02,R0236,Parimpora to Pathachowk,MERGED_INTO_TRUNK,FDR-227,Private Minibus,21.307,Peri_Urban,1713.4,106.5,City_Core,42,21.0,5,2.5,0.5757,0.274,1.25,0.4248,False,MP,35,0,0,0,0,False,,0,133241,327,73,0.2159,OSRM+JhelumBridge,False,Year_Round,False,False,False,False,54.9,1168.8,0.0,56.0,0.0,Red_NoCapacity,76.2,True,560.0,75975.0,0.007,True,1110399.0,0.129,route_maps_kashmir/FDR-227.html
SRPW10086005-09,R0237,LD to Pampore,MERGED_INTO_TRUNK,FDR-260,Private Minibus,15.854,Peri_Urban,1392.5,79.3,City_Core,31,15.5,6,3.0,0.5295,0.2311,1.25,0.3803,True,MP,35,0,0,0,0,False,,0,93243,271,50,0.1896,OSRM+JhelumBridge,False,Year_Round,False,False,False,False,54.9,869.7,0.0,54.0,0.0,Red_NoCapacity,62.6,True,538.0,56531.0,0.01,False,826220.0,0.163,route_maps_kashmir/FDR-260.html
BGPW02082105-02,R0238,Parimpora to Pampore,RETAINED_AS_FEEDER,FDR-251,,23.817,Peri_Urban,1805.8,119.1,City_Core,47,23.5,4,2.0,0.5714,0.2644,0.75,0.4179,False,MP,35,5,0,0,5,False,,11026,148103,327,82,0.2023,OSRM+JhelumBridge,False,Year_Round,False,False,False,False,54.9,1306.5,806.0,66.0,0.082,Amber_Under,82.6,True,664.0,84925.0,0.008,True,1241206.0,0.143,route_maps_kashmir/FDR-251.html
BGBG02022104-10,R0239,Parimpora to Budgam,MERGED_INTO_TRUNK,FDR-320,Private Minibus,22.663,Peri_Urban,1638.0,113.3,City_Core,45,22.5,7,3.5,0.1151,0.0125,1.25,0.0638,False,LP,35,0,0,0,0,False,,0,57658,166,9,0.1071,OSRM,False,Year_Round,False,False,False,False,54.9,1243.2,0.0,96.0,0.0,Red_NoCapacity,79.6,True,962.0,80810.0,0.012,True,1181066.0,0.11,route_maps_kashmir/FDR-320.html
BGPW02082105-03,R0240,Parimpora to Pampore,MERGED_INTO_TRUNK,FDR-250,Private Minibus,23.817,Peri_Urban,1805.8,119.1,City_Core,47,23.5,4,2.0,0.5714,0.2644,1.25,0.4179,False,MP,35,0,0,0,0,False,,0,148103,327,82,0.2023,OSRM+JhelumBridge,False,Year_Round,False,False,False,False,54.9,1306.5,0.0,66.0,0.0,Red_NoCapacity,82.6,True,664.0,84925.0,0.008,True,1241206.0,0.143,route_maps_kashmir/FDR-250.html
SRPW10086005-10,R0241,LD to Pampore,MERGED_INTO_TRUNK,FDR-260,Private Minibus,15.854,Peri_Urban,1392.5,79.3,City_Core,31,15.5,6,3.0,0.5295,0.2311,1.25,0.3803,True,MP,35,0,0,0,0,False,,0,93243,271,50,0.1896,OSRM+JhelumBridge,False,Year_Round,False,False,False,False,54.9,869.7,0.0,54.0,0.0,Red_NoCapacity,62.6,True,538.0,56531.0,0.01,False,826220.0,0.163,route_maps_kashmir/FDR-260.html
SRSR10100840-26,R0242,Batamallo to Panthachowk,MERGED_INTO_TRUNK,FDR-037,LPV / Tempo,17.436,Peri_Urban,1539.8,87.2,Peri_Urban,34,17.0,7,3.5,0.4598,0.0926,1.25,0.2762,False,MP,35,0,0,0,0,False,,0,92763,166,29,0.122,OSRM+JhelumBridge,False,Year_Round,False,False,False,False,54.9,956.5,0.0,136.0,0.0,Red_NoCapacity,66.6,True,1359.0,62172.0,0.022,True,908665.0,0.177,route_maps_kashmir/FDR-037.html
BGPW02082105-04,R0243,Parimpora to Pampore,MERGED_INTO_TRUNK,FDR-250,Private Minibus,23.817,Peri_Urban,1805.8,119.1,City_Core,47,23.5,4,2.0,0.5714,0.2644,1.25,0.4179,False,MP,35,0,0,0,0,False,,0,148103,327,82,0.2023,OSRM+JhelumBridge,False,Year_Round,False,False,False,False,54.9,1306.5,0.0,66.0,0.0,Red_NoCapacity,82.6,True,664.0,84925.0,0.008,True,1241206.0,0.143,route_maps_kashmir/FDR-250.html
BGBG02022104-11,R0244,Parimpora to Budgam,MERGED_INTO_TRUNK,FDR-320,Private Minibus,22.663,Peri_Urban,1638.0,113.3,City_Core,45,22.5,7,3.5,0.1151,0.0125,1.25,0.0638,False,LP,35,0,0,0,0,False,,0,57658,166,9,0.1071,OSRM,False,Year_Round,False,False,False,False,54.9,1243.2,0.0,96.0,0.0,Red_NoCapacity,79.6,True,962.0,80810.0,0.012,True,1181066.0,0.11,route_maps_kashmir/FDR-320.html
BGBG02022104-12,R0245,Parimpora to Budgam,MERGED_INTO_TRUNK,FDR-320,Private Minibus,22.663,Peri_Urban,1638.0,113.3,City_Core,45,22.5,7,3.5,0.1151,0.0125,1.25,0.0638,False,LP,35,0,0,0,0,False,,0,57658,166,9,0.1071,OSRM,False,Year_Round,False,False,False,False,54.9,1243.2,0.0,96.0,0.0,Red_NoCapacity,79.6,True,962.0,80810.0,0.012,True,1181066.0,0.11,route_maps_kashmir/FDR-320.html
SRSR10106360-02,R0246,Malbagh to LD,RETAINED_AS_FEEDER,FDR-105,,9.178,Urban,1169.0,73.4,City_Core,18,9.0,8,4.0,0.9916,0.332,0.75,0.6618,True,HP,20,5,0,0,5,False,,10674,88125,201,49,0.0976,OSRM+JhelumBridge,False,Year_Round,False,False,False,False,96.0,881.1,1308.0,292.0,0.223,Amber_Under,52.2,True,2915.0,57271.0,0.051,False,837034.0,0.208,route_maps_kashmir/FDR-105.html
SRPW10086005-11,R0247,LD to Pampore,MERGED_INTO_TRUNK,FDR-260,Private Minibus,15.854,Peri_Urban,1392.5,79.3,City_Core,31,15.5,6,3.0,0.5295,0.2311,1.25,0.3803,True,MP,35,0,0,0,0,False,,0,93243,271,50,0.1896,OSRM+JhelumBridge,False,Year_Round,False,False,False,False,54.9,869.7,0.0,54.0,0.0,Red_NoCapacity,62.6,True,538.0,56531.0,0.01,False,826220.0,0.163,route_maps_kashmir/FDR-260.html
SRSR10101860-34,R0248,Hazratbal to LD,MERGED_INTO_TRUNK,FDR-123,Private Minibus,8.251,Urban,1283.5,66.0,City_Core,16,8.0,10,5.0,0.6412,0.2912,1.25,0.4662,True,MP,35,0,0,0,0,False,,0,55948,193,34,0.1245,OSRM+JhelumBridge,False,Year_Round,False,False,False,False,54.9,452.6,0.0,86.0,0.0,Red_NoCapacity,56.0,True,864.0,29421.0,0.029,False,429995.0,0.138,route_maps_kashmir/FDR-123.html
BGBG02022104-13,R0249,Parimpora to Budgam,MERGED_INTO_TRUNK,FDR-320,Private Minibus,22.663,Peri_Urban,1638.0,113.3,City_Core,45,22.5,7,3.5,0.1151,0.0125,1.25,0.0638,False,LP,35,0,0,0,0,False,,0,57658,166,9,0.1071,OSRM,False,Year_Round,False,False,False,False,54.9,1243.2,0.0,96.0,0.0,Red_NoCapacity,79.6,True,962.0,80810.0,0.012,True,1181066.0,0.11,route_maps_kashmir/FDR-320.html
SRPW10086005-12,R0250,LD to Pampore,MERGED_INTO_TRUNK,FDR-260,Private Minibus,15.854,Peri_Urban,1392.5,79.3,City_Core,31,15.5,6,3.0,0.5295,0.2311,1.25,0.3803,True,MP,35,0,0,0,0,False,,0,93243,271,50,0.1896,OSRM+JhelumBridge,False,Year_Round,False,False,False,False,54.9,869.7,0.0,54.0,0.0,Red_NoCapacity,62.6,True,538.0,56531.0,0.01,False,826220.0,0.163,route_maps_kashmir/FDR-260.html
BGSR02102262-04,R0251,Rangpora to Lalchowk,MERGED_INTO_TRUNK,FDR-096,LPV / Tempo,13.983,Urban,853.2,111.7,City_Core,27,13.5,12,6.0,0.8554,0.5286,1.25,0.692,False,HP,20,0,0,0,0,False,,0,118930,303,96,0.1256,OSRM,False,Year_Round,False,False,False,False,96.0,1342.4,0.0,203.0,0.0,Red_NoCapacity,71.4,True,2028.0,87254.0,0.023,True,1275250.0,0.124,route_maps_kashmir/FDR-096.html
SRPW10086005-13,R0252,LD to Pampore,MERGED_INTO_TRUNK,FDR-260,Private Minibus,15.854,Peri_Urban,1392.5,79.3,City_Core,31,15.5,6,3.0,0.5295,0.2311,1.25,0.3803,True,MP,35,0,0,0,0,False,,0,93243,271,50,0.1896,OSRM+JhelumBridge,False,Year_Round,False,False,False,False,54.9,869.7,0.0,54.0,0.0,Red_NoCapacity,62.6,True,538.0,56531.0,0.01,False,826220.0,0.163,route_maps_kashmir/FDR-260.html
BGSR02102262-05,R0253,Rangpora to Lalchowk,MERGED_INTO_TRUNK,FDR-096,LPV / Tempo,13.983,Urban,853.2,111.7,City_Core,27,13.5,12,6.0,0.8554,0.5286,1.25,0.692,False,HP,20,0,0,0,0,False,,0,118930,303,96,0.1256,OSRM,False,Year_Round,False,False,False,False,96.0,1342.4,0.0,203.0,0.0,Red_NoCapacity,71.4,True,2028.0,87254.0,0.023,True,1275250.0,0.124,route_maps_kashmir/FDR-096.html
SRPW10086005-14,R0254,LD to Pampore,MERGED_INTO_TRUNK,FDR-260,Private Minibus,15.854,Peri_Urban,1392.5,79.3,City_Core,31,15.5,6,3.0,0.5295,0.2311,1.25,0.3803,True,MP,35,0,0,0,0,False,,0,93243,271,50,0.1896,OSRM+JhelumBridge,False,Year_Round,False,False,False,False,54.9,869.7,0.0,54.0,0.0,Red_NoCapacity,62.6,True,538.0,56531.0,0.01,False,826220.0,0.163,route_maps_kashmir/FDR-260.html
SRSR10101860-35,R0255,Hazratbal to LD,MERGED_INTO_TRUNK,FDR-123,Private Minibus,8.251,Urban,1283.5,66.0,City_Core,16,8.0,10,5.0,0.6412,0.2912,1.25,0.4662,True,MP,35,0,0,0,0,False,,0,55948,193,34,0.1245,OSRM+JhelumBridge,False,Year_Round,False,False,False,False,54.9,452.6,0.0,86.0,0.0,Red_NoCapacity,56.0,True,864.0,29421.0,0.029,False,429995.0,0.138,route_maps_kashmir/FDR-123.html
SRSR10103460-09,R0256,Lalbazar to LD,MERGED_INTO_TRUNK,FDR-078,Private Minibus,9.308,Urban,1072.3,74.5,City_Core,18,9.0,7,3.5,1.0,0.4872,1.25,0.7436,True,HP,20,0,0,0,0,False,,0,90006,234,62,0.1482,OSRM+JhelumBridge,False,Year_Round,False,False,False,False,96.0,893.6,0.0,168.0,0.0,Red_NoCapacity,52.8,True,1684.0,58082.0,0.029,False,848890.0,0.183,route_maps_kashmir/FDR-078.html
SRSR10103460-10,R0257,Lalbazar to LD,MERGED_INTO_TRUNK,FDR-078,Private Minibus,9.308,Urban,1072.3,74.5,City_Core,18,9.0,7,3.5,1.0,0.4872,1.25,0.7436,True,HP,20,0,0,0,0,False,,0,90006,234,62,0.1482,OSRM+JhelumBridge,False,Year_Round,False,False,False,False,96.0,893.6,0.0,168.0,0.0,Red_NoCapacity,52.8,True,1684.0,58082.0,0.029,False,848890.0,0.183,route_maps_kashmir/FDR-078.html
SRPW10086005-15,R0258,LD to Pampore,MERGED_INTO_TRUNK,FDR-260,Private Minibus,15.854,Peri_Urban,1392.5,79.3,City_Core,31,15.5,6,3.0,0.5295,0.2311,1.25,0.3803,True,MP,35,0,0,0,0,False,,0,93243,271,50,0.1896,OSRM+JhelumBridge,False,Year_Round,False,False,False,False,54.9,869.7,0.0,54.0,0.0,Red_NoCapacity,62.6,True,538.0,56531.0,0.01,False,826220.0,0.163,route_maps_kashmir/FDR-260.html
BGSR02102140-24,R0259,Parimpora to Panthachowk,MERGED_INTO_TRUNK,FDR-227,Private Minibus,21.307,Peri_Urban,1713.4,106.5,City_Core,42,21.0,5,2.5,0.5757,0.274,1.25,0.4248,False,MP,35,0,0,0,0,False,,0,133241,327,73,0.2159,OSRM+JhelumBridge,False,Year_Round,False,False,False,False,54.9,1168.8,0.0,56.0,0.0,Red_NoCapacity,76.2,True,560.0,75975.0,0.007,True,1110399.0,0.129,route_maps_kashmir/FDR-227.html
SRSR10101860-36,R0260,Hazratbal to LD,MERGED_INTO_TRUNK,FDR-123,Private Minibus,8.251,Urban,1283.5,66.0,City_Core,16,8.0,10,5.0,0.6412,0.2912,1.25,0.4662,True,MP,35,0,0,0,0,False,,0,55948,193,34,0.1245,OSRM+JhelumBridge,False,Year_Round,False,False,False,False,54.9,452.6,0.0,86.0,0.0,Red_NoCapacity,56.0,True,864.0,29421.0,0.029,False,429995.0,0.138,route_maps_kashmir/FDR-123.html
SRSR10101860-37,R0261,Hazratbal to LD,MERGED_INTO_TRUNK,FDR-123,Private Minibus,8.251,Urban,1283.5,66.0,City_Core,16,8.0,10,5.0,0.6412,0.2912,1.25,0.4662,True,MP,35,0,0,0,0,False,,0,55948,193,34,0.1245,OSRM+JhelumBridge,False,Year_Round,False,False,False,False,54.9,452.6,0.0,86.0,0.0,Red_NoCapacity,56.0,True,864.0,29421.0,0.029,False,429995.0,0.138,route_maps_kashmir/FDR-123.html
BGSP02092119-03,R0262,Parimpora to Pathachowk,MERGED_INTO_TRUNK,FDR-227,Private Minibus,21.307,Peri_Urban,1713.4,106.5,City_Core,42,21.0,5,2.5,0.5757,0.274,1.25,0.4248,False,MP,35,0,0,0,0,False,,0,133241,327,73,0.2159,OSRM+JhelumBridge,False,Year_Round,False,False,False,False,54.9,1168.8,0.0,56.0,0.0,Red_NoCapacity,76.2,True,560.0,75975.0,0.007,True,1110399.0,0.129,route_maps_kashmir/FDR-227.html
SRSR10101860-38,R0263,Hazratbal to LD,MERGED_INTO_TRUNK,FDR-123,Private Minibus,8.251,Urban,1283.5,66.0,City_Core,16,8.0,10,5.0,0.6412,0.2912,1.25,0.4662,True,MP,35,0,0,0,0,False,,0,55948,193,34,0.1245,OSRM+JhelumBridge,False,Year_Round,False,False,False,False,54.9,452.6,0.0,86.0,0.0,Red_NoCapacity,56.0,True,864.0,29421.0,0.029,False,429995.0,0.138,route_maps_kashmir/FDR-123.html
BGBG02022104-14,R0264,Parimpora to Budgam,MERGED_INTO_TRUNK,FDR-320,Private Minibus,22.663,Peri_Urban,1638.0,113.3,City_Core,45,22.5,7,3.5,0.1151,0.0125,1.25,0.0638,False,LP,35,0,0,0,0,False,,0,57658,166,9,0.1071,OSRM,False,Year_Round,False,False,False,False,54.9,1243.2,0.0,96.0,0.0,Red_NoCapacity,79.6,True,962.0,80810.0,0.012,True,1181066.0,0.11,route_maps_kashmir/FDR-320.html
SRSR10101860-39,R0265,Hazratbal to LD,MERGED_INTO_TRUNK,FDR-123,Private Minibus,8.251,Urban,1283.5,66.0,City_Core,16,8.0,10,5.0,0.6412,0.2912,1.25,0.4662,True,MP,35,0,0,0,0,False,,0,55948,193,34,0.1245,OSRM+JhelumBridge,False,Year_Round,False,False,False,False,54.9,452.6,0.0,86.0,0.0,Red_NoCapacity,56.0,True,864.0,29421.0,0.029,False,429995.0,0.138,route_maps_kashmir/FDR-123.html
SRPW10086005-16,R0266,LD to Pampore,RETAINED_AS_FEEDER,FDR-275,,15.854,Peri_Urban,1392.5,79.3,City_Core,31,15.5,6,3.0,0.5295,0.2311,0.75,0.3803,True,MP,35,4,0,0,4,False,,8375,93243,271,50,0.1896,OSRM+JhelumBridge,False,Year_Round,False,False,False,False,54.9,869.7,968.0,54.0,0.056,Amber_Under,62.6,True,538.0,56531.0,0.01,False,826220.0,0.163,route_maps_kashmir/FDR-275.html
SRAN10015813-03,R0267,Soura to Railway Station,MERGED_INTO_TRUNK,FDR-179,Private Minibus,18.799,Peri_Urban,1610.0,94.0,City_Core,37,18.5,8,4.0,0.573,0.3462,1.25,0.4596,False,MP,35,0,0,0,0,False,,0,117138,300,91,0.1583,OSRM+JhelumBridge,False,Year_Round,False,False,False,False,54.9,1031.3,0.0,73.0,0.0,Red_NoCapacity,70.0,True,732.0,67032.0,0.011,True,979696.0,0.124,route_maps_kashmir/FDR-179.html
SRBG10026121-02,R0268,Saidakadal to Parimpora,MERGED_INTO_TRUNK,FDR-203,Private Minibus,14.556,Urban,1441.1,116.4,City_Core,29,14.5,11,5.5,0.7935,0.3798,1.25,0.5866,False,HP,20,0,0,0,0,False,,0,116554,342,63,0.1796,OSRM+JhelumBridge,False,Year_Round,False,False,False,False,96.0,1397.4,0.0,123.0,0.0,Red_NoCapacity,73.7,True,1232.0,90829.0,0.014,True,1327507.0,0.108,route_maps_kashmir/FDR-203.html
BGBG02022104-15,R0269,Parimpora to Budgam,MERGED_INTO_TRUNK,FDR-320,Private Minibus,22.663,Peri_Urban,1638.0,113.3,City_Core,45,22.5,7,3.5,0.1151,0.0125,1.25,0.0638,False,LP,35,0,0,0,0,False,,0,57658,166,9,0.1071,OSRM,False,Year_Round,False,False,False,False,54.9,1243.2,0.0,96.0,0.0,Red_NoCapacity,79.6,True,962.0,80810.0,0.012,True,1181066.0,0.11,route_maps_kashmir/FDR-320.html
SRSR10103462-06,R0270,Lalbazar to Lalchowk,MERGED_INTO_TRUNK,FDR-090,Private Minibus,8.433,Urban,617.5,67.5,City_Core,16,8.0,11,5.5,1.0,0.4545,1.25,0.7272,True,HP,20,0,0,0,0,False,,0,83040,269,56,0.1324,OSRM,False,Year_Round,False,False,False,False,96.0,809.6,0.0,151.0,0.0,Red_NoCapacity,49.2,True,1513.0,52622.0,0.029,False,769090.0,0.146,route_maps_kashmir/FDR-090.html
SRSR10101860-40,R0271,Hazratbal to LD,MERGED_INTO_TRUNK,FDR-123,Private Minibus,8.251,Urban,1283.5,66.0,City_Core,16,8.0,10,5.0,0.6412,0.2912,1.25,0.4662,True,MP,35,0,0,0,0,False,,0,55948,193,34,0.1245,OSRM+JhelumBridge,False,Year_Round,False,False,False,False,54.9,452.6,0.0,86.0,0.0,Red_NoCapacity,56.0,True,864.0,29421.0,0.029,False,429995.0,0.138,route_maps_kashmir/FDR-123.html
BGSR02102140-25,R0272,Parimpora to Panthachowk,MERGED_INTO_TRUNK,FDR-225,LPV / Tempo,21.307,Peri_Urban,1713.4,106.5,City_Core,42,21.0,5,2.5,0.5757,0.274,1.25,0.4248,False,MP,35,0,0,0,0,False,,0,133241,327,73,0.2159,OSRM+JhelumBridge,False,Year_Round,False,False,False,False,54.9,1168.8,0.0,56.0,0.0,Red_NoCapacity,76.2,True,560.0,75975.0,0.007,True,1110399.0,0.129,route_maps_kashmir/FDR-225.html
SRPW10086005-17,R0273,LD to Pampore,MERGED_INTO_TRUNK,FDR-260,Private Minibus,15.854,Peri_Urban,1392.5,79.3,City_Core,31,15.5,6,3.0,0.5295,0.2311,1.25,0.3803,True,MP,35,0,0,0,0,False,,0,93243,271,50,0.1896,OSRM+JhelumBridge,False,Year_Round,False,False,False,False,54.9,869.7,0.0,54.0,0.0,Red_NoCapacity,62.6,True,538.0,56531.0,0.01,False,826220.0,0.163,route_maps_kashmir/FDR-260.html
SRBG10020621-01,R0274,Qamarwari to Parimpora,RETAINED_AS_FEEDER,FDR-300,,14.577,Urban,1073.9,116.6,City_Core,29,14.5,19,9.5,0.409,0.1438,0.75,0.2764,True,MP,35,5,0,5,0,False,,5927,71580,294,31,0.1629,OSRM,False,Year_Round,False,False,False,False,54.9,799.7,1441.0,55.0,0.038,Amber_Under,81.3,True,554.0,51977.0,0.011,False,759670.0,0.116,route_maps_kashmir/FDR-300.html
BGBG02022104-16,R0275,Parimpora to Budgam,MERGED_INTO_TRUNK,FDR-320,Private Minibus,22.663,Peri_Urban,1638.0,113.3,City_Core,45,22.5,7,3.5,0.1151,0.0125,1.25,0.0638,False,LP,35,0,0,0,0,False,,0,57658,166,9,0.1071,OSRM,False,Year_Round,False,False,False,False,54.9,1243.2,0.0,96.0,0.0,Red_NoCapacity,79.6,True,962.0,80810.0,0.012,True,1181066.0,0.11,route_maps_kashmir/FDR-320.html
SRPW10086005-18,R0276,LD to Pampore,MERGED_INTO_TRUNK,FDR-260,Private Minibus,15.854,Peri_Urban,1392.5,79.3,City_Core,31,15.5,6,3.0,0.5295,0.2311,1.25,0.3803,True,MP,35,0,0,0,0,False,,0,93243,271,50,0.1896,OSRM+JhelumBridge,False,Year_Round,False,False,False,False,54.9,869.7,0.0,54.0,0.0,Red_NoCapacity,62.6,True,538.0,56531.0,0.01,False,826220.0,0.163,route_maps_kashmir/FDR-260.html
BGBG02022104-17,R0277,Parimpora to Budgam,MERGED_INTO_TRUNK,FDR-320,Private Minibus,22.663,Peri_Urban,1638.0,113.3,City_Core,45,22.5,7,3.5,0.1151,0.0125,1.25,0.0638,False,LP,35,0,0,0,0,False,,0,57658,166,9,0.1071,OSRM,False,Year_Round,False,False,False,False,54.9,1243.2,0.0,96.0,0.0,Red_NoCapacity,79.6,True,962.0,80810.0,0.012,True,1181066.0,0.11,route_maps_kashmir/FDR-320.html
SRBG10026021-04,R0278,LD to Parimpora,MERGED_INTO_TRUNK,FDR-213,Private Minibus,7.761,Urban,537.5,62.1,City_Core,15,7.5,7,3.5,0.7614,0.2099,1.25,0.4856,True,MP,35,0,0,0,0,False,,0,60135,292,23,0.1836,OSRM,False,Year_Round,False,False,False,False,54.9,425.7,0.0,42.0,0.0,Red_NoCapacity,54.0,True,416.0,27674.0,0.015,False,404459.0,0.098,route_maps_kashmir/FDR-213.html
SRSR10105860-10,R0279,Soura to LD,MERGED_INTO_TRUNK,FDR-070,Private Minibus,10.817,Urban,798.2,86.5,City_Core,21,10.5,11,5.5,0.7852,0.3878,1.25,0.5865,True,HP,20,0,0,0,0,False,,0,85889,212,69,0.131,OSRM,False,Year_Round,False,False,False,False,96.0,1038.4,0.0,201.0,0.0,Red_NoCapacity,58.8,True,2007.0,67498.0,0.03,False,986510.0,0.192,route_maps_kashmir/FDR-070.html
SRPW10086005-19,R0280,LD to Pampore,MERGED_INTO_TRUNK,FDR-260,Private Minibus,15.854,Peri_Urban,1392.5,79.3,City_Core,31,15.5,6,3.0,0.5295,0.2311,1.25,0.3803,True,MP,35,0,0,0,0,False,,0,93243,271,50,0.1896,OSRM+JhelumBridge,False,Year_Round,False,False,False,False,54.9,869.7,0.0,54.0,0.0,Red_NoCapacity,62.6,True,538.0,56531.0,0.01,False,826220.0,0.163,route_maps_kashmir/FDR-260.html
SRSR10105818-05,R0281,Soura to Hazratbal,MERGED_INTO_TRUNK,TRK-040,Private Minibus,8.337,Urban,1248.4,66.7,City_Core,16,8.0,6,3.0,0.6876,0.3562,1.25,0.5219,False,MP,35,0,0,0,0,False,,0,59647,134,41,0.0454,OSRM+JhelumBridge,False,Year_Round,False,False,False,False,54.9,457.3,0.0,364.0,0.0,Red_NoCapacity,56.4,True,3636.0,29727.0,0.122,True,434477.0,0.141,route_maps_kashmir/TRK-040.html
SRSR10105818-06,R0282,Soura to Hazratbal,MERGED_INTO_TRUNK,TRK-040,Private Minibus,8.337,Urban,1248.4,66.7,City_Core,16,8.0,6,3.0,0.6876,0.3562,1.25,0.5219,False,MP,35,0,0,0,0,False,,0,59647,134,41,0.0454,OSRM+JhelumBridge,False,Year_Round,False,False,False,False,54.9,457.3,0.0,364.0,0.0,Red_NoCapacity,56.4,True,3636.0,29727.0,0.122,True,434477.0,0.141,route_maps_kashmir/TRK-040.html
SRAN10015813-04,R0283,Soura to Railway Station,MERGED_INTO_TRUNK,FDR-179,Private Minibus,18.799,Peri_Urban,1610.0,94.0,City_Core,37,18.5,8,4.0,0.573,0.3462,1.25,0.4596,False,MP,35,0,0,0,0,False,,0,117138,300,91,0.1583,OSRM+JhelumBridge,False,Year_Round,False,False,False,False,54.9,1031.3,0.0,73.0,0.0,Red_NoCapacity,70.0,True,732.0,67032.0,0.011,True,979696.0,0.124,route_maps_kashmir/FDR-179.html
BGBG02022104-18,R0284,Parimpora to Budgam,MERGED_INTO_TRUNK,FDR-320,Private Minibus,22.663,Peri_Urban,1638.0,113.3,City_Core,45,22.5,7,3.5,0.1151,0.0125,1.25,0.0638,False,LP,35,0,0,0,0,False,,0,57658,166,9,0.1071,OSRM,False,Year_Round,False,False,False,False,54.9,1243.2,0.0,96.0,0.0,Red_NoCapacity,79.6,True,962.0,80810.0,0.012,True,1181066.0,0.11,route_maps_kashmir/FDR-320.html
SRBG10020621-02,R0285,Qamarwari to Parimpora,MERGED_INTO_TRUNK,FDR-300,Private Minibus,20.044,Peri_Urban,1296.0,100.2,City_Core,40,20.0,17,8.5,0.39,0.2227,1.25,0.3064,False,MP,35,0,0,0,0,False,,0,95364,302,51,0.1855,OSRM,False,Year_Round,False,False,False,False,54.9,1099.6,0.0,51.0,0.0,Red_NoCapacity,73.1,True,505.0,71471.0,0.007,True,1044579.0,0.1,route_maps_kashmir/FDR-300.html
SRBG10020621-03,R0286,Qamarwari to Parimpora,MERGED_INTO_TRUNK,FDR-300,Private Minibus,20.044,Peri_Urban,1296.0,100.2,City_Core,40,20.0,17,8.5,0.39,0.2227,1.25,0.3064,False,MP,35,0,0,0,0,False,,0,95364,302,51,0.1855,OSRM,False,Year_Round,False,False,False,False,54.9,1099.6,0.0,51.0,0.0,Red_NoCapacity,73.1,True,505.0,71471.0,0.007,True,1044579.0,0.1,route_maps_kashmir/FDR-300.html
SRSR10105860-11,R0287,Soura to LD,MERGED_INTO_TRUNK,FDR-070,Private Minibus,11.052,Urban,725.1,88.4,City_Core,22,11.0,8,4.0,0.9634,0.5369,1.25,0.7502,True,HP,20,0,0,0,0,False,,0,103616,317,85,0.149,OSRM,False,Year_Round,False,False,False,False,96.0,1061.0,0.0,142.0,0.0,Red_NoCapacity,59.7,True,1424.0,68964.0,0.021,False,1007942.0,0.155,route_maps_kashmir/FDR-070.html
SRSR10101860-41,R0288,Hazratbal to LD,MERGED_INTO_TRUNK,FDR-123,Private Minibus,8.251,Urban,1283.5,66.0,City_Core,16,8.0,10,5.0,0.6412,0.2912,1.25,0.4662,True,MP,35,0,0,0,0,False,,0,55948,193,34,0.1245,OSRM+JhelumBridge,False,Year_Round,False,False,False,False,54.9,452.6,0.0,86.0,0.0,Red_NoCapacity,56.0,True,864.0,29421.0,0.029,False,429995.0,0.138,route_maps_kashmir/FDR-123.html
SRBG10020621-04,R0289,Qamarwari to Parimpora,RETAINED_AS_FEEDER,FDR-298,,20.044,Peri_Urban,1296.0,100.2,City_Core,40,20.0,17,8.5,0.39,0.2227,0.75,0.3064,False,MP,35,4,0,0,4,False,,7687,95364,302,51,0.1855,OSRM,False,Year_Round,False,False,False,False,54.9,1099.6,766.0,51.0,0.066,Amber_Under,73.1,True,505.0,71471.0,0.007,True,1044579.0,0.1,route_maps_kashmir/FDR-298.html
SRPW10086005-20,R0290,LD to Pampore,MERGED_INTO_TRUNK,FDR-260,Private Minibus,15.854,Peri_Urban,1392.5,79.3,City_Core,31,15.5,6,3.0,0.5295,0.2311,1.25,0.3803,True,MP,35,0,0,0,0,False,,0,93243,271,50,0.1896,OSRM+JhelumBridge,False,Year_Round,False,False,False,False,54.9,869.7,0.0,54.0,0.0,Red_NoCapacity,62.6,True,538.0,56531.0,0.01,False,826220.0,0.163,route_maps_kashmir/FDR-260.html
SRBG10020621-05,R0291,Qamarwari to Parimpora,MERGED_INTO_TRUNK,FDR-300,Private Minibus,20.044,Peri_Urban,1296.0,100.2,City_Core,40,20.0,17,8.5,0.39,0.2227,1.25,0.3064,False,MP,35,0,0,0,0,False,,0,95364,302,51,0.1855,OSRM,False,Year_Round,False,False,False,False,54.9,1099.6,0.0,51.0,0.0,Red_NoCapacity,73.1,True,505.0,71471.0,0.007,True,1044579.0,0.1,route_maps_kashmir/FDR-300.html
SRSR10105860-12,R0292,Soura to LD,MERGED_INTO_TRUNK,FDR-070,Private Minibus,10.817,Urban,798.2,86.5,City_Core,21,10.5,11,5.5,0.7852,0.3878,1.25,0.5865,True,HP,20,0,0,0,0,False,,0,85889,212,69,0.131,OSRM,False,Year_Round,False,False,False,False,96.0,1038.4,0.0,201.0,0.0,Red_NoCapacity,58.8,True,2007.0,67498.0,0.03,False,986510.0,0.192,route_maps_kashmir/FDR-070.html
SRSR10105818-07,R0293,Soura to Hazratbal,MERGED_INTO_TRUNK,TRK-040,Private Minibus,8.337,Urban,1248.4,66.7,City_Core,16,8.0,6,3.0,0.6876,0.3562,1.25,0.5219,False,MP,35,0,0,0,0,False,,0,59647,134,41,0.0454,OSRM+JhelumBridge,False,Year_Round,False,False,False,False,54.9,457.3,0.0,364.0,0.0,Red_NoCapacity,56.4,True,3636.0,29727.0,0.122,True,434477.0,0.141,route_maps_kashmir/TRK-040.html
SRSR10106444,R0294,Ma Road to Safakadal,RETAINED_AS_FEEDER,FDR-202,,11.432,Urban,1094.2,91.5,City_Core,22,11.0,1,0.5,0.7083,0.4762,0.75,0.5923,True,HP,20,6,0,0,6,False,,8936,83691,228,71,0.1517,OSRM+JhelumBridge,False,Year_Round,False,False,False,False,96.0,1097.5,1259.0,157.0,0.125,Amber_Under,61.2,True,1570.0,71336.0,0.022,False,1042598.0,0.174,route_maps_kashmir/FDR-202.html
SRSR10105860-13,R0295,Soura to LD,MERGED_INTO_TRUNK,FDR-070,Private Minibus,11.052,Urban,725.1,88.4,City_Core,22,11.0,8,4.0,0.9634,0.5369,1.25,0.7502,True,HP,20,0,0,0,0,False,,0,103616,317,85,0.149,OSRM,False,Year_Round,False,False,False,False,96.0,1061.0,0.0,142.0,0.0,Red_NoCapacity,59.7,True,1424.0,68964.0,0.021,False,1007942.0,0.155,route_maps_kashmir/FDR-070.html
BGSR02102140-26,R0296,Parimpora to Panthachowk,MERGED_INTO_TRUNK,FDR-227,Private Minibus,21.307,Peri_Urban,1713.4,106.5,City_Core,42,21.0,5,2.5,0.5757,0.274,1.25,0.4248,False,MP,35,0,0,0,0,False,,0,133241,327,73,0.2159,OSRM+JhelumBridge,False,Year_Round,False,False,False,False,54.9,1168.8,0.0,56.0,0.0,Red_NoCapacity,76.2,True,560.0,75975.0,0.007,True,1110399.0,0.129,route_maps_kashmir/FDR-227.html
BGSR02102260,R0297,Rangpora to LD,RETAINED_AS_FEEDER,FDR-103,,10.925,Urban,1187.9,87.4,City_Core,21,10.5,11,5.5,0.9037,0.4334,0.75,0.6686,True,HP,20,6,0,6,0,False,,11158,97167,212,74,0.105,OSRM+JhelumBridge,False,Year_Round,False,False,False,False,96.0,1048.8,2307.0,283.0,0.123,Amber_Under,59.2,True,2833.0,68172.0,0.042,False,996360.0,0.218,route_maps_kashmir/FDR-103.html
SRSR10105860-14,R0298,Soura to LD,MERGED_INTO_TRUNK,FDR-070,Private Minibus,10.817,Urban,798.2,86.5,City_Core,21,10.5,11,5.5,0.7852,0.3878,1.25,0.5865,True,HP,20,0,0,0,0,False,,0,85889,212,69,0.131,OSRM,False,Year_Round,False,False,False,False,96.0,1038.4,0.0,201.0,0.0,Red_NoCapacity,58.8,True,2007.0,67498.0,0.03,False,986510.0,0.192,route_maps_kashmir/FDR-070.html
SRPW10086005-21,R0299,LD to Pampore,MERGED_INTO_TRUNK,FDR-260,Private Minibus,15.854,Peri_Urban,1392.5,79.3,City_Core,31,15.5,6,3.0,0.5295,0.2311,1.25,0.3803,True,MP,35,0,0,0,0,False,,0,93243,271,50,0.1896,OSRM+JhelumBridge,False,Year_Round,False,False,False,False,54.9,869.7,0.0,54.0,0.0,Red_NoCapacity,62.6,True,538.0,56531.0,0.01,False,826220.0,0.163,route_maps_kashmir/FDR-260.html
BGBG02022104-19,R0300,Parimpora to Budgam,MERGED_INTO_TRUNK,FDR-323,LPV / Tempo,22.663,Peri_Urban,1638.0,113.3,City_Core,45,22.5,7,3.5,0.1151,0.0125,1.25,0.0638,False,LP,35,0,0,0,0,False,,0,57658,166,9,0.1071,OSRM,False,Year_Round,False,False,False,False,54.9,1243.2,0.0,96.0,0.0,Red_NoCapacity,79.6,True,962.0,80810.0,0.012,True,1181066.0,0.11,route_maps_kashmir/FDR-323.html
BGBG02022104-20,R0301,Parimpora to Budgam,MERGED_INTO_TRUNK,FDR-323,LPV / Tempo,22.663,Peri_Urban,1638.0,113.3,City_Core,45,22.5,7,3.5,0.1151,0.0125,1.25,0.0638,False,LP,35,0,0,0,0,False,,0,57658,166,9,0.1071,OSRM,False,Year_Round,False,False,False,False,54.9,1243.2,0.0,96.0,0.0,Red_NoCapacity,79.6,True,962.0,80810.0,0.012,True,1181066.0,0.11,route_maps_kashmir/FDR-323.html
SRSR10101358-02,R0302,Chanapora to Soura,MERGED_INTO_TRUNK,FDR-087,Private Minibus,14.108,Urban,849.7,105.9,City_Core,28,14.0,6,3.0,0.9705,0.4935,1.25,0.732,False,HP,20,0,0,0,0,False,,0,133070,313,101,0.118,OSRM,False,Year_Round,False,False,False,False,96.0,1354.4,0.0,234.0,0.0,Red_NoCapacity,68.4,True,2338.0,88034.0,0.027,True,1286650.0,0.134,route_maps_kashmir/FDR-087.html
SRSR10105860-15,R0303,Soura to LD,MERGED_INTO_TRUNK,FDR-070,Private Minibus,11.052,Urban,725.1,88.4,City_Core,22,11.0,8,4.0,0.9634,0.5369,1.25,0.7502,True,HP,20,0,0,0,0,False,,0,103616,317,85,0.149,OSRM,False,Year_Round,False,False,False,False,96.0,1061.0,0.0,142.0,0.0,Red_NoCapacity,59.7,True,1424.0,68964.0,0.021,False,1007942.0,0.155,route_maps_kashmir/FDR-070.html
SRSR10105860-16,R0304,Soura to LD,MERGED_INTO_TRUNK,FDR-070,Private Minibus,7.325,Urban,606.8,58.6,City_Core,14,7.0,13,6.5,1.0,0.5257,1.25,0.7628,True,HP,20,0,0,0,0,False,,0,71571,212,65,0.1479,OSRM,False,Year_Round,False,False,False,False,96.0,703.2,0.0,148.0,0.0,Red_NoCapacity,44.8,False,1481.0,45708.0,0.032,False,668040.0,0.16,route_maps_kashmir/FDR-070.html
SRSR10105860-17,R0305,Soura to LD,MERGED_INTO_TRUNK,FDR-070,Private Minibus,10.817,Urban,798.2,86.5,City_Core,21,10.5,11,5.5,0.7852,0.3878,1.25,0.5865,True,HP,20,0,0,0,0,False,,0,85889,212,69,0.131,OSRM,False,Year_Round,False,False,False,False,96.0,1038.4,0.0,201.0,0.0,Red_NoCapacity,58.8,True,2007.0,67498.0,0.03,False,986510.0,0.192,route_maps_kashmir/FDR-070.html
SRSR10105862-01,R0306,Soura to Lalchowk,RETAINED_AS_FEEDER,FDR-062,,9.494,Urban,1127.9,76.0,City_Core,18,9.0,11,5.5,0.9266,0.5811,0.75,0.7538,False,HP,20,5,0,5,0,False,,6925,86195,303,80,0.154,OSRM+JhelumBridge,False,Year_Round,False,True,True,False,96.0,911.4,2211.0,120.0,0.054,Amber_Under,53.5,True,1199.0,59243.0,0.02,True,865853.0,0.09,route_maps_kashmir/FDR-062.html
SRSR10101860-42,R0307,Hazratbal to LD,MERGED_INTO_TRUNK,FDR-123,Private Minibus,8.251,Urban,1283.5,66.0,City_Core,16,8.0,10,5.0,0.6412,0.2912,1.25,0.4662,True,MP,35,0,0,0,0,False,,0,55948,193,34,0.1245,OSRM+JhelumBridge,False,Year_Round,False,False,False,False,54.9,452.6,0.0,86.0,0.0,Red_NoCapacity,56.0,True,864.0,29421.0,0.029,False,429995.0,0.138,route_maps_kashmir/FDR-123.html
SRSR10105862-02,R0308,Soura to Lalchowk,MERGED_INTO_TRUNK,FDR-062,Private Minibus,9.494,Urban,1127.9,76.0,City_Core,18,9.0,11,5.5,0.9266,0.5811,1.25,0.7538,False,HP,20,0,0,0,0,False,,0,86195,303,80,0.154,OSRM+JhelumBridge,False,Year_Round,False,False,False,False,96.0,911.4,0.0,120.0,0.0,Red_NoCapacity,53.5,True,1199.0,59243.0,0.02,True,865853.0,0.09,route_maps_kashmir/FDR-062.html
SRSR10105860-18,R0309,Soura to LD,MERGED_INTO_TRUNK,FDR-070,Private Minibus,10.817,Urban,798.2,86.5,City_Core,21,10.5,11,5.5,0.7852,0.3878,1.25,0.5865,True,HP,20,0,0,0,0,False,,0,85889,212,69,0.131,OSRM,False,Year_Round,False,False,False,False,96.0,1038.4,0.0,201.0,0.0,Red_NoCapacity,58.8,True,2007.0,67498.0,0.03,False,986510.0,0.192,route_maps_kashmir/FDR-070.html
BGBG02022104-21,R0310,Parimpora to Budgam,MERGED_INTO_TRUNK,FDR-323,LPV / Tempo,22.663,Peri_Urban,1638.0,113.3,City_Core,45,22.5,7,3.5,0.1151,0.0125,1.25,0.0638,False,LP,35,0,0,0,0,False,,0,57658,166,9,0.1071,OSRM,False,Year_Round,False,False,False,False,54.9,1243.2,0.0,96.0,0.0,Red_NoCapacity,79.6,True,962.0,80810.0,0.012,True,1181066.0,0.11,route_maps_kashmir/FDR-323.html
BGBG02022104-22,R0311,Parimpora to Budgam,MERGED_INTO_TRUNK,FDR-323,LPV / Tempo,22.663,Peri_Urban,1638.0,113.3,City_Core,45,22.5,7,3.5,0.1151,0.0125,1.25,0.0638,False,LP,35,0,0,0,0,False,,0,57658,166,9,0.1071,OSRM,False,Year_Round,False,False,False,False,54.9,1243.2,0.0,96.0,0.0,Red_NoCapacity,79.6,True,962.0,80810.0,0.012,True,1181066.0,0.11,route_maps_kashmir/FDR-323.html
SRGB10055804-04,R0312,Soura to Ganderbal,MERGED_INTO_TRUNK,FDR-188,Private Minibus,9.86,Urban,959.3,78.9,City_Core,19,9.5,6,3.0,0.2305,0.1234,1.25,0.177,False,LP,35,0,0,0,0,False,,0,34248,78,20,0.028,OSRM,False,Year_Round,False,False,False,False,54.9,540.9,0.0,582.0,0.0,Red_NoCapacity,62.4,True,5816.0,35158.0,0.165,True,513847.0,0.139,route_maps_kashmir/FDR-188.html
SRGB10055804-05,R0313,Soura to Ganderbal,MERGED_INTO_TRUNK,FDR-188,Private Minibus,9.86,Urban,959.3,78.9,City_Core,19,9.5,6,3.0,0.2305,0.1234,1.25,0.177,False,LP,35,0,0,0,0,False,,0,34248,78,20,0.028,OSRM,False,Year_Round,False,False,False,False,54.9,540.9,0.0,582.0,0.0,Red_NoCapacity,62.4,True,5816.0,35158.0,0.165,True,513847.0,0.139,route_maps_kashmir/FDR-188.html
SRSR10105818-08,R0314,Soura to Hazratbal,MERGED_INTO_TRUNK,TRK-040,Private Minibus,8.337,Urban,1248.4,66.7,City_Core,16,8.0,6,3.0,0.6876,0.3562,1.25,0.5219,False,MP,35,0,0,0,0,False,,0,59647,134,41,0.0454,OSRM+JhelumBridge,False,Year_Round,False,False,False,False,54.9,457.3,0.0,364.0,0.0,Red_NoCapacity,56.4,True,3636.0,29727.0,0.122,True,434477.0,0.141,route_maps_kashmir/TRK-040.html
BGBG02022104-23,R0315,Parimpora to Budgam,MERGED_INTO_TRUNK,FDR-320,Private Minibus,22.663,Peri_Urban,1638.0,113.3,City_Core,45,22.5,7,3.5,0.1151,0.0125,1.25,0.0638,False,LP,35,0,0,0,0,False,,0,57658,166,9,0.1071,OSRM,False,Year_Round,False,False,False,False,54.9,1243.2,0.0,96.0,0.0,Red_NoCapacity,79.6,True,962.0,80810.0,0.012,True,1181066.0,0.11,route_maps_kashmir/FDR-320.html
SRSR10106360-03,R0316,Malbagh to LD,MERGED_INTO_TRUNK,FDR-105,LPV / Tempo,9.178,Urban,1169.0,73.4,City_Core,18,9.0,8,4.0,0.9916,0.332,1.25,0.6618,True,HP,20,0,0,0,0,False,,0,88125,201,49,0.0976,OSRM+JhelumBridge,False,Year_Round,False,False,False,False,96.0,881.1,0.0,292.0,0.0,Red_NoCapacity,52.2,True,2915.0,57271.0,0.051,False,837034.0,0.208,route_maps_kashmir/FDR-105.html
SRBG10026421,R0317,Ma Road to Parimpora,RETAINED_AS_FEEDER,FDR-254,,18.669,Peri_Urban,1649.3,93.3,City_Core,37,18.5,12,6.0,0.583,0.241,0.75,0.412,False,MP,35,4,0,4,0,False,,9313,117830,308,60,0.166,OSRM+JhelumBridge,False,Year_Round,False,False,False,False,54.9,1024.1,1441.0,68.0,0.047,Amber_Under,69.6,True,684.0,66568.0,0.01,True,972922.0,0.121,route_maps_kashmir/FDR-254.html
SRSR10105218-02,R0318,TRC to Hazratbal,RETAINED_AS_FEEDER,FDR-134,,8.127,Urban,579.9,65.0,City_Core,16,8.0,4,2.0,0.7081,0.3458,0.75,0.527,False,MP,35,3,0,3,0,False,,5985,59483,242,34,0.1061,OSRM,False,Year_Round,False,False,False,False,54.9,445.8,1551.0,86.0,0.055,Amber_Under,55.5,True,859.0,28979.0,0.03,True,423533.0,0.078,route_maps_kashmir/FDR-134.html
SRSR10105218-03,R0319,TRC to Hazratbal,MERGED_INTO_TRUNK,FDR-134,Private Minibus,8.127,Urban,579.9,65.0,City_Core,16,8.0,4,2.0,0.7081,0.3458,1.25,0.527,False,MP,35,0,0,0,0,False,,0,59483,242,34,0.1061,OSRM,False,Year_Round,False,False,False,False,54.9,445.8,0.0,86.0,0.0,Red_NoCapacity,55.5,True,859.0,28979.0,0.03,True,423533.0,0.078,route_maps_kashmir/FDR-134.html
SRPW10086005-22,R0320,LD to Pampore,MERGED_INTO_TRUNK,FDR-260,Private Minibus,15.854,Peri_Urban,1392.5,79.3,City_Core,31,15.5,6,3.0,0.5295,0.2311,1.25,0.3803,True,MP,35,0,0,0,0,False,,0,93243,271,50,0.1896,OSRM+JhelumBridge,False,Year_Round,False,False,False,False,54.9,869.7,0.0,54.0,0.0,Red_NoCapacity,62.6,True,538.0,56531.0,0.01,False,826220.0,0.163,route_maps_kashmir/FDR-260.html
SRSR10105818-09,R0321,Soura to Hazratbal,MERGED_INTO_TRUNK,TRK-040,Private Minibus,8.337,Urban,1248.4,66.7,City_Core,16,8.0,6,3.0,0.6876,0.3562,1.25,0.5219,False,MP,35,0,0,0,0,False,,0,59647,134,41,0.0454,OSRM+JhelumBridge,False,Year_Round,False,False,False,False,54.9,457.3,0.0,364.0,0.0,Red_NoCapacity,56.4,True,3636.0,29727.0,0.122,True,434477.0,0.141,route_maps_kashmir/TRK-040.html
SRSR10105818-10,R0322,Soura to Hazratbal,MERGED_INTO_TRUNK,TRK-040,LPV / Tempo,8.337,Urban,1248.4,66.7,City_Core,16,8.0,6,3.0,0.6876,0.3562,1.25,0.5219,False,MP,35,0,0,0,0,False,,0,59647,134,41,0.0454,OSRM+JhelumBridge,False,Year_Round,False,False,False,False,54.9,457.3,0.0,364.0,0.0,Red_NoCapacity,56.4,True,3636.0,29727.0,0.122,True,434477.0,0.141,route_maps_kashmir/TRK-040.html
SRSR10105818-11,R0323,Soura to Hazratbal,MERGED_INTO_TRUNK,TRK-040,LPV / Tempo,8.337,Urban,1248.4,66.7,City_Core,16,8.0,6,3.0,0.6876,0.3562,1.25,0.5219,False,MP,35,0,0,0,0,False,,0,59647,134,41,0.0454,OSRM+JhelumBridge,False,Year_Round,False,False,False,False,54.9,457.3,0.0,364.0,0.0,Red_NoCapacity,56.4,True,3636.0,29727.0,0.122,True,434477.0,0.141,route_maps_kashmir/TRK-040.html
BGBG02022104-24,R0324,Parimpora to Budgam,MERGED_INTO_TRUNK,FDR-320,Private Minibus,22.663,Peri_Urban,1638.0,113.3,City_Core,45,22.5,7,3.5,0.1151,0.0125,1.25,0.0638,False,LP,35,0,0,0,0,False,,0,57658,166,9,0.1071,OSRM,False,Year_Round,False,False,False,False,54.9,1243.2,0.0,96.0,0.0,Red_NoCapacity,79.6,True,962.0,80810.0,0.012,True,1181066.0,0.11,route_maps_kashmir/FDR-320.html
SRBG10026021-05,R0325,LD to Parimpora,MERGED_INTO_TRUNK,FDR-213,Private Minibus,7.761,Urban,537.5,62.1,City_Core,15,7.5,7,3.5,0.7614,0.2099,1.25,0.4856,True,MP,35,0,0,0,0,False,,0,60135,292,23,0.1836,OSRM,False,Year_Round,False,False,False,False,54.9,425.7,0.0,42.0,0.0,Red_NoCapacity,54.0,True,416.0,27674.0,0.015,False,404459.0,0.098,route_maps_kashmir/FDR-213.html
SRSR10105860-19,R0326,Soura to LD,MERGED_INTO_TRUNK,FDR-070,Private Minibus,10.099,Urban,682.4,80.8,City_Core,20,10.0,8,4.0,0.9721,0.5242,1.25,0.7482,True,HP,20,0,0,0,0,False,,0,95384,256,75,0.1554,OSRM,False,Year_Round,False,False,False,False,96.0,969.5,0.0,156.0,0.0,Red_NoCapacity,55.9,True,1556.0,63018.0,0.025,False,921029.0,0.177,route_maps_kashmir/FDR-070.html
SRBG10026021-06,R0327,LD to Parimpora,MERGED_INTO_TRUNK,FDR-213,Private Minibus,7.761,Urban,537.5,62.1,City_Core,15,7.5,7,3.5,0.7614,0.2099,1.25,0.4856,True,MP,35,0,0,0,0,False,,0,60135,292,23,0.1836,OSRM,False,Year_Round,False,False,False,False,54.9,425.7,0.0,42.0,0.0,Red_NoCapacity,54.0,True,416.0,27674.0,0.015,False,404459.0,0.098,route_maps_kashmir/FDR-213.html
SRSR10105860-20,R0328,Soura to LD,MERGED_INTO_TRUNK,FDR-070,Private Minibus,10.099,Urban,682.4,80.8,City_Core,20,10.0,8,4.0,0.9721,0.5242,1.25,0.7482,True,HP,20,0,0,0,0,False,,0,95384,256,75,0.1554,OSRM,False,Year_Round,False,False,False,False,96.0,969.5,0.0,156.0,0.0,Red_NoCapacity,55.9,True,1556.0,63018.0,0.025,False,921029.0,0.177,route_maps_kashmir/FDR-070.html
SRBG10026021-07,R0329,LD to Parimpora,RETAINED_AS_FEEDER,FDR-219,,7.761,Urban,537.5,62.1,City_Core,15,7.5,7,3.5,0.7614,0.2099,0.75,0.4856,True,MP,35,3,0,0,3,False,,5014,60135,292,23,0.1836,OSRM,False,Year_Round,False,False,False,False,54.9,425.7,928.0,42.0,0.045,Amber_Under,54.0,True,416.0,27674.0,0.015,False,404459.0,0.098,route_maps_kashmir/FDR-219.html
BGBG02022104-25,R0330,Parimpora to Budgam,MERGED_INTO_TRUNK,FDR-320,Private Minibus,22.663,Peri_Urban,1638.0,113.3,City_Core,45,22.5,7,3.5,0.1151,0.0125,1.25,0.0638,False,LP,35,0,0,0,0,False,,0,57658,166,9,0.1071,OSRM,False,Year_Round,False,False,False,False,54.9,1243.2,0.0,96.0,0.0,Red_NoCapacity,79.6,True,962.0,80810.0,0.012,True,1181066.0,0.11,route_maps_kashmir/FDR-320.html
SRBG10026021-08,R0331,LD to Parimpora,MERGED_INTO_TRUNK,FDR-213,Private Minibus,7.761,Urban,537.5,62.1,City_Core,15,7.5,7,3.5,0.7614,0.2099,1.25,0.4856,True,MP,35,0,0,0,0,False,,0,60135,292,23,0.1836,OSRM,False,Year_Round,False,False,False,False,54.9,425.7,0.0,42.0,0.0,Red_NoCapacity,54.0,True,416.0,27674.0,0.015,False,404459.0,0.098,route_maps_kashmir/FDR-213.html
SRSR10105860-21,R0332,Soura to LD,MERGED_INTO_TRUNK,FDR-070,Private Minibus,11.052,Urban,725.1,88.4,City_Core,22,11.0,8,4.0,0.9634,0.5369,1.25,0.7502,True,HP,20,0,0,0,0,False,,0,103616,317,85,0.149,OSRM,False,Year_Round,False,False,False,False,96.0,1061.0,0.0,142.0,0.0,Red_NoCapacity,59.7,True,1424.0,68964.0,0.021,False,1007942.0,0.155,route_maps_kashmir/FDR-070.html
SRSR10105860-22,R0333,Soura to LD,MERGED_INTO_TRUNK,FDR-114,LPV / Tempo,11.052,Urban,725.1,88.4,City_Core,22,11.0,8,4.0,0.9634,0.5369,1.25,0.7502,True,HP,20,0,0,0,0,False,,0,103616,317,85,0.149,OSRM,False,Year_Round,False,False,False,False,96.0,1061.0,0.0,142.0,0.0,Red_NoCapacity,59.7,True,1424.0,68964.0,0.021,False,1007942.0,0.155,route_maps_kashmir/FDR-114.html
SRSR10105860-23,R0334,Soura to LD,MERGED_INTO_TRUNK,FDR-114,LPV / Tempo,10.099,Urban,682.4,80.8,City_Core,20,10.0,8,4.0,0.9721,0.5242,1.25,0.7482,True,HP,20,0,0,0,0,False,,0,95384,256,75,0.1554,OSRM,False,Year_Round,False,False,False,False,96.0,969.5,0.0,156.0,0.0,Red_NoCapacity,55.9,True,1556.0,63018.0,0.025,False,921029.0,0.177,route_maps_kashmir/FDR-114.html
TMP-K0335,R0335,Parimpora to Jawahirnagar,RETAINED_AS_FEEDER,FDR-211,,12.642,Urban,1381.8,101.1,City_Core,25,12.5,12,6.0,0.7959,0.302,0.75,0.549,True,MP,35,4,0,4,0,False,,7720,101463,320,49,0.1521,OSRM+JhelumBridge,False,Year_Round,False,False,False,False,54.9,693.5,1329.0,77.0,0.058,Amber_Under,73.6,True,773.0,45078.0,0.017,False,658829.0,0.15,route_maps_kashmir/FDR-211.html
SRPW10085110,R0336,Srinagar to Ratnipora,RETAINED_AS_FEEDER,FDR-001,,25.567,Regional_District,1459.9,76.7,City_Core,51,25.5,3,1.5,0.1171,0.0826,0.75,0.0998,False,LP,35,4,2,2,0,False,,8389,65466,190,40,0.0676,OSRM,False,Year_Round,False,False,False,False,54.9,1402.5,2378.0,113.0,0.048,Amber_Under,61.4,True,1134.0,91165.0,0.012,True,1332406.0,0.109,route_maps_kashmir/FDR-001.html
SRBG10025129,R0337,Srinagar to Tangmarg,UPGRADED_TO_TRUNK,SSCL-12,,40.568,Regional_District,2657.9,121.7,City_Core,81,40.5,2,1.0,0.3851,0.0968,1.25,0.241,False,HP,15,11,0,11,0,True,SSCL-12,18565,191399,251,62,0.0474,OSRM+JhelumBridge,True,Seasonal,False,True,False,True,128.0,5192.7,3037.0,835.0,0.275,Amber_Under,73.8,True,8353.0,337526.0,0.025,True,155781.0,0.241,route_maps_kashmir/SSCL-12.html
SRSP10095110,R0340,Srinagar to Hajin,RETAINED_AS_FEEDER,FDR-306,,35.566,Regional_District,2440.4,106.7,City_Core,71,35.5,5,2.5,0.2304,0.0755,0.75,0.153,False,LP,35,5,2,3,0,False,,11981,123517,251,38,0.0592,OSRM+JhelumBridge,False,Year_Round,False,False,False,False,54.9,1951.0,2024.0,185.0,0.091,Amber_Under,76.4,True,1850.0,126818.0,0.015,True,1853497.0,0.156,route_maps_kashmir/FDR-306.html
SRPW10085114,R0341,Srinagar to Tral Nowdal,RETAINED_AS_FEEDER,FDR-054,,39.5,Regional_District,2014.2,118.5,City_Core,79,39.5,2,1.0,0.0607,0.0759,0.75,0.0683,False,LP,35,5,2,3,0,False,,10660,83195,190,62,0.0472,OSRM,False,Year_Round,False,False,False,False,54.9,2166.9,1823.0,206.0,0.113,Amber_Under,82.2,True,2064.0,140846.0,0.015,True,2058514.0,0.139,route_maps_kashmir/FDR-054.html
SRAN10015112,R0342,Srinagar to Qazigund,RETAINED_AS_FEEDER,FDR-003,,71.019,Regional_District,3609.9,213.1,City_Core,142,71.0,5,2.5,0.0,0.0219,0.75,0.011,False,LP,35,9,3,6,0,False,,14717,114863,190,46,0.0274,OSRM,False,Year_Round,False,False,False,False,54.9,3895.9,1757.0,491.0,0.279,Amber_Under,129.6,True,4909.0,253233.0,0.019,True,3701104.0,0.191,route_maps_kashmir/FDR-003.html
BPSR03100151-01,R0344,Bandipora to Srinagar,RETAINED_AS_FEEDER,FDR-316,,58.597,Regional_District,3493.6,175.8,City_Core,117,58.5,1,0.5,0.123,0.0393,0.75,0.0812,False,LP,35,7,3,4,0,False,,14761,152803,252,41,0.0412,OSRM+JhelumBridge,False,Year_Round,False,False,False,False,54.9,3214.5,1747.0,327.0,0.187,Amber_Under,110.9,True,3275.0,208940.0,0.016,True,3053741.0,0.192,route_maps_kashmir/FDR-316.html
BPSR03100151-02,R0345,Bandipora to Srinagar,MERGED_INTO_TRUNK,FDR-316,Private Minibus,58.597,Regional_District,3493.6,175.8,City_Core,117,58.5,1,0.5,0.123,0.0393,1.25,0.0812,False,LP,35,0,0,0,0,False,,0,152803,252,41,0.0412,OSRM+JhelumBridge,False,Year_Round,False,False,False,False,54.9,3214.5,0.0,327.0,0.0,Red_NoCapacity,110.9,True,3275.0,208940.0,0.016,True,3053741.0,0.192,route_maps_kashmir/FDR-316.html
BPSR03100151-03,R0346,Bandipora to Srinagar,MERGED_INTO_TRUNK,FDR-316,Private Minibus,58.597,Regional_District,3493.6,175.8,City_Core,117,58.5,1,0.5,0.123,0.0393,1.25,0.0812,False,LP,35,0,0,0,0,False,,0,152803,252,41,0.0412,OSRM+JhelumBridge,False,Year_Round,False,False,False,False,54.9,3214.5,0.0,327.0,0.0,Red_NoCapacity,110.9,True,3275.0,208940.0,0.016,True,3053741.0,0.192,route_maps_kashmir/FDR-316.html
BPSR03100158,R0347,Bandipora to Soura,RETAINED_AS_FEEDER,FDR-002,,51.094,Regional_District,3042.1,153.3,City_Core,102,51.0,3,1.5,0.0681,0.0446,0.75,0.0564,False,LP,35,6,2,4,0,False,,32069,110656,84,48,0.0094,OSRM,False,Year_Round,False,False,False,False,54.9,2802.9,1628.0,2462.0,1.512,Red_Overload,99.6,True,24623.0,182187.0,0.135,True,2662727.0,0.417,route_maps_kashmir/FDR-002.html
SRSR10104951-01,R0349,Sopore to Srinagar,RETAINED_AS_FEEDER,FDR-307,,50.022,Regional_District,2805.9,150.1,City_Core,100,50.0,4,2.0,0.2306,0.0639,0.75,0.1472,False,LP,35,6,2,4,0,False,,16857,173791,251,57,0.041,OSRM+JhelumBridge,False,Year_Round,False,False,False,False,54.9,2744.1,1663.0,376.0,0.226,Amber_Under,98.0,True,3758.0,178364.0,0.021,True,2606861.0,0.219,route_maps_kashmir/FDR-307.html
SRSR10104951-02,R0350,Sopore to Srinagar,MERGED_INTO_TRUNK,FDR-307,Private Minibus,50.022,Regional_District,2805.9,150.1,City_Core,100,50.0,4,2.0,0.2306,0.0639,1.25,0.1472,False,LP,35,0,0,0,0,False,,0,173791,251,57,0.041,OSRM+JhelumBridge,False,Year_Round,False,False,False,False,54.9,2744.1,0.0,376.0,0.0,Red_NoCapacity,98.0,True,3758.0,178364.0,0.021,True,2606861.0,0.219,route_maps_kashmir/FDR-307.html
SPSR09102451,R0357,Shopian to Srinagar,RETAINED_AS_FEEDER,FDR-053,,48.367,Regional_District,2371.8,145.1,City_Core,96,48.0,3,1.5,0.1956,0.075,0.75,0.1353,True,MP,35,6,2,4,0,False,,20320,154407,185,58,0.0157,OSRM,False,Year_Round,True,False,False,False,54.9,2653.3,1720.0,1183.0,0.688,Green,95.6,True,11829.0,172463.0,0.069,False,2520612.0,0.396,route_maps_kashmir/FDR-053.html
SRSR10103151,R0358,Kulgam to Srinagar,RETAINED_AS_FEEDER,FDR-004,,67.019,Regional_District,3090.1,201.1,City_Core,134,67.0,3,1.5,0.0087,0.0331,0.75,0.0209,False,LP,35,7,3,4,0,False,,14489,113085,190,51,0.0257,OSRM,False,Year_Round,False,False,False,False,54.9,3676.5,1528.0,515.0,0.337,Amber_Under,123.6,True,5153.0,238971.0,0.022,True,3492647.0,0.188,route_maps_kashmir/FDR-004.html
SRSR10105751,R0359,Yaripora to Srinagar,RETAINED_AS_FEEDER,FDR-005,,64.929,Regional_District,3131.9,194.8,City_Core,129,64.5,3,1.5,0.0004,0.0323,0.75,0.0164,False,LP,35,7,3,4,0,False,,13482,105224,190,48,0.0265,OSRM,False,Year_Round,False,False,False,False,54.9,3561.8,1577.0,465.0,0.295,Amber_Under,120.4,True,4650.0,231518.0,0.02,True,3383728.0,0.175,route_maps_kashmir/FDR-005.html
PWSR08100851-01,R0360,Pulwama to Srinagar,RETAINED_AS_FEEDER,FDR-044,,28.043,Peri_Urban,1514.9,140.2,City_Core,56,28.0,2,1.0,0.3177,0.1271,0.75,0.2224,False,LP,35,6,2,4,0,False,,15410,117099,185,52,0.0271,OSRM,False,Year_Round,False,False,False,False,54.9,1538.4,1780.0,693.0,0.389,Amber_Under,93.1,True,6930.0,99993.0,0.069,True,1461441.0,0.2,route_maps_kashmir/FDR-044.html
PWSR08100851-02,R0361,Pulwama to Srinagar,MERGED_INTO_TRUNK,FDR-044,Private Minibus,28.043,Peri_Urban,1514.9,140.2,City_Core,56,28.0,2,1.0,0.3177,0.1271,1.25,0.2224,False,LP,35,0,0,0,0,False,,0,117099,185,52,0.0271,OSRM,False,Year_Round,False,False,False,False,54.9,1538.4,0.0,693.0,0.0,Red_NoCapacity,93.1,True,6930.0,99993.0,0.069,True,1461441.0,0.2,route_maps_kashmir/FDR-044.html
SRPW10085102-01,R0363,Srinagar to Khrew,RETAINED_AS_FEEDER,FDR-301,,19.597,Urban,1389.0,156.8,City_Core,39,19.5,2,1.0,0.2788,0.1063,0.75,0.1926,False,LP,35,6,0,6,0,False,,9750,75685,189,38,0.1083,OSRM,False,Year_Round,False,False,False,False,54.9,1075.0,1286.0,137.0,0.107,Amber_Under,101.4,True,1371.0,69877.0,0.02,True,1021284.0,0.127,route_maps_kashmir/FDR-301.html
SRPW10085102-02,R0364,Srinagar to Khrew,MERGED_INTO_TRUNK,FDR-301,JKRTC / City Bus,19.597,Urban,1389.0,156.8,City_Core,39,19.5,2,1.0,0.2788,0.1063,1.25,0.1926,False,LP,35,0,0,0,0,False,,0,75685,189,38,0.1083,OSRM,False,Year_Round,False,False,False,False,54.9,1075.0,0.0,137.0,0.0,Red_NoCapacity,101.4,True,1371.0,69877.0,0.02,True,1021284.0,0.127,route_maps_kashmir/FDR-301.html
SRAN10015113-01,R0365,Srinagar to Railway,UPGRADED_TO_TRUNK,TRK-041,,7.778,Urban,440.7,55.3,City_Core,15,7.5,3,1.5,0.9653,0.4164,1.25,0.6908,False,HP,20,4,0,4,0,False,,9610,73036,185,41,0.075,OSRM,False,Year_Round,False,False,False,False,96.0,746.7,2430.0,342.0,0.141,Amber_Under,43.2,False,3416.0,48535.0,0.07,True,709354.0,0.125,route_maps_kashmir/TRK-041.html
SRGB10055102-01,R0366,Srinagar to Bypass,RETAINED_AS_FEEDER,FDR-196,,8.341,Urban,941.8,66.7,City_Core,16,8.0,3,1.5,0.8126,0.3834,0.75,0.598,False,HP,20,5,0,5,0,False,,7299,68065,227,37,0.1502,OSRM+JhelumBridge,False,Year_Round,False,False,False,False,96.0,800.7,2519.0,130.0,0.051,Amber_Under,48.8,True,1296.0,52048.0,0.025,True,760699.0,0.095,route_maps_kashmir/FDR-196.html
SRGB10055102-02,R0367,Srinagar to Bypass,MERGED_INTO_TRUNK,FDR-196,JKRTC / City Bus,8.341,Urban,941.8,66.7,City_Core,16,8.0,3,1.5,0.8126,0.3834,1.25,0.598,False,HP,20,0,0,0,0,False,,0,68065,227,37,0.1502,OSRM+JhelumBridge,False,Year_Round,False,False,False,False,96.0,800.7,0.0,130.0,0.0,Red_NoCapacity,48.8,True,1296.0,52048.0,0.025,True,760699.0,0.095,route_maps_kashmir/FDR-196.html
SRGB10055102-03,R0368,Srinagar to Bypass,MERGED_INTO_TRUNK,FDR-196,JKRTC / City Bus,8.341,Urban,941.8,66.7,City_Core,16,8.0,3,1.5,0.8126,0.3834,1.25,0.598,False,HP,20,0,0,0,0,False,,0,68065,227,37,0.1502,OSRM+JhelumBridge,False,Year_Round,False,False,False,False,96.0,800.7,0.0,130.0,0.0,Red_NoCapacity,48.8,True,1296.0,52048.0,0.025,True,760699.0,0.095,route_maps_kashmir/FDR-196.html
SRSR10105111,R0369,Srinagar to Buchpora,RETAINED_AS_FEEDER,FDR-061,,9.37,Urban,969.8,75.0,City_Core,18,9.0,3,1.5,0.9896,0.5215,0.75,0.7555,False,HP,20,5,0,5,0,False,,7437,89823,294,77,0.131,OSRM+JhelumBridge,False,Year_Round,False,True,True,False,96.0,899.5,2240.0,151.0,0.068,Amber_Under,53.0,True,1514.0,58469.0,0.026,True,854544.0,0.097,route_maps_kashmir/FDR-061.html
SRPW10085105-01,R0370,Srinagar to Pampore,RETAINED_AS_FEEDER,FDR-282,,12.883,Urban,647.3,80.8,City_Core,25,12.5,1,0.5,0.4748,0.2101,0.75,0.3425,False,MP,35,4,0,4,0,False,,9029,70093,189,47,0.198,OSRM,False,Year_Round,False,False,False,False,54.9,706.7,1663.0,69.0,0.042,Amber_Under,63.4,True,695.0,45937.0,0.015,True,671388.0,0.117,route_maps_kashmir/FDR-282.html
SRBG10025104-01,R0371,Srinagar to Budgam,RETAINED_AS_FEEDER,FDR-304,,23.639,Urban,2175.0,189.1,City_Core,47,23.5,5,2.5,0.2663,0.1104,0.75,0.1884,False,LP,35,7,0,7,0,False,,9535,88926,227,34,0.0972,OSRM+JhelumBridge,False,Year_Round,False,False,False,False,54.9,1296.8,1244.0,149.0,0.12,Amber_Under,117.6,True,1495.0,84290.0,0.018,True,1231930.0,0.124,route_maps_kashmir/FDR-304.html
SRPW10085105-02,R0372,Srinagar to Pampore,MERGED_INTO_TRUNK,FDR-282,JKRTC / City Bus,12.883,Urban,647.3,80.8,City_Core,25,12.5,1,0.5,0.4748,0.2101,1.25,0.3425,False,MP,35,0,0,0,0,False,,0,70093,189,47,0.198,OSRM,False,Year_Round,False,False,False,False,54.9,706.7,0.0,69.0,0.0,Red_NoCapacity,63.4,True,695.0,45937.0,0.015,True,671388.0,0.117,route_maps_kashmir/FDR-282.html
SRBG10025110-01,R0373,Srinagar to Gund,RETAINED_AS_FEEDER,FDR-191,,57.421,Peri_Urban,3915.6,287.1,City_Core,114,57.0,7,3.5,0.1755,0.0912,0.75,0.1334,True,MP,35,11,0,11,0,False,,14310,173998,296,97,0.0256,OSRM,False,Year_Round,False,False,False,False,54.9,3150.0,1287.0,681.0,0.529,Green,166.6,True,6813.0,204747.0,0.033,False,2992454.0,0.279,route_maps_kashmir/FDR-191.html
SRBG10025105-01,R0374,Srinagar to Chadoora,UPGRADED_TO_TRUNK,TRK-042,,16.895,Urban,1452.7,135.2,City_Core,33,16.5,2,1.0,0.5996,0.2134,1.25,0.4065,False,MP,35,5,3,2,0,False,,13735,108893,193,50,0.0405,OSRM+JhelumBridge,False,Year_Round,False,False,False,False,54.9,926.8,1775.0,517.0,0.291,Amber_Under,90.6,True,5167.0,60243.0,0.086,True,880471.0,0.178,route_maps_kashmir/TRK-042.html
SRAN10015113-02,R0375,Srinagar to Railway,MERGED_INTO_TRUNK,TRK-041,JKRTC / City Bus,7.778,Urban,440.7,55.3,City_Core,15,7.5,3,1.5,0.9653,0.4164,1.25,0.6908,False,HP,20,0,0,0,0,False,,0,73036,185,41,0.075,OSRM,False,Year_Round,False,False,False,False,96.0,746.7,0.0,342.0,0.0,Red_NoCapacity,43.2,False,3416.0,48535.0,0.07,True,709354.0,0.125,route_maps_kashmir/TRK-041.html
SRPW10085105-03,R0376,Srinagar to Pampore,MERGED_INTO_TRUNK,FDR-282,JKRTC / City Bus,12.883,Urban,647.3,80.8,City_Core,25,12.5,1,0.5,0.4748,0.2101,1.25,0.3425,False,MP,35,0,0,0,0,False,,0,70093,189,47,0.198,OSRM,False,Year_Round,False,False,False,False,54.9,706.7,0.0,69.0,0.0,Red_NoCapacity,63.4,True,695.0,45937.0,0.015,True,671388.0,0.117,route_maps_kashmir/FDR-282.html
SRBG10025105-02,R0377,Srinagar to Chadoora,MERGED_INTO_TRUNK,TRK-042,JKRTC / City Bus,16.895,Urban,1452.7,135.2,City_Core,33,16.5,2,1.0,0.5996,0.2134,1.25,0.4065,False,MP,35,0,0,0,0,False,,0,108893,193,50,0.0405,OSRM+JhelumBridge,False,Year_Round,False,False,False,False,54.9,926.8,0.0,517.0,0.0,Red_NoCapacity,90.6,True,5167.0,60243.0,0.086,True,880471.0,0.178,route_maps_kashmir/TRK-042.html
SRPW10085105-04,R0378,Srinagar to Pampore,MERGED_INTO_TRUNK,FDR-282,JKRTC / City Bus,12.883,Urban,647.3,80.8,City_Core,25,12.5,1,0.5,0.4748,0.2101,1.25,0.3425,False,MP,35,0,0,0,0,False,,0,70093,189,47,0.198,OSRM,False,Year_Round,False,False,False,False,54.9,706.7,0.0,69.0,0.0,Red_NoCapacity,63.4,True,695.0,45937.0,0.015,True,671388.0,0.117,route_maps_kashmir/FDR-282.html
SRGB10055102-04,R0379,Srinagar to Bypass,MERGED_INTO_TRUNK,FDR-196,JKRTC / City Bus,8.341,Urban,941.8,66.7,City_Core,16,8.0,3,1.5,0.8126,0.3834,1.25,0.598,False,HP,20,0,0,0,0,False,,0,68065,227,37,0.1502,OSRM+JhelumBridge,False,Year_Round,False,False,False,False,96.0,800.7,0.0,130.0,0.0,Red_NoCapacity,48.8,True,1296.0,52048.0,0.025,True,760699.0,0.095,route_maps_kashmir/FDR-196.html
SRPW10085105-05,R0380,Srinagar to Pampore,MERGED_INTO_TRUNK,FDR-282,JKRTC / City Bus,12.883,Urban,647.3,80.8,City_Core,25,12.5,1,0.5,0.4748,0.2101,1.25,0.3425,False,MP,35,0,0,0,0,False,,0,70093,189,47,0.198,OSRM,False,Year_Round,False,False,False,False,54.9,706.7,0.0,69.0,0.0,Red_NoCapacity,63.4,True,695.0,45937.0,0.015,True,671388.0,0.117,route_maps_kashmir/FDR-282.html
SRBR10045106-01,R0381,Srinagar to Harwan,RETAINED_AS_FEEDER,FDR-055,,16.558,Urban,1070.2,125.9,City_Core,33,16.5,3,1.5,0.3327,0.1347,0.75,0.2337,False,LP,35,5,0,5,0,False,,10691,71141,162,28,0.0262,OSRM,True,Seasonal,False,False,False,False,54.9,908.3,1334.0,622.0,0.466,Green,86.0,True,6216.0,59041.0,0.105,True,862908.0,0.139,route_maps_kashmir/FDR-055.html
SRBR10045106-02,R0382,Srinagar to Harwan,MERGED_INTO_TRUNK,FDR-055,JKRTC / City Bus,16.558,Urban,1070.2,125.9,City_Core,33,16.5,3,1.5,0.3327,0.1347,1.25,0.2337,False,LP,35,0,0,0,0,False,,0,71141,162,28,0.0262,OSRM,True,Seasonal,False,False,False,False,54.9,908.3,0.0,622.0,0.0,Red_NoCapacity,86.0,True,6216.0,59041.0,0.105,True,862908.0,0.139,route_maps_kashmir/FDR-055.html
SRPW10085105-06,R0383,Srinagar to Pampore,MERGED_INTO_TRUNK,FDR-282,JKRTC / City Bus,12.883,Urban,647.3,80.8,City_Core,25,12.5,1,0.5,0.4748,0.2101,1.25,0.3425,False,MP,35,0,0,0,0,False,,0,70093,189,47,0.198,OSRM,False,Year_Round,False,False,False,False,54.9,706.7,0.0,69.0,0.0,Red_NoCapacity,63.4,True,695.0,45937.0,0.015,True,671388.0,0.117,route_maps_kashmir/FDR-282.html
SRPW10085102-03,R0384,Srinagar to Khrew,MERGED_INTO_TRUNK,FDR-301,JKRTC / City Bus,19.597,Urban,1389.0,156.8,City_Core,39,19.5,2,1.0,0.2788,0.1063,1.25,0.1926,False,LP,35,0,0,0,0,False,,0,75685,189,38,0.1083,OSRM,False,Year_Round,False,False,False,False,54.9,1075.0,0.0,137.0,0.0,Red_NoCapacity,101.4,True,1371.0,69877.0,0.02,True,1021284.0,0.127,route_maps_kashmir/FDR-301.html
SRPW10085105-07,R0385,Srinagar to Pampore,MERGED_INTO_TRUNK,FDR-282,JKRTC / City Bus,12.883,Urban,647.3,80.8,City_Core,25,12.5,1,0.5,0.4748,0.2101,1.25,0.3425,False,MP,35,0,0,0,0,False,,0,70093,189,47,0.198,OSRM,False,Year_Round,False,False,False,False,54.9,706.7,0.0,69.0,0.0,Red_NoCapacity,63.4,True,695.0,45937.0,0.015,True,671388.0,0.117,route_maps_kashmir/FDR-282.html
SRPW10085105-08,R0386,Srinagar to Pampore,MERGED_INTO_TRUNK,FDR-282,JKRTC / City Bus,12.883,Urban,647.3,80.8,City_Core,25,12.5,1,0.5,0.4748,0.2101,1.25,0.3425,False,MP,35,0,0,0,0,False,,0,70093,189,47,0.198,OSRM,False,Year_Round,False,False,False,False,54.9,706.7,0.0,69.0,0.0,Red_NoCapacity,63.4,True,695.0,45937.0,0.015,True,671388.0,0.117,route_maps_kashmir/FDR-282.html
SRGB10055102-05,R0387,Srinagar to Bypass,MERGED_INTO_TRUNK,FDR-196,JKRTC / City Bus,8.341,Urban,941.8,66.7,City_Core,16,8.0,3,1.5,0.8126,0.3834,1.25,0.598,False,HP,20,0,0,0,0,False,,0,68065,227,37,0.1502,OSRM+JhelumBridge,False,Year_Round,False,False,False,False,96.0,800.7,0.0,130.0,0.0,Red_NoCapacity,48.8,True,1296.0,52048.0,0.025,True,760699.0,0.095,route_maps_kashmir/FDR-196.html
SRPW10085105-09,R0388,Srinagar to Pampore,MERGED_INTO_TRUNK,FDR-282,JKRTC / City Bus,12.883,Urban,647.3,80.8,City_Core,25,12.5,1,0.5,0.4748,0.2101,1.25,0.3425,False,MP,35,0,0,0,0,False,,0,70093,189,47,0.198,OSRM,False,Year_Round,False,False,False,False,54.9,706.7,0.0,69.0,0.0,Red_NoCapacity,63.4,True,695.0,45937.0,0.015,True,671388.0,0.117,route_maps_kashmir/FDR-282.html
SRGB10055104,R0389,Srinagar to Ganderbal,RETAINED_AS_FEEDER,FDR-182,,16.689,Urban,1621.9,133.5,City_Core,33,16.5,3,1.5,0.5639,0.2851,0.75,0.4245,False,MP,35,5,0,5,0,False,,8510,102776,294,77,0.0793,OSRM+JhelumBridge,False,Year_Round,False,False,False,False,54.9,915.5,1258.0,163.0,0.13,Amber_Under,89.8,True,1635.0,59508.0,0.027,True,869735.0,0.111,route_maps_kashmir/FDR-182.html
SRPW10085105-10,R0390,Srinagar to Pampore,MERGED_INTO_TRUNK,FDR-282,JKRTC / City Bus,12.883,Urban,647.3,80.8,City_Core,25,12.5,1,0.5,0.4748,0.2101,1.25,0.3425,False,MP,35,0,0,0,0,False,,0,70093,189,47,0.198,OSRM,False,Year_Round,False,False,False,False,54.9,706.7,0.0,69.0,0.0,Red_NoCapacity,63.4,True,695.0,45937.0,0.015,True,671388.0,0.117,route_maps_kashmir/FDR-282.html
SRBG10025104-02,R0391,Srinagar to Budgam,MERGED_INTO_TRUNK,FDR-304,JKRTC / City Bus,23.639,Urban,2175.0,189.1,City_Core,47,23.5,5,2.5,0.2663,0.1104,1.25,0.1884,False,LP,35,0,0,0,0,False,,0,88926,227,34,0.0972,OSRM+JhelumBridge,False,Year_Round,False,False,False,False,54.9,1296.8,0.0,149.0,0.0,Red_NoCapacity,117.6,True,1495.0,84290.0,0.018,True,1231930.0,0.124,route_maps_kashmir/FDR-304.html
SRGB10055102-06,R0392,Srinagar to Bypass,MERGED_INTO_TRUNK,FDR-196,JKRTC / City Bus,8.341,Urban,941.8,66.7,City_Core,16,8.0,3,1.5,0.8126,0.3834,1.25,0.598,False,HP,20,0,0,0,0,False,,0,68065,227,37,0.1502,OSRM+JhelumBridge,False,Year_Round,False,False,False,False,96.0,800.7,0.0,130.0,0.0,Red_NoCapacity,48.8,True,1296.0,52048.0,0.025,True,760699.0,0.095,route_maps_kashmir/FDR-196.html
SRBG10025110-02,R0393,Srinagar to Gund,MERGED_INTO_TRUNK,FDR-191,JKRTC / City Bus,57.421,Peri_Urban,3915.6,287.1,City_Core,114,57.0,7,3.5,0.1755,0.0912,1.25,0.1334,True,MP,35,0,0,0,0,False,,0,173998,296,97,0.0256,OSRM,False,Year_Round,False,False,False,False,54.9,3150.0,0.0,681.0,0.0,Red_NoCapacity,166.6,True,6813.0,204747.0,0.033,False,2992454.0,0.279,route_maps_kashmir/FDR-191.html
SRAN10015113-03,R0394,Srinagar to Railway,MERGED_INTO_TRUNK,TRK-041,JKRTC / City Bus,7.778,Urban,440.7,55.3,City_Core,15,7.5,3,1.5,0.9653,0.4164,1.25,0.6908,False,HP,20,0,0,0,0,False,,0,73036,185,41,0.075,OSRM,False,Year_Round,False,False,False,False,96.0,746.7,0.0,342.0,0.0,Red_NoCapacity,43.2,False,3416.0,48535.0,0.07,True,709354.0,0.125,route_maps_kashmir/TRK-041.html
SRPW10085105-11,R0395,Srinagar to Pampore,MERGED_INTO_TRUNK,FDR-282,JKRTC / City Bus,12.883,Urban,647.3,80.8,City_Core,25,12.5,1,0.5,0.4748,0.2101,1.25,0.3425,False,MP,35,0,0,0,0,False,,0,70093,189,47,0.198,OSRM,False,Year_Round,False,False,False,False,54.9,706.7,0.0,69.0,0.0,Red_NoCapacity,63.4,True,695.0,45937.0,0.015,True,671388.0,0.117,route_maps_kashmir/FDR-282.html
SRBG10025105-03,R0396,Srinagar to Chadoora,MERGED_INTO_TRUNK,TRK-042,JKRTC / City Bus,16.895,Urban,1452.7,135.2,City_Core,33,16.5,2,1.0,0.5996,0.2134,1.25,0.4065,False,MP,35,0,0,0,0,False,,0,108893,193,50,0.0405,OSRM+JhelumBridge,False,Year_Round,False,False,False,False,54.9,926.8,0.0,517.0,0.0,Red_NoCapacity,90.6,True,5167.0,60243.0,0.086,True,880471.0,0.178,route_maps_kashmir/TRK-042.html
SRPW10085105-12,R0397,Srinagar to Pampore,MERGED_INTO_TRUNK,FDR-282,JKRTC / City Bus,12.883,Urban,647.3,80.8,City_Core,25,12.5,1,0.5,0.4748,0.2101,1.25,0.3425,False,MP,35,0,0,0,0,False,,0,70093,189,47,0.198,OSRM,False,Year_Round,False,False,False,False,54.9,706.7,0.0,69.0,0.0,Red_NoCapacity,63.4,True,695.0,45937.0,0.015,True,671388.0,0.117,route_maps_kashmir/FDR-282.html
SRPW10085105-13,R0398,Srinagar to Pampore,MERGED_INTO_TRUNK,FDR-282,JKRTC / City Bus,12.883,Urban,647.3,80.8,City_Core,25,12.5,1,0.5,0.4748,0.2101,1.25,0.3425,False,MP,35,0,0,0,0,False,,0,70093,189,47,0.198,OSRM,False,Year_Round,False,False,False,False,54.9,706.7,0.0,69.0,0.0,Red_NoCapacity,63.4,True,695.0,45937.0,0.015,True,671388.0,0.117,route_maps_kashmir/FDR-282.html
SRPW10085105-14,R0399,Srinagar to Pampore,MERGED_INTO_TRUNK,FDR-282,JKRTC / City Bus,12.883,Urban,647.3,80.8,City_Core,25,12.5,1,0.5,0.4748,0.2101,1.25,0.3425,False,MP,35,0,0,0,0,False,,0,70093,189,47,0.198,OSRM,False,Year_Round,False,False,False,False,54.9,706.7,0.0,69.0,0.0,Red_NoCapacity,63.4,True,695.0,45937.0,0.015,True,671388.0,0.117,route_maps_kashmir/FDR-282.html
SRBR10045106-03,R0400,Srinagar to Harwan,MERGED_INTO_TRUNK,FDR-055,JKRTC / City Bus,16.558,Urban,1070.2,125.9,City_Core,33,16.5,3,1.5,0.3327,0.1347,1.25,0.2337,False,LP,35,0,0,0,0,False,,0,71141,162,28,0.0262,OSRM,True,Seasonal,False,False,False,False,54.9,908.3,0.0,622.0,0.0,Red_NoCapacity,86.0,True,6216.0,59041.0,0.105,True,862908.0,0.139,route_maps_kashmir/FDR-055.html
SRSR10105102,R0401,TRC Srinagar to Airport,RETAINED_AS_FEEDER,FDR-058,,14.524,Urban,1698.8,116.2,City_Core,29,14.5,2,1.0,0.6217,0.2698,0.75,0.4458,False,MP,35,5,0,5,0,False,,11826,96198,198,51,0.0434,OSRM+JhelumBridge,False,Year_Round,False,False,False,False,54.9,796.7,1446.0,415.0,0.287,Amber_Under,81.1,True,4152.0,51788.0,0.08,True,756908.0,0.154,route_maps_kashmir/FDR-058.html
BGBR02042106,SSCL-01,Parimpora to Harwan via Brein Nishat,UPGRADED_TO_TRUNK,SSCL-01,,23.249,Peri_Urban,2199.3,116.2,City_Core,46,23.0,11,5.5,0.7082,0.1458,1.25,0.427,False,HP,15,10,0,10,0,True,SSCL-01,16981,170188,244,57,0.0684,OSRM+JhelumBridge,True,Seasonal,False,True,False,True,128.0,2975.9,2892.0,706.0,0.244,Amber_Under,71.1,True,7059.0,193432.0,0.036,True,89276.0,0.221,route_maps_kashmir/SSCL-01.html
SRSR10100808-01,SSCL-02,Batamaloo to Nasrullah Pora via Jehangir Chowk Rambagh Hyderpora,UPGRADED_TO_TRUNK,SSCL-02,,7.083,Urban,439.1,43.4,Peri_Urban,14,7.0,5,2.5,0.383,0.0288,1.25,0.2059,False,HP,15,5,0,5,0,True,SSCL-02,8908,33298,91,5,0.0853,OSRM,False,Year_Round,False,True,False,True,128.0,906.6,3871.0,371.0,0.096,Amber_Under,34.7,False,3712.0,58931.0,0.063,True,27199.0,0.116,route_maps_kashmir/SSCL-02.html
SRSR10100918,SSCL-03,Batamaloo to Hazratbal via Khanyar,UPGRADED_TO_TRUNK,SSCL-03,,12.926,Urban,1499.0,103.4,City_Core,25,12.5,11,5.5,0.75,0.3892,1.25,0.5696,False,HP,15,9,0,9,0,True,SSCL-03,8763,98975,275,60,0.1061,OSRM+JhelumBridge,False,Year_Round,False,True,False,True,128.0,1654.5,2925.0,294.0,0.1,Amber_Under,64.7,True,2935.0,107544.0,0.027,True,49636.0,0.114,route_maps_kashmir/SSCL-03.html
SRBG10020905,SSCL-04,Batamaloo to Chadoora Chowk via Jehangir Chowk,UPGRADED_TO_TRUNK,SSCL-04,,10.858,Urban,703.8,65.8,Peri_Urban,21,10.5,6,3.0,0.25,0.0119,1.25,0.131,False,HP,15,6,0,6,0,True,SSCL-04,10545,39417,91,5,0.0757,OSRM,False,Year_Round,False,True,False,True,128.0,1389.8,3064.0,495.0,0.162,Amber_Under,45.9,True,4951.0,90339.0,0.055,True,41695.0,0.137,route_maps_kashmir/SSCL-04.html
SRSR10106039,SSCL-05,LD Hospital to Pandach via Jehangir Chowk Dalgate Khanyar,UPGRADED_TO_TRUNK,SSCL-05,,10.884,Urban,1197.0,87.1,City_Core,21,10.5,10,5.0,0.9019,0.4351,1.25,0.6685,True,HP,15,7,0,7,0,True,SSCL-05,11098,96645,212,74,0.1044,OSRM+JhelumBridge,False,Year_Round,False,True,False,True,128.0,1393.2,2700.0,378.0,0.14,Amber_Under,56.6,True,3779.0,90555.0,0.042,False,41795.0,0.216,route_maps_kashmir/SSCL-05.html
SRBG10024017,SSCL-06,Pantha Chowk to Narbal Crossing via Sonwar Jehangir Chowk Qamarwari,UPGRADED_TO_TRUNK,SSCL-06,,19.752,Peri_Urban,1619.9,98.8,City_Core,39,19.5,6,3.0,0.438,0.0648,1.25,0.2514,False,HP,15,9,4,5,0,True,SSCL-06,11780,101613,210,23,0.0675,OSRM+JhelumBridge,False,Year_Round,False,True,False,True,128.0,2528.3,4032.0,496.0,0.123,Amber_Under,62.4,True,4963.0,164337.0,0.03,True,75848.0,0.153,route_maps_kashmir/SSCL-06.html
SRPW10080908,SSCL-07,Batamaloo to Drussu Pulwama via Marwal,UPGRADED_TO_TRUNK,SSCL-07,,32.735,Peri_Urban,2489.1,163.7,Peri_Urban,65,32.5,6,3.0,0.2536,0.0566,1.25,0.1551,False,HP,15,13,6,7,0,True,SSCL-07,34715,119785,84,37,0.0304,OSRM+JhelumBridge,False,Year_Round,False,True,False,True,128.0,4190.1,3548.0,3247.0,0.915,Amber_Tight,94.8,True,32473.0,272355.0,0.119,True,125702.0,0.451,route_maps_kashmir/SSCL-07.html
SRBG10020904-01,SSCL-08,Batamaloo to Budgam Railway Station via Khumeni Chowk,UPGRADED_TO_TRUNK,SSCL-08,,15.685,Peri_Urban,1234.0,78.4,Peri_Urban,31,15.5,10,5.0,0.1647,0.0049,1.25,0.0848,True,HP,15,7,0,7,0,True,SSCL-08,12352,46176,91,6,0.0514,OSRM,False,Year_Round,False,True,False,True,128.0,2007.7,3000.0,683.0,0.228,Amber_Under,52.2,True,6834.0,130499.0,0.052,False,60230.0,0.241,route_maps_kashmir/SSCL-08.html
SRSR10105418,SSCL-09,Parimpora to Naseem Bagh via Noorbagh Gojwara Mill Stop,UPGRADED_TO_TRUNK,SSCL-09,,15.058,Peri_Urban,1526.3,75.3,City_Core,30,15.0,11,5.5,0.7418,0.2656,1.25,0.5037,False,HP,15,7,0,7,0,True,SSCL-09,9695,114293,287,62,0.1077,OSRM+JhelumBridge,False,Year_Round,False,True,False,True,128.0,1927.4,3124.0,256.0,0.082,Amber_Under,50.6,True,2560.0,125283.0,0.02,True,57823.0,0.126,route_maps_kashmir/SSCL-09.html
SRBG10024005,SSCL-10,Pantha Chowk to Agri Kalan Kanihama via Bypass,UPGRADED_TO_TRUNK,SSCL-10,,23.59,Peri_Urban,1788.9,118.0,City_Core,47,23.5,5,2.5,0.3885,0.0788,1.25,0.2336,False,HP,15,10,5,5,0,True,SSCL-10,12979,111959,210,33,0.057,OSRM+JhelumBridge,False,Year_Round,False,True,False,True,128.0,3019.5,3864.0,648.0,0.168,Amber_Under,72.0,True,6475.0,196269.0,0.033,True,90586.0,0.169,route_maps_kashmir/SSCL-10.html
SRSR10104242,SSCL-11,Old City Loop Downtown Srinagar,UPGRADED_TO_TRUNK,SSCL-11,,1.169,Urban,555.2,9.4,City_Core,2,1.0,1,0.5,1.0,0.8494,1.25,0.9247,False,HP,15,2,0,2,0,True,SSCL-11,4621,17652,93,20,0.1256,OSRM+JhelumBridge,False,Year_Round,False,False,False,False,128.0,149.6,7149.0,131.0,0.018,Amber_Under,17.7,False,1308.0,9726.0,0.134,True,4489.0,0.06,route_maps_kashmir/SSCL-11.html
BGSR02102451,SSCL-12,Rangreth to District Court Srinagar via Barzulla Jehangir Chowk,UPGRADED_TO_TRUNK,SSCL-12,,10.327,Urban,857.5,82.6,City_Core,20,10.0,8,4.0,0.935,0.3584,1.25,0.6467,False,HP,15,7,0,7,0,True,SSCL-12,11441,94458,201,51,0.0275,OSRM,False,Year_Round,False,True,False,True,128.0,1321.9,2847.0,1479.0,0.519,Green,54.3,True,14788.0,85921.0,0.172,True,39656.0,0.149,route_maps_kashmir/SSCL-12.html
SRGB10050904,SSCL-13,Batamaloo to Beehama Ganderbal via Hazratbal Zakura,UPGRADED_TO_TRUNK,SSCL-13,,26.584,Peri_Urban,2386.6,132.9,City_Core,53,26.5,14,7.0,0.5098,0.2442,1.25,0.377,True,HP,15,11,0,11,0,True,SSCL-13,16912,152128,219,104,0.0429,OSRM+JhelumBridge,False,Year_Round,False,True,False,True,128.0,3402.8,2781.0,1121.0,0.403,Green,79.4,True,11209.0,221179.0,0.051,False,102083.0,0.33,route_maps_kashmir/SSCL-13.html
SRGB10055204,SSCL-14,TRC to Central University Ganderbal via Karan Nagar Zoonimar 90ft Road,UPGRADED_TO_TRUNK,SSCL-14,,27.314,Peri_Urban,2374.8,136.6,City_Core,54,27.0,10,5.0,0.3699,0.1761,1.25,0.273,True,HP,15,12,0,12,0,True,SSCL-14,18749,125528,163,82,0.0414,OSRM+JhelumBridge,False,Year_Round,False,True,False,True,128.0,3496.2,2952.0,1288.0,0.436,Green,81.3,True,12877.0,227252.0,0.057,False,104886.0,0.365,route_maps_kashmir/SSCL-14.html
SRPW10085208,SSCL-15,TRC to Pulwama via Nowgam Kaanipora,UPGRADED_TO_TRUNK,SSCL-15,,29.364,Peri_Urban,2163.1,146.8,City_Core,58,29.0,8,4.0,0.3395,0.1072,1.25,0.2234,True,HP,15,12,0,12,0,True,SSCL-15,11606,127759,268,49,0.0224,OSRM+JhelumBridge,False,Year_Round,False,True,False,True,128.0,3758.6,2747.0,1473.0,0.536,Green,86.4,True,14733.0,244308.0,0.06,False,112758.0,0.226,route_maps_kashmir/SSCL-15.html
SRSR10100808-02,SSCL-16,Batamaloo Circular via Khonmoh,UPGRADED_TO_TRUNK,SSCL-16,,13.87,Urban,1225.6,98.1,Peri_Urban,27,13.5,5,2.5,0.5294,0.1215,1.25,0.3254,False,HP,15,9,0,9,0,True,SSCL-16,11411,81554,174,28,0.0938,OSRM+JhelumBridge,False,Year_Round,False,True,False,True,128.0,1775.4,3083.0,432.0,0.14,Amber_Under,62.0,True,4324.0,115398.0,0.037,True,53261.0,0.148,route_maps_kashmir/SSCL-16.html
SRAN10010902,SSCL-17,Batamaloo to Womens College Batpora via Rainawari,UPGRADED_TO_TRUNK,SSCL-17,,4.508,Urban,456.4,36.1,City_Core,9,4.5,6,3.0,0.9662,0.4826,1.25,0.7244,False,HP,15,4,0,4,0,True,SSCL-17,6213,42363,166,33,0.0343,OSRM,False,Year_Round,False,True,False,True,128.0,577.0,3723.0,644.0,0.173,Amber_Under,31.0,False,6438.0,37507.0,0.172,True,17311.0,0.081,route_maps_kashmir/SSCL-17.html
SRBG10022505,SSCL-18,Jkpdc Jehangir Chowk to Wadwan,UPGRADED_TO_TRUNK,SSCL-18,,15.202,Peri_Urban,1353.8,76.0,City_Core,30,15.0,5,2.5,0.5126,0.2544,1.25,0.3835,False,HP,15,7,0,7,0,True,SSCL-18,10421,87331,204,56,0.1847,OSRM+JhelumBridge,False,Year_Round,False,True,False,True,128.0,1945.9,3095.0,160.0,0.052,Amber_Under,51.0,True,1605.0,126481.0,0.013,True,58376.0,0.135,route_maps_kashmir/SSCL-18.html
SRGB10054007,SSCL-19,Pantha Chowk to Sumbal,UPGRADED_TO_TRUNK,SSCL-19,,35.736,Peri_Urban,2367.1,178.7,City_Core,71,35.5,8,4.0,0.2159,0.0197,1.25,0.1178,False,HP,15,14,7,7,0,True,SSCL-19,13903,119919,210,17,0.0441,OSRM+JhelumBridge,False,Year_Round,False,True,False,True,128.0,4574.2,3572.0,896.0,0.251,Amber_Under,102.4,True,8964.0,297324.0,0.03,True,137226.0,0.181,route_maps_kashmir/SSCL-19.html
SRGB10054006,SSCL-20,Pantha Chowk to Safapora,UPGRADED_TO_TRUNK,SSCL-20,,60.631,Regional_District,4564.3,181.9,City_Core,121,60.5,11,5.5,0.0869,0.0055,1.25,0.0462,False,HP,15,15,7,8,0,True,SSCL-20,16211,140491,211,18,0.0291,OSRM+JhelumBridge,False,Year_Round,False,True,False,True,128.0,7760.8,3694.0,1188.0,0.322,Amber_Under,104.0,True,11880.0,504450.0,0.024,True,232823.0,0.211,route_maps_kashmir/SSCL-20.html
SRBG10020802,SSCL-21,Batamaloo to Arath,UPGRADED_TO_TRUNK,SSCL-21,,12.395,Urban,1275.2,98.5,Peri_Urban,24,12.0,6,3.0,0.5314,0.1216,1.25,0.3265,False,HP,15,9,0,9,0,True,SSCL-21,20218,73084,88,25,0.0805,OSRM+JhelumBridge,False,Year_Round,False,True,False,True,128.0,1586.6,3070.0,893.0,0.291,Amber_Under,62.2,True,8927.0,103126.0,0.087,True,47597.0,0.263,route_maps_kashmir/SSCL-21.html
SRPW10080902,SSCL-22,Batamaloo to Khrew Bus Stand,UPGRADED_TO_TRUNK,SSCL-22,,18.186,Peri_Urban,1564.9,90.9,Peri_Urban,36,18.0,7,3.5,0.4622,0.0912,1.25,0.2767,False,HP,15,9,0,9,0,True,SSCL-22,13584,97093,174,29,0.0973,OSRM+JhelumBridge,False,Year_Round,False,True,False,True,128.0,2327.8,3327.0,397.0,0.119,Amber_Under,58.4,True,3970.0,151308.0,0.026,True,69834.0,0.177,route_maps_kashmir/SSCL-22.html
SRBG10020807,SSCL-23,Batamaloo to Charesharief via Chadoora,UPGRADED_TO_TRUNK,SSCL-23,,29.633,Peri_Urban,2143.8,148.2,Peri_Urban,59,29.5,8,4.0,0.2816,0.0449,1.25,0.1632,False,HP,15,12,0,12,0,True,SSCL-23,34599,115125,81,29,0.0299,OSRM,False,Year_Round,False,True,False,True,128.0,3793.0,2721.0,3291.0,1.21,Red_Overload,87.1,True,32907.0,246547.0,0.133,True,113791.0,0.45,route_maps_kashmir/SSCL-23.html
SRBR10044003,SSCL-24,Pantha Chowk to Palhalan via Sangrama Sopore,UPGRADED_TO_TRUNK,SSCL-24,,36.463,Peri_Urban,2237.0,182.3,City_Core,72,36.0,4,2.0,0.2465,0.0329,1.25,0.1397,False,HP,15,15,7,8,0,True,SSCL-24,15226,131341,210,28,0.0389,OSRM+JhelumBridge,False,Year_Round,False,True,False,True,128.0,4667.3,3686.0,1113.0,0.302,Amber_Under,104.2,True,11130.0,303372.0,0.037,True,140018.0,0.198,route_maps_kashmir/SSCL-24.html
SRPW10080813,SSCL-25,Batamaloo to Dadsara Tral via Awantipora,UPGRADED_TO_TRUNK,SSCL-25,,43.869,Regional_District,2750.4,131.6,Peri_Urban,87,43.5,4,2.0,0.1186,0.0567,1.25,0.0876,False,HP,15,11,0,11,0,True,SSCL-25,29539,112839,93,55,0.0293,OSRM+JhelumBridge,False,Year_Round,False,True,False,True,128.0,5615.2,2809.0,2150.0,0.766,Green,78.8,True,21500.0,364990.0,0.059,True,168457.0,0.384,route_maps_kashmir/SSCL-25.html
SRGB10050804-01,SSCL-26,Batamaloo to Kangan via Hazratbal Manigam,UPGRADED_TO_TRUNK,SSCL-26,,55.703,Regional_District,3838.4,167.1,City_Core,111,55.5,9,4.5,0.0672,0.0,1.25,0.0336,False,HP,15,14,0,14,0,True,SSCL-26,16354,120242,179,15,0.0257,OSRM+JhelumBridge,False,Year_Round,False,True,False,True,128.0,7130.0,2815.0,1357.0,0.482,Green,96.6,True,13571.0,463449.0,0.029,True,213900.0,0.213,route_maps_kashmir/SSCL-26.html
SRGB10050804-02,SSCL-27,Batamaloo to Manigam,UPGRADED_TO_TRUNK,SSCL-27,,54.466,Regional_District,3765.4,163.4,City_Core,108,54.0,8,4.0,0.0684,0.0004,1.25,0.0344,False,HP,15,13,0,13,0,True,SSCL-27,16062,118108,179,15,0.0257,OSRM+JhelumBridge,False,Year_Round,False,True,False,True,128.0,6971.6,2673.0,1333.0,0.499,Green,94.7,True,13330.0,453157.0,0.029,True,209149.0,0.209,route_maps_kashmir/SSCL-27.html
SRPW10080905,SSCL-28,Batamaloo to Pinglena Pampore via Galandar,UPGRADED_TO_TRUNK,SSCL-28,,22.233,Peri_Urban,1859.8,111.2,Peri_Urban,44,22.0,5,2.5,0.4071,0.0889,1.25,0.248,False,HP,15,10,5,5,0,True,SSCL-28,15229,108838,174,37,0.0956,OSRM+JhelumBridge,False,Year_Round,False,True,False,True,128.0,2845.8,4101.0,453.0,0.11,Amber_Under,68.6,True,4529.0,184979.0,0.024,True,85375.0,0.198,route_maps_kashmir/SSCL-28.html
SRSR10104039,SSCL-29,Pantha Chowk to Panzinara,UPGRADED_TO_TRUNK,SSCL-29,,10.811,Urban,1225.2,86.5,Peri_Urban,21,10.5,5,2.5,0.5569,0.0519,1.25,0.3044,False,HP,15,7,0,7,0,True,SSCL-29,12847,65968,125,9,0.0477,OSRM+JhelumBridge,False,Year_Round,False,True,False,True,128.0,1383.8,2719.0,957.0,0.352,Amber_Under,56.2,True,9574.0,89948.0,0.106,True,41514.0,0.167,route_maps_kashmir/SSCL-29.html
SRBG10020904-02,SSCL-30,Batamaloo to Dc Office Budgam,UPGRADED_TO_TRUNK,SSCL-30,,15.685,Peri_Urban,1234.0,78.4,Peri_Urban,31,15.5,10,5.0,0.1647,0.0049,1.25,0.0848,True,HP,15,7,0,7,0,True,SSCL-30,12352,46176,91,6,0.0514,OSRM,False,Year_Round,False,True,False,True,128.0,2007.7,3000.0,683.0,0.228,Amber_Under,52.2,True,6834.0,130499.0,0.052,False,60230.0,0.241,route_maps_kashmir/SSCL-30.html
